Name,Start,End,Size
FUN_0009f000,0x0009F000,0x00180008,921608
entry,0x00180008,0x001801C8,448
FUN_001801c8,0x001801C8,0x001801D0,8
FUN_001801d0,0x001801D0,0x001801E0,16
FUN_001801e0,0x001801E0,0x0018027C,156
FUN_00180280,0x00180280,0x00180594,764
FUN_001805a0,0x001805A0,0x00180AA0,1280
FUN_00180aa0,0x00180AA0,0x00180ACC,44
FUN_00180ad0,0x00180AD0,0x00180DF4,776
FUN_00180e00,0x00180E00,0x00180E10,16
FUN_00180e10,0x00180E10,0x00181318,1288
FUN_00181320,0x00181320,0x00181368,72
FUN_00181370,0x00181370,0x0018141C,172
FUN_00181420,0x00181420,0x00181468,72
FUN_00181470,0x00181470,0x0018151C,172
FUN_00181520,0x00181520,0x00181568,72
FUN_00181570,0x00181570,0x00181624,180
FUN_00181630,0x00181630,0x00181678,72
FUN_00181680,0x00181680,0x0018172C,172
FUN_00181730,0x00181730,0x00181778,72
FUN_00181780,0x00181780,0x0018183C,188
FUN_00181840,0x00181840,0x00181888,72
FUN_00181890,0x00181890,0x00181944,180
FUN_00181950,0x00181950,0x001819CC,124
FUN_001819d0,0x001819D0,0x00181A40,112
FUN_00181a40,0x00181A40,0x00181AA0,96
FUN_00181aa0,0x00181AA0,0x00181B00,96
FUN_00181b00,0x00181B00,0x00181B40,64
FUN_00181b40,0x00181B40,0x00181BA0,96
FUN_00181ba0,0x00181BA0,0x00181BD4,52
FUN_00181be0,0x00181BE0,0x00181C14,52
FUN_00181c20,0x00181C20,0x00181C44,36
FUN_00181c50,0x00181C50,0x00181C70,32
FUN_00181c70,0x00181C70,0x00181C90,32
FUN_00181c90,0x00181C90,0x00181D80,240
FUN_00181d80,0x00181D80,0x00181E00,128
FUN_00181e00,0x00181E00,0x00181E24,36
FUN_00181e30,0x00181E30,0x00181ECC,156
FUN_00181ed0,0x00181ED0,0x00181F3C,108
FUN_00181f40,0x00181F40,0x0018206C,300
FUN_00182070,0x00182070,0x001821C4,340
FUN_001821d0,0x001821D0,0x0018240C,564
FUN_00182410,0x00182410,0x0018245C,76
FUN_00182460,0x00182460,0x001824BC,92
FUN_001824c0,0x001824C0,0x001824CC,12
FUN_001824d0,0x001824D0,0x001824DC,12
FUN_001824e0,0x001824E0,0x00182758,608
FUN_00182760,0x00182760,0x00182784,36
FUN_00182790,0x00182790,0x001827B4,36
FUN_001827c0,0x001827C0,0x001827E4,36
FUN_001827f0,0x001827F0,0x0018280C,28
FUN_00182810,0x00182810,0x00182834,36
FUN_00182840,0x00182840,0x00182894,84
FUN_001828a0,0x001828A0,0x001828D4,52
FUN_001828e0,0x001828E0,0x0018292C,76
FUN_00182930,0x00182930,0x001829D8,160
FUN_001829e0,0x001829E0,0x00182A88,160
FUN_00182a90,0x00182A90,0x00182ACC,60
FUN_00182ad0,0x00182AD0,0x00182C74,416
FUN_00182c80,0x00182C80,0x00182FBC,816
FUN_00182fc0,0x00182FC0,0x00183024,100
FUN_00183024,0x00183024,0x00183198,372
FUN_00183198,0x00183198,0x001831D0,56
FUN_001831d0,0x001831D0,0x0018322C,92
FUN_00183230,0x00183230,0x001833A4,372
FUN_001833b0,0x001833B0,0x00183BF4,2088
FUN_00183c00,0x00183C00,0x00183F44,804
FUN_00183f50,0x00183F50,0x00184110,448
FUN_00184110,0x00184110,0x0018411C,12
FUN_00184120,0x00184120,0x00184184,100
FUN_00184190,0x00184190,0x00184210,128
FUN_00184210,0x00184210,0x00184260,80
FUN_00184260,0x00184260,0x00184280,32
FUN_00184280,0x00184280,0x00184334,180
FUN_00184340,0x00184340,0x001845F8,692
FUN_00184600,0x00184600,0x00184658,88
FUN_00184660,0x00184660,0x001846D8,120
FUN_001846e0,0x001846E0,0x001847B4,212
FUN_001847c0,0x001847C0,0x001847C8,8
FUN_001847d0,0x001847D0,0x001847D8,8
FUN_001847e0,0x001847E0,0x001848B0,200
FUN_001848b0,0x001848B0,0x001848B8,8
FUN_001848c0,0x001848C0,0x001848F0,48
FUN_001848f0,0x001848F0,0x00184968,120
FUN_00184970,0x00184970,0x001849FC,108
FUN_00184a00,0x00184A00,0x00184A80,128
FUN_00184a80,0x00184A80,0x00184BC0,280
FUN_00184bc0,0x00184BC0,0x00184C0C,76
FUN_00184c10,0x00184C10,0x00184C78,104
FUN_00184c80,0x00184C80,0x00184F1C,588
FUN_00184f20,0x00184F20,0x00184F98,120
FUN_00184fa0,0x00184FA0,0x00185080,224
FUN_00185080,0x00185080,0x00185118,152
FUN_00185120,0x00185120,0x001851B8,152
FUN_001851c0,0x001851C0,0x0018545C,588
FUN_00185460,0x00185460,0x001854D8,120
FUN_001854e0,0x001854E0,0x001855C0,224
FUN_001855c0,0x001855C0,0x00185658,152
FUN_00185660,0x00185660,0x001856F8,152
FUN_00185700,0x00185700,0x00185760,96
FUN_00185760,0x00185760,0x001857C8,104
FUN_001857d0,0x001857D0,0x00185830,96
FUN_00185830,0x00185830,0x00185898,104
FUN_001858a0,0x001858A0,0x001858B0,16
FUN_001858b0,0x001858B0,0x001858C0,16
FUN_001858c0,0x001858C0,0x001858C8,8
FUN_001858d0,0x001858D0,0x001858D8,8
FUN_001858e0,0x001858E0,0x001858E8,8
FUN_001858f0,0x001858F0,0x001858F8,8
FUN_00185900,0x00185900,0x00185908,8
FUN_00185910,0x00185910,0x00185960,80
FUN_00185960,0x00185960,0x00185968,8
FUN_00185970,0x00185970,0x00185978,8
FUN_00185980,0x00185980,0x00185AAC,292
FUN_00185ab0,0x00185AB0,0x00185BCC,280
FUN_00185bd0,0x00185BD0,0x00185BE0,16
FUN_00185be0,0x00185BE0,0x00185BF0,16
FUN_00185bf0,0x00185BF0,0x00185C0C,28
FUN_00185c10,0x00185C10,0x00185C18,8
FUN_00185c20,0x00185C20,0x00185E3C,532
FUN_00185e40,0x00185E40,0x00185E48,8
FUN_00185e50,0x00185E50,0x00185EA0,80
FUN_00185ea0,0x00185EA0,0x00185EA8,8
FUN_00185eb0,0x00185EB0,0x001860C4,528
FUN_001860d0,0x001860D0,0x001860E0,16
FUN_001860e0,0x001860E0,0x001860F0,16
FUN_001860f0,0x001860F0,0x0018610C,28
FUN_00186110,0x00186110,0x00186238,296
FUN_00186240,0x00186240,0x0018625C,28
FUN_00186260,0x00186260,0x00186380,288
FUN_00186380,0x00186380,0x00186390,16
FUN_00186390,0x00186390,0x00186408,120
FUN_0018643c,0x0018643C,0x00186440,4
FUN_00186440,0x00186440,0x001864E0,160
FUN_001864e0,0x001864E0,0x00186550,112
FUN_00186550,0x00186550,0x00186670,288
FUN_00186670,0x00186670,0x00186830,392
FUN_00186830,0x00186830,0x00186950,288
FUN_00186950,0x00186950,0x00186A30,180
FUN_00186a30,0x00186A30,0x00186A38,8
FUN_00186a40,0x00186A40,0x00186A5C,28
FUN_00186a60,0x00186A60,0x00186B14,180
FUN_00186b20,0x00186B20,0x00186CE8,404
FUN_00186cf0,0x00186CF0,0x00186CF8,8
FUN_00186d00,0x00186D00,0x00186F68,568
FUN_00186f70,0x00186F70,0x001873E4,1088
FUN_001873f0,0x001873F0,0x001874D0,212
FUN_001874d0,0x001874D0,0x00187694,400
FUN_001876a0,0x001876A0,0x001878AC,472
FUN_001878b0,0x001878B0,0x001878C8,24
FUN_001878d0,0x001878D0,0x00187A04,264
FUN_00187a10,0x00187A10,0x00187AF0,180
FUN_00187af0,0x00187AF0,0x00187AF8,8
FUN_00187b00,0x00187B00,0x00187B1C,28
FUN_00187b20,0x00187B20,0x00187BD4,180
FUN_00187be0,0x00187BE0,0x00187DA8,404
FUN_00187db0,0x00187DB0,0x00187DB8,8
FUN_00187dc0,0x00187DC0,0x00188038,584
FUN_00188040,0x00188040,0x00188504,1168
FUN_00188510,0x00188510,0x001885F0,212
FUN_001885f0,0x001885F0,0x001887B4,400
FUN_001887c0,0x001887C0,0x001889DC,488
FUN_001889e0,0x001889E0,0x00188A08,40
FUN_00188a10,0x00188A10,0x00188B44,264
FUN_00188b50,0x00188B50,0x00188BE8,152
FUN_00188bf0,0x00188BF0,0x00188CA8,180
FUN_00188cb0,0x00188CB0,0x00188E64,432
FUN_00188e70,0x00188E70,0x00188F28,180
FUN_00188f30,0x00188F30,0x001890C0,392
FUN_001890c0,0x001890C0,0x001892A0,468
FUN_001892a0,0x001892A0,0x00189464,436
FUN_00189470,0x00189470,0x00189550,224
FUN_00189550,0x00189550,0x00189628,216
FUN_00189630,0x00189630,0x0018970C,220
FUN_00189710,0x00189710,0x001897EC,220
FUN_001897f0,0x001897F0,0x00189800,16
FUN_00189800,0x00189800,0x00189810,16
FUN_00189810,0x00189810,0x0018981C,12
FUN_00189820,0x00189820,0x001899E4,436
FUN_001899f0,0x001899F0,0x00189BD0,468
FUN_00189bd0,0x00189BD0,0x00189D60,392
FUN_00189d60,0x00189D60,0x00189F14,432
FUN_00189f20,0x00189F20,0x00189F2C,12
FUN_00189f30,0x00189F30,0x0018A204,564
FUN_0018a210,0x0018A210,0x0018A4E4,564
FUN_0018a4f0,0x0018A4F0,0x0018A4F8,8
FUN_0018a500,0x0018A500,0x0018A530,48
FUN_0018a530,0x0018A530,0x0018A548,24
FUN_0018a550,0x0018A550,0x0018A5AC,92
FUN_0018a5b0,0x0018A5B0,0x0018A60C,92
FUN_0018a610,0x0018A610,0x0018A6B0,156
FUN_0018a6b0,0x0018A6B0,0x0018A750,156
FUN_0018a750,0x0018A750,0x0018A78C,60
FUN_0018a790,0x0018A790,0x0018A798,8
FUN_0018a7a0,0x0018A7A0,0x0018AA30,656
FUN_0018aa30,0x0018AA30,0x0018AB3C,188
FUN_0018ab40,0x0018AB40,0x0018AC50,272
FUN_0018ac50,0x0018AC50,0x0018AC94,68
FUN_0018aca0,0x0018ACA0,0x0018AD10,112
FUN_0018ad10,0x0018AD10,0x0018AD90,128
FUN_0018ad90,0x0018AD90,0x0018AE10,128
FUN_0018ae10,0x0018AE10,0x0018AE34,36
FUN_0018ae40,0x0018AE40,0x0018AEA4,100
FUN_0018aeb0,0x0018AEB0,0x0018AED4,36
FUN_0018aee0,0x0018AEE0,0x0018AF44,100
FUN_0018af50,0x0018AF50,0x0018AF88,56
FUN_0018af90,0x0018AF90,0x0018AFB8,40
FUN_0018afc0,0x0018AFC0,0x0018B04C,140
FUN_0018b050,0x0018B050,0x0018B0BC,108
FUN_0018b0c0,0x0018B0C0,0x0018B320,600
FUN_0018b320,0x0018B320,0x0018B560,572
FUN_0018b560,0x0018B560,0x0018B618,184
FUN_0018b620,0x0018B620,0x0018B6F0,208
FUN_0018b6f0,0x0018B6F0,0x0018B810,288
FUN_0018b810,0x0018B810,0x0018BC98,1124
FUN_0018bca0,0x0018BCA0,0x0018BD48,168
FUN_0018bd50,0x0018BD50,0x0018BE08,184
FUN_0018be10,0x0018BE10,0x0018C508,1748
FUN_0018c510,0x0018C510,0x0018CB68,1588
FUN_0018cb70,0x0018CB70,0x0018CC5C,236
FUN_0018cc60,0x0018CC60,0x0018CD3C,220
FUN_0018cd40,0x0018CD40,0x0018CD48,8
FUN_0018cd50,0x0018CD50,0x0018CE08,184
FUN_0018ce10,0x0018CE10,0x0018CEE0,208
FUN_0018cee0,0x0018CEE0,0x0018CEF0,16
FUN_0018cef0,0x0018CEF0,0x0018CF00,16
FUN_0018cf00,0x0018CF00,0x0018CF10,16
FUN_0018cf10,0x0018CF10,0x0018CF20,16
FUN_0018cf20,0x0018CF20,0x0018CFB4,108
FUN_0018cfc0,0x0018CFC0,0x0018D098,176
FUN_0018d0a0,0x0018D0A0,0x0018D100,96
FUN_0018d100,0x0018D100,0x0018D180,128
FUN_0018d180,0x0018D180,0x0018D194,20
FUN_0018d1a0,0x0018D1A0,0x0018D1E0,64
FUN_0018d1e0,0x0018D1E0,0x0018D1F4,20
FUN_0018d200,0x0018D200,0x0018D240,64
FUN_0018d240,0x0018D240,0x0018D248,8
FUN_0018d250,0x0018D250,0x0018D280,48
FUN_0018d280,0x0018D280,0x0018D288,8
FUN_0018d290,0x0018D290,0x0018D2C0,48
FUN_0018d2c0,0x0018D2C0,0x0018D338,120
FUN_0018d340,0x0018D340,0x0018D3D4,108
FUN_0018d3e0,0x0018D3E0,0x0018D830,1092
FUN_0018d830,0x0018D830,0x0018D8B8,136
FUN_0018d8c0,0x0018D8C0,0x0018DB38,596
FUN_0018db40,0x0018DB40,0x0018DB8C,76
FUN_0018db90,0x0018DB90,0x0018DBB4,36
FUN_0018dbb8,0x0018DBB8,0x0018DC20,104
FUN_0018dc20,0x0018DC20,0x0018DC88,104
FUN_0018dc88,0x0018DC88,0x0018DD28,160
FUN_0018dd28,0x0018DD28,0x0018DDF8,208
FUN_0018dec8,0x0018DEC8,0x0018DF80,184
FUN_0018df80,0x0018DF80,0x0018E038,184
FUN_0018e038,0x0018E038,0x0018E0D8,160
FUN_0018e0d8,0x0018E0D8,0x0018E158,128
FUN_0018e158,0x0018E158,0x0018E1AC,84
FUN_0018e1b0,0x0018E1B0,0x0018E228,120
FUN_0018e228,0x0018E228,0x0018E53C,784
FUN_0018e540,0x0018E540,0x0018E55C,28
FUN_0018e560,0x0018E560,0x0018E6D0,364
FUN_0018e6d0,0x0018E6D0,0x0018E768,152
FUN_0018e768,0x0018E768,0x0018E808,160
FUN_0018e808,0x0018E808,0x0018E874,108
FUN_0018e878,0x0018E878,0x0018E9E8,364
FUN_0018ea98,0x0018EA98,0x0018ED78,736
FUN_0018ed78,0x0018ED78,0x0018EF70,500
FUN_0018ef70,0x0018EF70,0x0018F174,516
FUN_0018f178,0x0018F178,0x0018F358,480
FUN_0018f358,0x0018F358,0x0018F424,204
FUN_0018f428,0x0018F428,0x0018F4C0,152
FUN_0018f4c0,0x0018F4C0,0x0018F558,152
FUN_0018f558,0x0018F558,0x0018F60C,180
FUN_0018f610,0x0018F610,0x0018F6E0,208
FUN_0018f6e0,0x0018F6E0,0x0018F7D8,248
FUN_0018f7d8,0x0018F7D8,0x0018F804,44
FUN_0018f808,0x0018F808,0x0018F83C,52
FUN_0018f840,0x0018F840,0x0018F86C,44
FUN_0018f870,0x0018F870,0x0018F89C,44
FUN_0018f8a0,0x0018F8A0,0x0018F8D8,56
FUN_0018f8d8,0x0018F8D8,0x0018FA60,392
FUN_0018fa60,0x0018FA60,0x0018FAB0,80
FUN_0018fab0,0x0018FAB0,0x0018FB04,84
FUN_0018fb08,0x0018FB08,0x0018FB50,72
FUN_0018fb50,0x0018FB50,0x0018FCB8,360
FUN_0018fcb8,0x0018FCB8,0x0018FD0C,84
FUN_0018fd10,0x0018FD10,0x0018FF4C,572
FUN_0018ff50,0x0018FF50,0x0018FF98,72
FUN_0018ff98,0x0018FF98,0x00190004,108
FUN_00190008,0x00190008,0x001900E0,216
FUN_001900e0,0x001900E0,0x00190168,136
FUN_00190168,0x00190168,0x001902B0,328
FUN_001902b0,0x001902B0,0x001903A4,244
FUN_001903a8,0x001903A8,0x00190418,112
FUN_00190418,0x00190418,0x00190488,112
FUN_00190488,0x00190488,0x001904F8,112
FUN_001904f8,0x001904F8,0x00190580,136
FUN_00190580,0x00190580,0x001906C8,328
FUN_001906c8,0x001906C8,0x001907F4,300
FUN_001907f8,0x001907F8,0x00190954,348
FUN_00190958,0x00190958,0x00190AB0,344
FUN_00190ab0,0x00190AB0,0x00190B9C,236
FUN_00190ba0,0x00190BA0,0x00190BC8,40
FUN_00190bc8,0x00190BC8,0x00190C38,112
FUN_00190c38,0x00190C38,0x00190CBC,132
FUN_00190cc0,0x00190CC0,0x00190CE8,40
FUN_00190ce8,0x00190CE8,0x00190D1C,52
FUN_00190d20,0x00190D20,0x00190D48,40
FUN_00190d48,0x00190D48,0x00190E24,220
FUN_00190e28,0x00190E28,0x00191000,472
FUN_00191050,0x00191050,0x001910B8,104
FUN_001910b8,0x001910B8,0x0019112C,116
FUN_00191130,0x00191130,0x001911A4,116
FUN_001911a8,0x001911A8,0x001911F0,72
FUN_001911f0,0x001911F0,0x0019126C,124
FUN_00191270,0x00191270,0x001912F0,128
FUN_001912f0,0x001912F0,0x00191328,56
FUN_00191328,0x00191328,0x0019135C,52
FUN_00191360,0x00191360,0x001913F8,152
FUN_001913f8,0x001913F8,0x00191410,24
FUN_00191410,0x00191410,0x00191428,24
FUN_00191428,0x00191428,0x0019143C,20
FUN_00191440,0x00191440,0x00191474,52
FUN_00191478,0x00191478,0x00191490,24
FUN_00191490,0x00191490,0x001914B8,40
FUN_001914b8,0x001914B8,0x001914D4,28
FUN_001914d8,0x001914D8,0x001914F8,32
FUN_001914f8,0x001914F8,0x001915C4,200
FUN_001915c8,0x001915C8,0x0019162C,100
FUN_00191630,0x00191630,0x001916E4,176
FUN_001916e8,0x001916E8,0x00191740,88
FUN_00191740,0x00191740,0x0019196C,552
FUN_00191970,0x00191970,0x00192BD4,4632
FUN_00192bd8,0x00192BD8,0x00192BE0,8
FUN_00192be0,0x00192BE0,0x00192BE8,8
FUN_00192be8,0x00192BE8,0x00192BF4,12
FUN_00192bf8,0x00192BF8,0x00192CA4,172
FUN_00192da8,0x00192DA8,0x00192EBC,268
FUN_00192ec0,0x00192EC0,0x00192FF8,300
FUN_00192ff8,0x00192FF8,0x00193054,92
FUN_00193058,0x00193058,0x001930D0,120
FUN_001930d0,0x001930D0,0x001931C8,248
FUN_001931c8,0x001931C8,0x001931E4,28
FUN_00193208,0x00193208,0x00193294,140
FUN_00193298,0x00193298,0x001932EC,84
FUN_001932f0,0x001932F0,0x001933A8,168
FUN_001933a8,0x001933A8,0x00193484,220
FUN_00193488,0x00193488,0x001934AC,36
FUN_001934b0,0x001934B0,0x00193504,84
FUN_00193508,0x00193508,0x00193624,284
FUN_00193628,0x00193628,0x0019391C,744
FUN_00193920,0x00193920,0x00193A8C,364
FUN_00193a90,0x00193A90,0x00193F3C,1164
FUN_00193f40,0x00193F40,0x00193F9C,92
FUN_00193fa0,0x00193FA0,0x001940A4,252
FUN_001940a8,0x001940A8,0x00194488,972
FUN_00194488,0x00194488,0x0019451C,148
FUN_00194520,0x00194520,0x001945A4,132
FUN_001945a8,0x001945A8,0x001945CC,36
FUN_001945f8,0x001945F8,0x00194740,324
FUN_00194740,0x00194740,0x0019475C,28
FUN_00194760,0x00194760,0x001947EC,136
FUN_001947f0,0x001947F0,0x001947FC,12
FUN_00194800,0x00194800,0x00194824,36
FUN_00194828,0x00194828,0x00194844,28
FUN_00194848,0x00194848,0x001948A8,96
FUN_001948a8,0x001948A8,0x001949FC,332
FUN_00194a00,0x00194A00,0x00194A64,100
FUN_00194a68,0x00194A68,0x00194C30,448
FUN_00194c30,0x00194C30,0x00194C84,84
FUN_00194c88,0x00194C88,0x00194CD0,72
FUN_00194cd0,0x00194CD0,0x00194F28,584
FUN_00194f28,0x00194F28,0x00195650,1788
FUN_00195650,0x00195650,0x00195684,52
FUN_00195688,0x00195688,0x00195768,224
FUN_00195768,0x00195768,0x001957FC,148
FUN_00195800,0x00195800,0x001958B0,176
FUN_001958b0,0x001958B0,0x001959B4,260
FUN_001959b8,0x001959B8,0x00195A78,192
FUN_00195a78,0x00195A78,0x00195AF4,124
FUN_00195af8,0x00195AF8,0x00195B44,76
FUN_00195b48,0x00195B48,0x00195BEC,164
FUN_00195bf0,0x00195BF0,0x00195C1C,44
FUN_00195c20,0x00195C20,0x00195D28,264
FUN_00195d28,0x00195D28,0x00195E58,304
FUN_00195e58,0x00195E58,0x00195ED8,128
FUN_00195ed8,0x00195ED8,0x00195F94,188
FUN_00195f98,0x00195F98,0x00195FD0,56
FUN_00195fd0,0x00195FD0,0x001961DC,524
FUN_001961e0,0x001961E0,0x001962DC,248
FUN_001962e0,0x001962E0,0x00196438,344
FUN_00196438,0x00196438,0x001964A0,104
FUN_001964a0,0x001964A0,0x00196630,400
FUN_00196630,0x00196630,0x00196700,200
FUN_00196700,0x00196700,0x00196898,408
FUN_00196898,0x00196898,0x00196A1C,380
FUN_00196a20,0x00196A20,0x00196AEC,200
FUN_00196af0,0x00196AF0,0x00196B60,112
FUN_00196b60,0x00196B60,0x00196BC0,96
FUN_00196bc0,0x00196BC0,0x00196C1C,92
FUN_00196c20,0x00196C20,0x00196C90,112
FUN_00196c90,0x00196C90,0x00196D14,132
FUN_00196d18,0x00196D18,0x00196D38,32
FUN_00196d38,0x00196D38,0x00197724,2472
FUN_00197728,0x00197728,0x00197740,24
FUN_00197740,0x00197740,0x001977A4,100
FUN_001977a8,0x001977A8,0x00197808,96
FUN_00197808,0x00197808,0x0019786C,100
FUN_00197870,0x00197870,0x00197E10,1408
FUN_00197e10,0x00197E10,0x00197E44,48
FUN_00197e48,0x00197E48,0x00197FC4,372
FUN_00197fc8,0x00197FC8,0x00198010,72
FUN_00198010,0x00198010,0x00198054,68
FUN_00198058,0x00198058,0x001980A0,72
FUN_001980a0,0x001980A0,0x001980DC,60
FUN_001980e0,0x001980E0,0x001982C4,464
FUN_001982c8,0x001982C8,0x00198320,88
FUN_00198320,0x00198320,0x00198378,88
FUN_00198378,0x00198378,0x001983DC,100
FUN_001983e0,0x001983E0,0x0019841C,60
FUN_00198420,0x00198420,0x001984E8,200
FUN_001984e8,0x001984E8,0x00198558,112
FUN_00198558,0x00198558,0x001985D8,128
FUN_001985d8,0x001985D8,0x001986B0,208
FUN_001986b0,0x001986B0,0x00198748,152
FUN_00198748,0x00198748,0x00198768,32
FUN_00198768,0x00198768,0x0019878C,36
FUN_001987d0,0x001987D0,0x0019882C,92
FUN_00198830,0x00198830,0x0019884C,28
FUN_0019884c,0x0019884C,0x001988D0,132
FUN_001988d0,0x001988D0,0x00198960,144
FUN_00198960,0x00198960,0x00198968,8
FUN_00198968,0x00198968,0x00198A10,168
FUN_00198a10,0x00198A10,0x00198A74,96
FUN_00198a78,0x00198A78,0x00198AF8,128
FUN_00198af8,0x00198AF8,0x00198B5C,96
FUN_00198b60,0x00198B60,0x00198B7C,28
FUN_00198b80,0x00198B80,0x00198C58,216
FUN_00198c58,0x00198C58,0x00198D84,300
FUN_00198d88,0x00198D88,0x00198F18,400
FUN_00198f18,0x00198F18,0x0019905C,324
FUN_00199060,0x00199060,0x00199174,276
FUN_001991f8,0x001991F8,0x00199218,32
FUN_00199218,0x00199218,0x00199284,108
FUN_00199288,0x00199288,0x001993C0,312
FUN_001993c0,0x001993C0,0x00199498,216
FUN_00199498,0x00199498,0x00199644,428
FUN_00199648,0x00199648,0x00199800,436
FUN_00199800,0x00199800,0x001999BC,444
FUN_001999c0,0x001999C0,0x00199A10,80
FUN_00199a10,0x00199A10,0x00199A94,132
FUN_00199a98,0x00199A98,0x0019A9AC,3796
FUN_0019a9b0,0x0019A9B0,0x0019A9D4,36
FUN_0019aa00,0x0019AA00,0x0019AAE8,228
FUN_0019aae8,0x0019AAE8,0x0019AD20,560
FUN_0019ad20,0x0019AD20,0x0019AD4C,44
FUN_0019ad50,0x0019AD50,0x0019AF7C,540
FUN_0019af80,0x0019AF80,0x0019AFAC,44
FUN_0019afb0,0x0019AFB0,0x0019AFD0,32
FUN_0019afd0,0x0019AFD0,0x0019AFF0,32
FUN_0019aff0,0x0019AFF0,0x0019B0D8,232
FUN_0019b0d8,0x0019B0D8,0x0019B260,384
FUN_0019b260,0x0019B260,0x0019B2A8,68
FUN_0019b2a8,0x0019B2A8,0x0019B35C,180
FUN_0019b360,0x0019B360,0x0019BFD0,3120
FUN_0019bfd0,0x0019BFD0,0x0019C018,68
FUN_0019c018,0x0019C018,0x0019C0CC,180
FUN_0019c0d0,0x0019C0D0,0x0019C144,116
FUN_0019c148,0x0019C148,0x0019D7B8,5652
FUN_0019d7b8,0x0019D7B8,0x0019D978,444
FUN_0019d978,0x0019D978,0x0019DA54,212
FUN_0019da58,0x0019DA58,0x0019E6E4,3096
FUN_0019e6e8,0x0019E6E8,0x0019E7E8,252
FUN_0019e7e8,0x0019E7E8,0x0019E83C,84
FUN_0019e840,0x0019E840,0x0019E894,84
FUN_0019e898,0x0019E898,0x0019E9A8,272
FUN_0019e9a8,0x0019E9A8,0x0019EA08,96
FUN_0019ea08,0x0019EA08,0x0019EB14,264
FUN_0019eb18,0x0019EB18,0x0019EB8C,116
FUN_0019eb90,0x0019EB90,0x0019F224,1664
FUN_0019f228,0x0019F228,0x0019F8B8,1664
FUN_0019f8b8,0x0019F8B8,0x0019FE34,1388
FUN_0019fe38,0x0019FE38,0x001A03A0,1368
FUN_001a03a0,0x001A03A0,0x001A0448,168
FUN_001a0448,0x001A0448,0x001A0560,280
FUN_001a0560,0x001A0560,0x001A05D8,116
FUN_001a05d8,0x001A05D8,0x001A068C,176
FUN_001a0690,0x001A0690,0x001A06EC,88
FUN_001a06f0,0x001A06F0,0x001A071C,44
FUN_001a0720,0x001A0720,0x001A075C,60
FUN_001a0760,0x001A0760,0x001A0838,212
FUN_001a0838,0x001A0838,0x001A08F4,176
FUN_001a08f8,0x001A08F8,0x001A0B54,592
FUN_001a0b58,0x001A0B58,0x001A0BB0,88
FUN_001a0bb0,0x001A0BB0,0x001A0C14,100
FUN_001a0c18,0x001A0C18,0x001A0E9C,632
FUN_001a0ea0,0x001A0EA0,0x001A0FE0,316
FUN_001a0fe0,0x001A0FE0,0x001A1100,280
FUN_001a1100,0x001A1100,0x001A114C,76
FUN_001a1150,0x001A1150,0x001A1208,180
FUN_001a1208,0x001A1208,0x001A12A4,156
FUN_001a12a8,0x001A12A8,0x001A12D4,44
FUN_001a12d8,0x001A12D8,0x001A132C,84
FUN_001a1330,0x001A1330,0x001A13D0,156
FUN_001a13d0,0x001A13D0,0x001A1560,400
FUN_001a1560,0x001A1560,0x001A156C,12
FUN_001a1570,0x001A1570,0x001A15D8,104
FUN_001a15d8,0x001A15D8,0x001A1678,160
FUN_001a1678,0x001A1678,0x001A1688,16
FUN_001a1688,0x001A1688,0x001A19FC,884
FUN_001a1a00,0x001A1A00,0x001A1ABC,188
FUN_001a1ac0,0x001A1AC0,0x001A1B88,200
FUN_001a1b88,0x001A1B88,0x001A1D6C,484
FUN_001a1d70,0x001A1D70,0x001A1E74,260
FUN_001a1e78,0x001A1E78,0x001A2110,664
FUN_001a2110,0x001A2110,0x001A21A4,148
FUN_001a21a8,0x001A21A8,0x001A24BC,788
FUN_001a24c0,0x001A24C0,0x001A251C,92
FUN_001a2520,0x001A2520,0x001A2704,484
FUN_001a2708,0x001A2708,0x001A2848,320
FUN_001a2848,0x001A2848,0x001A29C4,380
FUN_001a29c8,0x001A29C8,0x001A3054,1676
FUN_001a3058,0x001A3058,0x001A3094,60
FUN_001a3098,0x001A3098,0x001A30B4,28
FUN_001a30b8,0x001A30B8,0x001A312C,116
FUN_001a3130,0x001A3130,0x001A31A4,116
FUN_001a31a8,0x001A31A8,0x001A328C,228
FUN_001a3290,0x001A3290,0x001A33E0,336
FUN_001a33e0,0x001A33E0,0x001A3448,104
FUN_001a3448,0x001A3448,0x001A34AC,100
FUN_001a34b0,0x001A34B0,0x001A36E8,568
FUN_001a3700,0x001A3700,0x001A3720,32
SetGsCrt,0x001A3720,0x001A3730,16
FUN_001a3730,0x001A3730,0x001A3740,16
_Exit,0x001A3740,0x001A3750,16
FUN_001a3750,0x001A3750,0x001A3760,16
_LoadExecPS2,0x001A3760,0x001A3770,16
FUN_001a3770,0x001A3770,0x001A37D0,96
SetVTLBRefillHandler,0x001A37D0,0x001A37E0,16
FUN_001a37e0,0x001A37E0,0x001A3800,32
AddIntcHandler,0x001A3800,0x001A3810,16
FUN_001a3810,0x001A3810,0x001A3820,16
RemoveIntcHandler,0x001A3820,0x001A3830,16
AddDmacHandler,0x001A3830,0x001A3840,16
AddDmacHandler,0x001A3840,0x001A3850,16
RemoveDmacHandler,0x001A3850,0x001A3860,16
_EnableIntc,0x001A3860,0x001A3870,16
_DisableIntc,0x001A3870,0x001A3880,16
_EnableDmac,0x001A3880,0x001A3890,16
_DisableDmac,0x001A3890,0x001A38A0,16
SetAlarm,0x001A38A0,0x001A38B0,16
FUN_001a38b0,0x001A38B0,0x001A38C0,16
_iEnableIntc,0x001A38C0,0x001A38D0,16
_iDisableIntc,0x001A38D0,0x001A38E0,16
_iEnableDmac,0x001A38E0,0x001A38F0,16
_iDisableDmac,0x001A38F0,0x001A3900,16
iSetAlarm,0x001A3900,0x001A3910,16
FUN_001a3910,0x001A3910,0x001A3920,16
CreateThread,0x001A3920,0x001A3930,16
DeleteThread,0x001A3930,0x001A3940,16
_StartThread,0x001A3940,0x001A3950,16
FUN_001a3950,0x001A3950,0x001A3960,16
ExitDeleteThread,0x001A3960,0x001A3970,16
TerminateThread,0x001A3970,0x001A3980,16
FUN_001a3980,0x001A3980,0x001A39B0,48
ChangeThreadPriority,0x001A39B0,0x001A39C0,16
FUN_001a39c0,0x001A39C0,0x001A39D0,16
RotateThreadReadyQueue,0x001A39D0,0x001A39E0,16
FUN_001a39e0,0x001A39E0,0x001A3A10,48
GetThreadId,0x001A3A10,0x001A3A20,16
ReferThreadStatus,0x001A3A20,0x001A3A30,16
FUN_001a3a30,0x001A3A30,0x001A3A40,16
SleepThread,0x001A3A40,0x001A3A50,16
WakeupThread,0x001A3A50,0x001A3A60,16
_iWakeupThread,0x001A3A60,0x001A3A70,16
FUN_001a3a70,0x001A3A70,0x001A3A90,32
SuspendThread,0x001A3A90,0x001A3AA0,16
_iSuspendThread,0x001A3AA0,0x001A3AB0,16
ResumeThread,0x001A3AB0,0x001A3AC0,16
FUN_001a3ac0,0x001A3AC0,0x001A3B00,64
EndOfHeap,0x001A3B00,0x001A3B10,16
FUN_001a3b10,0x001A3B10,0x001A3B20,16
CreateSema,0x001A3B20,0x001A3B30,16
DeleteSema,0x001A3B30,0x001A3B40,16
SignalSema,0x001A3B40,0x001A3B50,16
iSignalSema,0x001A3B50,0x001A3B60,16
WaitSema,0x001A3B60,0x001A3B70,16
PollSema,0x001A3B70,0x001A3B80,16
FUN_001a3b80,0x001A3B80,0x001A3BC0,64
SetOsdConfigParam,0x001A3BC0,0x001A3BD0,16
GetOsdConfigParam,0x001A3BD0,0x001A3BE0,16
FUN_001a3be0,0x001A3BE0,0x001A3DA0,448
FlushCache,0x001A3DA0,0x001A3DB0,16
FUN_001a3db0,0x001A3DB0,0x001A3DF0,64
sceSifStopDma,0x001A3DF0,0x001A3E00,16
FUN_001a3e00,0x001A3E00,0x001A3E30,48
GetOsdConfigParam2,0x001A3E30,0x001A3E40,16
GsGetIMR,0x001A3E40,0x001A3E50,16
FUN_001a3e50,0x001A3E50,0x001A3E60,16
GsPutIMR,0x001A3E60,0x001A3E70,16
FUN_001a3e70,0x001A3E70,0x001A3E90,32
SetVSyncFlag,0x001A3E90,0x001A3EA0,16
FUN_001a3ea0,0x001A3EA0,0x001A3EC0,32
sceSifDmaStat,0x001A3EC0,0x001A3ED0,16
FUN_001a3ed0,0x001A3ED0,0x001A3EE0,16
sceSifSetDma,0x001A3EE0,0x001A3EF0,16
isceSifSetDma,0x001A3EF0,0x001A3F00,16
sceSifSetDChain,0x001A3F00,0x001A3F10,16
isceSifSetDChain,0x001A3F10,0x001A3F20,16
sceSifSetReg,0x001A3F20,0x001A3F30,16
sceSifGetReg,0x001A3F30,0x001A3F40,16
_ExecOSD,0x001A3F40,0x001A3F50,16
Deci2Call,0x001A3F50,0x001A3F60,16
FUN_001a3f60,0x001A3F60,0x001A3F80,32
GetMemorySize,0x001A3F80,0x001A3F90,16
_InitTLB,0x001A3F90,0x001A3FA0,16
FUN_001a3fa0,0x001A3FA0,0x001A3FAC,12
FUN_001a3fb0,0x001A3FB0,0x001A4040,144
FUN_001a4040,0x001A4040,0x001A40E4,164
FUN_001a40e8,0x001A40E8,0x001A4164,124
FUN_001a4168,0x001A4168,0x001A41DC,116
FUN_001a41e0,0x001A41E0,0x001A4208,40
FUN_001a4208,0x001A4208,0x001A4210,8
FUN_001a4210,0x001A4210,0x001A4218,8
FUN_001a4218,0x001A4218,0x001A4220,8
FUN_001a4220,0x001A4220,0x001A42CC,172
FUN_001a42d0,0x001A42D0,0x001A42D8,8
FUN_001a42d8,0x001A42D8,0x001A42EC,20
FUN_001a42f0,0x001A42F0,0x001A42F8,8
FUN_001a42f8,0x001A42F8,0x001A4320,40
FUN_001a4320,0x001A4320,0x001A4348,40
FUN_001a4348,0x001A4348,0x001A4370,40
FUN_001a4370,0x001A4370,0x001A4414,164
FUN_001a4418,0x001A4418,0x001A4494,124
FUN_001a44b0,0x001A44B0,0x001A4554,164
FUN_001a4558,0x001A4558,0x001A45D4,124
FUN_001a45d8,0x001A45D8,0x001A4600,40
FUN_001a4600,0x001A4600,0x001A4668,104
FUN_001a4668,0x001A4668,0x001A46D0,104
FUN_001a46d0,0x001A46D0,0x001A4738,104
FUN_001a4738,0x001A4738,0x001A47A0,104
FUN_001a47a0,0x001A47A0,0x001A47C0,32
FUN_001a47c0,0x001A47C0,0x001A47E0,32
FUN_001a47e0,0x001A47E0,0x001A4800,32
FUN_001a4800,0x001A4800,0x001A4820,32
FUN_001a4820,0x001A4820,0x001A48F8,216
FUN_001a48f8,0x001A48F8,0x001A49CC,212
FUN_001a49d0,0x001A49D0,0x001A4A64,148
FUN_001a4a68,0x001A4A68,0x001A4AE4,124
FUN_001a4ae8,0x001A4AE8,0x001A4B80,152
FUN_001a4b80,0x001A4B80,0x001A4BC4,68
FUN_001a4bc8,0x001A4BC8,0x001A4BEC,36
FUN_001a4bf0,0x001A4BF0,0x001A4C20,48
FUN_001a4c20,0x001A4C20,0x001A4C44,36
FUN_001a4c48,0x001A4C48,0x001A4C7C,52
FUN_001a4c80,0x001A4C80,0x001A4CB4,52
FUN_001a4ce8,0x001A4CE8,0x001A4D0C,36
FUN_001a4d10,0x001A4D10,0x001A4D34,36
FUN_001a4d38,0x001A4D38,0x001A4D5C,36
FUN_001a4d60,0x001A4D60,0x001A4D84,36
FUN_001a4d88,0x001A4D88,0x001A4DC4,60
FUN_001a4dc8,0x001A4DC8,0x001A4E04,60
FUN_001a4e08,0x001A4E08,0x001A4F9C,400
FUN_001a4fa0,0x001A4FA0,0x001A50F0,336
FUN_001a50f0,0x001A50F0,0x001A51C0,208
FUN_001a51c0,0x001A51C0,0x001A527C,188
FUN_001a5280,0x001A5280,0x001A52B8,56
FUN_001a52b8,0x001A52B8,0x001A5368,176
FUN_001a5368,0x001A5368,0x001A539C,52
FUN_001a53a0,0x001A53A0,0x001A5430,144
FUN_001a5430,0x001A5430,0x001A5598,352
FUN_001a5598,0x001A5598,0x001A5B84,1516
FUN_001a5b88,0x001A5B88,0x001A5BC0,56
FUN_001a5bc0,0x001A5BC0,0x001A5C20,96
FUN_001a5c20,0x001A5C20,0x001A5C40,32
FUN_001a5c40,0x001A5C40,0x001A5C50,16
FUN_001a5c50,0x001A5C50,0x001A5C68,24
FUN_001a5c68,0x001A5C68,0x001A5C98,48
FUN_001a5c98,0x001A5C98,0x001A5F18,640
FUN_001a5f18,0x001A5F18,0x001A5F4C,52
FUN_001a5f50,0x001A5F50,0x001A5F80,48
FUN_001a5f80,0x001A5F80,0x001A5FAC,44
FUN_001a5fb0,0x001A5FB0,0x001A5FD8,40
FUN_001a5fd8,0x001A5FD8,0x001A610C,308
FUN_001a6110,0x001A6110,0x001A614C,60
FUN_001a6150,0x001A6150,0x001A618C,60
FUN_001a6190,0x001A6190,0x001A62B8,296
FUN_001a62b8,0x001A62B8,0x001A6364,172
FUN_001a6364,0x001A6364,0x001A6368,4
FUN_001a6368,0x001A6368,0x001A6504,412
FUN_001a6508,0x001A6508,0x001A652C,36
FUN_001a6530,0x001A6530,0x001A65D8,168
FUN_001a65d8,0x001A65D8,0x001A65F4,28
FUN_001a65f8,0x001A65F8,0x001A6628,48
FUN_001a6628,0x001A6628,0x001A6668,64
FUN_001a6668,0x001A6668,0x001A671C,180
FUN_001a6720,0x001A6720,0x001A6780,96
FUN_001a6780,0x001A6780,0x001A6850,208
FUN_001a6850,0x001A6850,0x001A69A8,344
FUN_001a69a8,0x001A69A8,0x001A69F4,76
FUN_001a69f8,0x001A69F8,0x001A6AA8,176
FUN_001a6aa8,0x001A6AA8,0x001A6BE8,320
FUN_001a6be8,0x001A6BE8,0x001A6C78,144
FUN_001a6c78,0x001A6C78,0x001A6E64,492
FUN_001a6e68,0x001A6E68,0x001A6EA4,60
FUN_001a6ea8,0x001A6EA8,0x001A6F3C,148
FUN_001a7010,0x001A7010,0x001A70A4,148
FUN_001a70a8,0x001A70A8,0x001A7138,144
FUN_001a7138,0x001A7138,0x001A7190,88
FUN_001a7190,0x001A7190,0x001A7354,452
FUN_001a7358,0x001A7358,0x001A7398,60
FUN_001a7398,0x001A7398,0x001A73F4,92
FUN_001a73f8,0x001A73F8,0x001A7480,136
FUN_001a7480,0x001A7480,0x001A74EC,108
FUN_001a74f0,0x001A74F0,0x001A7894,928
FUN_001a7898,0x001A7898,0x001A78E4,76
FUN_001a78e8,0x001A78E8,0x001A7914,44
FUN_001a7918,0x001A7918,0x001A7924,12
FUN_001a79c0,0x001A79C0,0x001A79EC,44
FUN_001a79f0,0x001A79F0,0x001A7BF4,516
FUN_001a7bf8,0x001A7BF8,0x001A7C84,140
FUN_001a7c88,0x001A7C88,0x001A7CBC,52
FUN_001a7cc0,0x001A7CC0,0x001A7F44,644
FUN_001a7f48,0x001A7F48,0x001A80C4,380
FUN_001a80c8,0x001A80C8,0x001A8300,564
FUN_001a8300,0x001A8300,0x001A8560,608
FUN_001a8560,0x001A8560,0x001A8820,700
FUN_001a8820,0x001A8820,0x001A8B94,884
FUN_001a8b98,0x001A8B98,0x001A8D74,476
FUN_001a8d78,0x001A8D78,0x001A8F1C,420
FUN_001a8f20,0x001A8F20,0x001A8F3C,28
FUN_001a8f40,0x001A8F40,0x001A90EC,428
FUN_001a90f0,0x001A90F0,0x001A910C,28
FUN_001a9110,0x001A9110,0x001A937C,620
FUN_001a9380,0x001A9380,0x001A94A0,288
FUN_001a94a0,0x001A94A0,0x001A94BC,28
FUN_001a94c0,0x001A94C0,0x001A9588,200
FUN_001a9588,0x001A9588,0x001A96F0,360
FUN_001a96f0,0x001A96F0,0x001A9848,344
FUN_001a9848,0x001A9848,0x001A99E8,416
FUN_001a99e8,0x001A99E8,0x001A9C24,572
FUN_001a9c28,0x001A9C28,0x001A9E18,496
FUN_001a9e18,0x001A9E18,0x001A9E34,28
FUN_001a9e38,0x001A9E38,0x001A9FD0,408
FUN_001a9fd0,0x001A9FD0,0x001AA23C,620
FUN_001aa240,0x001AA240,0x001AA25C,28
FUN_001aa260,0x001AA260,0x001AA498,564
FUN_001aa498,0x001AA498,0x001AA6D0,568
FUN_001aa6d0,0x001AA6D0,0x001AA8B0,480
FUN_001aa8b0,0x001AA8B0,0x001AAA78,456
FUN_001aaa78,0x001AAA78,0x001AAB00,136
FUN_001aab00,0x001AAB00,0x001AAB70,112
FUN_001aab70,0x001AAB70,0x001AABF0,128
FUN_001aabf0,0x001AABF0,0x001AAC68,120
FUN_001aac68,0x001AAC68,0x001AAC84,28
FUN_001aac88,0x001AAC88,0x001AAD78,240
FUN_001aad78,0x001AAD78,0x001AADE8,112
FUN_001aade8,0x001AADE8,0x001AAE58,112
FUN_001aae58,0x001AAE58,0x001AAEC8,112
FUN_001aaec8,0x001AAEC8,0x001AAF44,124
FUN_001aaf48,0x001AAF48,0x001AAFC4,124
FUN_001aafc8,0x001AAFC8,0x001AB0C8,256
FUN_001ab0c8,0x001AB0C8,0x001AB154,140
FUN_001ab158,0x001AB158,0x001AB190,56
FUN_001ab190,0x001AB190,0x001AB398,520
FUN_001ab398,0x001AB398,0x001AB5A0,520
FUN_001ab5a0,0x001AB5A0,0x001AB630,144
FUN_001ab630,0x001AB630,0x001AB6D0,160
FUN_001ab6d0,0x001AB6D0,0x001AB760,144
FUN_001ab760,0x001AB760,0x001AB77C,28
FUN_001ab780,0x001AB780,0x001AB79C,28
FUN_001ab7a0,0x001AB7A0,0x001AB9C4,548
FUN_001ab9c8,0x001AB9C8,0x001AB9E8,32
FUN_001ab9e8,0x001AB9E8,0x001ABA04,28
FUN_001aba08,0x001ABA08,0x001ABB0C,260
FUN_001abb10,0x001ABB10,0x001ABB2C,28
FUN_001abb58,0x001ABB58,0x001ABC44,236
FUN_001abc48,0x001ABC48,0x001ABD24,220
FUN_001abd28,0x001ABD28,0x001ABE64,316
FUN_001abe68,0x001ABE68,0x001ABE90,40
FUN_001abe90,0x001ABE90,0x001ABEC8,56
FUN_001abec8,0x001ABEC8,0x001ABFD8,272
FUN_001abfd8,0x001ABFD8,0x001AC038,96
FUN_001ac0c0,0x001AC0C0,0x001AC0D0,16
RFU091,0x001AC108,0x001AC118,16
RFU116_SetSyscall,0x001AC118,0x001AC128,16
FUN_001ac128,0x001AC128,0x001AC1EC,196
FUN_001ac1f0,0x001AC1F0,0x001AC210,32
RFU086_WaitEvnetFlag,0x001AC210,0x001AC220,16
FUN_001ac220,0x001AC220,0x001AC250,48
FUN_001ac250,0x001AC250,0x001AC2B0,96
FUN_001ac2b0,0x001AC2B0,0x001AC2F0,64
FUN_001ac2f0,0x001AC2F0,0x001AC42C,316
FUN_001ac42c,0x001AC42C,0x001AC4E4,184
FUN_001ac500,0x001AC500,0x001AC600,256
FUN_001ac600,0x001AC600,0x001AC740,320
FUN_001ac740,0x001AC740,0x001AC83C,252
FUN_001ac83c,0x001AC83C,0x001AC860,36
FUN_001ac860,0x001AC860,0x001AC8A8,72
FUN_001ac8a8,0x001AC8A8,0x001AC8C0,24
FUN_001ac8c0,0x001AC8C0,0x001AC908,72
FUN_001ac908,0x001AC908,0x001AC918,16
FUN_001ac950,0x001AC950,0x001AC990,64
FUN_001ac990,0x001AC990,0x001AC9A0,16
FUN_001ac9a0,0x001AC9A0,0x001AC9D4,52
FUN_001ac9d8,0x001AC9D8,0x001ACAD4,252
RFU116_SetSyscall,0x001ACAD8,0x001ACAE8,16
FUN_001acae8,0x001ACAE8,0x001ACB24,60
RFU116_SetSyscall,0x001ACB28,0x001ACB38,16
FUN_001acb38,0x001ACB38,0x001ACB48,16
RFU091,0x001ACB80,0x001ACB90,16
FUN_001acb90,0x001ACB90,0x001ACBF8,104
FUN_001acbf8,0x001ACBF8,0x001ACCA4,172
FUN_001acca8,0x001ACCA8,0x001ACCB8,16
FUN_001accb8,0x001ACCB8,0x001ACCE8,48
RFU116_SetSyscall,0x001ACCE8,0x001ACCF8,16
FUN_001accf8,0x001ACCF8,0x001ACE10,280
thunk_FUN_001ac2b0,0x001ACE10,0x001ACE18,8
FUN_001ace88,0x001ACE88,0x001ACED0,72
FUN_001aced0,0x001ACED0,0x001ACEF8,40
FUN_001acef8,0x001ACEF8,0x001ACF44,76
RFU116_SetSyscall,0x001ACF48,0x001ACF58,16
FUN_001acf58,0x001ACF58,0x001ACF68,16
RFU091,0x001ACFA0,0x001ACFB0,16
FUN_001acfb0,0x001ACFB0,0x001AD084,212
FUN_001ad088,0x001AD088,0x001AD524,1164
FUN_001ad528,0x001AD528,0x001AE474,3856
FUN_001ae478,0x001AE478,0x001AEA30,1448
FUN_001aea30,0x001AEA30,0x001AED4C,796
FUN_001aed50,0x001AED50,0x001AF174,1052
FUN_001af178,0x001AF178,0x001AF518,908
FUN_001af518,0x001AF518,0x001AF6F8,468
FUN_001af6f8,0x001AF6F8,0x001AF94C,584
FUN_001af950,0x001AF950,0x001AFC30,720
FUN_001afc30,0x001AFC30,0x001AFD14,220
FUN_001afd18,0x001AFD18,0x001B0430,1816
FUN_001b0430,0x001B0430,0x001B04F8,200
FUN_001b04f8,0x001B04F8,0x001B08A8,928
FUN_001b08a8,0x001B08A8,0x001B0974,204
FUN_001b0978,0x001B0978,0x001B0C4C,720
FUN_001b0c50,0x001B0C50,0x001B179C,2852
FUN_001b17a0,0x001B17A0,0x001B19D8,564
FUN_001b19d8,0x001B19D8,0x001B1F40,1376
FUN_001b1f40,0x001B1F40,0x001B2090,336
FUN_001b2090,0x001B2090,0x001B28F4,2116
FUN_001b28f8,0x001B28F8,0x001B2974,124
FUN_001b2974,0x001B2974,0x001B29FC,136
FUN_001b2a00,0x001B2A00,0x001B2C84,636
FUN_001b2c88,0x001B2C88,0x001B2DAC,284
FUN_001b2db0,0x001B2DB0,0x001B2DE4,52
FUN_001b2de8,0x001B2DE8,0x001B2FFC,524
FUN_001b3000,0x001B3000,0x001B3134,300
FUN_001b3138,0x001B3138,0x001B31E0,160
FUN_001b31e0,0x001B31E0,0x001B346C,640
FUN_001b3470,0x001B3470,0x001B3548,216
FUN_001b3548,0x001B3548,0x001B361C,212
FUN_001b3620,0x001B3620,0x001B3648,40
FUN_001b3648,0x001B3648,0x001B3720,216
FUN_001b3720,0x001B3720,0x001B3808,220
FUN_001b3808,0x001B3808,0x001B3880,120
FUN_001b3880,0x001B3880,0x001B3894,20
FUN_001b3898,0x001B3898,0x001B38AC,20
FUN_001b38b0,0x001B38B0,0x001B38C4,20
FUN_001b38c8,0x001B38C8,0x001B38DC,20
FUN_001b38e0,0x001B38E0,0x001B38F4,20
FUN_001b38f8,0x001B38F8,0x001B390C,20
FUN_001b3910,0x001B3910,0x001B3924,20
FUN_001b3928,0x001B3928,0x001B393C,20
FUN_001b3940,0x001B3940,0x001B3954,20
FUN_001b3958,0x001B3958,0x001B396C,20
FUN_001b3970,0x001B3970,0x001B3B3C,460
FUN_001b3b40,0x001B3B40,0x001B3B8C,76
FUN_001b3b90,0x001B3B90,0x001B3BC0,48
FUN_001b3bc0,0x001B3BC0,0x001B3C78,184
FUN_001b3c78,0x001B3C78,0x001B3D3C,196
FUN_001b3d40,0x001B3D40,0x001B3E64,292
FUN_001b3e68,0x001B3E68,0x001B3E9C,52
FUN_001b3ea0,0x001B3EA0,0x001B3F58,184
FUN_001b3f58,0x001B3F58,0x001B4030,216
FUN_001b4030,0x001B4030,0x001B40C0,144
FUN_001b40c0,0x001B40C0,0x001B41D4,276
FUN_001b41d8,0x001B41D8,0x001B434C,372
FUN_001b4350,0x001B4350,0x001B4358,8
FUN_001b4358,0x001B4358,0x001B4390,56
FUN_001b4390,0x001B4390,0x001B4434,164
FUN_001b4434,0x001B4434,0x001B4470,60
FUN_001b4470,0x001B4470,0x001B44C8,88
FUN_001b44c8,0x001B44C8,0x001B4644,380
FUN_001b4648,0x001B4648,0x001B46B4,108
FUN_001b46b8,0x001B46B8,0x001B4800,328
FUN_001b4800,0x001B4800,0x001B4884,132
FUN_001b4888,0x001B4888,0x001B49C8,320
FUN_001b49c8,0x001B49C8,0x001B4A94,204
FUN_001b4a98,0x001B4A98,0x001B4BB0,280
FUN_001b4bb0,0x001B4BB0,0x001B4C68,184
FUN_001b4c68,0x001B4C68,0x001B4E30,456
FUN_001b4e30,0x001B4E30,0x001B4F88,344
FUN_001b4f88,0x001B4F88,0x001B5054,204
FUN_001b5058,0x001B5058,0x001B5160,264
FUN_001b5160,0x001B5160,0x001B53B0,592
FUN_001b53b0,0x001B53B0,0x001B5AB4,1796
FUN_001b5ab8,0x001B5AB8,0x001B5ED4,1052
FUN_001b5ed8,0x001B5ED8,0x001B60F4,540
FUN_001b60f8,0x001B60F8,0x001B616C,116
FUN_001b6170,0x001B6170,0x001B6204,148
FUN_001b66f0,0x001B66F0,0x001B678C,156
FUN_001b6790,0x001B6790,0x001B683C,172
FUN_001b6de8,0x001B6DE8,0x001B6E44,92
FUN_001b6e48,0x001B6E48,0x001B6EA8,96
FUN_001b6ea8,0x001B6EA8,0x001B6ED0,40
FUN_001b6ed0,0x001B6ED0,0x001B716C,668
FUN_001b7170,0x001B7170,0x001B718C,28
FUN_001b7190,0x001B7190,0x001B7314,388
FUN_001b7318,0x001B7318,0x001B7428,272
FUN_001b7428,0x001B7428,0x001B7548,288
FUN_001b7548,0x001B7548,0x001B7674,300
FUN_001b7678,0x001B7678,0x001B7870,504
FUN_001b7870,0x001B7870,0x001B792C,188
FUN_001b7930,0x001B7930,0x001B7DD8,1192
FUN_001b7dd8,0x001B7DD8,0x001B7E60,136
FUN_001b7e60,0x001B7E60,0x001B7FFC,412
FUN_001b8000,0x001B8000,0x001B814C,332
FUN_001b8150,0x001B8150,0x001B817C,44
FUN_001b8180,0x001B8180,0x001B8224,164
FUN_001b8228,0x001B8228,0x001B82D8,176
FUN_001b82d8,0x001B82D8,0x001B8438,352
FUN_001b8438,0x001B8438,0x001B8450,24
FUN_001b8450,0x001B8450,0x001B8558,264
FUN_001b8558,0x001B8558,0x001B8648,240
FUN_001b8648,0x001B8648,0x001B8798,336
FUN_001b8798,0x001B8798,0x001B8814,124
FUN_001b8818,0x001B8818,0x001B887C,100
FUN_001b8880,0x001B8880,0x001B898C,268
FUN_001b8990,0x001B8990,0x001B8A54,196
FUN_001b8a58,0x001B8A58,0x001B8B80,292
FUN_001b8b80,0x001B8B80,0x001B8D70,496
FUN_001b8d70,0x001B8D70,0x001B8DB8,68
FUN_001b8db8,0x001B8DB8,0x001B8E2C,116
FUN_001b8e30,0x001B8E30,0x001B8ED0,160
FUN_001b8ed0,0x001B8ED0,0x001B8F94,196
FUN_001b8f98,0x001B8F98,0x001B908C,244
FUN_001b9090,0x001B9090,0x001B9120,144
FUN_001b9120,0x001B9120,0x001B91EC,204
FUN_001b91f0,0x001B91F0,0x001B9280,144
FUN_001b9280,0x001B9280,0x001B943C,444
FUN_001b943c,0x001B943C,0x001B9534,248
FUN_001b9538,0x001B9538,0x001B95D8,160
FUN_001b95d8,0x001B95D8,0x001B9868,656
FUN_001b9890,0x001B9890,0x001B9A1C,396
FUN_001b9a20,0x001B9A20,0x001B9B30,312
FUN_001b9b30,0x001B9B30,0x001B9CE8,440
FUN_001b9ce8,0x001B9CE8,0x001B9E54,364
FUN_001b9e58,0x001B9E58,0x001B9EDC,132
FUN_001b9ee0,0x001B9EE0,0x001BA008,296
FUN_001ba008,0x001BA008,0x001BA150,328
FUN_001ba150,0x001BA150,0x001BA310,448
FUN_001ba310,0x001BA310,0x001BA3E8,216
FUN_001ba3e8,0x001BA3E8,0x001BA670,648
FUN_001ba670,0x001BA670,0x001BA6A4,52
FUN_001ba6a8,0x001BA6A8,0x001BA6C4,28
FUN_001ba6c8,0x001BA6C8,0x001BA760,152
FUN_001ba760,0x001BA760,0x001BA7AC,76
FUN_001ba7b0,0x001BA7B0,0x001BA7F4,68
FUN_001ba7f8,0x001BA7F8,0x001BA84C,84
FUN_001ba850,0x001BA850,0x001BA87C,44
FUN_001ba880,0x001BA880,0x001BA908,136
FUN_001ba908,0x001BA908,0x001BAB04,508
FUN_001bab08,0x001BAB08,0x001BAE00,756
FUN_001bae00,0x001BAE00,0x001BAE20,32
FUN_001bae20,0x001BAE20,0x001BAF14,244
FUN_001baf18,0x001BAF18,0x001BB068,336
FUN_001bb068,0x001BB068,0x001BB0D4,104
FUN_001bb0d8,0x001BB0D8,0x001BB688,1456
FUN_001bb688,0x001BB688,0x001BB738,176
FUN_001bb738,0x001BB738,0x001BB944,524
FUN_001bb948,0x001BB948,0x001BB950,8
FUN_001bb990,0x001BB990,0x001BB9D8,72
FUN_001bb9d8,0x001BB9D8,0x001BBA1C,68
FUN_001bba20,0x001BBA20,0x001BBA70,80
FUN_001bba70,0x001BBA70,0x001BBAB8,72
FUN_001bbab8,0x001BBAB8,0x001BBAC4,12
FUN_001bbac8,0x001BBAC8,0x001BBAD8,16
FUN_001bbad8,0x001BBAD8,0x001BBB30,88
FUN_001bbb30,0x001BBB30,0x001BBB84,84
FUN_001bbb88,0x001BBB88,0x001BBBAC,36
FUN_001bbbb0,0x001BBBB0,0x001BBC00,80
FUN_001bbc00,0x001BBC00,0x001BBC28,40
FUN_001bbc28,0x001BBC28,0x001BBCD0,168
FUN_001bbcd0,0x001BBCD0,0x001BBCE4,20
FUN_001bbce8,0x001BBCE8,0x001BBCF4,12
FUN_001bbcf8,0x001BBCF8,0x001BBD04,12
FUN_001bbd08,0x001BBD08,0x001BBD74,108
FUN_001bbd78,0x001BBD78,0x001BBD90,24
FUN_001bbd90,0x001BBD90,0x001BBDE8,88
FUN_001bbde8,0x001BBDE8,0x001BBE40,88
FUN_001bbe40,0x001BBE40,0x001BBE54,20
FUN_001bbe54,0x001BBE54,0x001BBE84,48
FUN_001bbe84,0x001BBE84,0x001BBEA8,36
FUN_001bbea8,0x001BBEA8,0x001BBEC8,32
FUN_001bbec8,0x001BBEC8,0x001BBEE4,28
FUN_001bbee4,0x001BBEE4,0x001BBF00,28
FUN_001bbf00,0x001BBF00,0x001BC014,276
FUN_001bc018,0x001BC018,0x001BC05C,68
FUN_001bc060,0x001BC060,0x001BC1BC,348
FUN_001bc1c0,0x001BC1C0,0x001BC228,104
FUN_001bc228,0x001BC228,0x001BC234,12
FUN_001bc238,0x001BC238,0x001BC2B4,124
FUN_001bc2b8,0x001BC2B8,0x001BC318,96
FUN_001bc318,0x001BC318,0x001BC3E0,200
FUN_001bc3e0,0x001BC3E0,0x001BC3F0,16
FUN_001bc3f0,0x001BC3F0,0x001BC424,52
FUN_001bc428,0x001BC428,0x001BC47C,84
FUN_001bc480,0x001BC480,0x001BC580,256
FUN_001bc580,0x001BC580,0x001BC5A0,32
FUN_001bc5a0,0x001BC5A0,0x001BC970,972
FUN_001bc970,0x001BC970,0x001BCA50,224
FUN_001bca50,0x001BCA50,0x001BCB30,224
FUN_001bcb30,0x001BCB30,0x001BCC60,304
FUN_001bcc60,0x001BCC60,0x001BCCEC,140
FUN_001bccf0,0x001BCCF0,0x001BCCFC,12
FUN_001bcd00,0x001BCD00,0x001BCD0C,12
FUN_001bcd10,0x001BCD10,0x001BCD1C,12
FUN_001bcd20,0x001BCD20,0x001BCD2C,12
FUN_001bcd30,0x001BCD30,0x001BCD58,40
FUN_001bcd58,0x001BCD58,0x001BCD7C,36
FUN_001bcd80,0x001BCD80,0x001BCE44,196
FUN_001bce48,0x001BCE48,0x001BCE54,12
FUN_001bce58,0x001BCE58,0x001BCF00,168
FUN_001bcf00,0x001BCF00,0x001BCF1C,28
FUN_001bcf20,0x001BCF20,0x001BD028,264
FUN_001bd028,0x001BD028,0x001BD04C,36
FUN_001bd050,0x001BD050,0x001BD1FC,428
FUN_001bd200,0x001BD200,0x001BD31C,284
FUN_001bd320,0x001BD320,0x001BD444,292
FUN_001bd444,0x001BD444,0x001BD584,320
FUN_001bd588,0x001BD588,0x001BD5C8,64
FUN_001bd5c8,0x001BD5C8,0x001BD630,104
FUN_001bd630,0x001BD630,0x001BD738,264
FUN_001bd738,0x001BD738,0x001BD78C,84
FUN_001bd790,0x001BD790,0x001BD864,212
FUN_001bd868,0x001BD868,0x001BD938,208
FUN_001bd938,0x001BD938,0x001BDA78,320
FUN_001bda78,0x001BDA78,0x001BDB58,224
FUN_001bdb58,0x001BDB58,0x001BDBD0,120
FUN_001bdbd0,0x001BDBD0,0x001BDC24,84
FUN_001bdc28,0x001BDC28,0x001BDC8C,100
FUN_001bdc90,0x001BDC90,0x001BDCF4,100
FUN_001bdcf8,0x001BDCF8,0x001BDD54,92
FUN_001bdd58,0x001BDD58,0x001BDE08,176
FUN_001bde08,0x001BDE08,0x001BDE40,56
FUN_001bde40,0x001BDE40,0x001BDEB0,112
FUN_001bdeb0,0x001BDEB0,0x001BDEF0,64
FUN_001bdef0,0x001BDEF0,0x001BDF50,96
FUN_001bdf50,0x001BDF50,0x001BDF70,32
FUN_001bdf70,0x001BDF70,0x001BDFB0,64
FUN_001bdfb0,0x001BDFB0,0x001BDFEC,60
FUN_001bdff0,0x001BDFF0,0x001BE03C,76
FUN_001be040,0x001BE040,0x001BE0A4,100
FUN_001be0a8,0x001BE0A8,0x001BE110,104
FUN_001be110,0x001BE110,0x001BE178,104
FUN_001be178,0x001BE178,0x001BE1A4,44
FUN_001be1a8,0x001BE1A8,0x001BE1C8,32
FUN_001be1c8,0x001BE1C8,0x001BE230,104
FUN_001be230,0x001BE230,0x001BE298,104
FUN_001be298,0x001BE298,0x001BE34C,180
FUN_001be350,0x001BE350,0x001BE3F4,164
FUN_001be3f8,0x001BE3F8,0x001BE428,48
FUN_001be428,0x001BE428,0x001BE44C,36
FUN_001be450,0x001BE450,0x001BE4DC,136
FUN_001be4e8,0x001BE4E8,0x001BE530,72
FUN_001be530,0x001BE530,0x001BE5B0,128
FUN_001be5b0,0x001BE5B0,0x001BE69C,236
FUN_001be6a0,0x001BE6A0,0x001BE898,504
FUN_001be898,0x001BE898,0x001BE960,200
FUN_001be960,0x001BE960,0x001BEA08,168
FUN_001bea08,0x001BEA08,0x001BEAE4,220
FUN_001beae8,0x001BEAE8,0x001BEBC4,220
FUN_001bebc8,0x001BEBC8,0x001BECA0,216
FUN_001beca0,0x001BECA0,0x001BED9C,252
FUN_001beda0,0x001BEDA0,0x001BEDE4,68
FUN_001bede8,0x001BEDE8,0x001BEE34,76
FUN_001bee88,0x001BEE88,0x001BEF28,160
FUN_001bef28,0x001BEF28,0x001BEF38,16
FUN_001bef38,0x001BEF38,0x001BEF9C,100
FUN_001befa0,0x001BEFA0,0x001BEFF8,88
FUN_001beff8,0x001BEFF8,0x001BF56C,1396
FUN_001bf570,0x001BF570,0x001BF5BC,76
FUN_001bf5c0,0x001BF5C0,0x001BF5E0,32
FUN_001bf5e0,0x001BF5E0,0x001BF600,32
FUN_001bf600,0x001BF600,0x001BF688,136
FUN_001bf688,0x001BF688,0x001BF6B8,48
FUN_001bf6b8,0x001BF6B8,0x001BF724,108
FUN_001bf728,0x001BF728,0x001BF790,104
FUN_001bf790,0x001BF790,0x001BF8DC,332
FUN_001bf8e0,0x001BF8E0,0x001BFA38,344
FUN_001bfa38,0x001BFA38,0x001BFAA8,112
FUN_001bfb18,0x001BFB18,0x001BFC00,232
FUN_001bfc00,0x001BFC00,0x001BFC2C,44
FUN_001bfc30,0x001BFC30,0x001BFC74,68
FUN_001bfc78,0x001BFC78,0x001BFC94,28
FUN_001bfc98,0x001BFC98,0x001BFCBC,36
FUN_001bfcc0,0x001BFCC0,0x001BFCFC,60
FUN_001bfd00,0x001BFD00,0x001BFD44,68
FUN_001bfd48,0x001BFD48,0x001BFDB4,108
FUN_001bfdb8,0x001BFDB8,0x001BFDD8,32
FUN_001bfdd8,0x001BFDD8,0x001BFDF8,32
FUN_001bfdf8,0x001BFDF8,0x001BFE20,40
FUN_001bfe20,0x001BFE20,0x001BFE34,20
FUN_001bfe38,0x001BFE38,0x001BFE4C,20
FUN_001bfe50,0x001BFE50,0x001BFE64,20
FUN_001bfe68,0x001BFE68,0x001BFE80,24
FUN_001bfe80,0x001BFE80,0x001BFEAC,44
FUN_001bfeb0,0x001BFEB0,0x001BFEBC,12
FUN_001bfec0,0x001BFEC0,0x001BFEE4,36
FUN_001bfee8,0x001BFEE8,0x001BFEF8,16
FUN_001bfef8,0x001BFEF8,0x001BFF08,16
FUN_001bff08,0x001BFF08,0x001BFF18,16
FUN_001bff18,0x001BFF18,0x001BFF28,16
FUN_001bff28,0x001BFF28,0x001BFF50,40
FUN_001bff50,0x001BFF50,0x001BFFC4,116
FUN_001bffc8,0x001BFFC8,0x001C006C,164
FUN_001c0070,0x001C0070,0x001C0118,168
FUN_001c0118,0x001C0118,0x001C01C0,168
FUN_001c01c0,0x001C01C0,0x001C0210,80
FUN_001c0210,0x001C0210,0x001C0238,40
FUN_001c0238,0x001C0238,0x001C02E8,176
FUN_001c02e8,0x001C02E8,0x001C03A8,192
FUN_001c03a8,0x001C03A8,0x001C0410,104
FUN_001c0410,0x001C0410,0x001C044C,60
FUN_001c044c,0x001C044C,0x001C0514,200
FUN_001c0518,0x001C0518,0x001C06A8,400
FUN_001c06a8,0x001C06A8,0x001C0700,88
FUN_001c0700,0x001C0700,0x001C0744,68
FUN_001c0748,0x001C0748,0x001C0768,32
FUN_001c0768,0x001C0768,0x001C0794,44
FUN_001c0798,0x001C0798,0x001C07B0,24
FUN_001c07b0,0x001C07B0,0x001C07F8,72
FUN_001c07f8,0x001C07F8,0x001C0858,96
FUN_001c0858,0x001C0858,0x001C0948,240
FUN_001c0948,0x001C0948,0x001C097C,52
FUN_001c0980,0x001C0980,0x001C09B4,52
FUN_001c09b8,0x001C09B8,0x001C09F8,64
FUN_001c09f8,0x001C09F8,0x001C0A40,72
FUN_001c0a40,0x001C0A40,0x001C0A68,40
FUN_001c0a68,0x001C0A68,0x001C0AA4,60
FUN_001c0aa8,0x001C0AA8,0x001C0AF4,76
FUN_001c0af8,0x001C0AF8,0x001C0B34,60
FUN_001c0b38,0x001C0B38,0x001C0B74,60
FUN_001c0b78,0x001C0B78,0x001C0BBC,68
FUN_001c0bc0,0x001C0BC0,0x001C0C04,68
FUN_001c0c08,0x001C0C08,0x001C0C58,80
FUN_001c0c58,0x001C0C58,0x001C0C9C,68
FUN_001c0ca0,0x001C0CA0,0x001C0CDC,60
FUN_001c0ce0,0x001C0CE0,0x001C0D24,68
FUN_001c0d28,0x001C0D28,0x001C0D64,60
FUN_001c0d68,0x001C0D68,0x001C0DAC,68
FUN_001c0db0,0x001C0DB0,0x001C0DEC,60
FUN_001c0df0,0x001C0DF0,0x001C0E34,68
FUN_001c0e38,0x001C0E38,0x001C0E84,76
FUN_001c0e88,0x001C0E88,0x001C0ED4,76
FUN_001c0ed8,0x001C0ED8,0x001C0F24,76
FUN_001c0f28,0x001C0F28,0x001C0F74,76
FUN_001c0f78,0x001C0F78,0x001C0FC4,76
FUN_001c0fc8,0x001C0FC8,0x001C1024,92
FUN_001c1028,0x001C1028,0x001C106C,68
FUN_001c1070,0x001C1070,0x001C10D4,100
FUN_001c10d8,0x001C10D8,0x001C114C,116
FUN_001c1150,0x001C1150,0x001C11A4,84
FUN_001c11a8,0x001C11A8,0x001C120C,100
FUN_001c1210,0x001C1210,0x001C126C,92
FUN_001c1270,0x001C1270,0x001C12B4,68
FUN_001c12b8,0x001C12B8,0x001C1304,76
FUN_001c1308,0x001C1308,0x001C1330,40
FUN_001c1330,0x001C1330,0x001C1348,24
FUN_001c1348,0x001C1348,0x001C1374,44
FUN_001c1378,0x001C1378,0x001C1450,216
FUN_001c1450,0x001C1450,0x001C1590,320
FUN_001c1590,0x001C1590,0x001C15DC,76
FUN_001c15e0,0x001C15E0,0x001C1658,120
FUN_001c1658,0x001C1658,0x001C1698,64
FUN_001c1698,0x001C1698,0x001C183C,420
FUN_001c183c,0x001C183C,0x001C1854,24
FUN_001c1858,0x001C1858,0x001C18A4,76
FUN_001c18a4,0x001C18A4,0x001C18B8,20
FUN_001c18b8,0x001C18B8,0x001C191C,100
FUN_001c1920,0x001C1920,0x001C194C,44
FUN_001c194c,0x001C194C,0x001C199C,80
FUN_001c19a0,0x001C19A0,0x001C1A74,212
FUN_001c1a74,0x001C1A74,0x001C1CD0,604
FUN_001c1cd0,0x001C1CD0,0x001C1D08,56
FUN_001c1d08,0x001C1D08,0x001C1D3C,52
FUN_001c1d40,0x001C1D40,0x001C1E90,336
FUN_001c1e90,0x001C1E90,0x001C20D8,584
FUN_001c20d8,0x001C20D8,0x001C2140,104
FUN_001c2140,0x001C2140,0x001C2160,32
FUN_001c2160,0x001C2160,0x001C230C,428
FUN_001c2310,0x001C2310,0x001C2348,56
FUN_001c2348,0x001C2348,0x001C238C,68
FUN_001c2390,0x001C2390,0x001C23D4,68
FUN_001c23d8,0x001C23D8,0x001C2410,56
FUN_001c2410,0x001C2410,0x001C2454,68
FUN_001c2458,0x001C2458,0x001C2484,44
FUN_001c2488,0x001C2488,0x001C24B0,40
FUN_001c24b0,0x001C24B0,0x001C24CC,28
FUN_001c24d0,0x001C24D0,0x001C25D0,256
FUN_001c25d0,0x001C25D0,0x001C2644,116
FUN_001c2648,0x001C2648,0x001C2774,300
FUN_001c2778,0x001C2778,0x001C27F4,124
FUN_001c27f8,0x001C27F8,0x001C2874,124
FUN_001c2878,0x001C2878,0x001C28F4,124
FUN_001c28f8,0x001C28F8,0x001C2A94,412
FUN_001c2a98,0x001C2A98,0x001C2B90,248
FUN_001c2b90,0x001C2B90,0x001C2CD8,328
FUN_001c2cd8,0x001C2CD8,0x001C2DCC,244
FUN_001c2dd0,0x001C2DD0,0x001C2F34,356
FUN_001c2f38,0x001C2F38,0x001C3120,488
FUN_001c3120,0x001C3120,0x001C32A8,392
FUN_001c32a8,0x001C32A8,0x001C359C,756
FUN_001c35a0,0x001C35A0,0x001C3660,192
FUN_001c3660,0x001C3660,0x001C380C,428
FUN_001c3810,0x001C3810,0x001C39B0,416
FUN_001c39b0,0x001C39B0,0x001C3B1C,364
FUN_001c3b20,0x001C3B20,0x001C3CE8,456
FUN_001c3ce8,0x001C3CE8,0x001C3E60,372
FUN_001c3e60,0x001C3E60,0x001C4084,548
FUN_001c4088,0x001C4088,0x001C4140,184
FUN_001c4140,0x001C4140,0x001C43D0,656
FUN_001c43d0,0x001C43D0,0x001C46D0,768
FUN_001c46d0,0x001C46D0,0x001C485C,396
FUN_001c4860,0x001C4860,0x001C487C,28
FUN_001c4880,0x001C4880,0x001C489C,28
FUN_001c48a0,0x001C48A0,0x001C4A20,384
FUN_001c4a20,0x001C4A20,0x001C4C1C,508
FUN_001c4c20,0x001C4C20,0x001C4C94,116
FUN_001c4c98,0x001C4C98,0x001C4CB4,28
FUN_001c4cc0,0x001C4CC0,0x001C59B8,3316
FUN_001c59c0,0x001C59C0,0x001C5B24,356
FUN_001c5b30,0x001C5B30,0x001C5D9C,612
FUN_001c5da0,0x001C5DA0,0x001C5EB4,276
FUN_001c5ec0,0x001C5EC0,0x001C60AC,488
FUN_001c60b0,0x001C60B0,0x001C619C,236
FUN_001c61a0,0x001C61A0,0x001C6388,484
FUN_001c6390,0x001C6390,0x001C6570,476
FUN_001c6570,0x001C6570,0x001C67C0,592
FUN_001c67c0,0x001C67C0,0x001C692C,364
FUN_001c6930,0x001C6930,0x001C6ACC,412
FUN_001c6ad0,0x001C6AD0,0x001C6BB0,224
FUN_001c6bb0,0x001C6BB0,0x001C7B08,3888
FUN_001c7b10,0x001C7B10,0x001C7C94,380
FUN_001c7ca0,0x001C7CA0,0x001C7D5C,188
FUN_001c7d60,0x001C7D60,0x001C7D78,24
FUN_001c7d80,0x001C7D80,0x001C8260,1248
FUN_001c8260,0x001C8260,0x001C87F4,1428
FUN_001c8800,0x001C8800,0x001C8874,116
FUN_001c8880,0x001C8880,0x001C8E40,1440
FUN_001c8e40,0x001C8E40,0x001C9468,1504
FUN_001c9470,0x001C9470,0x001C96D4,596
FUN_001c96e0,0x001C96E0,0x001C9758,120
FUN_001c9760,0x001C9760,0x001C9798,56
FUN_001c97a0,0x001C97A0,0x001C99C0,540
FUN_001c99c0,0x001C99C0,0x001C9AD4,272
FUN_001c9ae0,0x001C9AE0,0x001CA0DC,1520
FUN_001ca0e0,0x001CA0E0,0x001CA2A0,448
FUN_001ca2a0,0x001CA2A0,0x001CA38C,232
FUN_001ca390,0x001CA390,0x001CA3B8,40
FUN_001ca3c0,0x001CA3C0,0x001CA3CC,12
FUN_001ca610,0x001CA610,0x001CA710,256
FUN_001ca710,0x001CA710,0x001CC428,7448
FUN_001cc428,0x001CC428,0x001CCBB8,1936
FUN_001ccbb8,0x001CCBB8,0x001CCC00,72
FUN_001ccc00,0x001CCC00,0x001CCC20,32
FUN_001ccc20,0x001CCC20,0x001CCC70,80
FUN_001ccc70,0x001CCC70,0x001CCC9C,44
FUN_001ccc9c,0x001CCC9C,0x001CCD78,220
FUN_001ccd78,0x001CCD78,0x001CCF20,424
FUN_001ccf20,0x001CCF20,0x001CD050,304
FUN_001cd3e8,0x001CD3E8,0x001CD5D0,488
FUN_001cd5d0,0x001CD5D0,0x001CD690,192
FUN_001cd690,0x001CD690,0x001CD7B0,288
FUN_001cd7b0,0x001CD7B0,0x001CD880,208
FUN_001cd880,0x001CD880,0x001CDA64,484
FUN_001cdbb0,0x001CDBB0,0x001CDC08,88
FUN_001cdc08,0x001CDC08,0x001CDD0C,260
FUN_001cdd10,0x001CDD10,0x001CDE4C,316
FUN_001cde50,0x001CDE50,0x001CDFF0,416
FUN_001cdff0,0x001CDFF0,0x001CE010,32
FUN_001ce010,0x001CE010,0x001CE038,40
FUN_001ce038,0x001CE038,0x001CE218,480
FUN_001ce230,0x001CE230,0x001CE2F0,192
FUN_001ce2f0,0x001CE2F0,0x001CE4C0,464
FUN_001ce4c0,0x001CE4C0,0x001CE500,64
FUN_001ce500,0x001CE500,0x001CE578,120
FUN_001ce578,0x001CE578,0x001CE5E0,104
FUN_001ce5e0,0x001CE5E0,0x001CE63C,92
FUN_001ce63c,0x001CE63C,0x001CE680,68
FUN_001ce680,0x001CE680,0x001CEA64,996
FUN_001cea64,0x001CEA64,0x001CEB64,256
FUN_001ceb64,0x001CEB64,0x001CF9E0,3708
FUN_001cf9e0,0x001CF9E0,0x001CFA78,152
FUN_001cfa78,0x001CFA78,0x001CFB78,256
FUN_001cfb78,0x001CFB78,0x001D0630,2744
FUN_001d0630,0x001D0630,0x001D0650,32
FUN_001d0650,0x001D0650,0x001D0670,32
FUN_001d0670,0x001D0670,0x001D0690,32
FUN_001d0690,0x001D0690,0x001D06B0,32
FUN_001d06b0,0x001D06B0,0x001D06D0,32
FUN_001d06d0,0x001D06D0,0x001D06F0,32
FUN_001d06f0,0x001D06F0,0x001D0718,40
FUN_001d0718,0x001D0718,0x001D0738,32
FUN_001d0738,0x001D0738,0x001D07A8,112
FUN_001d07a8,0x001D07A8,0x001D0810,104
FUN_001d0810,0x001D0810,0x001D0870,96
FUN_001d0870,0x001D0870,0x001D0880,16
FUN_001d0880,0x001D0880,0x001D0890,16
FUN_001d0890,0x001D0890,0x001D0A8C,508
FUN_001d0a8c,0x001D0A8C,0x001D0B60,212
FUN_001d0b60,0x001D0B60,0x001D0B88,40
FUN_001d0b88,0x001D0B88,0x001D0B8C,4
FUN_001d0b8c,0x001D0B8C,0x001D0C44,184
FUN_001d0c44,0x001D0C44,0x001D0CA4,96
FUN_001d0ca4,0x001D0CA4,0x001D0CAC,8
FUN_001d0cac,0x001D0CAC,0x001D0CB0,4
FUN_001d0cb0,0x001D0CB0,0x001D0CD0,32
FUN_001d0cd0,0x001D0CD0,0x001D0CE0,16
FUN_001d0ce0,0x001D0CE0,0x001D0D00,32
FUN_001d0d00,0x001D0D00,0x001D0E8C,396
FUN_001d0e8c,0x001D0E8C,0x001D0EC0,52
FUN_001d0ec0,0x001D0EC0,0x001D0ED0,16
FUN_001d0ed0,0x001D0ED0,0x001D0EE0,16
FUN_001d0ee0,0x001D0EE0,0x001D0EE4,4
FUN_001d0ee4,0x001D0EE4,0x001D0F00,28
FUN_001d0f00,0x001D0F00,0x001D0F2C,44
FUN_001d0f2c,0x001D0F2C,0x001D1868,2364
FUN_001d1868,0x001D1868,0x001D1948,224
FUN_001d1948,0x001D1948,0x001D1990,72
FUN_001d1990,0x001D1990,0x001D19C0,48
FUN_001d19c0,0x001D19C0,0x001D1A00,64
FUN_001d1a00,0x001D1A00,0x001D1A40,64
FUN_001d1a40,0x001D1A40,0x001D1A70,48
FUN_001d1a70,0x001D1A70,0x001D1AA0,48
FUN_001d1aa0,0x001D1AA0,0x001D1AD0,48
FUN_001d1ad0,0x001D1AD0,0x001D1AF8,40
FUN_001d1af8,0x001D1AF8,0x001D1B20,40
FUN_001d1b20,0x001D1B20,0x001D1BA0,128
FUN_001d1ba0,0x001D1BA0,0x001D1C40,160
FUN_001d1c40,0x001D1C40,0x001D1C80,64
FUN_001d1c80,0x001D1C80,0x001D1CB8,56
FUN_001d1cb8,0x001D1CB8,0x001D1CE8,48
FUN_001d1ce8,0x001D1CE8,0x001D1D28,64
FUN_001d1d28,0x001D1D28,0x001D1D60,56
FUN_001d1d60,0x001D1D60,0x001D1E78,280
FUN_001d1e78,0x001D1E78,0x001D1EA0,40
FUN_001d1ea0,0x001D1EA0,0x001D1EB8,24
FUN_001d1eb8,0x001D1EB8,0x001D1ED0,24
FUN_001d1ed0,0x001D1ED0,0x001D1F00,48
FUN_001d1f00,0x001D1F00,0x001D20B8,440
FUN_001d20b8,0x001D20B8,0x001D20C8,16
FUN_001d20c8,0x001D20C8,0x001D2484,956
FUN_001d2484,0x001D2484,0x001D24E4,96
FUN_001d24e4,0x001D24E4,0x001D2544,96
FUN_001d2544,0x001D2544,0x001D2548,4
FUN_001d2548,0x001D2548,0x001D254C,4
FUN_001d254c,0x001D254C,0x001D2550,4
FUN_001d2550,0x001D2550,0x001D2554,4
FUN_001d2554,0x001D2554,0x001D2558,4
FUN_001d2558,0x001D2558,0x001D255C,4
FUN_001d255c,0x001D255C,0x001D2560,4
FUN_001d2560,0x001D2560,0x001D2564,4
FUN_001d2564,0x001D2564,0x001D2568,4
FUN_001d2568,0x001D2568,0x001D256C,4
FUN_001d256c,0x001D256C,0x001D2570,4
FUN_001d2570,0x001D2570,0x001D2574,4
FUN_001d2574,0x001D2574,0x001D2578,4
FUN_001d2578,0x001D2578,0x001D257C,4
FUN_001d257c,0x001D257C,0x001D2580,4
FUN_001d2580,0x001D2580,0x001D264C,204
FUN_001d264c,0x001D264C,0x001D2674,40
FUN_001d2674,0x001D2674,0x001D26B4,64
FUN_001d26b4,0x001D26B4,0x001D2BD8,1316
FUN_001d2bd8,0x001D2BD8,0x001D2C98,192
FUN_001d2c98,0x001D2C98,0x001D2D48,176
FUN_001d2d48,0x001D2D48,0x001D2D98,80
FUN_001d2d98,0x001D2D98,0x001D2E00,104
FUN_001d2e00,0x001D2E00,0x001D2F98,408
FUN_001d2f98,0x001D2F98,0x001D3270,728
FUN_001d3270,0x001D3270,0x001D32A8,56
FUN_001d32a8,0x001D32A8,0x001D34A0,504
FUN_001d34a0,0x001D34A0,0x001D34D8,56
FUN_001d34d8,0x001D34D8,0x001D34E8,16
FUN_001d34e8,0x001D34E8,0x001D3680,408
FUN_001d3680,0x001D3680,0x001D38A0,544
FUN_001d38a0,0x001D38A0,0x001D3A80,480
FUN_001d3a80,0x001D3A80,0x001D3D24,676
FUN_001d3d24,0x001D3D24,0x001D3E80,348
FUN_001d3e80,0x001D3E80,0x001D40A8,552
FUN_001d40a8,0x001D40A8,0x001D40B8,16
FUN_001d40b8,0x001D40B8,0x001D4280,456
FUN_001d4280,0x001D4280,0x001D4340,192
FUN_001d4340,0x001D4340,0x001D4398,88
FUN_001d4398,0x001D4398,0x001D43A8,16
FUN_001d43a8,0x001D43A8,0x001D43D8,48
FUN_001d43d8,0x001D43D8,0x001D4418,64
FUN_001d4418,0x001D4418,0x001D4458,64
FUN_001d4458,0x001D4458,0x001D44F0,152
FUN_001d44f0,0x001D44F0,0x001D4538,72
FUN_001d4538,0x001D4538,0x001D4938,1024
FUN_001d4938,0x001D4938,0x001D493C,4
FUN_001d493c,0x001D493C,0x001D4940,4
FUN_001d4940,0x001D4940,0x001D4950,16
FUN_001d4950,0x001D4950,0x001D4970,32
FUN_001d4970,0x001D4970,0x001D4990,32
FUN_001d4990,0x001D4990,0x001D4AE8,344
FUN_001d4ae8,0x001D4AE8,0x001D4B00,24
FUN_001d4b00,0x001D4B00,0x001D4B74,116
FUN_001d4b80,0x001D4B80,0x001D4BE4,100
FUN_001d4bf0,0x001D4BF0,0x001D4C18,40
FUN_001d4c20,0x001D4C20,0x001D4D40,288
FUN_001d4d40,0x001D4D40,0x001D4F90,592
FUN_001d4f90,0x001D4F90,0x001D4FC0,48
FUN_001d4fc0,0x001D4FC0,0x001D4FF0,48
FUN_001d4ff0,0x001D4FF0,0x001E7000,73744
FUN_001e7000,0x001E7000,0x001E7004,4
FUN_001e7040,0x001E7040,0x001E70F4,180
FUN_001e7100,0x001E7100,0x001E714C,76
FUN_001e714c,0x001E714C,0x001E7194,72
FUN_001e7194,0x001E7194,0x001E73D8,580
thunk_FUN_002ed3d0,0x001E73E0,0x001E73E8,8
thunk_FUN_002ed3e0,0x001E73F0,0x001E73F8,8
FUN_001e7400,0x001E7400,0x001E7428,40
FUN_001e7430,0x001E7430,0x001E7524,244
FUN_001e7530,0x001E7530,0x001E769C,364
FUN_001e76a0,0x001E76A0,0x001E76E4,68
FUN_001e76e4,0x001E76E4,0x001E7748,100
FUN_001e7750,0x001E7750,0x001E775C,12
FUN_001e775c,0x001E775C,0x001E77F8,156
FUN_001e7800,0x001E7800,0x001E78C0,168
FUN_001e78c0,0x001E78C0,0x001E78E0,32
FUN_001e78e0,0x001E78E0,0x001E7980,160
FUN_001e7980,0x001E7980,0x001E7A50,184
FUN_001e7a50,0x001E7A50,0x001E7AA8,88
FUN_001e7ab0,0x001E7AB0,0x001E7B48,128
FUN_001e7b50,0x001E7B50,0x001E7B5C,12
FUN_001e7b60,0x001E7B60,0x001E7B74,20
FUN_001e7b80,0x001E7B80,0x001E7C00,128
FUN_001e7c00,0x001E7C00,0x001E7C08,8
FUN_001e7c10,0x001E7C10,0x001E7C18,8
FUN_001e7c20,0x001E7C20,0x001E7C28,8
FUN_001e7c30,0x001E7C30,0x001E7C38,8
FUN_001e7c40,0x001E7C40,0x001E7C48,8
FUN_001e7c50,0x001E7C50,0x001E7C58,8
FUN_001e7c60,0x001E7C60,0x001E7C68,8
FUN_001e7c70,0x001E7C70,0x001E7C78,8
FUN_001e7c80,0x001E7C80,0x001E7C88,8
FUN_001e7c8c,0x001E7C8C,0x001E7C90,4
FUN_001e7c90,0x001E7C90,0x001E7D9C,268
FUN_001e7d9c,0x001E7D9C,0x001E7EB4,280
FUN_001e7eb4,0x001E7EB4,0x001E7EE8,52
FUN_001e7ef0,0x001E7EF0,0x001E7F58,104
FUN_001e7f58,0x001E7F58,0x001E7F94,60
FUN_001e7f98,0x001E7F98,0x001E8098,256
FUN_001e8098,0x001E8098,0x001E809C,4
FUN_001e809c,0x001E809C,0x001E80F0,84
FUN_001e80f0,0x001E80F0,0x001E80F4,4
FUN_001e80f4,0x001E80F4,0x001E81C0,204
FUN_001e81c0,0x001E81C0,0x001E822C,108
FUN_001e8230,0x001E8230,0x001E8250,32
FUN_001e8250,0x001E8250,0x001E82A8,88
FUN_001e82a8,0x001E82A8,0x001E831C,116
FUN_001e8320,0x001E8320,0x001E83B8,148
FUN_001e83b8,0x001E83B8,0x001E83C0,8
FUN_001e83c0,0x001E83C0,0x001E8404,68
FUN_001e8408,0x001E8408,0x001E8428,32
FUN_001e8428,0x001E8428,0x001E8448,32
FUN_001e8448,0x001E8448,0x001E84A4,92
FUN_001e84a8,0x001E84A8,0x001E84C4,28
FUN_001e84c8,0x001E84C8,0x001E8530,104
FUN_001e8530,0x001E8530,0x001E85F8,200
FUN_001e85f8,0x001E85F8,0x001E8680,136
FUN_001e8680,0x001E8680,0x001E873C,188
FUN_001e8740,0x001E8740,0x001E880C,204
FUN_001e8810,0x001E8810,0x001E888C,124
FUN_001e8890,0x001E8890,0x001E890C,116
FUN_001e8910,0x001E8910,0x001E89E4,212
FUN_001e89e8,0x001E89E8,0x001E8AB0,200
FUN_001e8ab0,0x001E8AB0,0x001E8B38,136
FUN_001e8b38,0x001E8B38,0x001E8C4C,276
FUN_001e8c4c,0x001E8C4C,0x001E8C58,12
FUN_001e8c58,0x001E8C58,0x001E8C8C,52
FUN_001e8c8c,0x001E8C8C,0x001E8D1C,144
FUN_001e8d20,0x001E8D20,0x001E8D30,16
FUN_001e8d30,0x001E8D30,0x001E8D94,100
FUN_001e8d94,0x001E8D94,0x001E8DA4,16
FUN_001e8da4,0x001E8DA4,0x001E8DC0,28
FUN_001e8dc0,0x001E8DC0,0x001E8DCC,12
FUN_001e8dcc,0x001E8DCC,0x001E8E38,108
FUN_001e8e38,0x001E8E38,0x001E8EAC,116
FUN_001e8eb0,0x001E8EB0,0x001E8F24,116
FUN_001e8f28,0x001E8F28,0x001E8FD4,172
FUN_001e8fe0,0x001E8FE0,0x001E910C,300
FUN_001e910c,0x001E910C,0x001E9118,12
FUN_001e9120,0x001E9120,0x001E91B4,148
FUN_001e91c0,0x001E91C0,0x001E94A4,740
FUN_001e94a4,0x001E94A4,0x001E94A8,4
FUN_001e94a8,0x001E94A8,0x001E9A3C,1428
FUN_001e9a3c,0x001E9A3C,0x001E9A4C,16
FUN_001e9a4c,0x001E9A4C,0x001E9AB4,104
FUN_001e9ab4,0x001E9AB4,0x001E9CA8,500
FUN_001e9ca8,0x001E9CA8,0x001E9DB8,272
FUN_001e9db8,0x001E9DB8,0x001E9DE8,48
FUN_001e9de8,0x001E9DE8,0x001EA250,1128
FUN_001ea250,0x001EA250,0x001EA2C8,120
FUN_001ea2d0,0x001EA2D0,0x001EA340,112
FUN_001ea340,0x001EA340,0x001EA3B8,120
FUN_001ea3c0,0x001EA3C0,0x001EA430,112
FUN_001ea430,0x001EA430,0x001EA4B0,128
FUN_001ea4b0,0x001EA4B0,0x001EA538,136
FUN_001ea538,0x001EA538,0x001EA580,72
FUN_001ea580,0x001EA580,0x001EA5B8,56
FUN_001ea5c0,0x001EA5C0,0x001EA620,96
FUN_001ea620,0x001EA620,0x001EA634,20
FUN_001ea640,0x001EA640,0x001EA64C,12
FUN_001ea650,0x001EA650,0x001EA664,20
FUN_001ea670,0x001EA670,0x001EA67C,12
FUN_001ea680,0x001EA680,0x001EA688,8
FUN_001ea690,0x001EA690,0x001EA698,8
FUN_001ea6a0,0x001EA6A0,0x001EA6AC,12
FUN_001ea6b0,0x001EA6B0,0x001EA6C0,16
FUN_001ea6c0,0x001EA6C0,0x001EA6CC,12
FUN_001ea6d0,0x001EA6D0,0x001EA6D8,8
FUN_001ea6e0,0x001EA6E0,0x001EA718,56
FUN_001ea720,0x001EA720,0x001EA758,56
FUN_001ea758,0x001EA758,0x001EA7D8,128
FUN_001ea7e0,0x001EA7E0,0x001EA7F4,20
FUN_001ea800,0x001EA800,0x001EA818,24
FUN_001ea820,0x001EA820,0x001EA834,20
FUN_001ea840,0x001EA840,0x001EA848,8
FUN_001ea850,0x001EA850,0x001EA868,24
FUN_001ea870,0x001EA870,0x001EA87C,12
FUN_001ea880,0x001EA880,0x001EA888,8
FUN_001ea890,0x001EA890,0x001EA8A4,20
FUN_001ea8b0,0x001EA8B0,0x001EA8BC,12
FUN_001ea8c0,0x001EA8C0,0x001EA8C8,8
FUN_001ea8d0,0x001EA8D0,0x001EAA68,408
FUN_001eaa70,0x001EAA70,0x001EAA78,8
FUN_001eaa80,0x001EAA80,0x001EAAE8,104
FUN_001eaaf0,0x001EAAF0,0x001EABAC,184
FUN_001eabb0,0x001EABB0,0x001EABC8,24
FUN_001eabd0,0x001EABD0,0x001EAC74,164
FUN_001eac80,0x001EAC80,0x001EACE0,96
FUN_001eace0,0x001EACE0,0x001EAD10,48
FUN_001ead10,0x001EAD10,0x001EAF7C,620
FUN_001eaf80,0x001EAF80,0x001EAFE0,96
FUN_001eafe0,0x001EAFE0,0x001EAFE8,8
FUN_001eaff0,0x001EAFF0,0x001EAFF8,8
FUN_001eb000,0x001EB000,0x001EB02C,44
FUN_001eb030,0x001EB030,0x001EB038,8
FUN_001eb040,0x001EB040,0x001EB048,8
FUN_001eb050,0x001EB050,0x001EB058,8
FUN_001eb060,0x001EB060,0x001EB068,8
FUN_001eb070,0x001EB070,0x001EB2B0,576
FUN_001eb2b0,0x001EB2B0,0x001EB2E0,48
FUN_001eb2e0,0x001EB2E0,0x001EB300,32
FUN_001eb300,0x001EB300,0x001EB328,40
FUN_001eb328,0x001EB328,0x001EB3A8,128
FUN_001eb3a8,0x001EB3A8,0x001EB3E0,56
FUN_001eb3e0,0x001EB3E0,0x001EB8B8,1240
FUN_001eb8c0,0x001EB8C0,0x001EB914,84
FUN_001eb914,0x001EB914,0x001EBB90,636
FUN_001ebb90,0x001EBB90,0x001EBB9C,12
FUN_001ebba0,0x001EBBA0,0x001EBC40,160
FUN_001ebc40,0x001EBC40,0x001EBC54,20
FUN_001ebc60,0x001EBC60,0x001EBC9C,60
FUN_001ebca0,0x001EBCA0,0x001EBD98,248
FUN_001ebda0,0x001EBDA0,0x001EBE30,144
FUN_001ebe30,0x001EBE30,0x001EBEC8,152
FUN_001ebed0,0x001EBED0,0x001EBF98,200
FUN_001ebf98,0x001EBF98,0x001EC200,616
FUN_001ec200,0x001EC200,0x001EC358,344
FUN_001ec358,0x001EC358,0x001EC380,40
FUN_001ec380,0x001EC380,0x001EC3D8,88
FUN_001ec3d8,0x001EC3D8,0x001EC408,48
FUN_001ec408,0x001EC408,0x001EC41C,20
FUN_001ec41c,0x001EC41C,0x001EC448,44
FUN_001ec450,0x001EC450,0x001EC474,36
FUN_001ec480,0x001EC480,0x001EC6C4,580
FUN_001ec6c4,0x001EC6C4,0x001EC6F0,44
FUN_001ec6f0,0x001EC6F0,0x001EC74C,92
FUN_001ec74c,0x001EC74C,0x001EC938,492
FUN_001ec940,0x001EC940,0x001EC950,16
FUN_001ec950,0x001EC950,0x001ECA48,200
FUN_001eca50,0x001ECA50,0x001ECB08,184
FUN_001ecb10,0x001ECB10,0x001ECBF4,228
FUN_001ecc00,0x001ECC00,0x001ECC38,56
FUN_001ecc40,0x001ECC40,0x001ECCE8,164
FUN_001eccf0,0x001ECCF0,0x001ECF54,604
FUN_001ecf60,0x001ECF60,0x001ECFF4,148
thunk_FUN_001ef310,0x001ED000,0x001ED008,8
FUN_001ed010,0x001ED010,0x001ED18C,380
FUN_001ed18c,0x001ED18C,0x001ED208,124
FUN_001ed208,0x001ED208,0x001ED55C,852
FUN_001ed560,0x001ED560,0x001ED728,456
FUN_001ed728,0x001ED728,0x001EDA54,812
FUN_001eda60,0x001EDA60,0x001EDE68,1032
FUN_001ede70,0x001EDE70,0x001EDE88,24
FUN_001ede90,0x001EDE90,0x001EDE9C,12
FUN_001edea0,0x001EDEA0,0x001EDEBC,28
FUN_001edec0,0x001EDEC0,0x001EDED0,16
FUN_001eded0,0x001EDED0,0x001EDF0C,60
thunk_FUN_001ef190,0x001EDF10,0x001EDF18,8
FUN_001edf20,0x001EDF20,0x001EDF3C,28
FUN_001edf40,0x001EDF40,0x001EE000,168
FUN_001ee000,0x001EE000,0x001EE5C0,1472
FUN_001ee5c0,0x001EE5C0,0x001EE6B0,240
FUN_001ee6b0,0x001EE6B0,0x001EE728,120
FUN_001ee728,0x001EE728,0x001EE77C,84
FUN_001ee77c,0x001EE77C,0x001EE780,4
FUN_001ee780,0x001EE780,0x001EE894,276
FUN_001ee894,0x001EE894,0x001EE8A0,12
FUN_001ee8a0,0x001EE8A0,0x001EEB3C,668
FUN_001eeb40,0x001EEB40,0x001EEB70,48
FUN_001eeb70,0x001EEB70,0x001EEBA0,48
FUN_001eeba0,0x001EEBA0,0x001EED38,408
FUN_001eed40,0x001EED40,0x001EF184,1080
FUN_001ef190,0x001EF190,0x001EF200,112
FUN_001ef200,0x001EF200,0x001EF310,272
FUN_001ef310,0x001EF310,0x001EF318,8
FUN_001ef320,0x001EF320,0x001EF388,104
FUN_001ef390,0x001EF390,0x001EF3F8,104
FUN_001ef400,0x001EF400,0x001EF44C,76
FUN_001ef450,0x001EF450,0x001EF6F8,680
FUN_001ef700,0x001EF700,0x001EF8C0,440
FUN_001ef8c0,0x001EF8C0,0x001EF940,128
FUN_001ef940,0x001EF940,0x001EF968,40
FUN_001ef968,0x001EF968,0x001EFA4C,228
FUN_001efa50,0x001EFA50,0x001EFC30,480
FUN_001efc30,0x001EFC30,0x001EFE80,592
FUN_001efe80,0x001EFE80,0x001EFE8C,12
FUN_001efe90,0x001EFE90,0x001EFE9C,12
FUN_001efea0,0x001EFEA0,0x001EFF88,232
FUN_001eff90,0x001EFF90,0x001F002C,156
FUN_001f0030,0x001F0030,0x001F0490,1120
FUN_001f0490,0x001F0490,0x001F0608,368
FUN_001f0610,0x001F0610,0x001F0708,248
FUN_001f0708,0x001F0708,0x001F0744,60
FUN_001f0750,0x001F0750,0x001F146C,3316
FUN_001f1470,0x001F1470,0x001F1608,408
FUN_001f1610,0x001F1610,0x001F1814,512
FUN_001f1820,0x001F1820,0x001F1838,24
FUN_001f1840,0x001F1840,0x001F1864,36
FUN_001f1870,0x001F1870,0x001F187C,12
FUN_001f1880,0x001F1880,0x001F19FC,380
FUN_001f1a00,0x001F1A00,0x001F1AD4,212
FUN_001f1ae0,0x001F1AE0,0x001F1B40,96
FUN_001f1b40,0x001F1B40,0x001F1BA8,104
FUN_001f1bb0,0x001F1BB0,0x001F1D64,432
FUN_001f1d70,0x001F1D70,0x001F1E10,160
FUN_001f1e10,0x001F1E10,0x001F1E3C,44
FUN_001f1e40,0x001F1E40,0x001F1ED4,144
FUN_001f1ee0,0x001F1EE0,0x001F1F28,68
FUN_001f1f30,0x001F1F30,0x001F1FA8,120
FUN_001f1fb0,0x001F1FB0,0x001F21A8,504
FUN_001f21b0,0x001F21B0,0x001F27B8,1544
FUN_001f27c0,0x001F27C0,0x001F2E40,1648
FUN_001f2e40,0x001F2E40,0x001F3290,1104
FUN_001f3290,0x001F3290,0x001F3548,696
FUN_001f3550,0x001F3550,0x001F38E4,916
FUN_001f38f0,0x001F38F0,0x001F3AFC,508
FUN_001f3b00,0x001F3B00,0x001F3B0C,12
FUN_001f3b10,0x001F3B10,0x001F3B18,8
FUN_001f3b20,0x001F3B20,0x001F3B28,8
FUN_001f3b30,0x001F3B30,0x001F3B38,8
FUN_001f3ba0,0x001F3BA0,0x001F3BB0,16
FUN_001f3bb0,0x001F3BB0,0x001F3BC8,24
FUN_001f3bd0,0x001F3BD0,0x001F3BD8,8
FUN_001f3be0,0x001F3BE0,0x001F3BE8,8
FUN_001f3bf0,0x001F3BF0,0x001F4440,2128
FUN_001f4440,0x001F4440,0x001F4580,320
FUN_001f4580,0x001F4580,0x001F45E0,96
FUN_001f45e0,0x001F45E0,0x001F4628,72
FUN_001f4630,0x001F4630,0x001F4638,8
FUN_001f4640,0x001F4640,0x001F4860,544
FUN_001f4860,0x001F4860,0x001F4D1C,1212
FUN_001f4d20,0x001F4D20,0x001F4DE4,184
FUN_001f4df0,0x001F4DF0,0x001F5014,536
FUN_001f5020,0x001F5020,0x001F53CC,940
FUN_001f53d0,0x001F53D0,0x001F561C,576
FUN_001f5620,0x001F5620,0x001F562C,12
FUN_001f5630,0x001F5630,0x001F5638,8
FUN_001f5640,0x001F5640,0x001F5C24,1496
FUN_001f5c30,0x001F5C30,0x001F5C98,104
FUN_001f5ca0,0x001F5CA0,0x001F5CA8,8
FUN_001f5cb0,0x001F5CB0,0x001F5CB8,8
FUN_001f5cc0,0x001F5CC0,0x001F5CC8,8
FUN_001f5cd0,0x001F5CD0,0x001F5CD8,8
FUN_001f5ce0,0x001F5CE0,0x001F5CE8,8
FUN_001f5cf0,0x001F5CF0,0x001F5CF8,8
FUN_001f5d00,0x001F5D00,0x001F5D38,56
FUN_001f5d40,0x001F5D40,0x001F5E0C,204
FUN_001f5e10,0x001F5E10,0x001F5E70,96
FUN_001f5e70,0x001F5E70,0x001F6660,2008
FUN_001f6660,0x001F6660,0x001F691C,696
FUN_001f6920,0x001F6920,0x001F69F0,184
FUN_001f69f0,0x001F69F0,0x001F6A6C,124
FUN_001f6a70,0x001F6A70,0x001F6A7C,12
FUN_001f6a80,0x001F6A80,0x001F6A88,8
FUN_001f6a90,0x001F6A90,0x001F6ACC,60
FUN_001f6ad0,0x001F6AD0,0x001F6AE0,16
FUN_001f6ae0,0x001F6AE0,0x001F6AFC,28
FUN_001f6b00,0x001F6B00,0x001F6B60,96
FUN_001f6b60,0x001F6B60,0x001F6CDC,376
FUN_001f6ce0,0x001F6CE0,0x001F6E08,292
FUN_001f6e10,0x001F6E10,0x001F6FC8,432
FUN_001f6fd0,0x001F6FD0,0x001F7030,96
FUN_001f7030,0x001F7030,0x001F71C0,396
FUN_001f71c0,0x001F71C0,0x001F7358,408
FUN_001f7360,0x001F7360,0x001F755C,508
FUN_001f7560,0x001F7560,0x001F77A0,576
FUN_001f77a0,0x001F77A0,0x001F77BC,28
FUN_001f77c0,0x001F77C0,0x001F7A84,708
FUN_001f7a90,0x001F7A90,0x001F7E50,956
FUN_001f7e50,0x001F7E50,0x001F7E6C,28
FUN_001f7e70,0x001F7E70,0x001F7E80,16
FUN_001f7e80,0x001F7E80,0x001F7F78,248
FUN_001f7f80,0x001F7F80,0x001F7FF0,112
FUN_001f7ff0,0x001F7FF0,0x001F9148,4408
FUN_001f9150,0x001F9150,0x001F9158,8
FUN_001f9160,0x001F9160,0x001F93C0,604
FUN_001f93c0,0x001F93C0,0x001F97A4,988
FUN_001f97b0,0x001F97B0,0x001F9F14,1864
FUN_001f9f20,0x001F9F20,0x001FA2F8,976
FUN_001fa300,0x001FA300,0x001FA35C,92
FUN_001fa360,0x001FA360,0x001FB2F8,3992
FUN_001fb300,0x001FB300,0x001FB370,112
FUN_001fb370,0x001FB370,0x001FB3B4,68
FUN_001fb3c0,0x001FB3C0,0x001FB3C8,8
FUN_001fb3d0,0x001FB3D0,0x001FB3E4,20
FUN_001fb3f0,0x001FB3F0,0x001FB420,48
FUN_001fb420,0x001FB420,0x001FB78C,868
FUN_001fb790,0x001FB790,0x001FBA30,672
FUN_001fba30,0x001FBA30,0x001FBA64,52
FUN_001fba70,0x001FBA70,0x001FBAD4,100
FUN_001fbae0,0x001FBAE0,0x001FC520,2624
FUN_001fc520,0x001FC520,0x001FC598,120
FUN_001fc5a0,0x001FC5A0,0x001FC618,120
FUN_001fc620,0x001FC620,0x001FC680,96
FUN_001fc680,0x001FC680,0x001FC700,128
FUN_001fc700,0x001FC700,0x001FC808,264
FUN_001fc810,0x001FC810,0x001FC8B0,160
FUN_001fc8b0,0x001FC8B0,0x001FC910,96
FUN_001fc910,0x001FC910,0x001FC990,128
FUN_001fc990,0x001FC990,0x001FC9F0,96
FUN_001fc9f0,0x001FC9F0,0x001FCB10,288
FUN_001fcb10,0x001FCB10,0x001FCB70,96
FUN_001fcb70,0x001FCB70,0x001FCD00,392
FUN_001fcd00,0x001FCD00,0x001FCD6C,108
FUN_001fcd70,0x001FCD70,0x001FCD80,16
FUN_001fcd80,0x001FCD80,0x001FD294,1300
FUN_001fd2a0,0x001FD2A0,0x001FD310,112
FUN_001fd310,0x001FD310,0x001FD390,128
FUN_001fd390,0x001FD390,0x001FD520,400
FUN_001fd520,0x001FD520,0x001FD590,112
FUN_001fd590,0x001FD590,0x001FD600,112
FUN_001fd600,0x001FD600,0x001FD6C0,192
FUN_001fd6c0,0x001FD6C0,0x001FD730,112
FUN_001fd730,0x001FD730,0x001FD838,264
FUN_001fd840,0x001FD840,0x001FD8C0,128
FUN_001fd8c0,0x001FD8C0,0x001FDA08,328
FUN_001fda10,0x001FDA10,0x001FDBE0,464
FUN_001fdbe0,0x001FDBE0,0x001FDC80,160
FUN_001fdc80,0x001FDC80,0x001FDCE0,96
FUN_001fdce0,0x001FDCE0,0x001FDDA0,192
FUN_001fdda0,0x001FDDA0,0x001FDE10,112
FUN_001fde10,0x001FDE10,0x001FDE30,32
FUN_001fde30,0x001FDE30,0x001FDEA4,116
FUN_001fdeb0,0x001FDEB0,0x001FDED8,40
FUN_001fdee0,0x001FDEE0,0x001FE120,564
FUN_001fe120,0x001FE120,0x001FE18C,108
FUN_001fe190,0x001FE190,0x001FE198,8
FUN_001fe1a0,0x001FE1A0,0x001FE1AC,12
FUN_001fe1b0,0x001FE1B0,0x001FE1D0,32
FUN_001fe1d0,0x001FE1D0,0x001FE1F0,32
FUN_001fe1f0,0x001FE1F0,0x001FE210,32
FUN_001fe210,0x001FE210,0x001FE230,32
FUN_001fe230,0x001FE230,0x001FE238,8
FUN_001fe240,0x001FE240,0x001FE248,8
FUN_001fe250,0x001FE250,0x001FE258,8
FUN_001fe260,0x001FE260,0x001FE268,8
FUN_001fe270,0x001FE270,0x001FE284,20
FUN_001fe290,0x001FE290,0x001FE298,8
FUN_001fe2a0,0x001FE2A0,0x001FE2A8,8
FUN_001fe2b0,0x001FE2B0,0x001FE2D0,32
FUN_001fe2d0,0x001FE2D0,0x001FE2D8,8
FUN_001fe2e0,0x001FE2E0,0x001FE2E8,8
FUN_001fe2f0,0x001FE2F0,0x001FE2F8,8
FUN_001fe300,0x001FE300,0x001FE308,8
FUN_001fe310,0x001FE310,0x001FE318,8
FUN_001fe320,0x001FE320,0x001FE328,8
FUN_001fe330,0x001FE330,0x001FE338,8
FUN_001fe340,0x001FE340,0x001FE760,1052
FUN_001fe760,0x001FE760,0x001FE9DC,636
FUN_001fe9e0,0x001FE9E0,0x001FEA50,112
FUN_001fea50,0x001FEA50,0x001FEA58,8
FUN_001fea60,0x001FEA60,0x001FEA68,8
FUN_001fea70,0x001FEA70,0x001FEAAC,60
FUN_001feab0,0x001FEAB0,0x001FEAB8,8
FUN_001feac0,0x001FEAC0,0x001FEAE0,32
FUN_001feae0,0x001FEAE0,0x001FEBE0,256
FUN_001febe0,0x001FEBE0,0x001FEC48,104
FUN_001fec50,0x001FEC50,0x001FEC58,8
FUN_001fec60,0x001FEC60,0x001FEC6C,12
FUN_001fec70,0x001FEC70,0x001FECB8,72
FUN_001fecc0,0x001FECC0,0x001FEE90,456
FUN_001fee90,0x001FEE90,0x001FEF0C,124
FUN_001fef10,0x001FEF10,0x001FF054,324
FUN_001ff060,0x001FF060,0x001FF0F4,148
FUN_001ff100,0x001FF100,0x001FF254,336
FUN_001ff260,0x001FF260,0x001FF324,196
FUN_001ff330,0x001FF330,0x001FF370,64
FUN_001ff370,0x001FF370,0x001FF454,228
FUN_001ff460,0x001FF460,0x001FF4EC,140
FUN_001ff4f0,0x001FF4F0,0x001FF630,316
FUN_001ff630,0x001FF630,0x001FF8A0,624
FUN_001ff8a0,0x001FF8A0,0x001FFF3C,1684
FUN_001fff40,0x001FFF40,0x00200860,2328
FUN_00200860,0x00200860,0x00200970,272
FUN_00200970,0x00200970,0x00200AC0,336
FUN_00200ac0,0x00200AC0,0x00200C10,336
FUN_00200c10,0x00200C10,0x00200D54,324
FUN_00200d60,0x00200D60,0x00200F28,456
FUN_00200f30,0x00200F30,0x00201048,280
FUN_00201050,0x00201050,0x002011F0,412
FUN_002011f0,0x002011F0,0x00201574,896
FUN_00201580,0x00201580,0x0020158C,12
FUN_00201590,0x00201590,0x00201598,8
FUN_002015a0,0x002015A0,0x00201690,236
FUN_00201690,0x00201690,0x00202208,2924
FUN_00202210,0x00202210,0x00202364,340
FUN_00202370,0x00202370,0x00202520,432
FUN_00202520,0x00202520,0x00204140,7200
FUN_00204140,0x00204140,0x00204190,80
FUN_00204190,0x00204190,0x002041E0,80
FUN_002041e0,0x002041E0,0x00204A34,2100
FUN_00204a40,0x00204A40,0x002051F4,1952
FUN_00205200,0x00205200,0x00205478,632
FUN_00205480,0x00205480,0x00205798,792
FUN_002057a0,0x002057A0,0x002057F8,88
FUN_00205800,0x00205800,0x00205970,368
FUN_00205970,0x00205970,0x00205A68,248
FUN_00205a70,0x00205A70,0x00205C40,448
FUN_00205c40,0x00205C40,0x00205E00,448
FUN_00205e00,0x00205E00,0x00206790,2444
FUN_00206790,0x00206790,0x002067A8,24
FUN_002067b0,0x002067B0,0x002068C8,280
FUN_002068d0,0x002068D0,0x002068D8,8
FUN_002068e0,0x002068E0,0x002069A8,200
FUN_002069b0,0x002069B0,0x00206A5C,172
FUN_00206a60,0x00206A60,0x00206BA0,320
FUN_00206ba0,0x00206BA0,0x00206C70,208
FUN_00206c70,0x00206C70,0x00206DAC,316
FUN_00206db0,0x00206DB0,0x00206E50,160
FUN_00206e50,0x00206E50,0x00206F8C,316
FUN_00206f90,0x00206F90,0x00207028,152
FUN_00207030,0x00207030,0x00207338,776
FUN_00207340,0x00207340,0x002073A0,96
FUN_002073a0,0x002073A0,0x00207410,112
FUN_00207410,0x00207410,0x00207450,64
FUN_00207450,0x00207450,0x00207458,8
FUN_00207460,0x00207460,0x00207474,20
FUN_00207480,0x00207480,0x002074F0,112
FUN_002074f0,0x002074F0,0x00207530,64
FUN_00207530,0x00207530,0x00207538,8
FUN_00207540,0x00207540,0x00207554,20
FUN_00207560,0x00207560,0x00207568,8
FUN_00207570,0x00207570,0x00207870,768
FUN_00207870,0x00207870,0x002079A8,312
FUN_002079b0,0x002079B0,0x00207A00,80
FUN_00207a00,0x00207A00,0x00207E60,1108
FUN_00207e60,0x00207E60,0x00207F58,248
FUN_00207f60,0x00207F60,0x00207F8C,44
FUN_00207f90,0x00207F90,0x00207FD0,64
FUN_00207fd0,0x00207FD0,0x0020803C,108
FUN_00208040,0x00208040,0x00208254,524
FUN_00208260,0x00208260,0x00208268,8
FUN_00208270,0x00208270,0x00208508,656
FUN_00208510,0x00208510,0x00208600,240
FUN_00208600,0x00208600,0x00208A8C,1160
FUN_00208a90,0x00208A90,0x00208AB0,32
FUN_00208ab0,0x00208AB0,0x00208AD0,32
FUN_00208ad0,0x00208AD0,0x00208B80,176
FUN_00208b80,0x00208B80,0x00208B88,8
FUN_00208b90,0x00208B90,0x00208B98,8
FUN_00208ba0,0x00208BA0,0x00208BB4,20
FUN_00208bc0,0x00208BC0,0x00208EE0,800
FUN_00208ee0,0x00208EE0,0x00208F58,120
FUN_00208f60,0x00208F60,0x00208FAC,76
FUN_00208fb0,0x00208FB0,0x00208FB8,8
FUN_00208fc0,0x00208FC0,0x00208FC8,8
FUN_00208fd0,0x00208FD0,0x0020904C,124
FUN_00209050,0x00209050,0x002090FC,172
FUN_00209100,0x00209100,0x002091A8,164
FUN_002091b0,0x002091B0,0x00209228,120
FUN_00209230,0x00209230,0x0020934C,284
FUN_00209350,0x00209350,0x00209784,1072
FUN_00209790,0x00209790,0x00209AD8,840
FUN_00209ae0,0x00209AE0,0x00209ED8,1004
FUN_00209ee0,0x00209EE0,0x0020A114,552
FUN_0020a120,0x0020A120,0x0020A328,520
FUN_0020a330,0x0020A330,0x0020A46C,308
FUN_0020a470,0x0020A470,0x0020A774,772
FUN_0020a780,0x0020A780,0x0020AABC,828
FUN_0020aac0,0x0020AAC0,0x0020AE4C,884
FUN_0020ae50,0x0020AE50,0x0020AFF8,420
FUN_0020b000,0x0020B000,0x0020B018,24
FUN_0020b020,0x0020B020,0x0020B050,48
FUN_0020b050,0x0020B050,0x0020B0D0,128
FUN_0020b0d0,0x0020B0D0,0x0020B1F0,288
FUN_0020b1f0,0x0020B1F0,0x0020B21C,44
FUN_0020b220,0x0020B220,0x0020B2BC,156
FUN_0020b2c0,0x0020B2C0,0x0020B7E0,1312
FUN_0020b7e0,0x0020B7E0,0x0020B7F8,24
FUN_0020b800,0x0020B800,0x0020B9FC,508
FUN_0020ba00,0x0020BA00,0x0020BC18,536
FUN_0020bc20,0x0020BC20,0x0020BDF4,468
FUN_0020be00,0x0020BE00,0x0020C074,628
FUN_0020c080,0x0020C080,0x0020CB44,2756
FUN_0020cb50,0x0020CB50,0x0020CC48,248
FUN_0020cc50,0x0020CC50,0x0020CCC4,116
FUN_0020ccd0,0x0020CCD0,0x0020CD30,96
FUN_0020cd30,0x0020CD30,0x0020CD50,32
FUN_0020cd50,0x0020CD50,0x0020CE04,180
FUN_0020ce10,0x0020CE10,0x0020CE30,32
FUN_0020ce30,0x0020CE30,0x0020CE50,32
FUN_0020ce50,0x0020CE50,0x0020CE70,32
FUN_0020ce70,0x0020CE70,0x0020CEE0,112
FUN_0020cee0,0x0020CEE0,0x0020CF34,84
FUN_0020cf40,0x0020CF40,0x0020CFF0,176
FUN_0020cff0,0x0020CFF0,0x0020D004,20
FUN_0020d010,0x0020D010,0x0020D310,764
FUN_0020d310,0x0020D310,0x0020D390,128
FUN_0020d390,0x0020D390,0x0020D5D8,576
thunk_FUN_00382310,0x0020D5E0,0x0020D5E8,8
FUN_0020d5f0,0x0020D5F0,0x0020DAC0,1216
FUN_0020dac0,0x0020DAC0,0x0020DF70,1188
FUN_0020df70,0x0020DF70,0x0020E368,1016
FUN_0020e370,0x0020E370,0x0020E470,256
FUN_0020e470,0x0020E470,0x0020E74C,720
FUN_0020e750,0x0020E750,0x0020EBC4,1128
FUN_0020ebd0,0x0020EBD0,0x0020EF44,884
FUN_0020ef50,0x0020EF50,0x0020F0FC,428
FUN_0020f100,0x0020F100,0x0020F1B4,176
FUN_0020f1c0,0x0020F1C0,0x0020F1E8,40
FUN_0020f1f0,0x0020F1F0,0x0020F210,32
FUN_0020f210,0x0020F210,0x0020F218,8
FUN_0020f220,0x0020F220,0x0020F464,580
FUN_0020f470,0x0020F470,0x0020F480,16
FUN_0020f480,0x0020F480,0x0020F4B8,56
FUN_0020f4c0,0x0020F4C0,0x0020F4D8,24
FUN_0020f4e0,0x0020F4E0,0x0020F500,32
FUN_0020f500,0x0020F500,0x0020F580,128
FUN_0020f580,0x0020F580,0x0020F590,16
FUN_0020f590,0x0020F590,0x0020F59C,12
FUN_0020f5a0,0x0020F5A0,0x0020F5B4,20
FUN_0020f5c0,0x0020F5C0,0x0020FA04,1076
FUN_0020fa10,0x0020FA10,0x0020FA70,96
FUN_0020fa70,0x0020FA70,0x0020FC98,548
FUN_0020fca0,0x0020FCA0,0x0020FCE8,72
FUN_0020fcf0,0x0020FCF0,0x00210024,820
FUN_00210030,0x00210030,0x00210118,232
FUN_00210120,0x00210120,0x00210128,8
FUN_00210130,0x00210130,0x0021013C,12
FUN_00210140,0x00210140,0x00210204,196
FUN_00210210,0x00210210,0x002102D4,196
FUN_002102e0,0x002102E0,0x002105DC,764
FUN_002105e0,0x002105E0,0x002105E8,8
FUN_002105f0,0x002105F0,0x002105F8,8
FUN_00210600,0x00210600,0x0021060C,12
FUN_00210610,0x00210610,0x00210624,20
FUN_00210630,0x00210630,0x002106A0,108
FUN_002106a0,0x002106A0,0x002107C0,288
FUN_002107c0,0x002107C0,0x00210848,136
FUN_00210850,0x00210850,0x00210864,20
FUN_00210870,0x00210870,0x00210A58,488
FUN_00210a60,0x00210A60,0x00210A68,8
FUN_00210a70,0x00210A70,0x00210AA0,48
FUN_00210aa0,0x00210AA0,0x00210BA4,252
FUN_00210bb0,0x00210BB0,0x00210C30,120
FUN_00210c30,0x00210C30,0x00210D80,332
FUN_00210d80,0x00210D80,0x00210FA0,532
FUN_00210fa0,0x00210FA0,0x00211030,144
FUN_00211030,0x00211030,0x002110C0,144
FUN_002110c0,0x002110C0,0x002110E0,32
FUN_002110e0,0x002110E0,0x002110E8,8
FUN_002110f0,0x002110F0,0x00211158,104
FUN_00211160,0x00211160,0x0021138C,556
FUN_00211390,0x00211390,0x00211398,8
FUN_002113a0,0x002113A0,0x002113A8,8
FUN_002113b0,0x002113B0,0x002113B8,8
FUN_002113c0,0x002113C0,0x002113C8,8
FUN_002113d0,0x002113D0,0x002113F0,32
FUN_002113f0,0x002113F0,0x002114BC,204
FUN_002114c0,0x002114C0,0x00211508,72
FUN_00211510,0x00211510,0x00211870,864
FUN_00211870,0x00211870,0x00211AC0,592
FUN_00211ac0,0x00211AC0,0x00211AC8,8
FUN_00211ac8,0x00211AC8,0x00211B18,80
FUN_00211b18,0x00211B18,0x00211FC8,1200
FUN_00211fc8,0x00211FC8,0x00211FF8,48
FUN_00211ff8,0x00211FF8,0x002120E8,240
FUN_002120e8,0x002120E8,0x00212128,64
FUN_00212130,0x00212130,0x00212138,8
FUN_00212140,0x00212140,0x00212154,20
FUN_00212160,0x00212160,0x002121A0,64
FUN_002121a0,0x002121A0,0x00212258,184
FUN_00212260,0x00212260,0x002122A0,64
FUN_002122a0,0x002122A0,0x00212364,196
FUN_00212370,0x00212370,0x00212378,8
FUN_00212380,0x00212380,0x00212490,272
FUN_00212490,0x00212490,0x00212520,144
FUN_00212520,0x00212520,0x00212580,96
FUN_00212580,0x00212580,0x002125C0,64
thunk_FUN_00213590,0x002125C0,0x002125C8,8
FUN_002125d0,0x002125D0,0x002125E4,20
FUN_002125f0,0x002125F0,0x002126A4,180
FUN_002126b0,0x002126B0,0x002126F0,64
FUN_002126f0,0x002126F0,0x00212E4C,1884
FUN_00212e50,0x00212E50,0x002133D4,1400
FUN_002133e0,0x002133E0,0x00213590,432
FUN_00213590,0x00213590,0x00213598,8
FUN_002135a0,0x002135A0,0x00213608,104
FUN_00213610,0x00213610,0x00213680,112
FUN_00213680,0x00213680,0x0021383C,436
FUN_00213840,0x00213840,0x00213A60,544
FUN_00213a60,0x00213A60,0x00213E20,960
FUN_00213e20,0x00213E20,0x00215174,4932
FUN_00215180,0x00215180,0x00215194,20
FUN_002151a0,0x002151A0,0x002151F0,80
FUN_002151f0,0x002151F0,0x00215244,84
FUN_00215250,0x00215250,0x00215C08,2476
FUN_00215c10,0x00215C10,0x00216760,2880
FUN_00216760,0x00216760,0x00216768,8
FUN_00216770,0x00216770,0x00216DD4,1620
FUN_00216de0,0x00216DE0,0x0021754C,1884
FUN_00217550,0x00217550,0x002178B4,868
FUN_002178c0,0x002178C0,0x00218D48,5240
FUN_00218d50,0x00218D50,0x00218DA0,80
FUN_00218da0,0x00218DA0,0x00218DD4,52
FUN_00218de0,0x00218DE0,0x00219090,688
FUN_00219090,0x00219090,0x00219330,672
FUN_00219330,0x00219330,0x00219384,84
FUN_00219390,0x00219390,0x002193B8,40
thunk_FUN_00382750,0x002193C0,0x002193C8,8
FUN_002193d0,0x002193D0,0x002196EC,788
FUN_002196f0,0x002196F0,0x00219940,584
FUN_00219940,0x00219940,0x00219A74,308
FUN_00219a80,0x00219A80,0x00219C80,508
FUN_00219c80,0x00219C80,0x00219FA4,800
FUN_00219fb0,0x00219FB0,0x0021A1F0,568
FUN_0021a1f0,0x0021A1F0,0x0021A504,780
FUN_0021a510,0x0021A510,0x0021A5BC,172
FUN_0021a5c0,0x0021A5C0,0x0021A6F4,308
FUN_0021a700,0x0021A700,0x0021A8C8,456
FUN_0021a8d0,0x0021A8D0,0x0021AA98,456
FUN_0021aaa0,0x0021AAA0,0x0021ABF0,336
FUN_0021abf0,0x0021ABF0,0x0021AE48,600
FUN_0021ae50,0x0021AE50,0x0021B0A0,588
FUN_0021b0a0,0x0021B0A0,0x0021B140,160
FUN_0021b140,0x0021B140,0x0021B3D8,660
FUN_0021b3e0,0x0021B3E0,0x0021B4F4,276
FUN_0021b500,0x0021B500,0x0021B814,784
FUN_0021b820,0x0021B820,0x0021BB44,796
FUN_0021bb50,0x0021BB50,0x0021BD94,568
FUN_0021bda0,0x0021BDA0,0x0021C4D4,1820
FUN_0021c4e0,0x0021C4E0,0x0021C6F0,528
FUN_0021c6f0,0x0021C6F0,0x0021CB94,1164
FUN_0021cba0,0x0021CBA0,0x0021CD34,404
FUN_0021cd40,0x0021CD40,0x0021D75C,2588
FUN_0021d760,0x0021D760,0x0021D9D0,624
FUN_0021d9d0,0x0021D9D0,0x0021DE48,1128
FUN_0021de50,0x0021DE50,0x0021DED0,128
FUN_0021ded0,0x0021DED0,0x0021F118,4680
FUN_0021f120,0x0021F120,0x0021F208,232
FUN_0021f210,0x0021F210,0x0021F848,1580
FUN_0021f850,0x0021F850,0x002200C0,2100
FUN_002200c0,0x002200C0,0x00220344,644
FUN_00220350,0x00220350,0x00220868,1292
FUN_00220870,0x00220870,0x002209B4,320
FUN_002209c0,0x002209C0,0x00220B4C,388
FUN_00220b50,0x00220B50,0x00220C10,192
FUN_00220c10,0x00220C10,0x00220C30,32
FUN_00220c30,0x00220C30,0x00220CA0,112
FUN_00220ca0,0x00220CA0,0x00220CF4,76
FUN_00220d00,0x00220D00,0x00220F88,644
FUN_00220f90,0x00220F90,0x00220F98,8
FUN_00220fa0,0x00220FA0,0x00220FA8,8
FUN_00220fb0,0x00220FB0,0x00221064,180
FUN_00221070,0x00221070,0x002216C8,1620
FUN_002216d0,0x002216D0,0x0022196C,668
FUN_00221970,0x00221970,0x00221B10,416
FUN_00221b10,0x00221B10,0x00221BE4,212
FUN_00221bf0,0x00221BF0,0x00221C3C,76
FUN_00221c40,0x00221C40,0x00221D30,236
FUN_00221d30,0x00221D30,0x00221D38,8
FUN_00221d40,0x00221D40,0x00221D8C,76
FUN_00221d90,0x00221D90,0x00221EF0,344
FUN_00221ef0,0x00221EF0,0x00221F44,84
FUN_00221f50,0x00221F50,0x00222004,180
FUN_00222010,0x00222010,0x00222130,288
FUN_00222130,0x00222130,0x00222190,96
FUN_00222190,0x00222190,0x002222A8,280
FUN_002222b0,0x002222B0,0x002222DC,44
FUN_002222e0,0x002222E0,0x002227B0,1220
FUN_002227b0,0x002227B0,0x00222C78,1196
FUN_00222c80,0x00222C80,0x00222EA4,520
FUN_00222eb0,0x00222EB0,0x00222F08,88
FUN_00222f10,0x00222F10,0x00222F24,20
FUN_00222f30,0x00222F30,0x00222FD0,160
FUN_00222fd0,0x00222FD0,0x00222FD8,8
FUN_00222fe0,0x00222FE0,0x002230B0,208
FUN_002230b0,0x002230B0,0x002231DC,300
FUN_002231e0,0x002231E0,0x0022321C,60
FUN_00223220,0x00223220,0x0022328C,108
FUN_00223290,0x00223290,0x00223298,8
FUN_002232a0,0x002232A0,0x00223614,884
FUN_00223620,0x00223620,0x00223680,96
FUN_00223680,0x00223680,0x0022396C,744
FUN_00223970,0x00223970,0x0022410C,1948
FUN_00224110,0x00224110,0x002241B4,164
FUN_002241c0,0x002241C0,0x00224208,72
FUN_00224210,0x00224210,0x00224670,1116
FUN_00224670,0x00224670,0x00224BE8,1400
FUN_00224bf0,0x00224BF0,0x00224C78,136
FUN_00224c80,0x00224C80,0x00224D08,136
FUN_00224d10,0x00224D10,0x00225068,856
FUN_00225070,0x00225070,0x002253BC,840
FUN_002253c0,0x002253C0,0x002256F0,816
FUN_002256f0,0x002256F0,0x002259F4,768
FUN_00225a00,0x00225A00,0x00225BC0,448
FUN_00225bc0,0x00225BC0,0x00225E40,632
FUN_00225e40,0x00225E40,0x00225E70,48
FUN_00225e70,0x00225E70,0x00225F18,164
FUN_00225f20,0x00225F20,0x00225F28,8
FUN_00225f30,0x00225F30,0x00225FD8,164
FUN_00225fe0,0x00225FE0,0x00225FE8,8
FUN_00225ff0,0x00225FF0,0x00225FF8,8
FUN_00226000,0x00226000,0x00226008,8
FUN_00226010,0x00226010,0x00226018,8
FUN_00226020,0x00226020,0x00226044,36
FUN_00226050,0x00226050,0x00226058,8
FUN_00226060,0x00226060,0x002265F8,1412
FUN_00226600,0x00226600,0x002267B4,432
FUN_002267c0,0x002267C0,0x00226960,408
FUN_00226960,0x00226960,0x0022699C,56
FUN_002269a0,0x002269A0,0x00227124,1904
FUN_00227130,0x00227130,0x002271D0,160
FUN_002271d0,0x002271D0,0x00227234,100
FUN_00227240,0x00227240,0x00227338,248
FUN_00227340,0x00227340,0x00227560,536
FUN_00227560,0x00227560,0x00227648,232
FUN_00227650,0x00227650,0x00227730,224
FUN_00227730,0x00227730,0x00227880,336
FUN_00227880,0x00227880,0x00227960,224
FUN_00227960,0x00227960,0x00227AD0,368
FUN_00227ad0,0x00227AD0,0x002284B4,2524
FUN_002284c0,0x002284C0,0x00228654,404
FUN_00228660,0x00228660,0x002286E0,128
FUN_002286e0,0x002286E0,0x00228780,160
FUN_00228780,0x00228780,0x002287C0,64
FUN_002287c0,0x002287C0,0x002287C8,8
FUN_002287d0,0x002287D0,0x002287E4,20
FUN_002287f0,0x002287F0,0x00228890,160
FUN_00228890,0x00228890,0x0022890C,124
FUN_00228910,0x00228910,0x00228A94,376
FUN_00228aa0,0x00228AA0,0x00228AF0,80
FUN_00228af0,0x00228AF0,0x00228B44,84
FUN_00228b50,0x00228B50,0x00228B78,40
FUN_00228b80,0x00228B80,0x00228BC0,64
FUN_00228bc0,0x00228BC0,0x00228E00,556
FUN_00228e00,0x00228E00,0x00228ED0,208
FUN_00228ed0,0x00228ED0,0x00228EDC,12
FUN_00228ee0,0x00228EE0,0x0022942C,1356
FUN_00229430,0x00229430,0x00229470,64
FUN_00229470,0x00229470,0x0022951C,172
FUN_00229520,0x00229520,0x00229810,752
FUN_00229810,0x00229810,0x002299F0,476
FUN_002299f0,0x002299F0,0x00229A6C,124
FUN_00229a70,0x00229A70,0x00229B74,252
FUN_00229b80,0x00229B80,0x00229C20,160
FUN_00229c20,0x00229C20,0x00229C98,120
FUN_00229ca0,0x00229CA0,0x00229D00,96
FUN_00229d00,0x00229D00,0x0022A290,1424
FUN_0022a290,0x0022A290,0x0022A8A4,1556
FUN_0022a8b0,0x0022A8B0,0x0022AB78,712
FUN_0022ab80,0x0022AB80,0x0022AC24,164
FUN_0022ac30,0x0022AC30,0x0022AE84,596
FUN_0022ae90,0x0022AE90,0x0022B354,1220
FUN_0022b360,0x0022B360,0x0022B4A0,320
FUN_0022b4a0,0x0022B4A0,0x0022BAC8,1568
FUN_0022bad0,0x0022BAD0,0x0022BB30,96
FUN_0022bb30,0x0022BB30,0x0022BC3C,268
FUN_0022bc40,0x0022BC40,0x0022BD50,272
FUN_0022bd50,0x0022BD50,0x0022BE18,200
FUN_0022be20,0x0022BE20,0x0022CBE4,3480
FUN_0022cbf0,0x0022CBF0,0x0022CC10,32
FUN_0022cc10,0x0022CC10,0x0022D168,1360
FUN_0022d170,0x0022D170,0x0022D178,8
FUN_0022d180,0x0022D180,0x0022D188,8
FUN_0022d190,0x0022D190,0x0022D270,224
FUN_0022d270,0x0022D270,0x0022D3F0,380
FUN_0022d3f0,0x0022D3F0,0x0022D588,396
FUN_0022d590,0x0022D590,0x0022D5FC,108
FUN_0022d600,0x0022D600,0x0022D660,96
FUN_0022d660,0x0022D660,0x0022DC40,1488
FUN_0022dc40,0x0022DC40,0x0022DC64,36
FUN_0022dc70,0x0022DC70,0x0022DC94,36
FUN_0022dca0,0x0022DCA0,0x0022DCB8,24
FUN_0022dcc0,0x0022DCC0,0x0022DD04,64
FUN_0022dd10,0x0022DD10,0x0022DD1C,12
FUN_0022dd20,0x0022DD20,0x0022DD60,64
FUN_0022dd60,0x0022DD60,0x0022DD84,36
FUN_0022dd90,0x0022DD90,0x0022DDB8,40
FUN_0022ddc0,0x0022DDC0,0x0022DDE4,36
FUN_0022ddf0,0x0022DDF0,0x0022DE5C,108
FUN_0022de60,0x0022DE60,0x0022DFF4,404
FUN_0022e000,0x0022E000,0x0022E460,1108
FUN_0022e460,0x0022E460,0x0022E4C8,104
FUN_0022e4d0,0x0022E4D0,0x0022E554,128
FUN_0022e560,0x0022E560,0x0022E5F0,144
FUN_0022e5f0,0x0022E5F0,0x0022E68C,156
FUN_0022e690,0x0022E690,0x0022E6E4,84
FUN_0022e6f0,0x0022E6F0,0x0022E760,112
FUN_0022e760,0x0022E760,0x0022E7D0,112
FUN_0022e7d0,0x0022E7D0,0x0022E840,112
FUN_0022e840,0x0022E840,0x0022E8B0,112
FUN_0022e8b0,0x0022E8B0,0x0022E920,112
FUN_0022e920,0x0022E920,0x0022E9A0,128
FUN_0022e9a0,0x0022E9A0,0x0022E9C0,32
FUN_0022e9c0,0x0022E9C0,0x0022EA30,112
FUN_0022ea30,0x0022EA30,0x0022EA50,32
FUN_0022ea50,0x0022EA50,0x0022EA58,8
FUN_0022ea60,0x0022EA60,0x0022EA68,8
FUN_0022ea70,0x0022EA70,0x0022EB50,220
FUN_0022eb50,0x0022EB50,0x0022EBC4,116
FUN_0022ebd0,0x0022EBD0,0x0022EBD8,8
FUN_0022ebe0,0x0022EBE0,0x0022EBE8,8
FUN_0022ebf0,0x0022EBF0,0x0022EC88,148
FUN_0022ec90,0x0022EC90,0x0022ED04,116
FUN_0022ed10,0x0022ED10,0x0022EDA4,144
FUN_0022edb0,0x0022EDB0,0x0022EDE8,56
FUN_0022edf0,0x0022EDF0,0x0022EE20,48
FUN_0022ee20,0x0022EE20,0x0022EE60,64
FUN_0022ee60,0x0022EE60,0x0022EEA8,72
FUN_0022eeb0,0x0022EEB0,0x0022EF10,96
FUN_0022ef10,0x0022EF10,0x0022EFFC,236
FUN_0022f000,0x0022F000,0x0022F0EC,236
FUN_0022f0f0,0x0022F0F0,0x0022F204,276
FUN_0022f210,0x0022F210,0x0022F328,276
FUN_0022f330,0x0022F330,0x0022F398,104
FUN_0022f3a0,0x0022F3A0,0x0022F3AC,12
FUN_0022f3b0,0x0022F3B0,0x0022F3BC,12
FUN_0022f3c0,0x0022F3C0,0x0022F440,128
FUN_0022f440,0x0022F440,0x0022F4B4,116
FUN_0022f4c0,0x0022F4C0,0x0022F524,100
FUN_0022f530,0x0022F530,0x0022F5AC,124
FUN_0022f5b0,0x0022F5B0,0x0022F6E0,300
FUN_0022f6e0,0x0022F6E0,0x0022F80C,296
FUN_0022f810,0x0022F810,0x0022F87C,108
FUN_0022f880,0x0022F880,0x0022F8E8,100
FUN_0022f8f0,0x0022F8F0,0x0022F948,88
FUN_0022f950,0x0022F950,0x0022F9BC,108
FUN_0022f9c0,0x0022F9C0,0x0022FA88,196
FUN_0022fa90,0x0022FA90,0x0022FBF8,356
FUN_0022fc00,0x0022FC00,0x0022FD04,256
FUN_0022fd10,0x0022FD10,0x0022FD60,80
FUN_0022fd60,0x0022FD60,0x0022FD70,16
FUN_0022fd70,0x0022FD70,0x0022FE84,276
FUN_0022fe90,0x0022FE90,0x0022FF2C,156
FUN_0022ff30,0x0022FF30,0x00230050,288
FUN_00230050,0x00230050,0x002301C4,368
FUN_002301d0,0x002301D0,0x002301E0,16
FUN_002301e0,0x002301E0,0x002302C4,228
FUN_002302d0,0x002302D0,0x002303D4,260
FUN_002303e0,0x002303E0,0x00230540,352
FUN_00230540,0x00230540,0x0023054C,12
FUN_00230550,0x00230550,0x0023055C,12
FUN_00230560,0x00230560,0x00230618,184
FUN_00230620,0x00230620,0x002306D8,184
FUN_002306e0,0x002306E0,0x0023086C,396
FUN_00230870,0x00230870,0x0023105C,2020
FUN_00231060,0x00231060,0x00231148,228
FUN_00231150,0x00231150,0x00231310,444
FUN_00231310,0x00231310,0x0023153C,556
FUN_00231540,0x00231540,0x00231690,332
FUN_00231690,0x00231690,0x00231A10,872
FUN_00231a10,0x00231A10,0x00231A30,32
FUN_00231a30,0x00231A30,0x00231B9C,360
FUN_00231ba0,0x00231BA0,0x00231DC8,552
FUN_00231dd0,0x00231DD0,0x00231DD8,8
FUN_00231de0,0x00231DE0,0x00231DE8,8
FUN_00231df0,0x00231DF0,0x00231E00,16
FUN_00231e00,0x00231E00,0x00231E08,8
FUN_00231e10,0x00231E10,0x00231E20,16
FUN_00231e20,0x00231E20,0x00231E28,8
FUN_00231e30,0x00231E30,0x00231E40,16
FUN_00231e40,0x00231E40,0x00231F78,312
FUN_00231f80,0x00231F80,0x00231FCC,76
FUN_00231fd0,0x00231FD0,0x00232030,96
FUN_00232030,0x00232030,0x002320D8,168
FUN_002320e0,0x002320E0,0x002320F8,24
FUN_00232100,0x00232100,0x00232164,100
FUN_00232170,0x00232170,0x00232230,192
FUN_00232230,0x00232230,0x00232238,8
FUN_00232240,0x00232240,0x00232260,32
FUN_00232260,0x00232260,0x0023245C,508
FUN_00232460,0x00232460,0x00232470,16
FUN_00232470,0x00232470,0x00232480,16
FUN_00232480,0x00232480,0x00232490,16
FUN_00232490,0x00232490,0x00232660,464
FUN_00232660,0x00232660,0x0023288C,556
FUN_00232890,0x00232890,0x0023294C,184
FUN_00232950,0x00232950,0x00232964,20
FUN_00232970,0x00232970,0x002329C8,88
FUN_002329d0,0x002329D0,0x002329E8,24
FUN_002329f0,0x002329F0,0x00232BBC,460
FUN_00232bc0,0x00232BC0,0x002344D8,6416
FUN_002344e0,0x002344E0,0x00234F34,2644
FUN_00234f40,0x00234F40,0x0023519C,596
FUN_002351a0,0x002351A0,0x002352F4,340
FUN_00235300,0x00235300,0x00235440,320
FUN_00235440,0x00235440,0x0023555C,284
FUN_00235560,0x00235560,0x002356D0,364
FUN_002356d0,0x002356D0,0x00235758,136
FUN_00235760,0x00235760,0x00235870,272
FUN_00235870,0x00235870,0x00235998,296
FUN_002359a0,0x002359A0,0x00235D34,904
FUN_00235d40,0x00235D40,0x002360C4,880
FUN_002360d0,0x002360D0,0x00236250,380
FUN_00236250,0x00236250,0x00236258,8
FUN_00236260,0x00236260,0x00236428,456
FUN_00236430,0x00236430,0x00236A48,1544
FUN_00236a50,0x00236A50,0x00236AA0,80
FUN_00236aa0,0x00236AA0,0x00236B20,124
FUN_00236b20,0x00236B20,0x00236CA0,384
FUN_00236ca0,0x00236CA0,0x00236D18,116
FUN_00236d20,0x00236D20,0x00237000,732
FUN_00237000,0x00237000,0x002370CC,204
FUN_002370d0,0x002370D0,0x0023719C,204
FUN_002371a0,0x002371A0,0x00237310,368
FUN_00237310,0x00237310,0x00237348,56
FUN_00237350,0x00237350,0x0023738C,60
FUN_00237390,0x00237390,0x00237578,488
FUN_00237580,0x00237580,0x00237760,480
FUN_00237760,0x00237760,0x00237B38,976
FUN_00237b40,0x00237B40,0x00237D00,444
FUN_00237d00,0x00237D00,0x00237DD8,216
FUN_00237de0,0x00237DE0,0x00237E4C,108
FUN_00237e50,0x00237E50,0x00237F5C,268
FUN_00237f60,0x00237F60,0x00237FB4,84
FUN_00237fc0,0x00237FC0,0x002382BC,760
FUN_002382c0,0x002382C0,0x002383B0,240
FUN_002383b0,0x002383B0,0x0023841C,108
FUN_00238420,0x00238420,0x00238484,100
FUN_00238490,0x00238490,0x002384F4,100
FUN_00238500,0x00238500,0x00238660,348
FUN_00238660,0x00238660,0x00238704,164
FUN_00238710,0x00238710,0x0023889C,396
FUN_002388a0,0x002388A0,0x00238AC0,544
FUN_00238ac0,0x00238AC0,0x00238CF4,552
FUN_00238d00,0x00238D00,0x00238F48,584
FUN_00238f50,0x00238F50,0x0023924C,764
FUN_00239250,0x00239250,0x002393EC,408
FUN_002393f0,0x002393F0,0x0023956C,360
FUN_00239570,0x00239570,0x002396E8,376
FUN_002396f0,0x002396F0,0x00239768,120
FUN_00239770,0x00239770,0x002397F0,124
FUN_002397f0,0x002397F0,0x00239978,392
FUN_00239980,0x00239980,0x00239A70,236
FUN_00239a70,0x00239A70,0x00239B20,176
FUN_00239b20,0x00239B20,0x00239B88,104
FUN_00239b90,0x00239B90,0x00239CA0,272
FUN_00239ca0,0x00239CA0,0x00239D3C,156
FUN_00239d40,0x00239D40,0x0023A024,712
FUN_0023a030,0x0023A030,0x0023A170,312
FUN_0023a170,0x0023A170,0x0023A240,208
FUN_0023a240,0x0023A240,0x0023A2B8,120
FUN_0023a2c0,0x0023A2C0,0x0023A2D8,24
FUN_0023a2e0,0x0023A2E0,0x0023A2E8,8
FUN_0023a2f0,0x0023A2F0,0x0023A364,112
FUN_0023a370,0x0023A370,0x0023A378,8
FUN_0023a380,0x0023A380,0x0023A634,692
FUN_0023a640,0x0023A640,0x0023A724,216
FUN_0023a730,0x0023A730,0x0023A85C,296
FUN_0023a860,0x0023A860,0x0023AC2C,968
FUN_0023ac30,0x0023AC30,0x0023ACD8,140
FUN_0023ace0,0x0023ACE0,0x0023AD88,140
FUN_0023ad90,0x0023AD90,0x0023B108,880
FUN_0023b110,0x0023B110,0x0023B18C,124
FUN_0023b190,0x0023B190,0x0023B200,112
FUN_0023b200,0x0023B200,0x0023B300,252
FUN_0023b300,0x0023B300,0x0023B53C,572
FUN_0023b540,0x0023B540,0x0023B850,784
FUN_0023b850,0x0023B850,0x0023B894,68
FUN_0023b8a0,0x0023B8A0,0x0023B990,240
FUN_0023b990,0x0023B990,0x0023B9A4,20
FUN_0023b9b0,0x0023B9B0,0x0023BC50,672
FUN_0023bc50,0x0023BC50,0x0023BF04,692
FUN_0023bf10,0x0023BF10,0x0023BF20,16
FUN_0023bf20,0x0023BF20,0x0023BF54,52
FUN_0023bf60,0x0023BF60,0x0023C06C,268
FUN_0023c070,0x0023C070,0x0023C0C4,84
FUN_0023c0d0,0x0023C0D0,0x0023C21C,332
FUN_0023c220,0x0023C220,0x0023C29C,124
FUN_0023c2a0,0x0023C2A0,0x0023C2B0,16
FUN_0023c2b0,0x0023C2B0,0x0023C354,164
FUN_0023c360,0x0023C360,0x0023C368,8
FUN_0023c370,0x0023C370,0x0023C378,8
FUN_0023c380,0x0023C380,0x0023C388,8
FUN_0023c390,0x0023C390,0x0023C6E4,836
FUN_0023c6f0,0x0023C6F0,0x0023C834,324
FUN_0023c840,0x0023C840,0x0023CB84,824
FUN_0023cb90,0x0023CB90,0x0023CCA8,276
FUN_0023ccb0,0x0023CCB0,0x0023CD20,112
FUN_0023cd20,0x0023CD20,0x0023D05C,828
FUN_0023d060,0x0023D060,0x0023D1A4,320
FUN_0023d1b0,0x0023D1B0,0x0023D2A8,228
FUN_0023d2b0,0x0023D2B0,0x0023D454,420
FUN_0023d460,0x0023D460,0x0023D534,212
FUN_0023d540,0x0023D540,0x0023D608,196
FUN_0023d610,0x0023D610,0x0023D808,500
FUN_0023d810,0x0023D810,0x0023D860,80
FUN_0023d860,0x0023D860,0x0023D980,288
FUN_0023d980,0x0023D980,0x0023E094,1808
FUN_0023e0a0,0x0023E0A0,0x0023E0F0,80
FUN_0023e0f0,0x0023E0F0,0x0023E150,96
FUN_0023e150,0x0023E150,0x0023E490,828
FUN_0023e490,0x0023E490,0x0023E6F8,616
FUN_0023e700,0x0023E700,0x0023E81C,276
FUN_0023e820,0x0023E820,0x0023E918,248
FUN_0023e920,0x0023E920,0x0023EA28,264
FUN_0023ea30,0x0023EA30,0x0023EBF4,444
FUN_0023ec00,0x0023EC00,0x0023ECE0,220
FUN_0023ece0,0x0023ECE0,0x0023EDB4,204
FUN_0023edc0,0x0023EDC0,0x00240010,4628
FUN_00240010,0x00240010,0x002406A0,1668
FUN_002406a0,0x002406A0,0x00240708,104
FUN_00240710,0x00240710,0x00240718,8
FUN_00240720,0x00240720,0x00240908,484
FUN_00240910,0x00240910,0x00240A60,336
FUN_00240b7c,0x00240B7C,0x00240B90,20
FUN_00240b90,0x00240B90,0x00240D4C,440
FUN_00240d50,0x00240D50,0x00240E54,260
FUN_00240e60,0x00240E60,0x00241A8C,3104
FUN_00241a90,0x00241A90,0x00241BE0,336
FUN_00241be0,0x00241BE0,0x00241C28,72
FUN_00241c30,0x00241C30,0x00241C94,100
FUN_00241ca0,0x00241CA0,0x00241CAC,12
FUN_00241cb0,0x00241CB0,0x00241CBC,12
FUN_00241cc0,0x00241CC0,0x00242048,896
FUN_00242050,0x00242050,0x002422FC,680
FUN_00242300,0x00242300,0x002423C8,200
FUN_002423d0,0x002423D0,0x002425D4,516
FUN_002425e0,0x002425E0,0x00242A2C,1088
thunk_FUN_00382730,0x00242A30,0x00242A38,8
FUN_00242a40,0x00242A40,0x00242AA8,104
FUN_00242ab0,0x00242AB0,0x00242B1C,108
FUN_00242b20,0x00242B20,0x00242BA4,132
FUN_00242bb0,0x00242BB0,0x00242F78,964
FUN_00242f80,0x00242F80,0x00243060,224
FUN_00243060,0x00243060,0x002430EC,140
FUN_002430f0,0x002430F0,0x00243294,412
FUN_00243298,0x00243298,0x00243394,248
FUN_00243398,0x00243398,0x002434B0,276
FUN_002434b0,0x002434B0,0x0024359C,228
FUN_002435a0,0x002435A0,0x00243640,160
FUN_00243640,0x00243640,0x00243708,200
FUN_00243708,0x00243708,0x00243760,88
FUN_00243760,0x00243760,0x0024383C,220
FUN_00243840,0x00243840,0x00243BE4,908
FUN_00243be8,0x00243BE8,0x00243C64,124
FUN_00243c68,0x00243C68,0x00243E40,460
FUN_00243e40,0x00243E40,0x00243FAC,356
FUN_00243fb0,0x00243FB0,0x00244084,212
FUN_00244088,0x00244088,0x00244200,372
FUN_00244200,0x00244200,0x00244378,372
FUN_00244378,0x00244378,0x002444F0,372
FUN_002444f0,0x002444F0,0x00244618,292
FUN_00244618,0x00244618,0x00244738,284
FUN_00244738,0x00244738,0x00244820,228
FUN_00244820,0x00244820,0x00244908,228
FUN_00244908,0x00244908,0x002449DC,212
FUN_002449e0,0x002449E0,0x00244AB4,212
FUN_00244ab8,0x00244AB8,0x00244B8C,212
FUN_00244b90,0x00244B90,0x00244C64,212
FUN_00244c68,0x00244C68,0x00244D3C,212
FUN_00244d40,0x00244D40,0x00244E3C,248
FUN_00244e40,0x00244E40,0x00244F3C,248
FUN_00244f40,0x00244F40,0x00245030,240
FUN_00245030,0x00245030,0x00245080,80
FUN_00245080,0x00245080,0x00245100,128
FUN_00245100,0x00245100,0x0024523C,316
FUN_00245240,0x00245240,0x00245298,88
FUN_00245298,0x00245298,0x002453FC,352
FUN_00245400,0x00245400,0x00245564,352
FUN_00245568,0x00245568,0x002455C0,88
FUN_002455c0,0x002455C0,0x0024568C,204
FUN_00245690,0x00245690,0x00245748,180
FUN_00245748,0x00245748,0x00245788,64
FUN_00245788,0x00245788,0x002457F0,104
FUN_002457f0,0x002457F0,0x00245A18,548
FUN_00245a18,0x00245A18,0x00245AD8,188
FUN_00245ad8,0x00245AD8,0x00245B54,124
FUN_00245b58,0x00245B58,0x00245BB0,84
FUN_00245bb0,0x00245BB0,0x00245C08,84
FUN_00245c08,0x00245C08,0x00245C94,140
FUN_00245c98,0x00245C98,0x00245CD0,56
FUN_00245cd0,0x00245CD0,0x00245D78,168
FUN_00245d78,0x00245D78,0x00245E60,228
FUN_00245e60,0x00245E60,0x00245F04,160
FUN_00245f08,0x00245F08,0x00245FEC,228
FUN_00245ff0,0x00245FF0,0x00246064,116
FUN_00246068,0x00246068,0x002460B0,72
FUN_002460b0,0x002460B0,0x002460F8,72
FUN_002460f8,0x002460F8,0x002461C0,196
FUN_002461c0,0x002461C0,0x002462D0,272
FUN_002462d0,0x002462D0,0x00246378,168
FUN_00246378,0x00246378,0x0024645C,228
FUN_00246460,0x00246460,0x002464A8,72
FUN_002464a8,0x002464A8,0x00246558,172
FUN_00246558,0x00246558,0x002465E8,144
FUN_002465e8,0x002465E8,0x00246698,172
FUN_00246698,0x00246698,0x00246738,160
FUN_00246738,0x00246738,0x002467C8,144
FUN_002467c8,0x002467C8,0x0024680C,68
FUN_00246810,0x00246810,0x002468A4,144
FUN_002468a8,0x002468A8,0x002468E8,64
FUN_002468e8,0x002468E8,0x0024692C,68
FUN_00246930,0x00246930,0x00246974,68
FUN_00246978,0x00246978,0x002469BC,68
FUN_002469c0,0x002469C0,0x00246A34,116
FUN_00246a38,0x00246A38,0x00246B0C,212
FUN_00246b10,0x00246B10,0x00246B8C,120
FUN_00246b90,0x00246B90,0x00246BD0,64
FUN_00246bd0,0x00246BD0,0x00246C10,64
FUN_00246c10,0x00246C10,0x00246C54,68
FUN_00246c58,0x00246C58,0x00246CE0,136
FUN_00246ce0,0x00246CE0,0x00246CF8,24
FUN_00246cf8,0x00246CF8,0x00246D10,24
FUN_00246d10,0x00246D10,0x00246DEC,220
FUN_00246df0,0x00246DF0,0x00246E10,32
FUN_00246e10,0x00246E10,0x00246EA4,148
FUN_00246ea8,0x00246EA8,0x00246F10,104
FUN_00246f10,0x00246F10,0x00246F8C,124
FUN_00246f90,0x00246F90,0x00247008,120
FUN_00247008,0x00247008,0x0024703C,52
FUN_00247040,0x00247040,0x00247050,16
FUN_00247050,0x00247050,0x002471A4,340
FUN_002471a8,0x002471A8,0x002472C4,272
FUN_002472c8,0x002472C8,0x00247460,408
FUN_00247460,0x00247460,0x002474F8,152
FUN_002474f8,0x002474F8,0x0024763C,320
FUN_00247640,0x00247640,0x002476CC,136
FUN_002476d0,0x002476D0,0x00247734,96
FUN_00247738,0x00247738,0x00247884,328
FUN_00247888,0x00247888,0x0024791C,144
FUN_00247920,0x00247920,0x00247984,96
FUN_00247988,0x00247988,0x002479B4,44
FUN_002479b8,0x002479B8,0x00247AA0,232
FUN_00247aa0,0x00247AA0,0x00247B38,152
FUN_00247b38,0x00247B38,0x00247B88,76
FUN_00247b88,0x00247B88,0x00247BD8,80
FUN_00247bd8,0x00247BD8,0x00247C94,184
FUN_00247c98,0x00247C98,0x00247D2C,148
FUN_00247d30,0x00247D30,0x00247F58,548
FUN_00247f58,0x00247F58,0x00247FE4,140
FUN_00247fe8,0x00247FE8,0x002481F8,524
FUN_002481f8,0x002481F8,0x00248278,128
FUN_00248278,0x00248278,0x002482F4,124
FUN_002482f8,0x002482F8,0x0024834C,80
FUN_00248350,0x00248350,0x002483F8,164
FUN_002483f8,0x002483F8,0x002484A0,164
FUN_002484a0,0x002484A0,0x002485CC,300
FUN_002485d0,0x002485D0,0x002487D4,516
FUN_002487d8,0x002487D8,0x002487F8,32
FUN_002487f8,0x002487F8,0x0024881C,36
FUN_00248820,0x00248820,0x002488A4,132
FUN_002488a8,0x002488A8,0x0024895C,180
FUN_00248960,0x00248960,0x00248AD4,372
FUN_00248ad8,0x00248AD8,0x00248B98,192
FUN_00248b98,0x00248B98,0x00248D64,460
FUN_00248d68,0x00248D68,0x00248E5C,244
FUN_00248e60,0x00248E60,0x00248FB0,336
FUN_00248fb0,0x00248FB0,0x0024905C,172
FUN_00249060,0x00249060,0x002490C8,104
FUN_002490c8,0x002490C8,0x00249118,80
FUN_00249118,0x00249118,0x002492F4,476
FUN_002492f8,0x002492F8,0x00249418,288
FUN_00249418,0x00249418,0x002494A8,144
FUN_002494a8,0x002494A8,0x00249540,152
FUN_00249540,0x00249540,0x0024965C,284
FUN_00249660,0x00249660,0x00249954,752
FUN_00249958,0x00249958,0x00249A50,244
FUN_00249a50,0x00249A50,0x00249A68,24
FUN_00249a68,0x00249A68,0x00249A78,16
FUN_00249a78,0x00249A78,0x00249A88,16
FUN_00249a88,0x00249A88,0x00249A98,16
FUN_00249a98,0x00249A98,0x00249AF0,88
FUN_00249af0,0x00249AF0,0x00249B64,116
FUN_00249b68,0x00249B68,0x00249BDC,116
FUN_00249be0,0x00249BE0,0x00249C38,88
FUN_00249c38,0x00249C38,0x00249CA0,104
FUN_00249ca0,0x00249CA0,0x00249CE4,68
FUN_00249ce8,0x00249CE8,0x00249D28,64
FUN_00249d28,0x00249D28,0x00249D6C,68
FUN_00249d70,0x00249D70,0x00249DB0,64
FUN_00249db0,0x00249DB0,0x00249DF4,68
FUN_00249df8,0x00249DF8,0x00249E38,64
FUN_00249e38,0x00249E38,0x0024A0B0,632
FUN_0024a0b0,0x0024A0B0,0x0024A14C,156
FUN_0024a150,0x0024A150,0x0024A194,68
FUN_0024a198,0x0024A198,0x0024A400,612
FUN_0024a400,0x0024A400,0x0024A47C,124
FUN_0024a480,0x0024A480,0x0024A4F4,116
FUN_0024a4f8,0x0024A4F8,0x0024A554,92
FUN_0024a558,0x0024A558,0x0024A648,240
FUN_0024a648,0x0024A648,0x0024A73C,240
FUN_0024a740,0x0024A740,0x0024A79C,92
FUN_0024a7a0,0x0024A7A0,0x0024A9E4,580
FUN_0024a9e8,0x0024A9E8,0x0024AB5C,372
FUN_0024ab60,0x0024AB60,0x0024AD7C,536
FUN_0024ad80,0x0024AD80,0x0024AE1C,156
FUN_0024ae20,0x0024AE20,0x0024B01C,508
FUN_0024b020,0x0024B020,0x0024B128,264
FUN_0024b128,0x0024B128,0x0024B28C,352
FUN_0024b290,0x0024B290,0x0024B570,736
FUN_0024b570,0x0024B570,0x0024B7EC,632
FUN_0024b7f0,0x0024B7F0,0x0024B8CC,220
FUN_0024b8d0,0x0024B8D0,0x0024BB78,680
FUN_0024bb78,0x0024BB78,0x0024BCF8,384
FUN_0024bcf8,0x0024BCF8,0x0024BEB4,444
FUN_0024beb8,0x0024BEB8,0x0024BF68,176
FUN_0024bf68,0x0024BF68,0x0024C03C,212
FUN_0024c040,0x0024C040,0x0024C0E0,156
FUN_0024c0e0,0x0024C0E0,0x0024C154,116
FUN_0024c158,0x0024C158,0x0024C220,200
FUN_0024c220,0x0024C220,0x0024C2E8,200
FUN_0024c2e8,0x0024C2E8,0x0024C3C4,220
FUN_0024c3c8,0x0024C3C8,0x0024C480,184
FUN_0024c480,0x0024C480,0x0024C578,248
FUN_0024c578,0x0024C578,0x0024C878,764
FUN_0024c878,0x0024C878,0x0024C900,136
FUN_0024c900,0x0024C900,0x0024C984,132
FUN_0024c988,0x0024C988,0x0024CAA8,284
FUN_0024caa8,0x0024CAA8,0x0024CBAC,256
FUN_0024cbb0,0x0024CBB0,0x0024CBD4,36
FUN_0024cbd8,0x0024CBD8,0x0024CE00,548
FUN_0024ce00,0x0024CE00,0x0024CF24,292
FUN_0024cf28,0x0024CF28,0x0024CFF0,200
FUN_0024cff0,0x0024CFF0,0x0024D250,608
FUN_0024d250,0x0024D250,0x0024D43C,488
FUN_0024d440,0x0024D440,0x0024D664,548
FUN_0024d668,0x0024D668,0x0024D7A4,316
FUN_0024d7a8,0x0024D7A8,0x0024D7E8,64
FUN_0024d7e8,0x0024D7E8,0x0024D98C,420
FUN_0024d990,0x0024D990,0x0024DAE0,336
FUN_0024dae0,0x0024DAE0,0x0024DC98,440
FUN_0024dc98,0x0024DC98,0x0024DCDC,68
FUN_0024dce0,0x0024DCE0,0x0024DE44,356
FUN_0024de48,0x0024DE48,0x0024DEEC,164
FUN_0024def0,0x0024DEF0,0x0024DF94,164
FUN_0024df98,0x0024DF98,0x0024E090,248
FUN_0024e090,0x0024E090,0x0024E16C,220
FUN_0024e170,0x0024E170,0x0024E2B8,328
FUN_0024e2b8,0x0024E2B8,0x0024E6C0,1032
FUN_0024e6c0,0x0024E6C0,0x0024EB10,1104
FUN_0024eb10,0x0024EB10,0x0024ECC0,432
FUN_0024ecc0,0x0024ECC0,0x0024EEA0,480
FUN_0024eea0,0x0024EEA0,0x0024EF58,184
FUN_0024ef58,0x0024EF58,0x0024EFC0,100
FUN_0024efc0,0x0024EFC0,0x0024F024,96
FUN_0024f028,0x0024F028,0x0024F0B4,140
FUN_0024f0b8,0x0024F0B8,0x0024F190,216
FUN_0024f190,0x0024F190,0x0024F20C,124
FUN_0024f210,0x0024F210,0x0024F310,256
FUN_0024f310,0x0024F310,0x0024F404,232
FUN_0024f408,0x0024F408,0x0024F470,104
FUN_0024f470,0x0024F470,0x0024F530,192
FUN_0024f530,0x0024F530,0x0024F5E4,180
FUN_0024f5e8,0x0024F5E8,0x0024F808,540
FUN_0024f808,0x0024F808,0x0024F854,76
FUN_0024f858,0x0024F858,0x0024F8A4,76
FUN_0024f8a8,0x0024F8A8,0x0024F8F4,76
FUN_0024f8f8,0x0024F8F8,0x0024F944,76
FUN_0024f948,0x0024F948,0x0024F994,76
FUN_0024f998,0x0024F998,0x0024F9E4,76
FUN_0024f9e8,0x0024F9E8,0x0024FA34,76
FUN_0024fa38,0x0024FA38,0x0024FA84,76
FUN_0024fa88,0x0024FA88,0x0024FAD4,76
FUN_0024fad8,0x0024FAD8,0x0024FB24,76
FUN_0024fb28,0x0024FB28,0x0024FB74,76
FUN_0024fb78,0x0024FB78,0x0024FC7C,260
FUN_0024fc80,0x0024FC80,0x0024FD24,164
FUN_0024fd28,0x0024FD28,0x0024FDC4,156
FUN_0024fdc8,0x0024FDC8,0x0024FDF0,40
FUN_0024fdf0,0x0024FDF0,0x0024FEEC,252
FUN_0024fef0,0x0024FEF0,0x00250164,628
FUN_00250168,0x00250168,0x00250294,300
FUN_00250298,0x00250298,0x002502F8,96
FUN_002502f8,0x002502F8,0x00250338,64
FUN_00250338,0x00250338,0x00250664,812
FUN_00250668,0x00250668,0x002507B8,336
FUN_002507b8,0x002507B8,0x0025099C,480
FUN_002509a0,0x002509A0,0x00250BC0,540
FUN_00250bc0,0x00250BC0,0x00250DB8,504
FUN_00250db8,0x00250DB8,0x00250F5C,420
FUN_00250f60,0x00250F60,0x00250FF8,152
FUN_00250ff8,0x00250FF8,0x00251060,104
FUN_00251060,0x00251060,0x00251074,20
FUN_00251078,0x00251078,0x00251310,664
FUN_00251310,0x00251310,0x00251628,788
FUN_00251628,0x00251628,0x002516E0,184
FUN_002516e0,0x002516E0,0x002517F4,276
FUN_002517f8,0x002517F8,0x00251A48,592
FUN_00251a48,0x00251A48,0x00251A8C,68
FUN_00251a90,0x00251A90,0x00251B14,132
FUN_00251b18,0x00251B18,0x00251B78,96
FUN_00251b78,0x00251B78,0x00251C04,140
FUN_00251c08,0x00251C08,0x00251C7C,116
FUN_00251c80,0x00251C80,0x00251D20,160
FUN_00251d20,0x00251D20,0x00251E74,340
FUN_00251e78,0x00251E78,0x00251F08,144
FUN_00251f08,0x00251F08,0x0025202C,292
FUN_00251f88,0x00251F88,0x00251FC8,64
FUN_00251fc8,0x00251FC8,0x00252008,64
FUN_00252008,0x00252008,0x00252058,80
FUN_00252058,0x00252058,0x00252080,40
FUN_00252080,0x00252080,0x002520E4,96
FUN_002520e8,0x002520E8,0x002521CC,224
FUN_002521d0,0x002521D0,0x00252288,184
FUN_00252288,0x00252288,0x00252388,256
FUN_00252388,0x00252388,0x0025270C,900
FUN_00252710,0x00252710,0x002527C8,184
FUN_002527c8,0x002527C8,0x00252900,312
FUN_00252900,0x00252900,0x00252A4C,328
FUN_00252a50,0x00252A50,0x00252A84,52
FUN_00252a88,0x00252A88,0x00252AC8,64
FUN_00252ac8,0x00252AC8,0x00252B80,176
FUN_00252b80,0x00252B80,0x00252C0C,136
FUN_00252c10,0x00252C10,0x00252C5C,72
FUN_00252c60,0x00252C60,0x00252CB0,80
FUN_00252cb0,0x00252CB0,0x00252CFC,72
FUN_00252d00,0x00252D00,0x00252D50,80
FUN_00252d50,0x00252D50,0x00252DA0,76
FUN_00252da0,0x00252DA0,0x00252DF0,76
FUN_00252df0,0x00252DF0,0x00252E40,76
FUN_00252e40,0x00252E40,0x00252E8C,76
FUN_00252e90,0x00252E90,0x00252EE0,80
FUN_00252ee0,0x00252EE0,0x00252F2C,76
FUN_00252f30,0x00252F30,0x00252F80,76
FUN_00252f80,0x00252F80,0x002530FC,376
FUN_00253100,0x00253100,0x00253294,400
FUN_00253298,0x00253298,0x002533B8,284
FUN_002533b8,0x002533B8,0x002533C0,8
FUN_002533c0,0x002533C0,0x00253430,108
FUN_00253430,0x00253430,0x002534B8,136
FUN_002534b8,0x002534B8,0x0025352C,116
FUN_00253530,0x00253530,0x002535C4,148
FUN_002535c8,0x002535C8,0x0025365C,144
FUN_00253660,0x00253660,0x002538A0,568
FUN_002538a0,0x002538A0,0x002539C4,288
FUN_002539c8,0x002539C8,0x00253A38,112
FUN_00253a38,0x00253A38,0x00253B00,200
FUN_00253b00,0x00253B00,0x00253B44,68
FUN_00253b48,0x00253B48,0x00253D94,588
FUN_00253d98,0x00253D98,0x00253EC0,296
FUN_00253ec0,0x00253EC0,0x00253F58,152
FUN_00253f58,0x00253F58,0x00253FF8,156
FUN_00253ff8,0x00253FF8,0x002540D0,212
FUN_002540d0,0x002540D0,0x00254238,360
FUN_00254238,0x00254238,0x0025442C,492
FUN_00254430,0x00254430,0x00254658,552
FUN_00254658,0x00254658,0x00254888,560
FUN_00254888,0x00254888,0x0025494C,196
FUN_00254950,0x00254950,0x0025499C,76
FUN_002549a0,0x002549A0,0x002549EC,76
FUN_002549f0,0x002549F0,0x00254A3C,76
FUN_00254a40,0x00254A40,0x00254A8C,76
FUN_00254a90,0x00254A90,0x00254B48,184
FUN_00254b48,0x00254B48,0x00254D64,536
FUN_00254d68,0x00254D68,0x002550BC,848
FUN_002550c0,0x002550C0,0x00255500,1084
FUN_00255500,0x00255500,0x0025565C,348
FUN_00255660,0x00255660,0x00255AC8,1128
FUN_00255ac8,0x00255AC8,0x002560A0,1496
FUN_002560a0,0x002560A0,0x0025619C,252
FUN_002561a0,0x002561A0,0x002561B8,24
FUN_002561b8,0x002561B8,0x002561DC,36
FUN_002561e0,0x002561E0,0x00256208,40
FUN_00256208,0x00256208,0x0025629C,144
FUN_002562a0,0x002562A0,0x00256330,144
FUN_00256330,0x00256330,0x00256344,20
FUN_00256348,0x00256348,0x002563DC,148
FUN_002563e0,0x002563E0,0x0025642C,76
FUN_00256430,0x00256430,0x0025647C,76
FUN_00256480,0x00256480,0x002564A0,32
FUN_002564a0,0x002564A0,0x00256768,712
FUN_00256768,0x00256768,0x002567C8,96
FUN_002567c8,0x002567C8,0x002568B4,236
FUN_002568b8,0x002568B8,0x002569B4,252
FUN_002569b8,0x002569B8,0x00256A54,156
FUN_00256a58,0x00256A58,0x00256D0C,688
FUN_00256d10,0x00256D10,0x00256FA4,660
FUN_00256fa8,0x00256FA8,0x0025700C,96
FUN_00257010,0x00257010,0x00257050,64
FUN_00257050,0x00257050,0x002570E8,152
FUN_002570e8,0x002570E8,0x00257200,280
FUN_00257200,0x00257200,0x002572FC,252
FUN_00257300,0x00257300,0x002573E4,228
FUN_002573e8,0x002573E8,0x002574F4,268
FUN_002574f8,0x002574F8,0x0025757C,132
FUN_00257580,0x00257580,0x002575A4,36
FUN_002575a8,0x002575A8,0x002575CC,36
FUN_002575d0,0x002575D0,0x00257610,64
FUN_00257610,0x00257610,0x00257688,120
FUN_00257690,0x00257690,0x00257808,376
FUN_00257810,0x00257810,0x00257954,324
FUN_00257960,0x00257960,0x00257A20,188
FUN_00257a20,0x00257A20,0x00257A90,112
FUN_00257a90,0x00257A90,0x00257AD0,64
FUN_00257ad0,0x00257AD0,0x00257AD8,8
FUN_00257ae0,0x00257AE0,0x00257AF4,20
FUN_00257b00,0x00257B00,0x00257B60,96
FUN_00257b60,0x00257B60,0x00257BA0,64
thunk_FUN_00259ff0,0x00257BA0,0x00257BA8,8
FUN_00257bb0,0x00257BB0,0x00257BC4,20
FUN_00257bd0,0x00257BD0,0x00257F28,856
FUN_00257f30,0x00257F30,0x002581C4,660
FUN_002581d0,0x002581D0,0x002581D8,8
FUN_002581e0,0x002581E0,0x002581F4,20
FUN_00258200,0x00258200,0x00258214,20
FUN_00258220,0x00258220,0x00258234,20
FUN_00258240,0x00258240,0x00258250,16
FUN_00258250,0x00258250,0x00258268,24
FUN_00258270,0x00258270,0x00258288,24
FUN_00258290,0x00258290,0x002582A4,20
FUN_002582b0,0x002582B0,0x002582B8,8
FUN_002582c0,0x002582C0,0x002582CC,12
FUN_002582d0,0x002582D0,0x002582DC,12
FUN_002582e0,0x002582E0,0x002582F0,16
FUN_002582f0,0x002582F0,0x002582F8,8
FUN_00258300,0x00258300,0x002584F8,504
FUN_00258500,0x00258500,0x00258510,16
FUN_00258510,0x00258510,0x00258518,8
FUN_00258520,0x00258520,0x002585CC,172
FUN_002585d0,0x002585D0,0x00258640,112
FUN_00258640,0x00258640,0x00258B50,1288
FUN_00258b50,0x00258B50,0x00258BA8,88
FUN_00258bb0,0x00258BB0,0x00258BE0,48
FUN_00258be0,0x00258BE0,0x00258C34,84
FUN_00258c40,0x00258C40,0x00258C8C,76
FUN_00258c90,0x00258C90,0x00258D60,208
FUN_00258d60,0x00258D60,0x00258D80,32
FUN_00258d80,0x00258D80,0x00258F5C,476
FUN_00258f60,0x00258F60,0x0025917C,540
FUN_00259180,0x00259180,0x00259210,144
FUN_00259210,0x00259210,0x00259280,112
FUN_00259280,0x00259280,0x00259320,160
FUN_00259320,0x00259320,0x0025949C,380
FUN_002594a0,0x002594A0,0x002594B4,20
FUN_002594c0,0x002594C0,0x0025955C,156
FUN_00259560,0x00259560,0x002596DC,380
FUN_002596e0,0x002596E0,0x00259870,400
FUN_00259870,0x00259870,0x0025987C,12
FUN_00259880,0x00259880,0x0025988C,12
FUN_00259890,0x00259890,0x00259DE8,1360
FUN_00259df0,0x00259DF0,0x00259FE4,500
FUN_00259ff0,0x00259FF0,0x0025A06C,124
FUN_0025a070,0x0025A070,0x0025A128,184
FUN_0025a130,0x0025A130,0x0025A17C,76
FUN_0025a180,0x0025A180,0x0025A1CC,76
FUN_0025a1d0,0x0025A1D0,0x0025A360,400
FUN_0025a360,0x0025A360,0x0025A520,448
FUN_0025a520,0x0025A520,0x0025A63C,284
FUN_0025a640,0x0025A640,0x0025A75C,284
FUN_0025a760,0x0025A760,0x0025A924,440
FUN_0025a930,0x0025A930,0x0025A9C8,148
FUN_0025a9d0,0x0025A9D0,0x0025AC0C,572
FUN_0025ac10,0x0025AC10,0x0025AD54,324
FUN_0025ad60,0x0025AD60,0x0025AF24,448
FUN_0025af30,0x0025AF30,0x0025B068,312
FUN_0025b070,0x0025B070,0x0025B1A8,312
FUN_0025b1b0,0x0025B1B0,0x0025B2E8,312
FUN_0025b2f0,0x0025B2F0,0x0025B434,324
FUN_0025b440,0x0025B440,0x0025B548,264
FUN_0025b550,0x0025B550,0x0025B664,276
FUN_0025b670,0x0025B670,0x0025B8F0,628
FUN_0025b8f0,0x0025B8F0,0x0025B8F8,8
FUN_0025b900,0x0025B900,0x0025B914,20
FUN_0025b920,0x0025B920,0x0025B928,8
FUN_0025b930,0x0025B930,0x0025B938,8
FUN_0025b940,0x0025B940,0x0025BB80,572
FUN_0025bb80,0x0025BB80,0x0025BBB8,56
FUN_0025bbc0,0x0025BBC0,0x0025BF58,920
FUN_0025bf60,0x0025BF60,0x0025BF68,8
FUN_0025bf70,0x0025BF70,0x0025BF78,8
FUN_0025bf80,0x0025BF80,0x0025BF88,8
FUN_0025bf90,0x0025BF90,0x0025BF98,8
FUN_0025bfa0,0x0025BFA0,0x0025BFB4,20
FUN_0025bfc0,0x0025BFC0,0x0025BFD4,20
FUN_0025bfe0,0x0025BFE0,0x0025BFF4,20
FUN_0025c000,0x0025C000,0x0025C00C,12
FUN_0025c010,0x0025C010,0x0025C08C,124
FUN_0025c090,0x0025C090,0x0025C10C,124
FUN_0025c110,0x0025C110,0x0025C118,8
FUN_0025c120,0x0025C120,0x0025C160,64
FUN_0025c160,0x0025C160,0x0025C184,36
FUN_0025c190,0x0025C190,0x0025C218,136
FUN_0025c220,0x0025C220,0x0025C240,32
FUN_0025c240,0x0025C240,0x0025C260,32
FUN_0025c260,0x0025C260,0x0025CC30,2512
FUN_0025cc30,0x0025CC30,0x0025CD18,232
FUN_0025cd20,0x0025CD20,0x0025CEB8,404
FUN_0025cec0,0x0025CEC0,0x0025D140,636
FUN_0025d140,0x0025D140,0x0025D210,208
FUN_0025d210,0x0025D210,0x0025D2A8,152
FUN_0025d2b0,0x0025D2B0,0x0025D2C0,16
FUN_0025d2c0,0x0025D2C0,0x0025D2E8,40
FUN_0025d2f0,0x0025D2F0,0x0025DC7C,2436
FUN_0025dc80,0x0025DC80,0x0025DD48,200
FUN_0025dd50,0x0025DD50,0x0025DE18,200
FUN_0025de20,0x0025DE20,0x0025DEA0,124
FUN_0025dea0,0x0025DEA0,0x0025DF34,148
FUN_0025df40,0x0025DF40,0x0025DFF4,172
FUN_0025e000,0x0025E000,0x0025E0B8,184
FUN_0025e0c0,0x0025E0C0,0x0025E12C,108
FUN_0025e130,0x0025E130,0x0025E844,1800
FUN_0025e850,0x0025E850,0x0025E860,16
FUN_0025e860,0x0025E860,0x0025E8B0,80
FUN_0025e8b0,0x0025E8B0,0x0025E970,192
FUN_0025e970,0x0025E970,0x0025E9F8,132
FUN_0025ea00,0x0025EA00,0x0025ED34,800
FUN_0025ed40,0x0025ED40,0x0025ED94,80
FUN_0025eda0,0x0025EDA0,0x0025EE38,148
FUN_0025ee40,0x0025EE40,0x0025EEC8,136
FUN_0025eed0,0x0025EED0,0x0025EF38,104
FUN_0025ef40,0x0025EF40,0x0025EF60,32
FUN_0025ef60,0x0025EF60,0x0025F08C,300
FUN_0025f090,0x0025F090,0x0025F16C,220
FUN_0025f170,0x0025F170,0x0025F198,40
FUN_0025f1a0,0x0025F1A0,0x0025F210,112
FUN_0025f210,0x0025F210,0x0025F238,40
FUN_0025f240,0x0025F240,0x0025F308,200
FUN_0025f310,0x0025F310,0x0025F4D0,444
FUN_0025f4d0,0x0025F4D0,0x0025F7C0,732
FUN_0025f7c0,0x0025F7C0,0x0025F8C0,256
FUN_0025f8c0,0x0025F8C0,0x0025F94C,140
FUN_0025f950,0x0025F950,0x0025FA2C,216
FUN_0025fa30,0x0025FA30,0x0025FAA4,116
FUN_0025fab0,0x0025FAB0,0x0025FBBC,268
FUN_0025fbc0,0x0025FBC0,0x0025FCA8,232
FUN_0025fcb0,0x0025FCB0,0x0025FD20,112
FUN_0025fd20,0x0025FD20,0x0025FF30,520
FUN_0025ff30,0x0025FF30,0x002603EC,1200
FUN_002603f0,0x002603F0,0x002604C4,200
FUN_002604d0,0x002604D0,0x00260518,72
FUN_00260520,0x00260520,0x002609DC,1192
FUN_002609e0,0x002609E0,0x00261260,2156
FUN_00261260,0x00261260,0x00261474,520
FUN_00261480,0x00261480,0x002616B0,556
FUN_002616b0,0x002616B0,0x00261B18,1116
FUN_00261b20,0x00261B20,0x00261BF0,208
FUN_00261bf0,0x00261BF0,0x00261E64,624
FUN_00261e70,0x00261E70,0x00261ED8,104
FUN_00261ee0,0x00261EE0,0x002630BC,4512
FUN_002630c0,0x002630C0,0x002631FC,312
FUN_00263200,0x00263200,0x00263F10,3308
FUN_00263f10,0x00263F10,0x00264008,248
FUN_00264010,0x00264010,0x00264298,648
FUN_002642a0,0x002642A0,0x002643F8,340
FUN_00264400,0x00264400,0x0026460C,524
FUN_00264610,0x00264610,0x00264694,128
FUN_002646a0,0x002646A0,0x00264750,176
FUN_00264750,0x00264750,0x00264990,568
FUN_00264990,0x00264990,0x00264B00,368
FUN_00264b00,0x00264B00,0x00264E54,848
FUN_00264e60,0x00264E60,0x002650EC,644
FUN_002650f0,0x002650F0,0x00265180,140
FUN_00265180,0x00265180,0x002655A4,1052
FUN_002655b0,0x002655B0,0x00265814,608
FUN_00265820,0x00265820,0x00266260,2600
FUN_00266260,0x00266260,0x00266530,712
FUN_00266530,0x00266530,0x00266A84,1348
FUN_00266a90,0x00266A90,0x00266E90,1016
FUN_00266e90,0x00266E90,0x00267394,1268
FUN_002673a0,0x002673A0,0x002682D0,3856
FUN_002682d0,0x002682D0,0x0026833C,108
FUN_00268340,0x00268340,0x00268378,56
caseD_6,0x00268378,0x0026838C,20
caseD_0,0x00268390,0x002683AC,28
caseD_1,0x002683B0,0x002683CC,28
caseD_2,0x002683D0,0x002683EC,28
caseD_3,0x002683F0,0x0026840C,28
caseD_4,0x00268410,0x0026842C,28
caseD_5,0x00268430,0x00268450,32
FUN_00268450,0x00268450,0x00268458,8
FUN_00268458,0x00268458,0x00268460,8
FUN_00268460,0x00268460,0x00268550,240
FUN_00268550,0x00268550,0x00268560,16
FUN_00268560,0x00268560,0x002685C8,104
FUN_002685d0,0x002685D0,0x00268620,76
FUN_00268620,0x00268620,0x0026892C,768
FUN_00268930,0x00268930,0x00268990,96
FUN_00268990,0x00268990,0x002689DC,76
FUN_002689e0,0x002689E0,0x00268B04,284
FUN_00268b10,0x00268B10,0x00268D2C,540
FUN_00268d30,0x00268D30,0x00268DB4,128
FUN_00268dc0,0x00268DC0,0x00268DC8,8
FUN_00268dd0,0x00268DD0,0x00268ECC,252
FUN_00268ed0,0x00268ED0,0x00268F18,72
FUN_00268f20,0x00268F20,0x00269038,280
FUN_00269040,0x00269040,0x00269084,68
FUN_00269090,0x00269090,0x002691F0,348
FUN_002691f0,0x002691F0,0x00269300,272
FUN_00269300,0x00269300,0x00269498,408
FUN_002694a0,0x002694A0,0x002694CC,44
FUN_002694d0,0x002694D0,0x00269588,184
FUN_00269590,0x00269590,0x002695D0,64
FUN_002695d0,0x002695D0,0x0026962C,92
FUN_00269630,0x00269630,0x00269768,308
FUN_00269770,0x00269770,0x002697C4,80
FUN_002697d0,0x002697D0,0x00269AA4,724
FUN_00269ab0,0x00269AB0,0x00269B50,160
FUN_00269b50,0x00269B50,0x00269CF4,412
FUN_00269d00,0x00269D00,0x00269D40,60
FUN_00269d40,0x00269D40,0x00269DF4,180
FUN_00269e00,0x00269E00,0x00269FEC,488
FUN_00269ff0,0x00269FF0,0x0026A0EC,232
FUN_0026a0f0,0x0026A0F0,0x0026A1FC,260
FUN_0026a200,0x0026A200,0x0026A2E4,220
FUN_0026a2f0,0x0026A2F0,0x0026A3D0,220
FUN_0026a3d0,0x0026A3D0,0x0026A4F8,288
FUN_0026a500,0x0026A500,0x0026A6D0,448
FUN_0026a6d0,0x0026A6D0,0x0026A888,428
FUN_0026a890,0x0026A890,0x0026A8D8,72
FUN_0026a8e0,0x0026A8E0,0x0026A920,64
FUN_0026a920,0x0026A920,0x0026A93C,28
FUN_0026a940,0x0026A940,0x0026A954,20
FUN_0026a960,0x0026A960,0x0026A970,16
FUN_0026a970,0x0026A970,0x0026AC0C,648
FUN_0026ac10,0x0026AC10,0x0026ACC8,172
FUN_0026acd0,0x0026ACD0,0x0026AD38,104
FUN_0026ad40,0x0026AD40,0x0026AD88,72
FUN_0026ad90,0x0026AD90,0x0026AE20,144
FUN_0026ae20,0x0026AE20,0x0026B020,500
FUN_0026b020,0x0026B020,0x0026B060,64
FUN_0026b060,0x0026B060,0x0026B2A4,572
FUN_0026b2b0,0x0026B2B0,0x0026B414,356
FUN_0026b420,0x0026B420,0x0026B438,24
FUN_0026b440,0x0026B440,0x0026B45C,28
FUN_0026b460,0x0026B460,0x0026B480,32
FUN_0026b480,0x0026B480,0x0026B4AC,44
FUN_0026b4b0,0x0026B4B0,0x0026B5F4,316
FUN_0026b600,0x0026B600,0x0026B7EC,480
FUN_0026b7f0,0x0026B7F0,0x0026B970,376
FUN_0026b970,0x0026B970,0x0026B9F0,128
FUN_0026b9f0,0x0026B9F0,0x0026BBF0,484
FUN_0026bbf0,0x0026BBF0,0x0026BBF8,8
FUN_0026bc00,0x0026BC00,0x0026BC3C,60
FUN_0026bc40,0x0026BC40,0x0026BC98,88
FUN_0026bca0,0x0026BCA0,0x0026BCF0,80
FUN_0026bcf0,0x0026BCF0,0x0026BD6C,124
FUN_0026bd70,0x0026BD70,0x0026BFF8,648
FUN_0026c000,0x0026C000,0x0026C1A8,424
FUN_0026c1b0,0x0026C1B0,0x0026C584,968
FUN_0026c590,0x0026C590,0x0026C678,232
FUN_0026c680,0x0026C680,0x0026C818,408
FUN_0026c820,0x0026C820,0x0026CA54,564
FUN_0026ca60,0x0026CA60,0x0026CADC,124
FUN_0026cae0,0x0026CAE0,0x0026CCC4,484
FUN_0026ccd0,0x0026CCD0,0x0026CD40,112
FUN_0026cd40,0x0026CD40,0x0026CDA0,96
FUN_0026cda0,0x0026CDA0,0x0026CE10,112
FUN_0026ce10,0x0026CE10,0x0026CEB0,156
FUN_0026ceb0,0x0026CEB0,0x0026CFA4,240
FUN_0026cfb0,0x0026CFB0,0x0026D040,144
FUN_0026d040,0x0026D040,0x0026D054,20
FUN_0026d060,0x0026D060,0x0026D074,20
FUN_0026d080,0x0026D080,0x0026D094,20
FUN_0026d0a0,0x0026D0A0,0x0026D0B4,20
FUN_0026d0c0,0x0026D0C0,0x0026D1D0,268
FUN_0026d1d0,0x0026D1D0,0x0026D580,932
FUN_0026d580,0x0026D580,0x0026D5C4,68
FUN_0026d5d0,0x0026D5D0,0x0026D610,64
FUN_0026d610,0x0026D610,0x0026D678,104
FUN_0026d680,0x0026D680,0x0026D688,8
FUN_0026d690,0x0026D690,0x0026D698,8
FUN_0026d6a0,0x0026D6A0,0x0026D74C,164
FUN_0026d750,0x0026D750,0x0026D798,72
FUN_0026d7a0,0x0026D7A0,0x0026D7F8,88
FUN_0026d800,0x0026D800,0x0026D848,72
FUN_0026d850,0x0026D850,0x0026D984,300
FUN_0026d990,0x0026D990,0x0026D9B4,36
FUN_0026d9c0,0x0026D9C0,0x0026DA30,112
FUN_0026da30,0x0026DA30,0x0026DEF4,1208
FUN_0026df00,0x0026DF00,0x0026E098,408
FUN_0026e0a0,0x0026E0A0,0x0026E0A8,8
FUN_0026e0b0,0x0026E0B0,0x0026E118,104
FUN_0026e120,0x0026E120,0x0026E470,844
FUN_0026e470,0x0026E470,0x0026E774,772
FUN_0026e780,0x0026E780,0x0026E850,208
FUN_0026e850,0x0026E850,0x0026EDB0,1364
FUN_0026edb0,0x0026EDB0,0x0026F1E0,1060
FUN_0026f1e0,0x0026F1E0,0x0026F200,32
FUN_0026f200,0x0026F200,0x0026F3C4,444
FUN_0026f3d0,0x0026F3D0,0x0026F55C,396
FUN_0026f560,0x0026F560,0x0026F6C8,356
FUN_0026f6d0,0x0026F6D0,0x0026F808,308
FUN_0026f810,0x0026F810,0x0026F92C,284
FUN_0026f930,0x0026F930,0x0026FA38,260
FUN_0026fa40,0x0026FA40,0x0026FB70,300
FUN_0026fb70,0x0026FB70,0x0026FBBC,76
FUN_0026fbc0,0x0026FBC0,0x0026FC0C,76
FUN_0026fc10,0x0026FC10,0x0026FC64,84
FUN_0026fc70,0x0026FC70,0x0026FCBC,76
FUN_0026fcc0,0x0026FCC0,0x0026FD0C,76
FUN_0026fd10,0x0026FD10,0x0026FD74,96
FUN_0026fd80,0x0026FD80,0x00270024,672
FUN_00270030,0x00270030,0x00270120,240
FUN_00270120,0x00270120,0x00270338,528
FUN_00270340,0x00270340,0x002703F0,172
FUN_002703f0,0x002703F0,0x00270730,816
FUN_00270730,0x00270730,0x00270738,8
FUN_00270740,0x00270740,0x0027098C,584
FUN_00270990,0x00270990,0x00270AF8,356
FUN_00270b00,0x00270B00,0x00270C20,284
FUN_00270c20,0x00270C20,0x00270D90,368
FUN_00270d90,0x00270D90,0x00270E18,136
FUN_00270e20,0x00270E20,0x00271130,768
FUN_00271130,0x00271130,0x002712D4,412
FUN_002712e0,0x002712E0,0x00271370,140
FUN_00271370,0x00271370,0x0027147C,268
FUN_00271480,0x00271480,0x002716C4,568
FUN_002716d0,0x002716D0,0x00271870,412
FUN_00271870,0x00271870,0x002718B4,68
FUN_002718c0,0x002718C0,0x00271AC0,504
FUN_00271ac0,0x00271AC0,0x00271AC8,8
FUN_00271ad0,0x00271AD0,0x00271AF0,32
FUN_00271af0,0x00271AF0,0x00271D50,596
FUN_00271d50,0x00271D50,0x00271E00,172
FUN_00271e00,0x00271E00,0x00272018,512
FUN_00272020,0x00272020,0x0027215C,312
FUN_00272160,0x00272160,0x00272294,296
FUN_002722a0,0x002722A0,0x002722F8,88
FUN_00272300,0x00272300,0x002723A8,168
FUN_002723b0,0x002723B0,0x00272554,404
FUN_00272560,0x00272560,0x0027265C,252
FUN_00272660,0x00272660,0x002726C4,100
FUN_002726d0,0x002726D0,0x00272734,100
FUN_00272740,0x00272740,0x002727A0,96
FUN_002727a0,0x002727A0,0x00272800,96
FUN_00272800,0x00272800,0x00272860,96
FUN_00272860,0x00272860,0x002728C0,96
FUN_002728c0,0x002728C0,0x002729E8,296
FUN_002729f0,0x002729F0,0x00272A3C,76
FUN_00272a40,0x00272A40,0x00272DF0,936
FUN_00272df0,0x00272DF0,0x00272FEC,496
FUN_00272ff0,0x00272FF0,0x002730C8,212
FUN_002730d0,0x002730D0,0x002731A8,212
FUN_002731b0,0x002731B0,0x002732A0,232
FUN_002732a0,0x002732A0,0x00273388,228
FUN_00273390,0x00273390,0x00273468,212
FUN_00273470,0x00273470,0x00273548,208
FUN_00273550,0x00273550,0x00273628,204
FUN_00273630,0x00273630,0x00273708,208
FUN_00273710,0x00273710,0x00273770,96
FUN_00273770,0x00273770,0x002737E0,112
FUN_002737e0,0x002737E0,0x00273824,68
FUN_00273830,0x00273830,0x00273898,104
FUN_002738a0,0x002738A0,0x00273908,104
FUN_00273910,0x00273910,0x00273970,96
FUN_00273970,0x00273970,0x002739A0,48
FUN_002739a0,0x002739A0,0x00273A28,136
FUN_00273a30,0x00273A30,0x00273AB8,136
FUN_00273ac0,0x00273AC0,0x00273B3C,124
FUN_00273b40,0x00273B40,0x002741CC,1656
FUN_002741d0,0x002741D0,0x0027422C,92
FUN_00274230,0x00274230,0x002743B4,388
FUN_002743c0,0x002743C0,0x00274688,704
FUN_00274690,0x00274690,0x00274854,452
FUN_00274860,0x00274860,0x00274868,8
FUN_00274870,0x00274870,0x00274884,20
FUN_00274890,0x00274890,0x002748B4,36
FUN_002748c0,0x002748C0,0x00274904,68
FUN_00274910,0x00274910,0x00274958,64
FUN_00274960,0x00274960,0x00274DEC,1152
FUN_00274df0,0x00274DF0,0x00274E98,168
FUN_00274ea0,0x00274EA0,0x00274F88,232
FUN_00274f90,0x00274F90,0x00274FE8,88
FUN_00274ff0,0x00274FF0,0x002751FC,500
FUN_00275200,0x00275200,0x00275208,8
FUN_00275210,0x00275210,0x00275218,8
FUN_00275220,0x00275220,0x0027527C,92
FUN_00275280,0x00275280,0x002752DC,92
FUN_002752e0,0x002752E0,0x0027533C,92
FUN_00275340,0x00275340,0x0027539C,92
FUN_002753a0,0x002753A0,0x002753FC,92
FUN_00275400,0x00275400,0x002754A0,160
FUN_002754a0,0x002754A0,0x002754B0,16
FUN_002754b0,0x002754B0,0x00275764,672
FUN_00275770,0x00275770,0x00275778,8
FUN_00275780,0x00275780,0x00275840,184
FUN_00275840,0x00275840,0x0027584C,12
FUN_00275850,0x00275850,0x00275B0C,692
FUN_00275b10,0x00275B10,0x00275C64,340
FUN_00275c70,0x00275C70,0x00275CC0,76
FUN_00275cc0,0x00275CC0,0x00275EC8,516
FUN_00275ed0,0x00275ED0,0x00276038,352
FUN_00276040,0x00276040,0x00276258,536
FUN_00276260,0x00276260,0x002765B0,844
FUN_002765b0,0x002765B0,0x00276674,196
FUN_00276680,0x00276680,0x00276CA4,1532
FUN_00276cb0,0x00276CB0,0x00276E70,420
FUN_00276e70,0x00276E70,0x00276FF8,388
FUN_00277000,0x00277000,0x00277114,272
FUN_00277120,0x00277120,0x002774FC,964
FUN_00277500,0x00277500,0x0027762C,292
FUN_00277630,0x00277630,0x002776F8,200
FUN_00277700,0x00277700,0x00277A70,876
FUN_00277a70,0x00277A70,0x00277BD4,356
FUN_00277be0,0x00277BE0,0x00277C5C,124
FUN_00277c60,0x00277C60,0x00277D3C,216
FUN_00277d40,0x00277D40,0x00277E54,276
FUN_00277e60,0x00277E60,0x00277EB4,84
FUN_00277ec0,0x00277EC0,0x00277EFC,60
FUN_00277f00,0x00277F00,0x00277F70,112
FUN_00277f70,0x00277F70,0x002780C8,344
FUN_002780d0,0x002780D0,0x00278198,200
FUN_002781a0,0x002781A0,0x00278238,152
FUN_00278240,0x00278240,0x00278280,64
FUN_00278280,0x00278280,0x00278304,132
FUN_00278310,0x00278310,0x00278374,96
FUN_00278380,0x00278380,0x002783A0,32
FUN_002783a0,0x002783A0,0x002783AC,12
FUN_002783b0,0x002783B0,0x00278434,132
FUN_00278440,0x00278440,0x002784D0,144
FUN_002784d0,0x002784D0,0x00278560,144
FUN_00278560,0x00278560,0x00278588,40
FUN_00278590,0x00278590,0x002785B4,36
FUN_002785c0,0x002785C0,0x00278628,104
FUN_00278630,0x00278630,0x00278654,36
FUN_00278660,0x00278660,0x00278740,224
FUN_00278740,0x00278740,0x0027876C,44
FUN_00278770,0x00278770,0x00278888,276
FUN_00278890,0x00278890,0x002788B0,32
FUN_002788b0,0x002788B0,0x002788D0,32
FUN_002788d0,0x002788D0,0x002788DC,12
FUN_002788e0,0x002788E0,0x002788EC,12
FUN_002788f0,0x002788F0,0x00278A28,312
FUN_00278a30,0x00278A30,0x00278B68,312
FUN_00278b70,0x00278B70,0x00278CD0,348
FUN_00278cd0,0x00278CD0,0x00278D44,116
FUN_00278d50,0x00278D50,0x00278FA0,584
FUN_00278fa0,0x00278FA0,0x00278FC0,32
FUN_00278fc0,0x00278FC0,0x00278FE0,32
FUN_00278fe0,0x00278FE0,0x00279018,56
FUN_00279020,0x00279020,0x0027917C,340
FUN_00279180,0x00279180,0x00279340,436
FUN_00279340,0x00279340,0x002794A0,348
FUN_002794a0,0x002794A0,0x00279718,612
FUN_00279720,0x00279720,0x00279950,520
FUN_00279950,0x00279950,0x00279BF4,660
FUN_00279c00,0x00279C00,0x00279CDC,220
FUN_00279ce0,0x00279CE0,0x00279D04,36
FUN_00279d10,0x00279D10,0x00279D34,36
FUN_00279d40,0x00279D40,0x00279DC8,136
FUN_00279dd0,0x00279DD0,0x00279E80,176
FUN_00279e80,0x00279E80,0x00279E88,8
FUN_00279e90,0x00279E90,0x0027A1D0,808
FUN_0027a1d0,0x0027A1D0,0x0027A3EC,524
FUN_0027a3f0,0x0027A3F0,0x0027A478,136
FUN_0027a480,0x0027A480,0x0027A66C,492
FUN_0027a670,0x0027A670,0x0027A678,8
FUN_0027a680,0x0027A680,0x0027A824,420
FUN_0027a830,0x0027A830,0x0027A854,36
FUN_0027a860,0x0027A860,0x0027A884,36
FUN_0027a890,0x0027A890,0x0027A978,228
FUN_0027a980,0x0027A980,0x0027AA14,148
FUN_0027aa20,0x0027AA20,0x0027AAB4,148
FUN_0027aac0,0x0027AAC0,0x0027AB4C,140
FUN_0027ab50,0x0027AB50,0x0027ABE4,148
FUN_0027abf0,0x0027ABF0,0x0027AC90,160
FUN_0027ac90,0x0027AC90,0x0027ADF0,340
FUN_0027adf0,0x0027ADF0,0x0027AEAC,188
FUN_0027aeb0,0x0027AEB0,0x0027AF44,148
FUN_0027af50,0x0027AF50,0x0027AFE4,148
FUN_0027aff0,0x0027AFF0,0x0027B044,84
FUN_0027b050,0x0027B050,0x0027B110,188
FUN_0027b110,0x0027B110,0x0027B164,84
FUN_0027b170,0x0027B170,0x0027B194,36
FUN_0027b1a0,0x0027B1A0,0x0027B27C,216
FUN_0027b280,0x0027B280,0x0027B310,144
FUN_0027b310,0x0027B310,0x0027B338,40
FUN_0027b340,0x0027B340,0x0027B364,36
FUN_0027b370,0x0027B370,0x0027B394,36
FUN_0027b3a0,0x0027B3A0,0x0027B3C4,36
FUN_0027b3d0,0x0027B3D0,0x0027B450,128
FUN_0027b450,0x0027B450,0x0027B474,36
FUN_0027b480,0x0027B480,0x0027B4A4,36
FUN_0027b4b0,0x0027B4B0,0x0027B4D4,36
FUN_0027b4e0,0x0027B4E0,0x0027B5CC,228
FUN_0027b5d0,0x0027B5D0,0x0027B694,192
FUN_0027b6a0,0x0027B6A0,0x0027B774,208
FUN_0027b780,0x0027B780,0x0027B800,128
FUN_0027b800,0x0027B800,0x0027B8E8,228
FUN_0027b8f0,0x0027B8F0,0x0027B958,104
FUN_0027b960,0x0027B960,0x0027B9A4,68
FUN_0027b9b0,0x0027B9B0,0x0027BA30,128
FUN_0027ba30,0x0027BA30,0x0027BA3C,12
FUN_0027ba40,0x0027BA40,0x0027BA64,36
FUN_0027ba70,0x0027BA70,0x0027BB2C,184
FUN_0027bb30,0x0027BB30,0x0027BB54,36
FUN_0027bb60,0x0027BB60,0x0027BB84,36
FUN_0027bb90,0x0027BB90,0x0027BB9C,12
FUN_0027bba0,0x0027BBA0,0x0027BC5C,184
FUN_0027bc60,0x0027BC60,0x0027BE90,552
FUN_0027be90,0x0027BE90,0x0027C120,656
FUN_0027c120,0x0027C120,0x0027C12C,12
FUN_0027c130,0x0027C130,0x0027C20C,220
FUN_0027c210,0x0027C210,0x0027C2C0,172
FUN_0027c2c0,0x0027C2C0,0x0027C2E4,36
FUN_0027c2f0,0x0027C2F0,0x0027C324,52
FUN_0027c330,0x0027C330,0x0027C390,96
FUN_0027c390,0x0027C390,0x0027C3F0,96
FUN_0027c3f0,0x0027C3F0,0x0027C424,52
FUN_0027c430,0x0027C430,0x0027C474,68
FUN_0027c480,0x0027C480,0x0027C518,152
FUN_0027c520,0x0027C520,0x0027C5F8,216
FUN_0027c600,0x0027C600,0x0027C968,852
FUN_0027c970,0x0027C970,0x0027CB3C,460
FUN_0027cb40,0x0027CB40,0x0027D120,1468
FUN_0027d120,0x0027D120,0x0027D19C,124
FUN_0027d1a0,0x0027D1A0,0x0027D27C,216
FUN_0027d280,0x0027D280,0x0027D370,232
FUN_0027d370,0x0027D370,0x0027D468,248
FUN_0027d470,0x0027D470,0x0027D568,248
FUN_0027d570,0x0027D570,0x0027D668,248
FUN_0027d670,0x0027D670,0x0027D95C,720
FUN_0027d960,0x0027D960,0x0027D9E4,128
FUN_0027d9f0,0x0027D9F0,0x0027D9F8,8
FUN_0027da00,0x0027DA00,0x0027DADC,220
FUN_0027dae0,0x0027DAE0,0x0027DBF8,280
FUN_0027dc00,0x0027DC00,0x0027DCF8,248
FUN_0027dd00,0x0027DD00,0x0027DD88,136
FUN_0027dd90,0x0027DD90,0x0027DDB8,40
FUN_0027ddc0,0x0027DDC0,0x0027DDFC,60
FUN_0027de00,0x0027DE00,0x0027E27C,1148
FUN_0027e280,0x0027E280,0x0027E310,140
FUN_0027e310,0x0027E310,0x0027E370,96
FUN_0027e370,0x0027E370,0x0027E394,36
FUN_0027e3a0,0x0027E3A0,0x0027E400,96
FUN_0027e400,0x0027E400,0x0027E424,36
FUN_0027e430,0x0027E430,0x0027E458,40
FUN_0027e460,0x0027E460,0x0027E480,32
FUN_0027e480,0x0027E480,0x0027E518,152
FUN_0027e520,0x0027E520,0x0027E5A0,128
FUN_0027e5a0,0x0027E5A0,0x0027E650,176
FUN_0027e650,0x0027E650,0x0027E6D0,128
FUN_0027e6d0,0x0027E6D0,0x0027E750,128
FUN_0027e750,0x0027E750,0x0027E898,324
FUN_0027e8a0,0x0027E8A0,0x0027E940,160
FUN_0027e940,0x0027E940,0x0027E9E0,160
FUN_0027e9e0,0x0027E9E0,0x0027EA2C,72
FUN_0027ea30,0x0027EA30,0x0027EA38,8
FUN_0027ea40,0x0027EA40,0x0027EA80,64
FUN_0027ea80,0x0027EA80,0x0027EC14,404
FUN_0027ec20,0x0027EC20,0x0027ECBC,156
FUN_0027ecc0,0x0027ECC0,0x0027EDF4,308
FUN_0027ee00,0x0027EE00,0x0027EE08,8
FUN_0027ee10,0x0027EE10,0x0027EE34,36
FUN_0027ee40,0x0027EE40,0x0027EE94,80
FUN_0027eea0,0x0027EEA0,0x0027EF60,192
FUN_0027ef60,0x0027EF60,0x0027F020,192
FUN_0027f020,0x0027F020,0x0027F158,312
FUN_0027f160,0x0027F160,0x0027F288,296
FUN_0027f290,0x0027F290,0x0027F29C,12
FUN_0027f2a0,0x0027F2A0,0x0027F404,356
FUN_0027f410,0x0027F410,0x0027F41C,12
FUN_0027f420,0x0027F420,0x0027F42C,12
FUN_0027f430,0x0027F430,0x0027F514,228
FUN_0027f520,0x0027F520,0x0027F5F0,208
FUN_0027f5f0,0x0027F5F0,0x0027F65C,104
FUN_0027f660,0x0027F660,0x0027F738,216
FUN_0027f740,0x0027F740,0x0027F84C,264
FUN_0027f850,0x0027F850,0x0027F8C4,116
FUN_0027f8d0,0x0027F8D0,0x0027F918,72
FUN_0027f920,0x0027F920,0x0027F9DC,180
FUN_0027f9e0,0x0027F9E0,0x0027F9EC,12
FUN_0027f9f0,0x0027F9F0,0x0027FA28,52
FUN_0027fa30,0x0027FA30,0x0027FE14,988
FUN_0027fe20,0x0027FE20,0x0027FE58,56
FUN_0027fe60,0x0027FE60,0x0027FF68,260
FUN_0027ff70,0x0027FF70,0x0028002C,188
FUN_00280030,0x00280030,0x002800A0,112
FUN_002800a0,0x002800A0,0x002800FC,92
FUN_00280100,0x00280100,0x00280214,276
FUN_00280220,0x00280220,0x00280270,80
FUN_00280270,0x00280270,0x0028027C,12
FUN_00280280,0x00280280,0x00280300,128
FUN_00280300,0x00280300,0x00280494,400
FUN_002804a0,0x002804A0,0x00280558,184
FUN_00280560,0x00280560,0x002806F8,408
FUN_00280700,0x00280700,0x00280770,112
FUN_00280770,0x00280770,0x00280894,280
FUN_002808a0,0x002808A0,0x00280A68,456
FUN_00280a70,0x00280A70,0x00280ADC,108
FUN_00280ae0,0x00280AE0,0x00280AEC,12
FUN_00280af0,0x00280AF0,0x00280AFC,12
FUN_00280b00,0x00280B00,0x00280B0C,12
FUN_00280b10,0x00280B10,0x00280B1C,12
FUN_00280b20,0x00280B20,0x00280B30,16
FUN_00280b30,0x00280B30,0x00280D4C,540
FUN_00280d50,0x00280D50,0x00280E48,248
FUN_00280e50,0x00280E50,0x00280ED0,128
FUN_00280ed0,0x00280ED0,0x00281074,412
FUN_00281080,0x00281080,0x00281210,392
FUN_00281210,0x00281210,0x00281230,32
FUN_00281230,0x00281230,0x002812C0,144
FUN_002812c0,0x002812C0,0x00281350,144
FUN_00281350,0x00281350,0x002813C4,112
FUN_002813d0,0x002813D0,0x002814D0,256
FUN_002814d0,0x002814D0,0x00281864,888
FUN_00281870,0x00281870,0x00281A78,516
FUN_00281a80,0x00281A80,0x00281A94,20
FUN_00281aa0,0x00281AA0,0x00281BD8,308
thunk_FUN_003adbc0,0x00281BE0,0x00281BE8,8
FUN_00281bf0,0x00281BF0,0x0028206C,1124
FUN_00282070,0x00282070,0x002821A0,292
FUN_002821a0,0x002821A0,0x00282340,416
FUN_00282340,0x00282340,0x0028234C,12
FUN_00282350,0x00282350,0x0028235C,12
FUN_00282360,0x00282360,0x0028236C,12
FUN_00282370,0x00282370,0x0028237C,12
FUN_00282380,0x00282380,0x0028238C,12
FUN_00282390,0x00282390,0x0028239C,12
FUN_002823a0,0x002823A0,0x00282470,208
FUN_00282470,0x00282470,0x002828D8,1108
FUN_002828e0,0x002828E0,0x00282C5C,888
FUN_00282c60,0x00282C60,0x00282D7C,280
FUN_00282d80,0x00282D80,0x00282ECC,332
FUN_00282ed0,0x00282ED0,0x00282EF0,32
FUN_00282ef0,0x00282EF0,0x00283048,344
FUN_00283050,0x00283050,0x00283450,1012
FUN_00283450,0x00283450,0x00283718,692
thunk_FUN_00283450,0x00283720,0x00283728,8
FUN_00283730,0x00283730,0x00283804,212
FUN_00283810,0x00283810,0x002838E4,212
FUN_002838f0,0x002838F0,0x002839C4,212
FUN_002839d0,0x002839D0,0x00283AEC,284
FUN_00283af0,0x00283AF0,0x00283BBC,204
FUN_00283bc0,0x00283BC0,0x00283C8C,204
FUN_00283c90,0x00283C90,0x00283D98,264
FUN_00283da0,0x00283DA0,0x00283F24,384
FUN_00283f30,0x00283F30,0x002841C0,640
FUN_002841c0,0x002841C0,0x00284230,112
FUN_00284230,0x00284230,0x00284478,580
FUN_00284480,0x00284480,0x00284EA0,2588
FUN_00284ea0,0x00284EA0,0x00285144,676
FUN_00285150,0x00285150,0x002853B8,612
FUN_002853c0,0x002853C0,0x002856E8,800
FUN_002856f0,0x002856F0,0x002859CC,732
FUN_002859d0,0x002859D0,0x00285A80,172
FUN_00285a80,0x00285A80,0x00285AB0,48
FUN_00285ab0,0x00285AB0,0x00285ED0,1052
FUN_00285ed0,0x00285ED0,0x00285F24,84
FUN_00285f30,0x00285F30,0x00286150,540
FUN_00286150,0x00286150,0x002865C0,1124
FUN_002865c0,0x002865C0,0x0028663C,124
FUN_00286640,0x00286640,0x00286930,752
FUN_00286930,0x00286930,0x002869E8,184
FUN_002869f0,0x002869F0,0x00286C34,576
FUN_00286c40,0x00286C40,0x00286DDC,412
FUN_00286de0,0x00286DE0,0x00286F40,352
FUN_00286f40,0x00286F40,0x00287060,284
FUN_00287060,0x00287060,0x00287068,8
FUN_00287070,0x00287070,0x002870C0,80
FUN_002870c0,0x002870C0,0x002874E8,1056
FUN_002874f0,0x002874F0,0x00287D58,2124
FUN_00287d60,0x00287D60,0x00287F04,416
FUN_00287f10,0x00287F10,0x00288018,252
FUN_00288020,0x00288020,0x002880D0,168
FUN_002880d0,0x002880D0,0x002880F8,40
FUN_00288100,0x00288100,0x00288114,20
FUN_00288120,0x00288120,0x0028813C,28
FUN_00288140,0x00288140,0x002881AC,108
FUN_002881b0,0x002881B0,0x002881E0,48
FUN_002881e0,0x002881E0,0x002885A0,940
FUN_002885a0,0x002885A0,0x00288878,724
FUN_00288880,0x00288880,0x002888E0,92
FUN_002888e0,0x002888E0,0x00288954,116
FUN_00288960,0x00288960,0x002889A4,68
FUN_002889b0,0x002889B0,0x00289848,3668
FUN_00289850,0x00289850,0x00289894,68
FUN_002898a0,0x002898A0,0x00289938,152
FUN_00289940,0x00289940,0x002899E8,168
FUN_002899f0,0x002899F0,0x00289A2C,60
FUN_00289a30,0x00289A30,0x00289A48,24
FUN_00289a50,0x00289A50,0x00289A94,68
FUN_00289aa0,0x00289AA0,0x00289AE0,64
FUN_00289ae0,0x00289AE0,0x00289C58,352
FUN_00289c60,0x00289C60,0x00289CAC,76
FUN_00289cb0,0x00289CB0,0x00289CBC,12
FUN_00289cc0,0x00289CC0,0x00289CCC,12
FUN_00289cd0,0x00289CD0,0x00289D48,120
FUN_00289d50,0x00289D50,0x00289F08,440
FUN_00289f10,0x00289F10,0x0028A118,520
FUN_0028a120,0x0028A120,0x0028A32C,524
FUN_0028a330,0x0028A330,0x0028A3A0,112
FUN_0028a3a0,0x0028A3A0,0x0028A3E0,64
FUN_0028a3e0,0x0028A3E0,0x0028A3E8,8
FUN_0028a3f0,0x0028A3F0,0x0028A404,20
FUN_0028a410,0x0028A410,0x0028A480,112
FUN_0028a480,0x0028A480,0x0028A4C0,64
FUN_0028a4c0,0x0028A4C0,0x0028A4C8,8
FUN_0028a4d0,0x0028A4D0,0x0028A4E4,20
FUN_0028a4f0,0x0028A4F0,0x0028A560,112
FUN_0028a560,0x0028A560,0x0028A5A0,64
FUN_0028a5a0,0x0028A5A0,0x0028A5A8,8
FUN_0028a5b0,0x0028A5B0,0x0028A5C4,20
FUN_0028a5d0,0x0028A5D0,0x0028A630,84
FUN_0028a630,0x0028A630,0x0028A63C,12
FUN_0028a640,0x0028A640,0x0028A64C,12
FUN_0028a650,0x0028A650,0x0028A65C,12
FUN_0028a660,0x0028A660,0x0028A680,32
FUN_0028a680,0x0028A680,0x0028A694,20
FUN_0028a6a0,0x0028A6A0,0x0028A710,112
FUN_0028a710,0x0028A710,0x0028A7F8,232
FUN_0028a800,0x0028A800,0x0028A8F8,244
FUN_0028a900,0x0028A900,0x0028AB58,596
FUN_0028ab60,0x0028AB60,0x0028AC28,192
FUN_0028ac30,0x0028AC30,0x0028ADB8,392
FUN_0028adc0,0x0028ADC0,0x0028AED8,280
FUN_0028aee0,0x0028AEE0,0x0028AF3C,92
FUN_0028af40,0x0028AF40,0x0028B14C,520
FUN_0028b150,0x0028B150,0x0028B1A4,84
FUN_0028b1b0,0x0028B1B0,0x0028B378,456
FUN_0028b380,0x0028B380,0x0028B3F0,112
FUN_0028b3f0,0x0028B3F0,0x0028B490,160
FUN_0028b490,0x0028B490,0x0028B5E8,344
FUN_0028b5f0,0x0028B5F0,0x0028B6F8,264
FUN_0028b700,0x0028B700,0x0028B7F8,248
FUN_0028b800,0x0028B800,0x0028B870,112
FUN_0028b870,0x0028B870,0x0028B8B0,64
FUN_0028b8b0,0x0028B8B0,0x0028B8B8,8
FUN_0028b8c0,0x0028B8C0,0x0028B8D4,20
FUN_0028b8e0,0x0028B8E0,0x0028B94C,108
FUN_0028b950,0x0028B950,0x0028BBEC,664
FUN_0028bbf0,0x0028BBF0,0x0028BD7C,396
FUN_0028bd80,0x0028BD80,0x0028BDAC,44
FUN_0028bdb0,0x0028BDB0,0x0028BE48,148
FUN_0028be50,0x0028BE50,0x0028BEA0,80
FUN_0028bea0,0x0028BEA0,0x0028C064,448
FUN_0028c070,0x0028C070,0x0028C0D0,96
FUN_0028c0d0,0x0028C0D0,0x0028C130,96
FUN_0028c130,0x0028C130,0x0028C1C8,148
FUN_0028c1d0,0x0028C1D0,0x0028C370,416
FUN_0028c370,0x0028C370,0x0028C470,256
FUN_0028c470,0x0028C470,0x0028C4DC,108
FUN_0028c4e0,0x0028C4E0,0x0028C600,288
FUN_0028c600,0x0028C600,0x0028C7D8,472
FUN_0028c7e0,0x0028C7E0,0x0028C848,104
FUN_0028c850,0x0028C850,0x0028C910,192
FUN_0028c910,0x0028C910,0x0028C950,64
FUN_0028c950,0x0028C950,0x0028C958,8
FUN_0028c960,0x0028C960,0x0028C974,20
FUN_0028c980,0x0028C980,0x0028CA00,128
FUN_0028ca00,0x0028CA00,0x0028CA60,96
FUN_0028ca60,0x0028CA60,0x0028CE8C,1068
FUN_0028ce90,0x0028CE90,0x0028CFE0,336
FUN_0028cfe0,0x0028CFE0,0x0028D020,64
FUN_0028d020,0x0028D020,0x0028D068,72
FUN_0028d070,0x0028D070,0x0028D0F0,128
FUN_0028d0f0,0x0028D0F0,0x0028D15C,104
FUN_0028d160,0x0028D160,0x0028D180,32
FUN_0028d180,0x0028D180,0x0028D274,244
FUN_0028d280,0x0028D280,0x0028D4EC,608
FUN_0028d4f0,0x0028D4F0,0x0028D564,116
FUN_0028d570,0x0028D570,0x0028D578,8
FUN_0028d580,0x0028D580,0x0028D5AC,44
FUN_0028d5b0,0x0028D5B0,0x0028D5D4,36
FUN_0028d5e0,0x0028D5E0,0x0028D704,292
FUN_0028d710,0x0028D710,0x0028D87C,360
FUN_0028d880,0x0028D880,0x0028DA70,488
FUN_0028da70,0x0028DA70,0x0028DB44,212
FUN_0028db50,0x0028DB50,0x0028DD70,524
FUN_0028dd70,0x0028DD70,0x0028DFA0,560
FUN_0028dfa0,0x0028DFA0,0x0028E230,648
FUN_0028e230,0x0028E230,0x0028E334,260
FUN_0028e340,0x0028E340,0x0028E348,8
FUN_0028e350,0x0028E350,0x0028E3AC,92
FUN_0028e3b0,0x0028E3B0,0x0028E424,116
FUN_0028e430,0x0028E430,0x0028E4F4,188
FUN_0028e500,0x0028E500,0x0028E778,620
FUN_0028e780,0x0028E780,0x0028E7E0,92
FUN_0028e7e0,0x0028E7E0,0x0028E8F8,268
FUN_0028e900,0x0028E900,0x0028E928,40
FUN_0028e930,0x0028E930,0x0028EA00,208
FUN_0028ea00,0x0028EA00,0x0028EB0C,268
FUN_0028eb10,0x0028EB10,0x0028EB78,104
FUN_0028eb80,0x0028EB80,0x0028EBE8,104
FUN_0028ebf0,0x0028EBF0,0x0028ECCC,220
FUN_0028ecd0,0x0028ECD0,0x0028ED88,184
FUN_0028ed90,0x0028ED90,0x0028F018,644
FUN_0028f020,0x0028F020,0x0028F340,796
FUN_0028f340,0x0028F340,0x0028F348,8
FUN_0028f350,0x0028F350,0x0028F3D0,128
FUN_0028f3d0,0x0028F3D0,0x0028F460,144
FUN_0028f460,0x0028F460,0x0028F540,224
FUN_0028f540,0x0028F540,0x0028F614,212
FUN_0028f620,0x0028F620,0x0028F6F4,212
FUN_0028f700,0x0028F700,0x0028F768,104
FUN_0028f770,0x0028F770,0x0028F810,160
FUN_0028f810,0x0028F810,0x0028F8BC,172
FUN_0028f8c0,0x0028F8C0,0x0028FB0C,588
FUN_0028fb10,0x0028FB10,0x0028FB40,48
FUN_0028fb40,0x0028FB40,0x0028FC08,196
FUN_0028fc10,0x0028FC10,0x0028FD08,248
FUN_0028fd10,0x0028FD10,0x0028FD90,128
FUN_0028fd90,0x0028FD90,0x0028FEF0,352
FUN_0028fef0,0x0028FEF0,0x0028FEF8,8
FUN_0028ff00,0x0028FF00,0x0028FF68,104
FUN_0028ff70,0x0028FF70,0x0028FFB0,64
FUN_0028ffb0,0x0028FFB0,0x0028FFB8,8
FUN_0028ffc0,0x0028FFC0,0x0029007C,188
FUN_00290080,0x00290080,0x00290158,212
FUN_00290160,0x00290160,0x00290210,176
FUN_00290210,0x00290210,0x0029025C,76
FUN_00290260,0x00290260,0x002902BC,92
FUN_002902c0,0x002902C0,0x0029039C,220
FUN_002903a0,0x002903A0,0x00290414,116
FUN_00290420,0x00290420,0x00290458,56
FUN_00290460,0x00290460,0x002904A8,68
FUN_002904b0,0x002904B0,0x002904D8,40
FUN_002904e0,0x002904E0,0x00290520,64
FUN_00290520,0x00290520,0x00290534,20
FUN_00290540,0x00290540,0x00290568,40
FUN_00290570,0x00290570,0x002905A8,56
FUN_002905b0,0x002905B0,0x002906AC,252
FUN_002906b0,0x002906B0,0x002906F8,72
FUN_00290700,0x00290700,0x002907C0,184
FUN_002907c0,0x002907C0,0x00290840,128
FUN_00290840,0x00290840,0x002908BC,124
FUN_002908c0,0x002908C0,0x0029094C,140
FUN_00290950,0x00290950,0x00290AF0,416
FUN_00290af0,0x00290AF0,0x00290B94,164
FUN_00290ba0,0x00290BA0,0x00290CE4,324
FUN_00290cf0,0x00290CF0,0x00290D60,112
FUN_00290d60,0x00290D60,0x00290DDC,124
FUN_00290de0,0x00290DE0,0x00290E6C,140
FUN_00290e70,0x00290E70,0x00290FF4,384
FUN_00291000,0x00291000,0x00291058,88
FUN_00291060,0x00291060,0x002910EC,140
FUN_002910f0,0x002910F0,0x00291198,168
FUN_002911a0,0x002911A0,0x00291290,240
FUN_00291290,0x00291290,0x00291354,196
FUN_00291360,0x00291360,0x002914A4,324
FUN_002914b0,0x002914B0,0x00291570,192
FUN_00291570,0x00291570,0x002915D0,96
FUN_002915d0,0x002915D0,0x00291614,68
FUN_00291620,0x00291620,0x002916D0,176
FUN_002916d0,0x002916D0,0x002916F0,32
FUN_002916f0,0x002916F0,0x002916F8,8
FUN_00291700,0x00291700,0x002917D8,212
FUN_002917e0,0x002917E0,0x00291868,136
FUN_00291870,0x00291870,0x00291878,8
FUN_00291880,0x00291880,0x00291990,268
FUN_00291990,0x00291990,0x00291A84,240
FUN_00291a90,0x00291A90,0x00291BC0,304
FUN_00291bc0,0x00291BC0,0x00291C20,96
FUN_00291c20,0x00291C20,0x00291D78,340
FUN_00291d80,0x00291D80,0x00291E24,164
FUN_00291e30,0x00291E30,0x00291E9C,108
FUN_00291ea0,0x00291EA0,0x00291EAC,12
FUN_00291eb0,0x00291EB0,0x00291EBC,12
FUN_00291ec0,0x00291EC0,0x00291F08,72
FUN_00291f10,0x00291F10,0x00291F58,72
FUN_00291f60,0x00291F60,0x00291F88,40
FUN_00291f90,0x00291F90,0x00291FB8,40
FUN_00291fc0,0x00291FC0,0x0029209C,216
FUN_002920a0,0x002920A0,0x00292174,212
FUN_00292180,0x00292180,0x002923E0,608
FUN_002923e0,0x002923E0,0x00292510,304
FUN_00292510,0x00292510,0x00292538,40
FUN_00292540,0x00292540,0x0029264C,268
FUN_00292650,0x00292650,0x00292778,296
FUN_00292780,0x00292780,0x0029281C,156
FUN_00292820,0x00292820,0x002928D8,184
FUN_002928e0,0x002928E0,0x00292930,80
FUN_00292930,0x00292930,0x00292980,80
FUN_00292980,0x00292980,0x00292D0C,904
FUN_00292d10,0x00292D10,0x002936F8,2500
FUN_00293700,0x00293700,0x00293870,368
FUN_00293870,0x00293870,0x00294990,4304
FUN_00294990,0x00294990,0x002949A0,16
FUN_002949a0,0x002949A0,0x00294A0C,104
FUN_00294a10,0x00294A10,0x00294A40,48
FUN_00294a40,0x00294A40,0x00294B10,208
FUN_00294b10,0x00294B10,0x00294C54,320
FUN_00294c60,0x00294C60,0x00294CCC,104
FUN_00294cd0,0x00294CD0,0x00294D10,64
FUN_00294d10,0x00294D10,0x00294D8C,120
FUN_00294d90,0x00294D90,0x00294E14,128
FUN_00294e20,0x00294E20,0x00294F40,288
FUN_00294f40,0x00294F40,0x00295008,200
FUN_00295010,0x00295010,0x00295444,1076
FUN_00295450,0x00295450,0x00295520,204
FUN_00295520,0x00295520,0x002955F4,212
FUN_00295600,0x00295600,0x00295E54,2128
FUN_00295e60,0x00295E60,0x00295FB8,336
FUN_00295fc0,0x00295FC0,0x00296050,144
FUN_00296050,0x00296050,0x002960C4,116
FUN_002960d0,0x002960D0,0x002964CC,1012
FUN_002964d0,0x002964D0,0x002967E8,792
FUN_002967f0,0x002967F0,0x00296BA0,936
FUN_00296ba0,0x00296BA0,0x00296BE4,68
FUN_00296bf0,0x00296BF0,0x00296C6C,124
FUN_00296c70,0x00296C70,0x00297078,1016
thunk_FUN_00296c70,0x00297080,0x00297088,8
FUN_00297090,0x00297090,0x002974A0,1028
FUN_002974a0,0x002974A0,0x002974A8,8
FUN_002974b0,0x002974B0,0x00297A7C,1480
FUN_00297a80,0x00297A80,0x00298494,2524
FUN_002984a0,0x002984A0,0x0029899C,1268
FUN_002989a0,0x002989A0,0x00298FB4,1548
FUN_00298fc0,0x00298FC0,0x0029965C,1668
FUN_00299660,0x00299660,0x0029A6C8,4152
FUN_0029a6d0,0x0029A6D0,0x0029A6DC,12
FUN_0029a6e0,0x0029A6E0,0x0029A748,104
FUN_0029a750,0x0029A750,0x0029A8B0,352
FUN_0029a8b0,0x0029A8B0,0x0029AA64,420
FUN_0029aa70,0x0029AA70,0x0029AC8C,540
FUN_0029ac90,0x0029AC90,0x0029AD74,228
FUN_0029ad80,0x0029AD80,0x0029AE7C,248
FUN_0029ae80,0x0029AE80,0x0029B190,772
FUN_0029b190,0x0029B190,0x0029B19C,12
FUN_0029b1a0,0x0029B1A0,0x0029B1D0,48
FUN_0029b1d0,0x0029B1D0,0x0029B458,648
FUN_0029b460,0x0029B460,0x0029B710,688
FUN_0029b710,0x0029B710,0x0029B980,624
FUN_0029b980,0x0029B980,0x0029BBE8,616
FUN_0029bbf0,0x0029BBF0,0x0029BEE0,744
FUN_0029bee0,0x0029BEE0,0x0029C3DC,1264
FUN_0029c3e0,0x0029C3E0,0x0029C650,620
FUN_0029c650,0x0029C650,0x0029C7EC,408
FUN_0029c7f0,0x0029C7F0,0x0029C830,64
FUN_0029c830,0x0029C830,0x0029C8B8,136
FUN_0029c8c0,0x0029C8C0,0x0029CA70,428
FUN_0029ca70,0x0029CA70,0x0029CACC,92
FUN_0029cad0,0x0029CAD0,0x0029CDC4,756
FUN_0029cdd0,0x0029CDD0,0x0029CF94,448
FUN_0029cfa0,0x0029CFA0,0x0029D090,236
FUN_0029d090,0x0029D090,0x0029D0B0,32
FUN_0029d0b0,0x0029D0B0,0x0029D11C,104
FUN_0029d120,0x0029D120,0x0029D18C,108
FUN_0029d190,0x0029D190,0x0029D2E8,344
FUN_0029d2f0,0x0029D2F0,0x0029D468,376
FUN_0029d470,0x0029D470,0x0029E0A8,3112
FUN_0029e0b0,0x0029E0B0,0x0029E214,356
FUN_0029e220,0x0029E220,0x0029E3B8,408
FUN_0029e3c0,0x0029E3C0,0x0029E404,64
FUN_0029e410,0x0029E410,0x0029E470,96
FUN_0029e470,0x0029E470,0x0029E4C0,80
FUN_0029e4c0,0x0029E4C0,0x0029E57C,188
FUN_0029e580,0x0029E580,0x0029E658,212
FUN_0029e660,0x0029E660,0x0029E6E8,128
FUN_0029e6f0,0x0029E6F0,0x0029E76C,124
FUN_0029e770,0x0029E770,0x0029E83C,204
FUN_0029e840,0x0029E840,0x0029E8BC,124
FUN_0029e8c0,0x0029E8C0,0x0029EB74,692
FUN_0029eb80,0x0029EB80,0x0029EB88,8
FUN_0029eb90,0x0029EB90,0x0029ECA4,276
FUN_0029ecb0,0x0029ECB0,0x0029ED54,164
FUN_0029ed60,0x0029ED60,0x0029ED70,16
FUN_0029ed70,0x0029ED70,0x0029ED80,16
FUN_0029ed80,0x0029ED80,0x0029ED90,16
FUN_0029ed90,0x0029ED90,0x0029ED98,8
FUN_0029eda0,0x0029EDA0,0x0029EDE4,68
FUN_0029edf0,0x0029EDF0,0x0029EE10,32
FUN_0029ee10,0x0029EE10,0x0029EEB0,160
FUN_0029eeb0,0x0029EEB0,0x0029EF14,100
FUN_0029ef20,0x0029EF20,0x0029EF40,32
FUN_0029ef40,0x0029EF40,0x0029EF60,32
FUN_0029ef60,0x0029EF60,0x0029EF80,32
FUN_0029ef80,0x0029EF80,0x0029EFD0,76
FUN_0029efd0,0x0029EFD0,0x0029F048,120
FUN_0029f050,0x0029F050,0x0029F130,224
FUN_0029f130,0x0029F130,0x0029F1E4,180
FUN_0029f1f0,0x0029F1F0,0x0029F388,408
FUN_0029f390,0x0029F390,0x0029F498,260
FUN_0029f4a0,0x0029F4A0,0x0029F554,180
FUN_0029f560,0x0029F560,0x0029F568,8
FUN_0029f570,0x0029F570,0x0029F578,8
FUN_0029f580,0x0029F580,0x0029F5C4,68
FUN_0029f5d0,0x0029F5D0,0x0029F660,144
FUN_0029f660,0x0029F660,0x0029F774,252
FUN_0029f780,0x0029F780,0x0029F824,160
FUN_0029f830,0x0029F830,0x0029F8DC,172
FUN_0029f8e0,0x0029F8E0,0x0029F970,144
FUN_0029f970,0x0029F970,0x0029F9E0,112
FUN_0029f9e0,0x0029F9E0,0x0029FA90,176
FUN_0029fa90,0x0029FA90,0x0029FB70,216
FUN_0029fb70,0x0029FB70,0x0029FB78,8
FUN_0029fb80,0x0029FB80,0x0029FB88,8
FUN_0029fb90,0x0029FB90,0x0029FB98,8
FUN_0029fba0,0x0029FBA0,0x0029FBA8,8
FUN_0029fbb0,0x0029FBB0,0x0029FC30,128
FUN_0029fc30,0x0029FC30,0x0029FDA4,368
FUN_0029fdb0,0x0029FDB0,0x0029FDE0,48
FUN_0029fde0,0x0029FDE0,0x0029FDE8,8
FUN_0029fdf0,0x0029FDF0,0x0029FDF8,8
FUN_0029fe00,0x0029FE00,0x0029FE08,8
FUN_0029fe10,0x0029FE10,0x0029FE30,32
FUN_0029fe30,0x0029FE30,0x0029FE50,32
FUN_0029fe50,0x0029FE50,0x0029FE70,32
FUN_0029fe70,0x0029FE70,0x0029FFF0,384
FUN_0029fff0,0x0029FFF0,0x002A0114,292
FUN_002a0120,0x002A0120,0x002A0140,32
FUN_002a0140,0x002A0140,0x002A0148,8
FUN_002a0150,0x002A0150,0x002A0158,8
FUN_002a0160,0x002A0160,0x002A0168,8
FUN_002a0170,0x002A0170,0x002A01DC,108
FUN_002a01e0,0x002A01E0,0x002A0208,40
FUN_002a0210,0x002A0210,0x002A0218,8
FUN_002a0220,0x002A0220,0x002A0228,8
FUN_002a0230,0x002A0230,0x002A0308,216
FUN_002a0310,0x002A0310,0x002A0680,880
FUN_002a0680,0x002A0680,0x002A0694,20
FUN_002a06a0,0x002A06A0,0x002A0848,424
FUN_002a0850,0x002A0850,0x002A0930,224
FUN_002a0930,0x002A0930,0x002A0A10,224
FUN_002a0a10,0x002A0A10,0x002A0B08,248
FUN_002a0b10,0x002A0B10,0x002A0D48,568
FUN_002a0d50,0x002A0D50,0x002A0EF0,416
FUN_002a0ef0,0x002A0EF0,0x002A100C,284
FUN_002a1010,0x002A1010,0x002A10B4,160
FUN_002a10c0,0x002A10C0,0x002A110C,76
FUN_002a1110,0x002A1110,0x002A11A8,152
FUN_002a11b0,0x002A11B0,0x002A127C,204
FUN_002a1280,0x002A1280,0x002A12C4,68
FUN_002a12d0,0x002A12D0,0x002A1348,120
FUN_002a1350,0x002A1350,0x002A1360,16
FUN_002a1360,0x002A1360,0x002A136C,12
FUN_002a1370,0x002A1370,0x002A1454,224
FUN_002a1460,0x002A1460,0x002A14C8,104
FUN_002a14d0,0x002A14D0,0x002A1588,184
FUN_002a1590,0x002A1590,0x002A1598,8
FUN_002a15a0,0x002A15A0,0x002A15AC,12
FUN_002a15b0,0x002A15B0,0x002A15BC,12
FUN_002a15c0,0x002A15C0,0x002A1620,96
FUN_002a1620,0x002A1620,0x002A1658,56
FUN_002a1660,0x002A1660,0x002A1688,40
FUN_002a1690,0x002A1690,0x002A1700,108
FUN_002a1700,0x002A1700,0x002A1808,264
FUN_002a1810,0x002A1810,0x002A1950,316
FUN_002a1950,0x002A1950,0x002A1DB8,1100
FUN_002a1dc0,0x002A1DC0,0x002A1F08,328
FUN_002a1f10,0x002A1F10,0x002A22D8,964
FUN_002a22e0,0x002A22E0,0x002A246C,396
FUN_002a2470,0x002A2470,0x002A25C0,332
FUN_002a25c0,0x002A25C0,0x002A2634,116
FUN_002a2640,0x002A2640,0x002A2660,32
FUN_002a2660,0x002A2660,0x002A270C,172
FUN_002a2710,0x002A2710,0x002A27D4,196
FUN_002a27e0,0x002A27E0,0x002A2D7C,1408
FUN_002a2d80,0x002A2D80,0x002A2EA8,296
FUN_002a2eb0,0x002A2EB0,0x002A2EB8,8
FUN_002a2ec0,0x002A2EC0,0x002A2FD0,272
FUN_002a2fd0,0x002A2FD0,0x002A36CC,1776
FUN_002a36d0,0x002A36D0,0x002A386C,412
FUN_002a3870,0x002A3870,0x002A3A08,400
FUN_002a3a10,0x002A3A10,0x002A3A54,68
FUN_002a3a60,0x002A3A60,0x002A3B64,260
FUN_002a3b70,0x002A3B70,0x002A3B78,8
FUN_002a3b80,0x002A3B80,0x002A3B88,8
FUN_002a3b90,0x002A3B90,0x002A3B98,8
FUN_002a3ba0,0x002A3BA0,0x002A3BA8,8
FUN_002a3bb0,0x002A3BB0,0x002A3BB8,8
FUN_002a3bc0,0x002A3BC0,0x002A3BC8,8
FUN_002a3bd0,0x002A3BD0,0x002A3BD8,8
FUN_002a3be0,0x002A3BE0,0x002A3BF0,16
FUN_002a3bf0,0x002A3BF0,0x002A3C20,48
FUN_002a3c20,0x002A3C20,0x002A3C28,8
FUN_002a3c30,0x002A3C30,0x002A3C38,8
FUN_002a3c40,0x002A3C40,0x002A3C8C,76
FUN_002a3c90,0x002A3C90,0x002A3CD4,68
FUN_002a3ce0,0x002A3CE0,0x002A3DF0,272
FUN_002a3df0,0x002A3DF0,0x002A3FB4,452
FUN_002a3fc0,0x002A3FC0,0x002A400C,76
FUN_002a4010,0x002A4010,0x002A4080,112
FUN_002a4080,0x002A4080,0x002A40C0,64
FUN_002a40c0,0x002A40C0,0x002A40C8,8
FUN_002a40d0,0x002A40D0,0x002A40E4,20
FUN_002a40f0,0x002A40F0,0x002A40F8,8
FUN_002a4100,0x002A4100,0x002A4164,100
FUN_002a4170,0x002A4170,0x002A4210,156
FUN_002a4210,0x002A4210,0x002A4240,48
FUN_002a4240,0x002A4240,0x002A4328,228
FUN_002a4330,0x002A4330,0x002A43B0,128
FUN_002a43b0,0x002A43B0,0x002A4670,704
FUN_002a4670,0x002A4670,0x002A4E24,1960
FUN_002a4e30,0x002A4E30,0x002A4E44,20
FUN_002a4e50,0x002A4E50,0x002A4FE8,408
FUN_002a4ff0,0x002A4FF0,0x002A4FF8,8
FUN_002a5000,0x002A5000,0x002A5008,8
FUN_002a5010,0x002A5010,0x002A5018,8
FUN_002a5020,0x002A5020,0x002A5028,8
FUN_002a5030,0x002A5030,0x002A5090,96
FUN_002a5090,0x002A5090,0x002A50B4,36
FUN_002a50c0,0x002A50C0,0x002A531C,604
FUN_002a5320,0x002A5320,0x002A5358,56
FUN_002a5360,0x002A5360,0x002A5550,492
FUN_002a5550,0x002A5550,0x002A56E4,400
FUN_002a56f0,0x002A56F0,0x002A5768,120
FUN_002a5770,0x002A5770,0x002A5784,20
FUN_002a5790,0x002A5790,0x002A579C,12
FUN_002a57a0,0x002A57A0,0x002A57A8,8
FUN_002a57b0,0x002A57B0,0x002A5AE8,820
FUN_002a5af0,0x002A5AF0,0x002A5CB0,448
FUN_002a5cb0,0x002A5CB0,0x002A5E18,356
FUN_002a5e20,0x002A5E20,0x002A5F08,232
FUN_002a5f10,0x002A5F10,0x002A6198,644
FUN_002a61a0,0x002A61A0,0x002A6224,132
FUN_002a6230,0x002A6230,0x002A6790,1368
FUN_002a6790,0x002A6790,0x002A69D8,580
FUN_002a69e0,0x002A69E0,0x002A783C,3676
FUN_002a7840,0x002A7840,0x002A7E50,1552
FUN_002a7e50,0x002A7E50,0x002A7E5C,12
FUN_002a7e60,0x002A7E60,0x002A7FB8,340
FUN_002a7fc0,0x002A7FC0,0x002A7FCC,12
FUN_002a7fd0,0x002A7FD0,0x002A8208,568
FUN_002a8210,0x002A8210,0x002A82D0,188
FUN_002a82d0,0x002A82D0,0x002A8388,184
FUN_002a8390,0x002A8390,0x002A8A44,1712
FUN_002a8a50,0x002A8A50,0x002A8A80,48
FUN_002a8a80,0x002A8A80,0x002A8AE4,100
FUN_002a8af0,0x002A8AF0,0x002A8B5C,108
FUN_002a8b60,0x002A8B60,0x002A8BC4,100
FUN_002a8bd0,0x002A8BD0,0x002A8C34,100
FUN_002a8c40,0x002A8C40,0x002A8C4C,12
FUN_002a8c50,0x002A8C50,0x002A8CBC,108
FUN_002a8cc0,0x002A8CC0,0x002A8D0C,76
FUN_002a8d10,0x002A8D10,0x002A8DA0,144
FUN_002a8da0,0x002A8DA0,0x002A8E74,212
FUN_002a8e80,0x002A8E80,0x002A94EC,1644
FUN_002a94f0,0x002A94F0,0x002A9924,1076
FUN_002a9930,0x002A9930,0x002AA150,2080
FUN_002aa150,0x002AA150,0x002AA354,516
FUN_002aa358,0x002AA358,0x002AA378,32
FUN_002aa378,0x002AA378,0x002AA3E8,112
FUN_002aa3e8,0x002AA3E8,0x002AA418,48
FUN_002aa418,0x002AA418,0x002AA448,48
FUN_002aa448,0x002AA448,0x002AA478,48
FUN_002aa480,0x002AA480,0x002AA718,664
FUN_002aa720,0x002AA720,0x002AA734,20
FUN_002aa740,0x002AA740,0x002AA8DC,412
FUN_002aa8e0,0x002AA8E0,0x002AA9FC,280
FUN_002aaa00,0x002AAA00,0x002AAA50,80
FUN_002aaa50,0x002AAA50,0x002AAE98,1088
FUN_002aaea0,0x002AAEA0,0x002AAF08,104
FUN_002aaf10,0x002AAF10,0x002AB038,296
FUN_002ab040,0x002AB040,0x002AB070,48
FUN_002ab070,0x002AB070,0x002AB178,264
FUN_002ab180,0x002AB180,0x002AB1F0,112
FUN_002ab1f0,0x002AB1F0,0x002AB230,64
FUN_002ab230,0x002AB230,0x002AB238,8
FUN_002ab240,0x002AB240,0x002AB254,20
FUN_002ab260,0x002AB260,0x002AB334,212
FUN_002ab340,0x002AB340,0x002AB510,464
FUN_002ab510,0x002AB510,0x002AB5D0,192
FUN_002ab5d0,0x002AB5D0,0x002AB97C,932
FUN_002ab980,0x002AB980,0x002AB988,8
FUN_002ab990,0x002AB990,0x002AB998,8
FUN_002ab9a0,0x002AB9A0,0x002AB9CC,44
FUN_002ab9d0,0x002AB9D0,0x002ABF28,1348
FUN_002abf30,0x002ABF30,0x002AC1EC,692
FUN_002ac1f0,0x002AC1F0,0x002AC26C,124
FUN_002ac270,0x002AC270,0x002AC4AC,572
FUN_002ac4b0,0x002AC4B0,0x002AC4D0,32
FUN_002ac4d0,0x002AC4D0,0x002ACC04,1836
FUN_002acc10,0x002ACC10,0x002ACD0C,252
FUN_002acd10,0x002ACD10,0x002ACD94,132
FUN_002acda0,0x002ACDA0,0x002AD3BC,1560
FUN_002ad3c0,0x002AD3C0,0x002AD420,96
FUN_002ad420,0x002AD420,0x002AD460,64
thunk_FUN_002b15c0,0x002AD460,0x002AD468,8
FUN_002ad470,0x002AD470,0x002AD484,20
FUN_002ad490,0x002AD490,0x002AD6FC,616
FUN_002ad700,0x002AD700,0x002ADA1C,796
FUN_002ada20,0x002ADA20,0x002ADA94,116
FUN_002adaa0,0x002ADAA0,0x002ADDC4,804
FUN_002addd0,0x002ADDD0,0x002AE3F4,1568
FUN_002ae400,0x002AE400,0x002AE498,144
FUN_002ae4a0,0x002AE4A0,0x002AE5D8,312
FUN_002ae5e0,0x002AE5E0,0x002AEC88,1692
FUN_002aec90,0x002AEC90,0x002AF334,1700
FUN_002af340,0x002AF340,0x002AF5BC,636
FUN_002af5c0,0x002AF5C0,0x002AF910,844
FUN_002af910,0x002AF910,0x002AFA50,320
FUN_002afa50,0x002AFA50,0x002AFD40,736
FUN_002afd40,0x002AFD40,0x002AFD9C,92
FUN_002afda0,0x002AFDA0,0x002AFEE8,328
FUN_002afef0,0x002AFEF0,0x002AFF10,32
FUN_002aff10,0x002AFF10,0x002AFF7C,104
FUN_002aff80,0x002AFF80,0x002AFFAC,44
FUN_002affb0,0x002AFFB0,0x002B0154,412
FUN_002b0160,0x002B0160,0x002B01C4,96
FUN_002b01d0,0x002B01D0,0x002B0220,80
FUN_002b0220,0x002B0220,0x002B0368,328
FUN_002b0370,0x002B0370,0x002B03EC,124
FUN_002b03f0,0x002B03F0,0x002B046C,120
FUN_002b0470,0x002B0470,0x002B04F4,128
FUN_002b0500,0x002B0500,0x002B05A0,160
FUN_002b05a0,0x002B05A0,0x002B061C,120
FUN_002b0620,0x002B0620,0x002B06A4,128
FUN_002b06b0,0x002B06B0,0x002B06C0,16
FUN_002b06c0,0x002B06C0,0x002B072C,104
FUN_002b0730,0x002B0730,0x002B0740,16
FUN_002b0740,0x002B0740,0x002B0990,588
FUN_002b0990,0x002B0990,0x002B0B54,452
FUN_002b0b60,0x002B0B60,0x002B0D28,448
FUN_002b0d30,0x002B0D30,0x002B0DD8,168
FUN_002b0de0,0x002B0DE0,0x002B0F20,312
FUN_002b0f20,0x002B0F20,0x002B1124,508
FUN_002b1130,0x002B1130,0x002B1144,20
FUN_002b1150,0x002B1150,0x002B1178,40
FUN_002b1180,0x002B1180,0x002B1210,136
FUN_002b1210,0x002B1210,0x002B1230,32
FUN_002b1230,0x002B1230,0x002B123C,12
FUN_002b1240,0x002B1240,0x002B124C,12
FUN_002b1250,0x002B1250,0x002B125C,12
FUN_002b1260,0x002B1260,0x002B1288,40
FUN_002b1290,0x002B1290,0x002B141C,396
FUN_002b1420,0x002B1420,0x002B15AC,396
FUN_002b15b0,0x002B15B0,0x002B15BC,12
FUN_002b15c0,0x002B15C0,0x002B15C8,8
FUN_002b15d0,0x002B15D0,0x002B1648,120
FUN_002b1650,0x002B1650,0x002B1668,24
FUN_002b1670,0x002B1670,0x002B169C,44
FUN_002b16a0,0x002B16A0,0x002B1AE4,1080
FUN_002b1af0,0x002B1AF0,0x002B1C70,384
FUN_002b1c70,0x002B1C70,0x002B22F4,1656
FUN_002b2300,0x002B2300,0x002B2A34,1832
FUN_002b2a40,0x002B2A40,0x002B2C30,496
FUN_002b2c30,0x002B2C30,0x002B2C98,104
FUN_002b2ca0,0x002B2CA0,0x002B2CA8,8
FUN_002b2cb0,0x002B2CB0,0x002B2D18,104
FUN_002b2d20,0x002B2D20,0x002B2D28,8
FUN_002b2d30,0x002B2D30,0x002B2D98,104
FUN_002b2da0,0x002B2DA0,0x002B2F3C,408
FUN_002b2f40,0x002B2F40,0x002B3008,200
FUN_002b3010,0x002B3010,0x002B31A8,408
FUN_002b31b0,0x002B31B0,0x002B31C4,20
FUN_002b31d0,0x002B31D0,0x002B31E8,24
FUN_002b31f0,0x002B31F0,0x002B32A4,180
FUN_002b32b0,0x002B32B0,0x002B3318,104
FUN_002b3320,0x002B3320,0x002B3380,96
FUN_002b3380,0x002B3380,0x002B33E0,96
FUN_002b33e0,0x002B33E0,0x002B341C,60
FUN_002b3420,0x002B3420,0x002B344C,44
FUN_002b3450,0x002B3450,0x002B35E0,396
FUN_002b35e0,0x002B35E0,0x002B3AF0,1288
FUN_002b3af0,0x002B3AF0,0x002B3B74,132
FUN_002b3b80,0x002B3B80,0x002B3B88,8
FUN_002b3b90,0x002B3B90,0x002B3B98,8
FUN_002b3ba0,0x002B3BA0,0x002B3BD8,56
FUN_002b3be0,0x002B3BE0,0x002B3D1C,316
FUN_002b3d20,0x002B3D20,0x002B3DB0,144
FUN_002b3db0,0x002B3DB0,0x002B4250,1172
FUN_002b4250,0x002B4250,0x002B42D8,136
FUN_002b42e0,0x002B42E0,0x002B4730,1088
FUN_002b4730,0x002B4730,0x002B4854,288
FUN_002b4860,0x002B4860,0x002B4E38,1476
FUN_002b4e40,0x002B4E40,0x002B4E78,56
FUN_002b4e80,0x002B4E80,0x002B4EAC,44
FUN_002b4eb0,0x002B4EB0,0x002B4F90,220
FUN_002b4f90,0x002B4F90,0x002B4F9C,12
FUN_002b4fa0,0x002B4FA0,0x002B4FAC,12
FUN_002b4fb0,0x002B4FB0,0x002B5054,160
FUN_002b5060,0x002B5060,0x002B5150,236
FUN_002b5150,0x002B5150,0x002B51C0,112
FUN_002b51c0,0x002B51C0,0x002B5290,208
FUN_002b5290,0x002B5290,0x002B52D0,64
FUN_002b52d0,0x002B52D0,0x002B533C,104
FUN_002b5340,0x002B5340,0x002B53D8,152
FUN_002b53e0,0x002B53E0,0x002B5410,48
FUN_002b5410,0x002B5410,0x002B5564,336
FUN_002b5570,0x002B5570,0x002B557C,12
FUN_002b5580,0x002B5580,0x002B55E0,96
FUN_002b55e0,0x002B55E0,0x002B55E8,8
FUN_002b55f0,0x002B55F0,0x002B55F8,8
FUN_002b5600,0x002B5600,0x002B5608,8
FUN_002b5610,0x002B5610,0x002B562C,28
FUN_002b5630,0x002B5630,0x002B564C,28
FUN_002b5650,0x002B5650,0x002B566C,28
FUN_002b5670,0x002B5670,0x002B5678,8
FUN_002b5680,0x002B5680,0x002B56A0,32
FUN_002b56a0,0x002B56A0,0x002B575C,184
FUN_002b5760,0x002B5760,0x002B57D4,116
FUN_002b57e0,0x002B57E0,0x002B58E8,264
FUN_002b58f0,0x002B58F0,0x002B5908,24
FUN_002b5910,0x002B5910,0x002B5928,24
FUN_002b5930,0x002B5930,0x002B5990,96
FUN_002b5990,0x002B5990,0x002B5A40,176
FUN_002b5a40,0x002B5A40,0x002B5AE0,160
FUN_002b5ae0,0x002B5AE0,0x002B5B9C,184
FUN_002b5ba0,0x002B5BA0,0x002B5BCC,44
FUN_002b5bd0,0x002B5BD0,0x002B5C40,112
FUN_002b5c40,0x002B5C40,0x002B5D84,324
FUN_002b5d90,0x002B5D90,0x002B5E4C,188
FUN_002b5e50,0x002B5E50,0x002B5EE8,152
FUN_002b5ef0,0x002B5EF0,0x002B60FC,516
FUN_002b6100,0x002B6100,0x002B615C,92
FUN_002b6160,0x002B6160,0x002B61BC,92
FUN_002b61c0,0x002B61C0,0x002B61D0,16
FUN_002b61d0,0x002B61D0,0x002B6290,168
FUN_002b6290,0x002B6290,0x002B6348,160
FUN_002b6350,0x002B6350,0x002B6408,160
FUN_002b6410,0x002B6410,0x002B6440,48
FUN_002b6440,0x002B6440,0x002B6460,32
FUN_002b6460,0x002B6460,0x002B65AC,332
FUN_002b65b0,0x002B65B0,0x002B6734,388
FUN_002b6740,0x002B6740,0x002B67F0,176
FUN_002b67f0,0x002B67F0,0x002B6870,124
FUN_002b6870,0x002B6870,0x002B68F0,124
FUN_002b68f0,0x002B68F0,0x002B69B0,192
FUN_002b69b0,0x002B69B0,0x002B6F7C,1452
FUN_002b6f80,0x002B6F80,0x002B7050,208
FUN_002b7050,0x002B7050,0x002B71A4,340
FUN_002b71b0,0x002B71B0,0x002B71B8,8
FUN_002b71c0,0x002B71C0,0x002B71C8,8
FUN_002b71d0,0x002B71D0,0x002B7240,112
FUN_002b7240,0x002B7240,0x002B72A0,96
FUN_002b72a0,0x002B72A0,0x002B7820,1404
FUN_002b7820,0x002B7820,0x002B7E1C,1528
FUN_002b7e20,0x002B7E20,0x002B7E98,120
FUN_002b7ea0,0x002B7EA0,0x002B7F94,244
FUN_002b7fa0,0x002B7FA0,0x002B876C,1972
FUN_002b8770,0x002B8770,0x002B87D0,96
FUN_002b87d0,0x002B87D0,0x002B8848,120
FUN_002b8850,0x002B8850,0x002B8944,244
FUN_002b8950,0x002B8950,0x002B8A30,224
FUN_002b8a30,0x002B8A30,0x002B8F88,1356
FUN_002b8f90,0x002B8F90,0x002B8F9C,12
FUN_002b8fa0,0x002B8FA0,0x002B9078,216
FUN_002b9080,0x002B9080,0x002B9190,272
FUN_002b9190,0x002B9190,0x002B9204,112
FUN_002b9210,0x002B9210,0x002B93B8,424
FUN_002b93c0,0x002B93C0,0x002B93F0,48
FUN_002b93f0,0x002B93F0,0x002B9498,168
FUN_002b94a0,0x002B94A0,0x002B9538,152
FUN_002b9540,0x002B9540,0x002B9568,40
FUN_002b9570,0x002B9570,0x002B9620,176
FUN_002b9620,0x002B9620,0x002B9820,500
FUN_002b9820,0x002B9820,0x002B9880,96
FUN_002b9880,0x002B9880,0x002B98E8,104
FUN_002b98f0,0x002B98F0,0x002B9A64,368
FUN_002b9a70,0x002B9A70,0x002B9C88,536
FUN_002b9c90,0x002B9C90,0x002B9F14,636
FUN_002b9f20,0x002B9F20,0x002B9F64,68
FUN_002b9f70,0x002B9F70,0x002BA0CC,344
FUN_002ba0d0,0x002BA0D0,0x002BA110,64
FUN_002ba110,0x002BA110,0x002BA1AC,152
FUN_002ba1b0,0x002BA1B0,0x002BAC94,2788
FUN_002baca0,0x002BACA0,0x002BB3B4,1780
FUN_002bb3c0,0x002BB3C0,0x002BB480,192
FUN_002bb480,0x002BB480,0x002BB4E0,96
FUN_002bb4e0,0x002BB4E0,0x002BB5D0,240
FUN_002bb5d0,0x002BB5D0,0x002BB610,64
FUN_002bb610,0x002BB610,0x002BB6EC,220
FUN_002bb6f0,0x002BB6F0,0x002BB728,56
FUN_002bb730,0x002BB730,0x002BB79C,108
FUN_002bb7a0,0x002BB7A0,0x002BB94C,424
FUN_002bb950,0x002BB950,0x002BB9E8,152
FUN_002bb9f0,0x002BB9F0,0x002BBA14,36
FUN_002bba20,0x002BBA20,0x002BBAE0,192
FUN_002bbae0,0x002BBAE0,0x002BBB24,68
FUN_002bbb30,0x002BBB30,0x002BBC08,212
FUN_002bbc10,0x002BBC10,0x002BBD44,308
FUN_002bbd50,0x002BBD50,0x002BBDAC,92
FUN_002bbdb0,0x002BBDB0,0x002BBDFC,76
FUN_002bbe00,0x002BBE00,0x002BBE64,100
FUN_002bbe70,0x002BBE70,0x002BBEC4,84
FUN_002bbed0,0x002BBED0,0x002BBF74,164
FUN_002bbf80,0x002BBF80,0x002BBFF4,116
FUN_002bc000,0x002BC000,0x002BC0F0,240
FUN_002bc0f0,0x002BC0F0,0x002BC264,372
FUN_002bc270,0x002BC270,0x002BC454,484
FUN_002bc460,0x002BC460,0x002BC47C,28
FUN_002bc480,0x002BC480,0x002BC5D4,336
FUN_002bc5e0,0x002BC5E0,0x002BC844,612
FUN_002bc850,0x002BC850,0x002BC950,256
FUN_002bc950,0x002BC950,0x002BC9A8,88
FUN_002bc9b0,0x002BC9B0,0x002BC9C4,20
FUN_002bc9d0,0x002BC9D0,0x002BC9E0,16
FUN_002bc9e0,0x002BC9E0,0x002BCA78,152
FUN_002bca80,0x002BCA80,0x002BCAB0,48
FUN_002bcab0,0x002BCAB0,0x002BCB40,144
FUN_002bcb40,0x002BCB40,0x002BCD1C,468
FUN_002bcd20,0x002BCD20,0x002BCE24,260
FUN_002bce30,0x002BCE30,0x002BCF70,320
FUN_002bcf70,0x002BCF70,0x002BD228,696
FUN_002bd230,0x002BD230,0x002BD400,464
FUN_002bd400,0x002BD400,0x002BD490,144
FUN_002bd490,0x002BD490,0x002BD514,132
FUN_002bd520,0x002BD520,0x002BD574,84
FUN_002bd580,0x002BD580,0x002BD608,136
FUN_002bd610,0x002BD610,0x002BD714,260
FUN_002bd720,0x002BD720,0x002BD78C,108
FUN_002bd790,0x002BD790,0x002BD870,224
FUN_002bd870,0x002BD870,0x002BDA4C,472
FUN_002bda50,0x002BDA50,0x002BDBC0,368
FUN_002bdbc0,0x002BDBC0,0x002BDC44,132
FUN_002bdc50,0x002BDC50,0x002BDCDC,132
FUN_002bdce0,0x002BDCE0,0x002BE03C,856
FUN_002be040,0x002BE040,0x002BE0C4,132
FUN_002be0d0,0x002BE0D0,0x002BE16C,156
FUN_002be170,0x002BE170,0x002BE25C,236
FUN_002be260,0x002BE260,0x002BEC54,2528
FUN_002bec60,0x002BEC60,0x002BEC9C,60
FUN_002beca0,0x002BECA0,0x002BECDC,60
FUN_002bece0,0x002BECE0,0x002BED1C,60
FUN_002bed20,0x002BED20,0x002BED5C,60
FUN_002bed60,0x002BED60,0x002BED9C,60
FUN_002beda0,0x002BEDA0,0x002BEDDC,60
FUN_002bede0,0x002BEDE0,0x002BEE1C,60
FUN_002bee20,0x002BEE20,0x002BEE5C,60
FUN_002bee60,0x002BEE60,0x002BEEB0,76
FUN_002beeb0,0x002BEEB0,0x002BEFC0,260
FUN_002befc0,0x002BEFC0,0x002BF004,68
FUN_002bf010,0x002BF010,0x002BF05C,76
FUN_002bf060,0x002BF060,0x002BF104,164
FUN_002bf110,0x002BF110,0x002BF194,132
FUN_002bf1a0,0x002BF1A0,0x002BF270,204
FUN_002bf270,0x002BF270,0x002BF27C,12
FUN_002bf280,0x002BF280,0x002BF9D4,1872
FUN_002bf9e0,0x002BF9E0,0x002BFAD8,244
FUN_002bfae0,0x002BFAE0,0x002BFC58,368
FUN_002bfc60,0x002BFC60,0x002BFDA4,324
FUN_002bfdb0,0x002BFDB0,0x002C0A64,3248
FUN_002c0a70,0x002C0A70,0x002C0B7C,268
FUN_002c0b80,0x002C0B80,0x002C0BBC,60
FUN_002c0bc0,0x002C0BC0,0x002C0CC8,264
FUN_002c0cd0,0x002C0CD0,0x002C0F18,572
FUN_002c0f20,0x002C0F20,0x002C15B8,1688
FUN_002c15c0,0x002C15C0,0x002C19FC,1072
FUN_002c1a00,0x002C1A00,0x002C1A08,8
FUN_002c1a10,0x002C1A10,0x002C1A78,104
FUN_002c1a80,0x002C1A80,0x002C1C00,384
FUN_002c1c00,0x002C1C00,0x002C1C80,128
FUN_002c1c80,0x002C1C80,0x002C1CCC,76
FUN_002c1cd0,0x002C1CD0,0x002C21CC,1272
FUN_002c21d0,0x002C21D0,0x002C2274,160
FUN_002c2280,0x002C2280,0x002C2290,16
FUN_002c2290,0x002C2290,0x002C2398,260
FUN_002c23a0,0x002C23A0,0x002C2438,152
FUN_002c2440,0x002C2440,0x002C2D64,2328
FUN_002c2d70,0x002C2D70,0x002C306C,764
FUN_002c3070,0x002C3070,0x002C3154,224
FUN_002c3160,0x002C3160,0x002C3224,192
FUN_002c3230,0x002C3230,0x002C32B4,132
FUN_002c32c0,0x002C32C0,0x002C32EC,44
FUN_002c32f0,0x002C32F0,0x002C33FC,268
FUN_002c3400,0x002C3400,0x002C34B8,184
FUN_002c34c0,0x002C34C0,0x002C35D8,280
FUN_002c35e0,0x002C35E0,0x002C36F0,272
FUN_002c36f0,0x002C36F0,0x002C3858,360
FUN_002c3860,0x002C3860,0x002C389C,60
FUN_002c38a0,0x002C38A0,0x002C3B80,728
FUN_002c3b80,0x002C3B80,0x002C3CF8,368
FUN_002c3d00,0x002C3D00,0x002C3D2C,44
FUN_002c3d30,0x002C3D30,0x002C3EC4,404
FUN_002c3ed0,0x002C3ED0,0x002C400C,312
FUN_002c4020,0x002C4020,0x002C40B4,148
FUN_002c40c0,0x002C40C0,0x002C41F4,304
FUN_002c4200,0x002C4200,0x002C4350,336
FUN_002c4350,0x002C4350,0x002C4468,280
FUN_002c4470,0x002C4470,0x002C46C4,592
FUN_002c46d0,0x002C46D0,0x002C46FC,44
FUN_002c4700,0x002C4700,0x002C472C,44
FUN_002c4730,0x002C4730,0x002C475C,44
FUN_002c4760,0x002C4760,0x002C478C,44
FUN_002c4790,0x002C4790,0x002C4820,144
FUN_002c4820,0x002C4820,0x002C4888,104
FUN_002c4890,0x002C4890,0x002C49B8,296
FUN_002c49c0,0x002C49C0,0x002C4A28,104
FUN_002c4a30,0x002C4A30,0x002C4A98,100
FUN_002c4aa0,0x002C4AA0,0x002C4B60,192
FUN_002c4b60,0x002C4B60,0x002C4BC0,96
FUN_002c4bc0,0x002C4BC0,0x002C4C08,68
FUN_002c4c10,0x002C4C10,0x002C4C34,36
FUN_002c4c40,0x002C4C40,0x002C4CE8,168
FUN_002c4cf0,0x002C4CF0,0x002C4D20,48
FUN_002c4d20,0x002C4D20,0x002C4E08,224
FUN_002c4e10,0x002C4E10,0x002C4E40,48
FUN_002c4e40,0x002C4E40,0x002C4F28,224
FUN_002c4f30,0x002C4F30,0x002C4F50,32
FUN_002c4f50,0x002C4F50,0x002C4F70,32
FUN_002c4f70,0x002C4F70,0x002C4F98,40
FUN_002c4fa0,0x002C4FA0,0x002C5160,436
FUN_002c5160,0x002C5160,0x002C516C,12
FUN_002c5170,0x002C5170,0x002C51BC,76
FUN_002c51c0,0x002C51C0,0x002C5590,960
FUN_002c5590,0x002C5590,0x002C55F0,96
FUN_002c55f0,0x002C55F0,0x002C5640,76
FUN_002c5640,0x002C5640,0x002C5688,68
FUN_002c5690,0x002C5690,0x002C56D8,68
FUN_002c56e0,0x002C56E0,0x002C5730,76
FUN_002c5730,0x002C5730,0x002C5780,76
FUN_002c5780,0x002C5780,0x002C57D0,76
FUN_002c57d0,0x002C57D0,0x002C5898,200
FUN_002c58a0,0x002C58A0,0x002C5960,192
FUN_002c5960,0x002C5960,0x002C5C84,788
FUN_002c5c90,0x002C5C90,0x002C5CE4,84
FUN_002c5cf0,0x002C5CF0,0x002C5D88,148
FUN_002c5d90,0x002C5D90,0x002C5F60,460
FUN_002c5f60,0x002C5F60,0x002C6104,420
FUN_002c6110,0x002C6110,0x002C61C4,176
FUN_002c61d0,0x002C61D0,0x002C6400,548
FUN_002c6400,0x002C6400,0x002C64D4,208
FUN_002c64e0,0x002C64E0,0x002C6608,292
FUN_002c6610,0x002C6610,0x002C66E4,208
FUN_002c66f0,0x002C66F0,0x002C6818,292
FUN_002c6820,0x002C6820,0x002C6AB4,660
FUN_002c6ac0,0x002C6AC0,0x002C6CDC,540
FUN_002c6ce0,0x002C6CE0,0x002C7030,832
FUN_002c7030,0x002C7030,0x002C7114,228
FUN_002c7120,0x002C7120,0x002C743C,788
FUN_002c7440,0x002C7440,0x002C74C0,128
FUN_002c74c0,0x002C74C0,0x002C74E4,36
FUN_002c74f0,0x002C74F0,0x002C751C,44
FUN_002c7520,0x002C7520,0x002C76FC,476
FUN_002c7700,0x002C7700,0x002C7978,632
FUN_002c7980,0x002C7980,0x002C7A00,124
FUN_002c7a00,0x002C7A00,0x002C7A44,68
FUN_002c7a50,0x002C7A50,0x002C7B60,272
FUN_002c7b60,0x002C7B60,0x002C7CD4,368
FUN_002c7ce0,0x002C7CE0,0x002C7D14,52
FUN_002c7d20,0x002C7D20,0x002C7D2C,12
FUN_002c7d30,0x002C7D30,0x002C7D3C,12
FUN_002c7d40,0x002C7D40,0x002C7D4C,12
FUN_002c7d50,0x002C7D50,0x002C7DAC,92
FUN_002c7db0,0x002C7DB0,0x002C7DFC,76
FUN_002c7e00,0x002C7E00,0x002C7EC4,192
FUN_002c7ed0,0x002C7ED0,0x002C7F08,56
FUN_002c7f10,0x002C7F10,0x002C7F18,8
FUN_002c7f20,0x002C7F20,0x002C7F68,68
FUN_002c7f70,0x002C7F70,0x002C7F80,16
FUN_002c7f80,0x002C7F80,0x002C8038,176
FUN_002c8040,0x002C8040,0x002C80BC,124
FUN_002c80c0,0x002C80C0,0x002C80DC,28
FUN_002c80e0,0x002C80E0,0x002C8120,64
FUN_002c8120,0x002C8120,0x002C8148,40
FUN_002c8150,0x002C8150,0x002C8178,40
FUN_002c8180,0x002C8180,0x002C81C8,72
FUN_002c81d0,0x002C81D0,0x002C8210,60
FUN_002c8210,0x002C8210,0x002C8294,128
FUN_002c82a0,0x002C82A0,0x002C8358,184
FUN_002c8360,0x002C8360,0x002C84E0,380
FUN_002c84e0,0x002C84E0,0x002C8960,1136
FUN_002c8960,0x002C8960,0x002C8BB4,568
FUN_002c8bc0,0x002C8BC0,0x002C8C30,112
FUN_002c8c30,0x002C8C30,0x002C8CE4,180
FUN_002c8cf0,0x002C8CF0,0x002C8D58,104
FUN_002c8d60,0x002C8D60,0x002C8D84,36
FUN_002c8d90,0x002C8D90,0x002C8DB4,36
FUN_002c8dc0,0x002C8DC0,0x002C8DE4,36
FUN_002c8df0,0x002C8DF0,0x002C8ECC,220
FUN_002c8ed0,0x002C8ED0,0x002C8F7C,172
FUN_002c8f80,0x002C8F80,0x002C8FF0,112
FUN_002c8ff0,0x002C8FF0,0x002C9030,64
FUN_002c9030,0x002C9030,0x002C9038,8
FUN_002c9040,0x002C9040,0x002C9054,20
FUN_002c9060,0x002C9060,0x002C9100,160
FUN_002c9100,0x002C9100,0x002C9178,116
FUN_002c9180,0x002C9180,0x002C9218,152
FUN_002c9220,0x002C9220,0x002C9330,272
FUN_002c9330,0x002C9330,0x002C9500,460
FUN_002c9500,0x002C9500,0x002C95C8,200
FUN_002c95d0,0x002C95D0,0x002C95F4,36
FUN_002c9600,0x002C9600,0x002C96D0,204
FUN_002c96d0,0x002C96D0,0x002C96DC,12
FUN_002c96e0,0x002C96E0,0x002C974C,108
FUN_002c9750,0x002C9750,0x002C98F8,420
FUN_002c9900,0x002C9900,0x002C9908,8
FUN_002c9910,0x002C9910,0x002C99E4,212
FUN_002c99f0,0x002C99F0,0x002C9A00,16
FUN_002c9a00,0x002C9A00,0x002C9A10,16
FUN_002c9a10,0x002C9A10,0x002C9B84,368
FUN_002c9b90,0x002C9B90,0x002C9C84,240
FUN_002c9c90,0x002C9C90,0x002C9E00,368
FUN_002c9e00,0x002C9E00,0x002CA23C,1072
FUN_002ca240,0x002CA240,0x002CA248,8
FUN_002ca250,0x002CA250,0x002CA2B8,104
FUN_002ca2c0,0x002CA2C0,0x002CA440,384
FUN_002ca440,0x002CA440,0x002CA4C0,128
FUN_002ca4c0,0x002CA4C0,0x002CA628,360
FUN_002ca630,0x002CA630,0x002CA638,8
FUN_002ca640,0x002CA640,0x002CA718,216
FUN_002ca720,0x002CA720,0x002CA8D0,428
FUN_002ca8d0,0x002CA8D0,0x002CA99C,204
FUN_002ca9a0,0x002CA9A0,0x002CAA30,144
FUN_002caa30,0x002CAA30,0x002CAAB0,128
FUN_002caab0,0x002CAAB0,0x002CAC40,396
FUN_002cac40,0x002CAC40,0x002CACA0,96
FUN_002caca0,0x002CACA0,0x002CAFE4,816
FUN_002caff0,0x002CAFF0,0x002CB058,104
FUN_002cb060,0x002CB060,0x002CB0E4,132
FUN_002cb0f0,0x002CB0F0,0x002CB100,16
FUN_002cb100,0x002CB100,0x002CB350,592
FUN_002cb350,0x002CB350,0x002CB39C,76
FUN_002cb3a0,0x002CB3A0,0x002CB590,468
FUN_002cb590,0x002CB590,0x002CB598,8
FUN_002cb5a0,0x002CB5A0,0x002CB634,148
FUN_002cb640,0x002CB640,0x002CB648,8
FUN_002cb650,0x002CB650,0x002CB658,8
FUN_002cb660,0x002CB660,0x002CB668,8
FUN_002cb670,0x002CB670,0x002CB6D8,104
FUN_002cb6e0,0x002CB6E0,0x002CB7F8,280
FUN_002cb800,0x002CB800,0x002CB810,16
FUN_002cb810,0x002CB810,0x002CB87C,108
FUN_002cb880,0x002CB880,0x002CB888,8
FUN_002cb890,0x002CB890,0x002CB8A8,24
FUN_002cb8b0,0x002CB8B0,0x002CB8C4,20
FUN_002cb8d0,0x002CB8D0,0x002CB95C,140
FUN_002cb960,0x002CB960,0x002CBAD8,372
FUN_002cbae0,0x002CBAE0,0x002CC0B0,1480
FUN_002cc0b0,0x002CC0B0,0x002CC25C,428
FUN_002cc260,0x002CC260,0x002CC3E4,380
FUN_002cc3f0,0x002CC3F0,0x002CC5CC,468
FUN_002cc5d0,0x002CC5D0,0x002CC5F0,32
FUN_002cc5f0,0x002CC5F0,0x002CC678,136
FUN_002cc678,0x002CC678,0x002CC680,8
FUN_002cc680,0x002CC680,0x002CC6E8,104
FUN_002cc6f0,0x002CC6F0,0x002CC784,148
FUN_002cc790,0x002CC790,0x002CC858,200
FUN_002cc860,0x002CC860,0x002CC964,260
FUN_002cc970,0x002CC970,0x002CC978,8
FUN_002cc980,0x002CC980,0x002CC988,8
FUN_002cc990,0x002CC990,0x002CC998,8
FUN_002cc9a0,0x002CC9A0,0x002CCA34,148
thunk_FUN_002cc0b0,0x002CCA40,0x002CCA48,8
FUN_002cca50,0x002CCA50,0x002CCB08,184
FUN_002ccb10,0x002CCB10,0x002CCB24,20
FUN_002ccb30,0x002CCB30,0x002CCC80,336
FUN_002ccc80,0x002CCC80,0x002CCCB0,48
FUN_002cccb0,0x002CCCB0,0x002CCEA0,480
FUN_002ccea0,0x002CCEA0,0x002CCFE0,312
FUN_002ccfe0,0x002CCFE0,0x002CD020,64
FUN_002cd020,0x002CD020,0x002CD0B0,144
FUN_002cd0b0,0x002CD0B0,0x002CD1A4,244
FUN_002cd1b0,0x002CD1B0,0x002CD36C,440
FUN_002cd370,0x002CD370,0x002CD3C4,84
FUN_002cd3d0,0x002CD3D0,0x002CD41C,76
FUN_002cd420,0x002CD420,0x002CD558,312
FUN_002cd560,0x002CD560,0x002CD5F0,144
FUN_002cd5f0,0x002CD5F0,0x002CD644,84
FUN_002cd650,0x002CD650,0x002CD658,8
FUN_002cd660,0x002CD660,0x002CD8D0,624
FUN_002cd8d0,0x002CD8D0,0x002CD940,112
FUN_002cd940,0x002CD940,0x002CD9D8,152
FUN_002cd9e0,0x002CD9E0,0x002CDA80,160
thunk_FUN_001eeb70,0x002CDA80,0x002CDA88,8
FUN_002cda90,0x002CDA90,0x002CDAAC,28
FUN_002cdab0,0x002CDAB0,0x002CDAE0,48
thunk_FUN_001eeb40,0x002CDAE0,0x002CDAE8,8
FUN_002cdaf0,0x002CDAF0,0x002CDB44,80
FUN_002cdb50,0x002CDB50,0x002CDB64,20
FUN_002cdb70,0x002CDB70,0x002CDBA8,56
FUN_002cdbb0,0x002CDBB0,0x002CDBE4,52
FUN_002cdbf0,0x002CDBF0,0x002CDCE8,248
FUN_002cdcf0,0x002CDCF0,0x002CE164,1104
FUN_002ce170,0x002CE170,0x002CE220,172
FUN_002ce220,0x002CE220,0x002CE3A0,380
FUN_002ce3a0,0x002CE3A0,0x002CE458,184
FUN_002ce460,0x002CE460,0x002CE85C,1020
FUN_002ce860,0x002CE860,0x002CE928,196
FUN_002ce930,0x002CE930,0x002CEA10,220
FUN_002cea10,0x002CEA10,0x002CEB30,288
FUN_002ceb30,0x002CEB30,0x002CEEB8,884
FUN_002ceec0,0x002CEEC0,0x002CEF70,172
FUN_002cef70,0x002CEF70,0x002CF20C,652
FUN_002cf210,0x002CF210,0x002CF328,280
FUN_002cf330,0x002CF330,0x002CF474,324
FUN_002cf480,0x002CF480,0x002CF4E0,96
FUN_002cf4e0,0x002CF4E0,0x002CF56C,140
FUN_002cf570,0x002CF570,0x002CF7E4,620
FUN_002cf7f0,0x002CF7F0,0x002CF80C,28
FUN_002cf810,0x002CF810,0x002CFA00,492
FUN_002cfa00,0x002CFA00,0x002CFBE8,480
FUN_002cfbf0,0x002CFBF0,0x002CFFB8,960
FUN_002cffc0,0x002CFFC0,0x002D02B4,752
FUN_002d02c0,0x002D02C0,0x002D02E0,32
FUN_002d02e0,0x002D02E0,0x002D0360,128
FUN_002d0360,0x002D0360,0x002D03D0,112
FUN_002d03d0,0x002D03D0,0x002D0458,136
FUN_002d0460,0x002D0460,0x002D04E8,136
FUN_002d04f0,0x002D04F0,0x002D0638,328
FUN_002d0640,0x002D0640,0x002D06E4,164
FUN_002d06f0,0x002D06F0,0x002D0778,136
FUN_002d0780,0x002D0780,0x002D07F8,120
FUN_002d0800,0x002D0800,0x002D0888,136
FUN_002d0890,0x002D0890,0x002D0908,120
FUN_002d0910,0x002D0910,0x002D0988,120
FUN_002d0990,0x002D0990,0x002D09B0,32
FUN_002d09b0,0x002D09B0,0x002D09D0,32
FUN_002d09d0,0x002D09D0,0x002D09E4,20
FUN_002d09e4,0x002D09E4,0x002D09EC,8
FUN_002d09f0,0x002D09F0,0x002D0A10,32
FUN_002d0a10,0x002D0A10,0x002D0A30,32
FUN_002d0a30,0x002D0A30,0x002D0A50,32
FUN_002d0a50,0x002D0A50,0x002D0AC0,112
FUN_002d0ac0,0x002D0AC0,0x002D0AE0,32
FUN_002d0ae0,0x002D0AE0,0x002D0B50,112
FUN_002d0b50,0x002D0B50,0x002D0BD0,128
FUN_002d0bd0,0x002D0BD0,0x002D0C50,128
FUN_002d0c50,0x002D0C50,0x002D0CC8,120
FUN_002d0cd0,0x002D0CD0,0x002D0D48,120
FUN_002d0d50,0x002D0D50,0x002D0DB8,104
thunk_FUN_002d1200,0x002D0DC0,0x002D0DC8,8
FUN_002d0dd0,0x002D0DD0,0x002D0DE4,20
FUN_002d0df0,0x002D0DF0,0x002D0E2C,60
FUN_002d0e30,0x002D0E30,0x002D0E58,40
FUN_002d0e60,0x002D0E60,0x002D0EC8,104
FUN_002d0ed0,0x002D0ED0,0x002D1134,612
FUN_002d1140,0x002D1140,0x002D1198,88
FUN_002d11a0,0x002D11A0,0x002D11A8,8
FUN_002d11b0,0x002D11B0,0x002D11B8,8
FUN_002d11c0,0x002D11C0,0x002D11E4,36
FUN_002d11f0,0x002D11F0,0x002D11F8,8
FUN_002d1200,0x002D1200,0x002D13B8,440
FUN_002d13c0,0x002D13C0,0x002D13C8,8
FUN_002d13d0,0x002D13D0,0x002D1438,104
FUN_002d1440,0x002D1440,0x002D1448,8
FUN_002d1450,0x002D1450,0x002D1564,276
FUN_002d1570,0x002D1570,0x002D15B4,68
FUN_002d15c0,0x002D15C0,0x002D1704,324
FUN_002d1710,0x002D1710,0x002D17C4,180
FUN_002d17d0,0x002D17D0,0x002D19B8,484
FUN_002d19c0,0x002D19C0,0x002D1D14,848
FUN_002d1d20,0x002D1D20,0x002D1E90,368
FUN_002d1e90,0x002D1E90,0x002D2058,448
FUN_002d2060,0x002D2060,0x002D227C,540
FUN_002d2280,0x002D2280,0x002D25DC,844
FUN_002d25e0,0x002D25E0,0x002D3CD0,5796
FUN_002d3cd0,0x002D3CD0,0x002D3FBC,744
FUN_002d3fc0,0x002D3FC0,0x002D427C,696
FUN_002d4280,0x002D4280,0x002D468C,1032
FUN_002d4690,0x002D4690,0x002D478C,248
FUN_002d4790,0x002D4790,0x002D4894,256
FUN_002d48a0,0x002D48A0,0x002D4C20,860
FUN_002d4c20,0x002D4C20,0x002D529C,1576
FUN_002d52a0,0x002D52A0,0x002D5978,1752
FUN_002d5980,0x002D5980,0x002D5B08,392
FUN_002d5b10,0x002D5B10,0x002D5CB0,416
FUN_002d5cb0,0x002D5CB0,0x002D6CAC,4092
FUN_002d6cb0,0x002D6CB0,0x002D6E98,488
FUN_002d6ea0,0x002D6EA0,0x002D704C,428
FUN_002d7050,0x002D7050,0x002D84C0,5224
FUN_002d84c0,0x002D84C0,0x002D878C,716
FUN_002d8790,0x002D8790,0x002D8A38,680
FUN_002d8a40,0x002D8A40,0x002D8BE8,424
FUN_002d8bf0,0x002D8BF0,0x002D8D54,356
FUN_002d8d60,0x002D8D60,0x002D9358,1528
FUN_002d9360,0x002D9360,0x002D97BC,1116
FUN_002d97c0,0x002D97C0,0x002D98F0,304
FUN_002d98f0,0x002D98F0,0x002D9A88,408
FUN_002d9a90,0x002D9A90,0x002D9D20,656
FUN_002d9d20,0x002D9D20,0x002DA5A0,2176
FUN_002da5a0,0x002DA5A0,0x002DA738,408
FUN_002da740,0x002DA740,0x002DB258,2840
FUN_002db260,0x002DB260,0x002DB3C4,356
FUN_002db3d0,0x002DB3D0,0x002DB54C,380
FUN_002db550,0x002DB550,0x002DB7B4,612
FUN_002db7c0,0x002DB7C0,0x002DBE08,1604
FUN_002dbe10,0x002DBE10,0x002DC184,884
FUN_002dc190,0x002DC190,0x002DC510,896
FUN_002dc510,0x002DC510,0x002DC87C,876
FUN_002dc880,0x002DC880,0x002DCDB8,1332
FUN_002dcdc0,0x002DCDC0,0x002DD80C,2636
FUN_002dd810,0x002DD810,0x002DD8C0,176
FUN_002dd8c0,0x002DD8C0,0x002DD9F4,308
FUN_002dda00,0x002DDA00,0x002DDC4C,588
FUN_002ddc50,0x002DDC50,0x002DDE40,496
FUN_002dde40,0x002DDE40,0x002DE038,504
FUN_002de040,0x002DE040,0x002E00FC,8356
FUN_002e0100,0x002E0100,0x002E07E0,1760
FUN_002e07e0,0x002E07E0,0x002E0B38,856
FUN_002e0b40,0x002E0B40,0x002E0E84,836
FUN_002e0e90,0x002E0E90,0x002E10FC,620
FUN_002e1100,0x002E1100,0x002E157C,1148
FUN_002e1580,0x002E1580,0x002E17DC,604
FUN_002e17e0,0x002E17E0,0x002E1A74,660
FUN_002e1a80,0x002E1A80,0x002E1D00,640
FUN_002e1d00,0x002E1D00,0x002E1F78,632
FUN_002e1f80,0x002E1F80,0x002E2218,664
FUN_002e2220,0x002E2220,0x002E249C,636
FUN_002e24a0,0x002E24A0,0x002E276C,716
FUN_002e2770,0x002E2770,0x002E28E8,376
FUN_002e28f0,0x002E28F0,0x002E2A74,388
FUN_002e2a80,0x002E2A80,0x002E2CD8,600
FUN_002e2ce0,0x002E2CE0,0x002E30A0,960
FUN_002e30a0,0x002E30A0,0x002E34B8,1048
FUN_002e34c0,0x002E34C0,0x002E3634,372
FUN_002e3640,0x002E3640,0x002E37D8,408
FUN_002e37e0,0x002E37E0,0x002E395C,380
FUN_002e3960,0x002E3960,0x002E3AD0,368
FUN_002e3ad0,0x002E3AD0,0x002E3C78,424
FUN_002e3c80,0x002E3C80,0x002E4540,2240
FUN_002e4540,0x002E4540,0x002E47F0,688
FUN_002e47f0,0x002E47F0,0x002E4B80,912
FUN_002e4b80,0x002E4B80,0x002E4E00,640
FUN_002e4e00,0x002E4E00,0x002E4F48,328
FUN_002e4f50,0x002E4F50,0x002E5318,968
FUN_002e5320,0x002E5320,0x002E5678,856
FUN_002e5680,0x002E5680,0x002E57F4,372
FUN_002e5800,0x002E5800,0x002E59EC,492
FUN_002e59f0,0x002E59F0,0x002E5B94,420
FUN_002e5ba0,0x002E5BA0,0x002E5C9C,252
FUN_002e5ca0,0x002E5CA0,0x002E5D7C,220
FUN_002e5d80,0x002E5D80,0x002E5F20,416
FUN_002e5f20,0x002E5F20,0x002E6A28,2820
FUN_002e6a30,0x002E6A30,0x002E6CDC,684
FUN_002e6ce0,0x002E6CE0,0x002E6E48,360
FUN_002e6e50,0x002E6E50,0x002E7460,1552
FUN_002e7460,0x002E7460,0x002E7810,944
FUN_002e7810,0x002E7810,0x002E7AB8,680
FUN_002e7ac0,0x002E7AC0,0x002E7DB0,752
FUN_002e7db0,0x002E7DB0,0x002E819C,1004
FUN_002e81a0,0x002E81A0,0x002E8418,632
FUN_002e8420,0x002E8420,0x002E85C0,416
FUN_002e85c0,0x002E85C0,0x002E88AC,748
FUN_002e88b0,0x002E88B0,0x002E8BA8,760
FUN_002e8bb0,0x002E8BB0,0x002E8EAC,764
FUN_002e8eb0,0x002E8EB0,0x002E91A8,760
FUN_002e91b0,0x002E91B0,0x002E9348,408
FUN_002e9350,0x002E9350,0x002E960C,700
FUN_002e9610,0x002E9610,0x002E9978,872
FUN_002e9980,0x002E9980,0x002E9E3C,1212
FUN_002e9e40,0x002E9E40,0x002EA204,964
FUN_002ea210,0x002EA210,0x002EA728,1304
FUN_002ea730,0x002EA730,0x002EA8D0,416
FUN_002ea8d0,0x002EA8D0,0x002EADA8,1240
FUN_002eadb0,0x002EADB0,0x002EB268,1208
FUN_002eb270,0x002EB270,0x002EB70C,1180
FUN_002eb710,0x002EB710,0x002EB7EC,220
FUN_002eb7f0,0x002EB7F0,0x002EB834,68
FUN_002eb840,0x002EB840,0x002EB8E4,164
FUN_002eb8f0,0x002EB8F0,0x002EBC1C,804
FUN_002ebc20,0x002EBC20,0x002EBCA0,128
FUN_002ebca0,0x002EBCA0,0x002EBD08,104
FUN_002ebd10,0x002EBD10,0x002EBD40,48
FUN_002ebd40,0x002EBD40,0x002EBD48,8
FUN_002ebd50,0x002EBD50,0x002EBD80,48
FUN_002ebd80,0x002EBD80,0x002EBD98,24
FUN_002ebda0,0x002EBDA0,0x002EBE10,112
FUN_002ebe10,0x002EBE10,0x002EBEB8,164
FUN_002ebec0,0x002EBEC0,0x002EBFF8,312
FUN_002ec000,0x002EC000,0x002EC030,48
FUN_002ec030,0x002EC030,0x002EC0D8,164
FUN_002ec0e0,0x002EC0E0,0x002EC1F4,276
FUN_002ec200,0x002EC200,0x002EC288,136
FUN_002ec290,0x002EC290,0x002EC320,144
FUN_002ec320,0x002EC320,0x002EC3D0,176
FUN_002ec3d0,0x002EC3D0,0x002EC414,68
FUN_002ec420,0x002EC420,0x002EC480,96
FUN_002ec480,0x002EC480,0x002EC4C0,64
thunk_FUN_002ec800,0x002EC4C0,0x002EC4C8,8
FUN_002ec4d0,0x002EC4D0,0x002EC4E4,20
FUN_002ec4f0,0x002EC4F0,0x002EC594,164
FUN_002ec5a0,0x002EC5A0,0x002EC604,100
FUN_002ec610,0x002EC610,0x002EC730,284
FUN_002ec730,0x002EC730,0x002EC7FC,200
FUN_002ec800,0x002EC800,0x002EC808,8
FUN_002ec810,0x002EC810,0x002EC878,104
FUN_002ec880,0x002EC880,0x002ECB10,656
FUN_002ecb10,0x002ECB10,0x002ECCE8,472
FUN_002eccf0,0x002ECCF0,0x002ED1B4,1208
FUN_002ed1c0,0x002ED1C0,0x002ED240,128
FUN_002ed240,0x002ED240,0x002ED314,212
FUN_002ed320,0x002ED320,0x002ED3CC,172
FUN_002ed3d0,0x002ED3D0,0x002ED3D8,8
FUN_002ed3e0,0x002ED3E0,0x002ED3F4,20
FUN_002ed400,0x002ED400,0x002ED4A8,160
FUN_002ed4b0,0x002ED4B0,0x002ED528,116
FUN_002ed530,0x002ED530,0x002ED584,80
FUN_002ed590,0x002ED590,0x002ED688,248
FUN_002ed690,0x002ED690,0x002ED838,420
FUN_002ed840,0x002ED840,0x002ED89C,92
FUN_002ed8a0,0x002ED8A0,0x002EDA80,480
FUN_002eda80,0x002EDA80,0x002EDB00,128
FUN_002edb00,0x002EDB00,0x002EDB08,8
FUN_002edb10,0x002EDB10,0x002EDBA0,144
FUN_002edba0,0x002EDBA0,0x002EDDF0,592
FUN_002eddf0,0x002EDDF0,0x002EDE94,164
FUN_002edea0,0x002EDEA0,0x002EDF68,200
FUN_002edf70,0x002EDF70,0x002EE040,208
FUN_002ee040,0x002EE040,0x002EE088,72
FUN_002ee090,0x002EE090,0x002EE098,8
FUN_002ee0a0,0x002EE0A0,0x002EE0D8,56
FUN_002ee0e0,0x002EE0E0,0x002EE114,52
FUN_002ee120,0x002EE120,0x002EE1DC,188
FUN_002ee1e0,0x002EE1E0,0x002EE208,40
FUN_002ee210,0x002EE210,0x002EE25C,76
FUN_002ee260,0x002EE260,0x002EE314,180
FUN_002ee320,0x002EE320,0x002EE380,92
FUN_002ee380,0x002EE380,0x002EE3AC,44
FUN_002ee3b0,0x002EE3B0,0x002EE544,400
FUN_002ee550,0x002EE550,0x002EE6A0,332
FUN_002ee6a0,0x002EE6A0,0x002EEC5C,1448
FUN_002eec60,0x002EEC60,0x002EEC84,36
FUN_002eec90,0x002EEC90,0x002EECA0,16
FUN_002eeca0,0x002EECA0,0x002EECB0,16
FUN_002eecb0,0x002EECB0,0x002EECE8,56
FUN_002eecf0,0x002EECF0,0x002EED38,72
FUN_002eed40,0x002EED40,0x002EED70,48
FUN_002eed70,0x002EED70,0x002EED78,8
FUN_002eed80,0x002EED80,0x002EED94,20
FUN_002eeda0,0x002EEDA0,0x002EEDAC,12
FUN_002eedb0,0x002EEDB0,0x002EEDBC,12
FUN_002eedc0,0x002EEDC0,0x002EEDD4,20
FUN_002eede0,0x002EEDE0,0x002EEDF0,16
FUN_002eedf0,0x002EEDF0,0x002EEDFC,12
FUN_002eee00,0x002EEE00,0x002EEE08,8
FUN_002eee10,0x002EEE10,0x002EEE20,16
FUN_002eee20,0x002EEE20,0x002EEE34,20
FUN_002eee40,0x002EEE40,0x002EEE4C,12
FUN_002eee50,0x002EEE50,0x002EEE64,20
FUN_002eee70,0x002EEE70,0x002EEE90,32
FUN_002eee90,0x002EEE90,0x002EEE9C,12
FUN_002eeea0,0x002EEEA0,0x002EEEB0,16
FUN_002eeeb0,0x002EEEB0,0x002EEEBC,12
FUN_002eeec0,0x002EEEC0,0x002EEEC8,8
FUN_002eeed0,0x002EEED0,0x002EEEE4,20
FUN_002eeef0,0x002EEEF0,0x002EEEFC,12
FUN_002eef00,0x002EEF00,0x002EEF14,20
FUN_002eef20,0x002EEF20,0x002EEF34,20
FUN_002eef40,0x002EEF40,0x002EEF4C,12
FUN_002eef50,0x002EEF50,0x002EEF60,16
FUN_002eef60,0x002EEF60,0x002EEF6C,12
FUN_002eef70,0x002EEF70,0x002EEF78,8
FUN_002eef80,0x002EEF80,0x002EF12C,416
FUN_002ef130,0x002EF130,0x002EF144,20
FUN_002ef150,0x002EF150,0x002EF164,20
FUN_002ef170,0x002EF170,0x002EF180,16
FUN_002ef180,0x002EF180,0x002EF194,20
FUN_002ef1a0,0x002EF1A0,0x002EF1AC,12
FUN_002ef1b0,0x002EF1B0,0x002EF1C4,20
FUN_002ef1d0,0x002EF1D0,0x002EF1DC,12
FUN_002ef1e0,0x002EF1E0,0x002EF1EC,12
FUN_002ef1f0,0x002EF1F0,0x002EF200,16
FUN_002ef200,0x002EF200,0x002EF3F8,504
FUN_002ef400,0x002EF400,0x002EF410,16
FUN_002ef410,0x002EF410,0x002EF41C,12
FUN_002ef420,0x002EF420,0x002EF42C,12
FUN_002ef430,0x002EF430,0x002EF43C,12
FUN_002ef440,0x002EF440,0x002EF448,8
FUN_002ef450,0x002EF450,0x002EF548,248
FUN_002ef550,0x002EF550,0x002EF60C,184
FUN_002ef610,0x002EF610,0x002EF718,264
FUN_002ef720,0x002EF720,0x002EF738,24
FUN_002ef740,0x002EF740,0x002EF7A0,96
FUN_002ef7a0,0x002EF7A0,0x002EFD00,1348
FUN_002efd00,0x002EFD00,0x002EFE14,276
FUN_002efe20,0x002EFE20,0x002EFF34,276
FUN_002eff40,0x002EFF40,0x002F0BF4,3212
FUN_002f0c00,0x002F0C00,0x002F1690,2672
FUN_002f1690,0x002F1690,0x002F18CC,572
FUN_002f18d0,0x002F18D0,0x002F1B24,596
FUN_002f1b30,0x002F1B30,0x002F1BD0,152
FUN_002f1bd0,0x002F1BD0,0x002F1D20,336
FUN_002f1d20,0x002F1D20,0x002F1E78,344
FUN_002f1e80,0x002F1E80,0x002F1EE0,96
FUN_002f1ee0,0x002F1EE0,0x002F1EEC,12
FUN_002f1ef0,0x002F1EF0,0x002F1F64,116
FUN_002f1f70,0x002F1F70,0x002F2448,1240
FUN_002f2450,0x002F2450,0x002F2514,196
FUN_002f2520,0x002F2520,0x002F2548,40
FUN_002f2550,0x002F2550,0x002F25F0,160
FUN_002f25f0,0x002F25F0,0x002F28D8,740
FUN_002f28e0,0x002F28E0,0x002F2B80,668
FUN_002f2b80,0x002F2B80,0x002F2CB0,304
FUN_002f2cb0,0x002F2CB0,0x002F3030,892
FUN_002f3030,0x002F3030,0x002F3108,212
FUN_002f3110,0x002F3110,0x002F31CC,184
thunk_FUN_002f45b0,0x002F31D0,0x002F31D8,8
FUN_002f31e0,0x002F31E0,0x002F3288,164
FUN_002f3290,0x002F3290,0x002F33A8,272
FUN_002f33b0,0x002F33B0,0x002F3460,172
FUN_002f3460,0x002F3460,0x002F3638,460
FUN_002f3640,0x002F3640,0x002F3670,48
FUN_002f3670,0x002F3670,0x002F36DC,108
FUN_002f36e0,0x002F36E0,0x002F3828,320
FUN_002f3830,0x002F3830,0x002F394C,284
FUN_002f3950,0x002F3950,0x002F3ADC,396
FUN_002f3ae0,0x002F3AE0,0x002F3C64,388
FUN_002f3c70,0x002F3C70,0x002F3E6C,508
FUN_002f3e70,0x002F3E70,0x002F4058,488
FUN_002f4060,0x002F4060,0x002F41E8,384
FUN_002f41f0,0x002F41F0,0x002F43A0,432
FUN_002f43a0,0x002F43A0,0x002F44F0,336
FUN_002f44f0,0x002F44F0,0x002F45A4,176
FUN_002f45b0,0x002F45B0,0x002F48C4,772
FUN_002f48d0,0x002F48D0,0x002F4928,88
FUN_002f4930,0x002F4930,0x002F49A0,112
FUN_002f49a0,0x002F49A0,0x002F4A00,96
FUN_002f4a00,0x002F4A00,0x002F4A08,8
FUN_002f4a10,0x002F4A10,0x002F4A18,8
FUN_002f4a20,0x002F4A20,0x002F4AD8,184
FUN_002f4ae0,0x002F4AE0,0x002F4B20,64
FUN_002f4b20,0x002F4B20,0x002F4B2C,12
FUN_002f4b30,0x002F4B30,0x002F4BB4,132
FUN_002f4bc0,0x002F4BC0,0x002F4BF0,48
FUN_002f4bf0,0x002F4BF0,0x002F4D70,384
FUN_002f4d70,0x002F4D70,0x002F4DA0,48
FUN_002f4da0,0x002F4DA0,0x002F4ECC,300
FUN_002f4ed0,0x002F4ED0,0x002F4F54,128
FUN_002f4f60,0x002F4F60,0x002F5038,216
FUN_002f5040,0x002F5040,0x002F506C,44
FUN_002f5070,0x002F5070,0x002F5360,744
FUN_002f5360,0x002F5360,0x002F57A0,1088
FUN_002f57a0,0x002F57A0,0x002F58E8,324
FUN_002f58f0,0x002F58F0,0x002F597C,140
FUN_002f5980,0x002F5980,0x002F5A94,276
FUN_002f5aa0,0x002F5AA0,0x002F5BEC,332
FUN_002f5bf0,0x002F5BF0,0x002F5C8C,156
FUN_002f5c90,0x002F5C90,0x002F6004,884
FUN_002f6010,0x002F6010,0x002F63C8,952
FUN_002f63d0,0x002F63D0,0x002F64B4,228
FUN_002f64c0,0x002F64C0,0x002F64E0,32
FUN_002f64e0,0x002F64E0,0x002F6590,176
FUN_002f6590,0x002F6590,0x002F66DC,332
FUN_002f66e0,0x002F66E0,0x002F67D8,248
FUN_002f67e0,0x002F67E0,0x002F6AC4,736
FUN_002f6ad0,0x002F6AD0,0x002F6CF0,540
FUN_002f6cf0,0x002F6CF0,0x002F6D2C,60
FUN_002f6d30,0x002F6D30,0x002F6E28,236
FUN_002f6e30,0x002F6E30,0x002F6E64,52
FUN_002f6e70,0x002F6E70,0x002F6EC8,88
FUN_002f6ed0,0x002F6ED0,0x002F6F4C,124
FUN_002f6f50,0x002F6F50,0x002F6FCC,124
FUN_002f6fd0,0x002F6FD0,0x002F7018,72
FUN_002f7020,0x002F7020,0x002F7188,340
FUN_002f7190,0x002F7190,0x002F71B0,32
FUN_002f71b0,0x002F71B0,0x002F71F0,64
FUN_002f71f0,0x002F71F0,0x002F738C,408
FUN_002f7390,0x002F7390,0x002F75D0,572
FUN_002f75d0,0x002F75D0,0x002F76B0,220
FUN_002f76b0,0x002F76B0,0x002F7788,212
FUN_002f7790,0x002F7790,0x002F77B4,36
FUN_002f77c0,0x002F77C0,0x002F77EC,44
FUN_002f77f0,0x002F77F0,0x002F7890,156
FUN_002f7890,0x002F7890,0x002F791C,140
FUN_002f7920,0x002F7920,0x002F89D4,4232
FUN_002f89e0,0x002F89E0,0x002F8A48,104
FUN_002f8a50,0x002F8A50,0x002F8B6C,284
FUN_002f8b70,0x002F8B70,0x002F8B80,16
FUN_002f8b80,0x002F8B80,0x002F8CC8,324
FUN_002f8cd0,0x002F8CD0,0x002F8CFC,44
FUN_002f8d00,0x002F8D00,0x002F8D30,48
FUN_002f8d30,0x002F8D30,0x002F8D74,68
FUN_002f8d80,0x002F8D80,0x002F8ED8,344
thunk_FUN_001be898,0x002F8EE0,0x002F8EE8,8
FUN_002f8ef0,0x002F8EF0,0x002F8F30,64
FUN_002f8f30,0x002F8F30,0x002F8F38,8
FUN_002f8f40,0x002F8F40,0x002F8F84,68
FUN_002f8f90,0x002F8F90,0x002F8F9C,12
FUN_002f8fa0,0x002F8FA0,0x002F9078,212
FUN_002f9080,0x002F9080,0x002F913C,184
FUN_002f9140,0x002F9140,0x002F9170,44
FUN_002f9170,0x002F9170,0x002F919C,44
FUN_002f91a0,0x002F91A0,0x002F91C0,32
FUN_002f91c0,0x002F91C0,0x002F91F8,52
FUN_002f9200,0x002F9200,0x002F92D0,208
FUN_002f92d0,0x002F92D0,0x002F9370,160
FUN_002f9370,0x002F9370,0x002F93CC,92
FUN_002f93d0,0x002F93D0,0x002F93E4,20
FUN_002f93f0,0x002F93F0,0x002F9440,80
FUN_002f9440,0x002F9440,0x002F94A8,104
FUN_002f94b0,0x002F94B0,0x002F9608,344
FUN_002f9610,0x002F9610,0x002F9648,56
FUN_002f9650,0x002F9650,0x002F9670,32
FUN_002f9670,0x002F9670,0x002F96D0,96
FUN_002f96d0,0x002F96D0,0x002F9784,180
FUN_002f9790,0x002F9790,0x002F9CBC,1324
FUN_002f9cc0,0x002F9CC0,0x002F9D84,196
FUN_002f9d90,0x002F9D90,0x002FA010,632
FUN_002fa010,0x002FA010,0x002FA018,8
FUN_002fa020,0x002FA020,0x002FA114,244
FUN_002fa120,0x002FA120,0x002FA13C,28
FUN_002fa140,0x002FA140,0x002FA200,184
FUN_002fa200,0x002FA200,0x002FA29C,156
FUN_002fa2a0,0x002FA2A0,0x002FA4BC,540
FUN_002fa4c0,0x002FA4C0,0x002FA67C,440
FUN_002fa680,0x002FA680,0x002FA8C4,568
FUN_002fa8d0,0x002FA8D0,0x002FAAA0,456
FUN_002faaa0,0x002FAAA0,0x002FAB18,120
FUN_002fab20,0x002FAB20,0x002FAB58,56
FUN_002fab60,0x002FAB60,0x002FABD8,120
FUN_002fabe0,0x002FABE0,0x002FAC14,52
FUN_002fac20,0x002FAC20,0x002FAE04,484
FUN_002fae10,0x002FAE10,0x002FAE18,8
FUN_002fae20,0x002FAE20,0x002FAE28,8
FUN_002fae30,0x002FAE30,0x002FB424,1516
FUN_002fb430,0x002FB430,0x002FB498,104
FUN_002fb4a0,0x002FB4A0,0x002FB73C,668
FUN_002fb740,0x002FB740,0x002FB880,316
FUN_002fb880,0x002FB880,0x002FB8F0,112
FUN_002fb8f0,0x002FB8F0,0x002FB930,64
FUN_002fb930,0x002FB930,0x002FB938,8
FUN_002fb940,0x002FB940,0x002FB954,20
FUN_002fb960,0x002FB960,0x002FB9CC,104
FUN_002fb9d0,0x002FB9D0,0x002FBA3C,104
FUN_002fba40,0x002FBA40,0x002FBAAC,108
FUN_002fbab0,0x002FBAB0,0x002FBB1C,108
FUN_002fbb20,0x002FBB20,0x002FBBE4,196
FUN_002fbbf0,0x002FBBF0,0x002FBD18,292
FUN_002fbd20,0x002FBD20,0x002FBDE0,188
FUN_002fbde0,0x002FBDE0,0x002FBE20,64
FUN_002fbe20,0x002FBE20,0x002FBFB4,400
FUN_002fbfc0,0x002FBFC0,0x002FC3B4,992
FUN_002fc3c0,0x002FC3C0,0x002FC494,212
FUN_002fc4a0,0x002FC4A0,0x002FC4AC,12
FUN_002fc4b0,0x002FC4B0,0x002FC4FC,76
FUN_002fc500,0x002FC500,0x002FC73C,572
FUN_002fc740,0x002FC740,0x002FC8B0,368
FUN_002fc8b0,0x002FC8B0,0x002FC92C,124
FUN_002fc930,0x002FC930,0x002FC9AC,124
FUN_002fc9b0,0x002FC9B0,0x002FCA2C,124
FUN_002fca30,0x002FCA30,0x002FCAAC,124
FUN_002fcab0,0x002FCAB0,0x002FCB2C,124
FUN_002fcb30,0x002FCB30,0x002FCBAC,124
FUN_002fcbb0,0x002FCBB0,0x002FCC2C,124
FUN_002fcc30,0x002FCC30,0x002FCC68,56
FUN_002fcc70,0x002FCC70,0x002FCCA4,52
FUN_002fccb0,0x002FCCB0,0x002FCE84,460
FUN_002fce90,0x002FCE90,0x002FD2A0,1036
FUN_002fd2a0,0x002FD2A0,0x002FD2B0,16
FUN_002fd2b0,0x002FD2B0,0x002FD42C,380
FUN_002fd430,0x002FD430,0x002FD484,84
FUN_002fd490,0x002FD490,0x002FD570,224
FUN_002fd570,0x002FD570,0x002FD60C,156
FUN_002fd610,0x002FD610,0x002FD688,120
FUN_002fd690,0x002FD690,0x002FD740,176
FUN_002fd740,0x002FD740,0x002FD79C,92
FUN_002fd7a0,0x002FD7A0,0x002FD7FC,92
FUN_002fd800,0x002FD800,0x002FD868,104
FUN_002fd870,0x002FD870,0x002FD8E0,112
FUN_002fd8e0,0x002FD8E0,0x002FD920,64
FUN_002fd920,0x002FD920,0x002FD998,120
FUN_002fd9a0,0x002FD9A0,0x002FDA68,200
FUN_002fda70,0x002FDA70,0x002FDB10,160
FUN_002fdb10,0x002FDB10,0x002FDB80,112
FUN_002fdb80,0x002FDB80,0x002FDB98,24
FUN_002fdba0,0x002FDBA0,0x002FDBA8,8
FUN_002fdbb0,0x002FDBB0,0x002FDBC8,24
FUN_002fdbd0,0x002FDBD0,0x002FDBD8,8
FUN_002fdbe0,0x002FDBE0,0x002FDBE8,8
FUN_002fdbf0,0x002FDBF0,0x002FDC18,40
FUN_002fdc20,0x002FDC20,0x002FDC50,48
FUN_002fdc50,0x002FDC50,0x002FDC68,24
FUN_002fdc70,0x002FDC70,0x002FDEEC,636
FUN_002fdef0,0x002FDEF0,0x002FE274,900
FUN_002fe280,0x002FE280,0x002FE2B8,56
FUN_002fe2c0,0x002FE2C0,0x002FE2D4,20
FUN_002fe2e0,0x002FE2E0,0x002FE338,88
FUN_002fe340,0x002FE340,0x002FE398,88
FUN_002fe3a0,0x002FE3A0,0x002FE3A8,8
FUN_002fe3b0,0x002FE3B0,0x002FE3B8,8
FUN_002fe3c0,0x002FE3C0,0x002FE468,164
FUN_002fe470,0x002FE470,0x002FE700,656
FUN_002fe700,0x002FE700,0x002FE838,312
FUN_002fe840,0x002FE840,0x002FE978,312
FUN_002fe980,0x002FE980,0x002FEA08,132
FUN_002fea10,0x002FEA10,0x002FEB40,304
FUN_002feb40,0x002FEB40,0x002FEBB0,112
FUN_002febb0,0x002FEBB0,0x002FEC5C,168
FUN_002fec60,0x002FEC60,0x002FEC68,8
FUN_002fec70,0x002FEC70,0x002FED78,264
FUN_002fed80,0x002FED80,0x002FF348,1468
FUN_002ff350,0x002FF350,0x002FF358,8
FUN_002ff360,0x002FF360,0x002FF780,1052
FUN_002ff780,0x002FF780,0x002FF7CC,72
FUN_002ff7d0,0x002FF7D0,0x002FF9A4,468
FUN_002ff9b0,0x002FF9B0,0x002FFB90,468
FUN_002ffb90,0x002FFB90,0x002FFF24,904
FUN_002fff30,0x002FFF30,0x00300090,344
FUN_00300090,0x00300090,0x0030027C,488
FUN_00300280,0x00300280,0x00300290,16
FUN_00300290,0x00300290,0x0030033C,168
FUN_00300340,0x00300340,0x00300380,64
FUN_00300380,0x00300380,0x00300390,16
FUN_00300390,0x00300390,0x003004B4,292
FUN_003004c0,0x003004C0,0x003005DC,284
FUN_003005e0,0x003005E0,0x00300634,80
FUN_00300640,0x00300640,0x003008DC,664
FUN_003008e0,0x003008E0,0x00300944,96
FUN_00300950,0x00300950,0x003009A8,88
FUN_003009b0,0x003009B0,0x00300B70,444
FUN_00300b70,0x00300B70,0x00300E28,696
FUN_00300e30,0x00300E30,0x00300EB8,132
FUN_00300ec0,0x00300EC0,0x00300F0C,76
FUN_00300f10,0x00300F10,0x00300F80,112
FUN_00300f80,0x00300F80,0x00300FC0,64
FUN_00300fc0,0x00300FC0,0x00300FC8,8
FUN_00300fd0,0x00300FD0,0x00300FE4,20
FUN_00300ff0,0x00300FF0,0x003010C4,212
FUN_003010d0,0x003010D0,0x003010F0,32
FUN_003010f0,0x003010F0,0x003011A4,180
FUN_003011b0,0x003011B0,0x00301254,164
FUN_00301260,0x00301260,0x00301274,20
FUN_00301280,0x00301280,0x00301294,20
FUN_003012a0,0x003012A0,0x003012B4,20
FUN_003012c0,0x003012C0,0x00301320,96
FUN_00301320,0x00301320,0x003013D8,184
FUN_003013e0,0x003013E0,0x0030141C,60
FUN_00301420,0x00301420,0x003014D8,184
FUN_003014e0,0x003014E0,0x00301564,132
FUN_00301570,0x00301570,0x003015A4,52
FUN_003015b0,0x003015B0,0x00301634,132
FUN_00301640,0x00301640,0x0030167C,60
FUN_00301680,0x00301680,0x00301754,212
FUN_00301760,0x00301760,0x00301768,8
FUN_00301770,0x00301770,0x00301848,216
FUN_00301850,0x00301850,0x0030193C,228
FUN_00301940,0x00301940,0x00301FFC,1708
FUN_00302000,0x00302000,0x00302598,1412
FUN_003025a0,0x003025A0,0x00302608,104
FUN_00302610,0x00302610,0x00302830,540
FUN_00302830,0x00302830,0x003029E4,432
FUN_003029f0,0x003029F0,0x00302A9C,172
FUN_00302aa0,0x00302AA0,0x00302C40,408
FUN_00302c40,0x00302C40,0x00302DFC,440
FUN_00302e00,0x00302E00,0x00302E08,8
FUN_00302e10,0x00302E10,0x00302E90,128
FUN_00302e90,0x00302E90,0x00302EAC,28
FUN_00302eb0,0x00302EB0,0x00302EBC,12
FUN_00302ec0,0x00302EC0,0x00302F30,112
FUN_00302f30,0x00302F30,0x00302F64,52
FUN_00302f70,0x00302F70,0x0030317C,516
FUN_00303180,0x00303180,0x003031B4,52
FUN_003031c0,0x003031C0,0x00303234,116
FUN_00303240,0x00303240,0x003032A8,104
FUN_003032b0,0x003032B0,0x0030345C,428
FUN_00303460,0x00303460,0x0030359C,316
FUN_003035a0,0x003035A0,0x00303674,212
FUN_00303680,0x00303680,0x003036D4,84
FUN_003036e0,0x003036E0,0x003036F4,20
FUN_00303700,0x00303700,0x00303784,132
FUN_00303790,0x00303790,0x003038A0,272
FUN_003038a0,0x003038A0,0x0030393C,152
FUN_00303940,0x00303940,0x00303998,88
FUN_003039a0,0x003039A0,0x00303E3C,1168
FUN_00303e40,0x00303E40,0x00303EE4,160
FUN_00303ef0,0x00303EF0,0x0030404C,344
FUN_00304050,0x00304050,0x00304204,436
FUN_00304210,0x00304210,0x00304220,16
FUN_00304220,0x00304220,0x00304230,16
FUN_00304230,0x00304230,0x00304240,16
FUN_00304240,0x00304240,0x003043B4,364
FUN_003043c0,0x003043C0,0x003043F0,48
FUN_003043f0,0x003043F0,0x00304518,292
FUN_00304520,0x00304520,0x0030459C,120
FUN_003045a0,0x003045A0,0x003047E4,576
FUN_003047f0,0x003047F0,0x003048F8,260
FUN_00304900,0x00304900,0x003049AC,172
FUN_003049b0,0x003049B0,0x00304A40,144
FUN_00304a40,0x00304A40,0x00304B18,216
FUN_00304b20,0x00304B20,0x00304D08,488
FUN_00304d10,0x00304D10,0x00304E08,248
FUN_00304e10,0x00304E10,0x00304EE4,212
FUN_00304ef0,0x00304EF0,0x00305048,332
FUN_00305050,0x00305050,0x00305060,16
FUN_00305060,0x00305060,0x0030513C,208
FUN_00305140,0x00305140,0x0030514C,12
FUN_00305150,0x00305150,0x00305240,240
FUN_00305240,0x00305240,0x003052AC,108
FUN_003052b0,0x003052B0,0x00305390,224
FUN_00305390,0x00305390,0x003053F8,104
FUN_00305400,0x00305400,0x00305480,128
FUN_00305480,0x00305480,0x003055E4,356
FUN_003055f0,0x003055F0,0x0030565C,108
FUN_00305660,0x00305660,0x00305710,176
FUN_00305710,0x00305710,0x00305720,16
FUN_00305720,0x00305720,0x0030591C,504
FUN_00305920,0x00305920,0x0030598C,108
FUN_00305990,0x00305990,0x003059FC,108
FUN_00305a00,0x00305A00,0x00305A30,48
FUN_00305a30,0x00305A30,0x00305B68,304
FUN_00305b70,0x00305B70,0x00305E84,788
FUN_00305e90,0x00305E90,0x00305F0C,124
FUN_00305f10,0x00305F10,0x00305FCC,188
FUN_00305fd0,0x00305FD0,0x003060F8,296
FUN_00306100,0x00306100,0x003061D4,212
FUN_003061e0,0x003061E0,0x00306318,312
FUN_00306320,0x00306320,0x003063F4,212
FUN_00306400,0x00306400,0x00306530,304
FUN_00306530,0x00306530,0x003066DC,428
FUN_003066e0,0x003066E0,0x003067B4,212
FUN_003067c0,0x003067C0,0x003067DC,28
FUN_003067e0,0x003067E0,0x003068B8,196
FUN_003068c0,0x003068C0,0x003068D4,20
FUN_003068e0,0x003068E0,0x00306980,156
FUN_00306980,0x00306980,0x0030698C,12
FUN_00306990,0x00306990,0x00306A48,168
FUN_00306a50,0x00306A50,0x00306ACC,124
FUN_00306ad0,0x00306AD0,0x00306AE0,16
FUN_00306ae0,0x00306AE0,0x00307054,1380
FUN_00307060,0x00307060,0x003071E0,380
FUN_003071e0,0x003071E0,0x00307360,380
FUN_00307360,0x00307360,0x003073E0,128
FUN_003073e0,0x003073E0,0x00307460,128
FUN_00307460,0x00307460,0x003074E0,128
FUN_003074e0,0x003074E0,0x00307560,128
FUN_00307560,0x00307560,0x0030764C,236
FUN_00307650,0x00307650,0x003076CC,124
FUN_003076d0,0x003076D0,0x00307798,192
FUN_003077a0,0x003077A0,0x003078CC,300
FUN_003078d0,0x003078D0,0x00307B18,584
FUN_00307b20,0x00307B20,0x00307C0C,236
FUN_00307c10,0x00307C10,0x00307D18,264
FUN_00307d20,0x00307D20,0x00307DC0,152
FUN_00307dc0,0x00307DC0,0x00307E78,176
FUN_00307e80,0x00307E80,0x00307F68,212
FUN_00307f70,0x00307F70,0x00307FC4,84
FUN_00307fd0,0x00307FD0,0x0030816C,412
FUN_00308170,0x00308170,0x0030827C,268
FUN_00308280,0x00308280,0x003082F4,116
FUN_00308300,0x00308300,0x003084CC,456
FUN_003084d0,0x003084D0,0x003085C4,244
FUN_003085d0,0x003085D0,0x00308658,136
FUN_00308660,0x00308660,0x00308720,188
FUN_00308720,0x00308720,0x0030872C,12
FUN_00308730,0x00308730,0x0030873C,12
FUN_00308740,0x00308740,0x0030874C,12
FUN_00308750,0x00308750,0x0030875C,12
FUN_00308760,0x00308760,0x003088BC,348
FUN_003088c0,0x003088C0,0x00308BD8,788
FUN_00308be0,0x00308BE0,0x00308CA8,200
FUN_00308cb0,0x00308CB0,0x00308E04,340
FUN_00308e10,0x00308E10,0x00308F98,392
FUN_00308fa0,0x00308FA0,0x00309020,128
FUN_00309020,0x00309020,0x003090F4,212
FUN_00309100,0x00309100,0x00309218,280
FUN_00309220,0x00309220,0x00309794,1380
FUN_003097a0,0x003097A0,0x00309D14,1380
FUN_00309d20,0x00309D20,0x00309EA0,380
FUN_00309ea0,0x00309EA0,0x0030A020,380
FUN_0030a020,0x0030A020,0x0030A1A0,380
FUN_0030a1a0,0x0030A1A0,0x0030A320,380
FUN_0030a320,0x0030A320,0x0030A3A0,128
FUN_0030a3a0,0x0030A3A0,0x0030A420,128
FUN_0030a420,0x0030A420,0x0030A6FC,732
FUN_0030a700,0x0030A700,0x0030A808,264
FUN_0030a810,0x0030A810,0x0030A980,368
FUN_0030a980,0x0030A980,0x0030AA20,156
FUN_0030aa20,0x0030AA20,0x0030AB54,304
FUN_0030ab60,0x0030AB60,0x0030AD60,504
FUN_0030ad60,0x0030AD60,0x0030B044,728
FUN_0030b050,0x0030B050,0x0030B1C8,368
FUN_0030b1d0,0x0030B1D0,0x0030B250,124
FUN_0030b250,0x0030B250,0x0030B35C,264
FUN_0030b360,0x0030B360,0x0030B500,412
FUN_0030b500,0x0030B500,0x0030B5CC,200
FUN_0030b5d0,0x0030B5D0,0x0030B654,128
FUN_0030b660,0x0030B660,0x0030B670,16
FUN_0030b670,0x0030B670,0x0030B680,16
FUN_0030b680,0x0030B680,0x0030B690,16
FUN_0030b690,0x0030B690,0x0030B6A0,16
FUN_0030b6a0,0x0030B6A0,0x0030B764,192
FUN_0030b770,0x0030B770,0x0030B7F0,124
FUN_0030b7f0,0x0030B7F0,0x0030B8C4,208
FUN_0030b8d0,0x0030B8D0,0x0030B968,148
FUN_0030b970,0x0030B970,0x0030BA24,176
FUN_0030ba30,0x0030BA30,0x0030BB04,212
FUN_0030bb10,0x0030BB10,0x0030BBCC,188
FUN_0030bbd0,0x0030BBD0,0x0030BD98,452
FUN_0030bda0,0x0030BDA0,0x0030BF58,440
FUN_0030bf60,0x0030BF60,0x0030C300,912
FUN_0030c300,0x0030C300,0x0030C370,112
FUN_0030c370,0x0030C370,0x0030C380,16
FUN_0030c380,0x0030C380,0x0030C620,672
FUN_0030c620,0x0030C620,0x0030C674,84
FUN_0030c680,0x0030C680,0x0030C6C0,64
FUN_0030c6c0,0x0030C6C0,0x0030C928,616
FUN_0030c930,0x0030C930,0x0030CB24,496
FUN_0030cb30,0x0030CB30,0x0030CBA0,112
FUN_0030cba0,0x0030CBA0,0x0030CBD0,48
FUN_0030cbd0,0x0030CBD0,0x0030CDB4,480
FUN_0030cdc0,0x0030CDC0,0x0030CF3C,380
FUN_0030cf40,0x0030CF40,0x0030CF50,16
FUN_0030cf50,0x0030CF50,0x0030CF60,16
FUN_0030cf60,0x0030CF60,0x0030CF84,36
FUN_0030cf90,0x0030CF90,0x0030D154,432
FUN_0030d160,0x0030D160,0x0030DFDC,3684
FUN_0030dfe0,0x0030DFE0,0x0030E1E4,512
FUN_0030e1f0,0x0030E1F0,0x0030E324,308
FUN_0030e330,0x0030E330,0x0030E37C,72
FUN_0030e380,0x0030E380,0x0030E52C,428
FUN_0030e530,0x0030E530,0x0030E7A8,628
FUN_0030e7b0,0x0030E7B0,0x0030EA90,728
FUN_0030ea90,0x0030EA90,0x0030EAB8,40
FUN_0030eac0,0x0030EAC0,0x0030F878,3484
FUN_0030f880,0x0030F880,0x0030FECC,1612
FUN_0030fed0,0x0030FED0,0x0031051C,1604
FUN_00310520,0x00310520,0x00310CC4,1948
FUN_00310cd0,0x00310CD0,0x0031101C,844
FUN_00311020,0x00311020,0x00311028,8
FUN_00311030,0x00311030,0x0031112C,252
FUN_00311130,0x00311130,0x00311168,56
FUN_00311170,0x00311170,0x003111B4,64
FUN_003111c0,0x003111C0,0x003112BC,252
FUN_003112c0,0x003112C0,0x00311468,420
FUN_00311470,0x00311470,0x003114CC,92
FUN_003114d0,0x003114D0,0x00311558,136
FUN_00311560,0x00311560,0x0031156C,12
FUN_00311570,0x00311570,0x00311588,24
FUN_00311590,0x00311590,0x00311AF0,1164
FUN_00311af0,0x00311AF0,0x00311C48,344
FUN_00311c50,0x00311C50,0x00311D70,288
FUN_00311d70,0x00311D70,0x00311F28,440
FUN_00311f30,0x00311F30,0x00311FC0,144
FUN_00311fc0,0x00311FC0,0x003120B0,240
FUN_003120b0,0x003120B0,0x003120F4,68
FUN_00312100,0x00312100,0x003121CC,200
FUN_003121d0,0x003121D0,0x00312230,96
FUN_00312230,0x00312230,0x003123E8,432
FUN_003123f0,0x003123F0,0x00312498,164
FUN_003124a0,0x003124A0,0x003128C0,1056
FUN_003128c0,0x003128C0,0x00312910,80
FUN_00312910,0x00312910,0x00312B48,568
FUN_00312b50,0x00312B50,0x00312C34,228
FUN_00312c40,0x00312C40,0x00312D18,212
FUN_00312d20,0x00312D20,0x00312F18,504
FUN_00312f20,0x00312F20,0x0031305C,316
FUN_00313060,0x00313060,0x003130D0,112
FUN_003130d0,0x003130D0,0x003130E0,16
thunk_FUN_003123f0,0x003130E0,0x003130E8,8
thunk_FUN_003124a0,0x003130F0,0x003130F8,8
FUN_00313100,0x00313100,0x00313160,96
FUN_00313160,0x00313160,0x00313188,40
FUN_00313190,0x00313190,0x003131F8,104
FUN_00313200,0x00313200,0x00313268,104
FUN_00313270,0x00313270,0x0031329C,44
FUN_003132a0,0x003132A0,0x0031343C,412
FUN_00313440,0x00313440,0x00313468,40
FUN_00313470,0x00313470,0x003134A0,48
FUN_003134a0,0x003134A0,0x003134B8,24
FUN_003134c0,0x003134C0,0x00313548,136
FUN_00313550,0x00313550,0x0031380C,700
FUN_00313810,0x00313810,0x00313C54,1088
thunk_FUN_002869f0,0x00313C60,0x00313C68,8
FUN_00313c70,0x00313C70,0x00313C78,8
FUN_00313c80,0x00313C80,0x00313DC4,324
FUN_00313dd0,0x00313DD0,0x00313F08,312
FUN_00313f10,0x00313F10,0x00313F7C,108
FUN_00313f80,0x00313F80,0x0031403C,188
FUN_00314040,0x00314040,0x003140D0,144
FUN_003140d0,0x003140D0,0x00314294,448
FUN_003142a0,0x003142A0,0x00314908,1632
FUN_00314910,0x00314910,0x00314984,116
FUN_00314990,0x00314990,0x00314A1C,140
FUN_00314a20,0x00314A20,0x00314C64,576
FUN_00314c70,0x00314C70,0x00314D34,196
FUN_00314d40,0x00314D40,0x00314EC0,380
FUN_00314ec0,0x00314EC0,0x00315004,324
FUN_00315010,0x00315010,0x00315220,520
FUN_00315220,0x00315220,0x0031522C,12
FUN_00315230,0x00315230,0x00315344,276
FUN_00315350,0x00315350,0x003153A4,84
FUN_003153b0,0x003153B0,0x003154B8,264
FUN_003154c0,0x003154C0,0x00315500,64
FUN_00315500,0x00315500,0x00315568,104
FUN_00315570,0x00315570,0x003155DC,108
FUN_003155e0,0x003155E0,0x00315634,84
FUN_00315640,0x00315640,0x00315BB4,1380
FUN_00315bc0,0x00315BC0,0x00315C5C,156
FUN_00315c60,0x00315C60,0x00315CE0,128
FUN_00315ce0,0x00315CE0,0x00315D4C,108
FUN_00315d50,0x00315D50,0x00315DD0,128
FUN_00315dd0,0x00315DD0,0x00315E50,128
FUN_00315e50,0x00315E50,0x00315EC8,120
FUN_00315ed0,0x00315ED0,0x00315FC4,244
FUN_00315fd0,0x00315FD0,0x00316204,560
FUN_00316210,0x00316210,0x00316220,16
FUN_00316220,0x00316220,0x00316448,544
FUN_00316450,0x00316450,0x0031671C,716
FUN_00316720,0x00316720,0x003168FC,468
FUN_00316900,0x00316900,0x0031698C,140
FUN_00316990,0x00316990,0x003169A0,16
FUN_003169a0,0x003169A0,0x003169EC,76
FUN_003169f0,0x003169F0,0x003169FC,12
FUN_00316a00,0x00316A00,0x00316BFC,508
FUN_00316c00,0x00316C00,0x00316DC8,456
FUN_00316dd0,0x00316DD0,0x00317624,2116
FUN_00317630,0x00317630,0x00317864,564
FUN_00317870,0x00317870,0x003178AC,56
FUN_003178b0,0x003178B0,0x00317AE4,564
FUN_00317af0,0x00317AF0,0x00317AFC,12
FUN_00317b00,0x00317B00,0x00317B10,16
FUN_00317b10,0x00317B10,0x00317B80,112
FUN_00317b80,0x00317B80,0x00317BF4,116
FUN_00317c00,0x00317C00,0x00317D90,400
FUN_00317d90,0x00317D90,0x00317EDC,328
FUN_00317ee0,0x00317EE0,0x00317EF0,16
FUN_00317ef0,0x00317EF0,0x00317F00,16
FUN_00317f00,0x00317F00,0x003182EC,996
FUN_003182f0,0x003182F0,0x00318354,100
FUN_00318360,0x00318360,0x00318420,192
FUN_00318420,0x00318420,0x00318554,304
FUN_00318560,0x00318560,0x003186D4,368
FUN_003186e0,0x003186E0,0x00318810,300
FUN_00318810,0x00318810,0x003189AC,408
FUN_003189b0,0x003189B0,0x00318CC0,772
FUN_00318cc0,0x00318CC0,0x00318D8C,204
FUN_00318d90,0x00318D90,0x00318E78,232
FUN_00318e80,0x00318E80,0x00318F90,272
FUN_00318f90,0x00318F90,0x00319078,232
FUN_00319080,0x00319080,0x00319620,1432
FUN_00319620,0x00319620,0x003197D8,440
FUN_003197e0,0x003197E0,0x00319B98,952
FUN_00319ba0,0x00319BA0,0x00319D78,472
FUN_00319d80,0x00319D80,0x00319F34,436
FUN_00319f40,0x00319F40,0x0031A100,448
FUN_0031a100,0x0031A100,0x0031A394,660
FUN_0031a3a0,0x0031A3A0,0x0031A408,104
FUN_0031a410,0x0031A410,0x0031A470,96
FUN_0031a470,0x0031A470,0x0031A4A4,52
FUN_0031a4b0,0x0031A4B0,0x0031A5AC,252
FUN_0031a5b0,0x0031A5B0,0x0031A6AC,252
FUN_0031a6b0,0x0031A6B0,0x0031A7AC,252
FUN_0031a7b0,0x0031A7B0,0x0031A8AC,252
FUN_0031a8b0,0x0031A8B0,0x0031A9AC,252
FUN_0031a9b0,0x0031A9B0,0x0031AA7C,204
FUN_0031aa80,0x0031AA80,0x0031AB74,240
FUN_0031ab80,0x0031AB80,0x0031AC4C,200
FUN_0031ac50,0x0031AC50,0x0031AD1C,200
FUN_0031ad20,0x0031AD20,0x0031ADEC,200
FUN_0031adf0,0x0031ADF0,0x0031AE38,72
FUN_0031ae40,0x0031AE40,0x0031AE88,72
FUN_0031ae90,0x0031AE90,0x0031B240,940
FUN_0031b240,0x0031B240,0x0031B260,32
FUN_0031b260,0x0031B260,0x0031B26C,12
FUN_0031b270,0x0031B270,0x0031B300,144
FUN_0031b300,0x0031B300,0x0031B548,580
FUN_0031b550,0x0031B550,0x0031B570,32
FUN_0031b570,0x0031B570,0x0031B5C4,84
FUN_0031b5d0,0x0031B5D0,0x0031B77C,428
FUN_0031b780,0x0031B780,0x0031BE60,1748
FUN_0031be60,0x0031BE60,0x0031C024,452
FUN_0031c030,0x0031C030,0x0031C038,8
FUN_0031c040,0x0031C040,0x0031C1D4,404
FUN_0031c1e0,0x0031C1E0,0x0031CCEC,2816
FUN_0031ccf0,0x0031CCF0,0x0031D2AC,1456
FUN_0031d2b0,0x0031D2B0,0x0031D2B8,8
FUN_0031d2c0,0x0031D2C0,0x0031D328,104
FUN_0031d330,0x0031D330,0x0031D338,8
FUN_0031d340,0x0031D340,0x0031D3A8,104
FUN_0031d3b0,0x0031D3B0,0x0031D418,104
FUN_0031d420,0x0031D420,0x0031D428,8
FUN_0031d430,0x0031D430,0x0031D5D8,424
FUN_0031d5e0,0x0031D5E0,0x0031D7F8,536
FUN_0031d800,0x0031D800,0x0031D880,128
FUN_0031d880,0x0031D880,0x0031D900,128
FUN_0031d900,0x0031D900,0x0031D998,152
FUN_0031d9a0,0x0031D9A0,0x0031D9A8,8
FUN_0031d9b0,0x0031D9B0,0x0031D9B8,8
FUN_0031d9c0,0x0031D9C0,0x0031D9C8,8
FUN_0031d9d0,0x0031D9D0,0x0031D9D8,8
FUN_0031d9e0,0x0031D9E0,0x0031D9E8,8
FUN_0031d9f0,0x0031D9F0,0x0031D9F8,8
thunk_FUN_003f9a70,0x0031DA00,0x0031DA08,8
FUN_0031da10,0x0031DA10,0x0031DA60,80
FUN_0031da60,0x0031DA60,0x0031DAC4,96
FUN_0031dad0,0x0031DAD0,0x0031DB8C,188
FUN_0031db90,0x0031DB90,0x0031DBCC,60
FUN_0031dbd0,0x0031DBD0,0x0031DC28,88
FUN_0031dc30,0x0031DC30,0x0031DC64,52
FUN_0031dc70,0x0031DC70,0x0031DD4C,216
FUN_0031dd50,0x0031DD50,0x0031DDF4,164
FUN_0031de00,0x0031DE00,0x0031DE78,120
FUN_0031de80,0x0031DE80,0x0031DEF8,120
FUN_0031df00,0x0031DF00,0x0031DF64,100
FUN_0031df70,0x0031DF70,0x0031DF9C,44
FUN_0031dfa0,0x0031DFA0,0x0031DFD4,52
FUN_0031dfe0,0x0031DFE0,0x0031E134,336
FUN_0031e140,0x0031E140,0x0031E1E8,168
FUN_0031e1f0,0x0031E1F0,0x0031E28C,156
FUN_0031e290,0x0031E290,0x0031E2F4,100
FUN_0031e300,0x0031E300,0x0031E370,112
FUN_0031e370,0x0031E370,0x0031E450,220
FUN_0031e450,0x0031E450,0x0031E4C4,116
FUN_0031e4d0,0x0031E4D0,0x0031E678,424
FUN_0031e680,0x0031E680,0x0031E6DC,92
FUN_0031e6e0,0x0031E6E0,0x0031E750,112
FUN_0031e750,0x0031E750,0x0031E954,508
FUN_0031e960,0x0031E960,0x0031EA30,204
FUN_0031ea30,0x0031EA30,0x0031EA94,100
FUN_0031eaa0,0x0031EAA0,0x0031EAD4,52
FUN_0031eae0,0x0031EAE0,0x0031EB28,72
FUN_0031eb30,0x0031EB30,0x0031EB40,16
FUN_0031eb40,0x0031EB40,0x0031EBB0,112
FUN_0031ebb0,0x0031EBB0,0x0031ECB8,264
FUN_0031ecc0,0x0031ECC0,0x0031EE10,328
FUN_0031ee10,0x0031EE10,0x0031EFDC,456
FUN_0031efe0,0x0031EFE0,0x0031F090,176
FUN_0031f090,0x0031F090,0x0031F14C,188
FUN_0031f150,0x0031F150,0x0031F270,284
FUN_0031f270,0x0031F270,0x0031F440,460
FUN_0031f440,0x0031F440,0x0031F5A4,356
FUN_0031f5b0,0x0031F5B0,0x0031F684,212
FUN_0031f690,0x0031F690,0x0031FBE4,1352
FUN_0031fbf0,0x0031FBF0,0x0031FE3C,588
FUN_0031fe40,0x0031FE40,0x00320354,1288
FUN_00320360,0x00320360,0x00320368,8
FUN_00320370,0x00320370,0x003203D8,104
FUN_003203e0,0x003203E0,0x00320448,104
FUN_00320450,0x00320450,0x003205E8,408
FUN_003205f0,0x003205F0,0x003206A4,180
FUN_003206b0,0x003206B0,0x00320730,128
FUN_00320730,0x00320730,0x003207B0,128
FUN_003207b0,0x003207B0,0x00320830,128
FUN_00320830,0x00320830,0x00320AD0,672
FUN_00320ad0,0x00320AD0,0x00320B14,68
FUN_00320b20,0x00320B20,0x00320D44,548
FUN_00320d50,0x00320D50,0x003212E0,1416
FUN_003212e0,0x003212E0,0x00321644,856
FUN_00321650,0x00321650,0x00321730,224
FUN_00321730,0x00321730,0x00321778,72
FUN_00321780,0x00321780,0x003217B4,52
FUN_003217c0,0x003217C0,0x00321810,80
FUN_00321810,0x00321810,0x00321950,312
FUN_00321950,0x00321950,0x003219AC,92
FUN_003219b0,0x003219B0,0x003219B8,8
FUN_003219c0,0x003219C0,0x003219E8,40
FUN_003219f0,0x003219F0,0x00321A00,16
FUN_00321a00,0x00321A00,0x00321B14,276
FUN_00321b20,0x00321B20,0x00321B78,88
FUN_00321b80,0x00321B80,0x00321B88,8
FUN_00321b90,0x00321B90,0x00321B98,8
FUN_00321ba0,0x00321BA0,0x00321BA8,8
FUN_00321bb0,0x00321BB0,0x00321BB8,8
FUN_00321bc0,0x00321BC0,0x00321DA4,476
FUN_00321db0,0x00321DB0,0x00321DB8,8
FUN_00321dc0,0x00321DC0,0x00321DC8,8
FUN_00321dd0,0x00321DD0,0x00321DE8,24
FUN_00321df0,0x00321DF0,0x00321DFC,12
FUN_00321e00,0x00321E00,0x00321F28,296
FUN_00321f30,0x00321F30,0x00321FE4,180
FUN_00321ff0,0x00321FF0,0x0032217C,396
FUN_00322180,0x00322180,0x003222DC,348
FUN_003222e0,0x003222E0,0x00322578,660
FUN_00322580,0x00322580,0x003225D0,80
FUN_003225d0,0x003225D0,0x003229D8,1028
FUN_003229e0,0x003229E0,0x00322A34,84
FUN_00322a40,0x00322A40,0x00322AA8,104
FUN_00322ab0,0x00322AB0,0x00322B84,208
FUN_00322b90,0x00322B90,0x00322C50,188
FUN_00322c50,0x00322C50,0x00322ECC,636
FUN_00322ed0,0x00322ED0,0x00322ED8,8
FUN_00322ee0,0x00322EE0,0x00322EE8,8
FUN_00322ef0,0x00322EF0,0x00322F2C,60
FUN_00322f30,0x00322F30,0x00322F38,8
FUN_00322f40,0x00322F40,0x00322F80,64
FUN_00322f80,0x00322F80,0x00323038,180
FUN_00323040,0x00323040,0x00323154,268
FUN_00323160,0x00323160,0x00323180,32
FUN_00323180,0x00323180,0x00323314,400
FUN_00323320,0x00323320,0x003233C8,168
FUN_003233d0,0x003233D0,0x0032393C,1356
FUN_00323940,0x00323940,0x003239B8,120
FUN_003239c0,0x003239C0,0x003239E8,40
FUN_003239f0,0x003239F0,0x00323A08,24
FUN_00323a10,0x00323A10,0x00323A64,84
FUN_00323a70,0x00323A70,0x00323B44,212
FUN_00323b50,0x00323B50,0x00323C24,212
FUN_00323c30,0x00323C30,0x00323E78,572
FUN_00323e80,0x00323E80,0x003240D4,592
FUN_003240e0,0x003240E0,0x00324368,644
FUN_00324370,0x00324370,0x0032440C,156
FUN_00324410,0x00324410,0x0032445C,76
FUN_00324460,0x00324460,0x00324508,168
FUN_00324510,0x00324510,0x00324610,256
FUN_00324610,0x00324610,0x00324680,112
FUN_00324680,0x00324680,0x003246F8,120
FUN_00324700,0x00324700,0x00324804,260
FUN_00324810,0x00324810,0x003248C0,176
FUN_003248c0,0x003248C0,0x00324914,84
FUN_00324920,0x00324920,0x00324974,84
FUN_00324980,0x00324980,0x003249D4,84
FUN_003249e0,0x003249E0,0x00324A98,184
FUN_00324aa0,0x00324AA0,0x00324BB0,268
FUN_00324bb0,0x00324BB0,0x00324D60,432
FUN_00324d60,0x00324D60,0x00324EE0,384
FUN_00324ee0,0x00324EE0,0x0032533C,1112
FUN_00325340,0x00325340,0x003253BC,124
FUN_003253c0,0x003253C0,0x003254F0,304
FUN_003254f0,0x003254F0,0x003254FC,12
FUN_00325500,0x00325500,0x003255A4,164
FUN_003255b0,0x003255B0,0x00325760,432
FUN_00325760,0x00325760,0x00325884,292
FUN_00325890,0x00325890,0x00325914,132
FUN_00325920,0x00325920,0x00325960,64
FUN_00325960,0x00325960,0x003259E0,128
FUN_003259e0,0x003259E0,0x00325A5C,124
FUN_00325a60,0x00325A60,0x00325AC8,104
FUN_00325ad0,0x00325AD0,0x00325B6C,156
FUN_00325b70,0x00325B70,0x00325B98,40
FUN_00325ba0,0x00325BA0,0x00325EA0,764
FUN_00325ea0,0x00325EA0,0x00326288,1000
FUN_00326290,0x00326290,0x00326360,208
FUN_00326360,0x00326360,0x00326438,212
FUN_00326440,0x00326440,0x003264B0,112
FUN_003264b0,0x003264B0,0x00326520,112
FUN_00326520,0x00326520,0x00326548,40
FUN_00326550,0x00326550,0x0032656C,28
FUN_00326570,0x00326570,0x00326594,36
FUN_003265a0,0x003265A0,0x003265D4,52
FUN_003265e0,0x003265E0,0x00326614,52
FUN_00326620,0x00326620,0x0032664C,44
FUN_00326650,0x00326650,0x003266AC,92
FUN_003266b0,0x003266B0,0x00326710,96
FUN_00326710,0x00326710,0x0032679C,140
FUN_003267a0,0x003267A0,0x003267C0,32
FUN_003267c0,0x003267C0,0x003268EC,300
FUN_003268f0,0x003268F0,0x003268FC,12
FUN_00326900,0x00326900,0x00326A58,344
FUN_00326a60,0x00326A60,0x00326A84,36
FUN_00326a90,0x00326A90,0x00326B14,132
FUN_00326b20,0x00326B20,0x00326BE4,196
FUN_00326bf0,0x00326BF0,0x00326C74,128
FUN_00326c80,0x00326C80,0x00326DA8,292
FUN_00326db0,0x00326DB0,0x00326EDC,300
FUN_00326ee0,0x00326EE0,0x003272F8,1044
FUN_00327300,0x00327300,0x00327670,868
FUN_00327670,0x00327670,0x00327748,212
FUN_00327750,0x00327750,0x00327904,432
FUN_00327910,0x00327910,0x00327924,20
FUN_00327930,0x00327930,0x003279BC,140
FUN_003279c0,0x003279C0,0x00327A80,188
FUN_00327a80,0x00327A80,0x00327AC4,68
FUN_00327ad0,0x00327AD0,0x00327B28,88
FUN_00327b30,0x00327B30,0x00327B60,48
FUN_00327b60,0x00327B60,0x00327C00,160
FUN_00327c00,0x00327C00,0x00327CD4,208
FUN_00327ce0,0x00327CE0,0x00327D08,40
FUN_00327d10,0x00327D10,0x00327E38,288
FUN_00327e40,0x00327E40,0x00328040,500
FUN_00328040,0x00328040,0x00328164,292
FUN_00328170,0x00328170,0x003282D4,356
FUN_003282e0,0x003282E0,0x003284C4,480
FUN_003284d0,0x003284D0,0x00328528,88
FUN_00328530,0x00328530,0x0032857C,76
FUN_00328580,0x00328580,0x00328874,756
FUN_00328880,0x00328880,0x00328A9C,536
FUN_00328aa0,0x00328AA0,0x00328AAC,12
FUN_00328ab0,0x00328AB0,0x00328AE8,56
FUN_00328af0,0x00328AF0,0x00328B18,40
FUN_00328b20,0x00328B20,0x00328D5C,572
FUN_00328d60,0x00328D60,0x00328D78,24
FUN_00328d80,0x00328D80,0x00328E40,192
FUN_00328e40,0x00328E40,0x00328E98,84
FUN_00328ea0,0x00328EA0,0x00328F0C,108
FUN_00328f10,0x00328F10,0x003290E4,456
FUN_003290f0,0x003290F0,0x00329224,308
FUN_00329230,0x00329230,0x003292CC,156
FUN_003292d0,0x003292D0,0x003293EC,276
FUN_003293f0,0x003293F0,0x0032944C,92
FUN_00329450,0x00329450,0x00329538,232
FUN_00329540,0x00329540,0x003297B4,620
FUN_003297c0,0x003297C0,0x003299BC,500
FUN_003299c0,0x003299C0,0x00329A4C,140
FUN_00329a50,0x00329A50,0x00329A84,52
FUN_00329a90,0x00329A90,0x00329B0C,120
FUN_00329b10,0x00329B10,0x00329BF4,228
FUN_00329c00,0x00329C00,0x00329D88,388
FUN_00329d90,0x00329D90,0x00329E0C,124
FUN_00329e10,0x00329E10,0x00329E84,116
FUN_00329e90,0x00329E90,0x00329EE8,84
FUN_00329ef0,0x00329EF0,0x00329F18,40
FUN_00329f20,0x00329F20,0x00329FBC,156
FUN_00329fc0,0x00329FC0,0x0032A02C,108
FUN_0032a030,0x0032A030,0x0032A21C,492
FUN_0032a220,0x0032A220,0x0032A240,32
FUN_0032a240,0x0032A240,0x0032A2A4,100
thunk_FUN_00329230,0x0032A2B0,0x0032A2B8,8
FUN_0032a2c0,0x0032A2C0,0x0032A300,64
FUN_0032a300,0x0032A300,0x0032A310,16
FUN_0032a310,0x0032A310,0x0032A318,8
FUN_0032a320,0x0032A320,0x0032A3B0,144
FUN_0032a3b0,0x0032A3B0,0x0032A41C,108
FUN_0032a420,0x0032A420,0x0032A520,256
FUN_0032a520,0x0032A520,0x0032A52C,12
FUN_0032a530,0x0032A530,0x0032A538,8
FUN_0032a540,0x0032A540,0x0032A548,8
FUN_0032a550,0x0032A550,0x0032A590,64
FUN_0032a590,0x0032A590,0x0032A638,168
FUN_0032a640,0x0032A640,0x0032A6E0,160
FUN_0032a6e0,0x0032A6E0,0x0032A8A8,444
FUN_0032a8b0,0x0032A8B0,0x0032AA38,388
FUN_0032aa40,0x0032AA40,0x0032AA68,40
FUN_0032aa70,0x0032AA70,0x0032AA78,8
FUN_0032aa80,0x0032AA80,0x0032AA88,8
FUN_0032aa90,0x0032AA90,0x0032AAD0,64
FUN_0032aad0,0x0032AAD0,0x0032AB10,64
FUN_0032ab10,0x0032AB10,0x0032AB50,64
FUN_0032ab50,0x0032AB50,0x0032AB58,8
FUN_0032ab60,0x0032AB60,0x0032AB94,52
FUN_0032aba0,0x0032ABA0,0x0032AC98,248
FUN_0032aca0,0x0032ACA0,0x0032ACF8,88
FUN_0032ad00,0x0032AD00,0x0032AD98,152
FUN_0032ada0,0x0032ADA0,0x0032AE30,144
FUN_0032ae30,0x0032AE30,0x0032AEE0,176
FUN_0032aee0,0x0032AEE0,0x0032AF30,80
FUN_0032af30,0x0032AF30,0x0032B0E8,436
FUN_0032b0f0,0x0032B0F0,0x0032B258,356
FUN_0032b260,0x0032B260,0x0032B3A8,324
FUN_0032b3b0,0x0032B3B0,0x0032B45C,172
FUN_0032b460,0x0032B460,0x0032B7DC,880
FUN_0032b7e0,0x0032B7E0,0x0032B80C,44
FUN_0032b810,0x0032B810,0x0032B874,100
FUN_0032b880,0x0032B880,0x0032B8B4,52
FUN_0032b8c0,0x0032B8C0,0x0032B914,84
FUN_0032b920,0x0032B920,0x0032B928,8
FUN_0032b930,0x0032B930,0x0032B940,16
FUN_0032b940,0x0032B940,0x0032B950,16
FUN_0032b950,0x0032B950,0x0032B968,24
FUN_0032b970,0x0032B970,0x0032B988,24
FUN_0032b990,0x0032B990,0x0032BA08,120
FUN_0032ba10,0x0032BA10,0x0032BAB8,168
FUN_0032bac0,0x0032BAC0,0x0032BAD0,16
FUN_0032bad0,0x0032BAD0,0x0032BAF8,40
FUN_0032bb00,0x0032BB00,0x0032BB20,32
FUN_0032bb20,0x0032BB20,0x0032BC1C,240
FUN_0032bc20,0x0032BC20,0x0032BC5C,60
FUN_0032bc60,0x0032BC60,0x0032BC88,40
FUN_0032bc90,0x0032BC90,0x0032BD04,116
FUN_0032bd10,0x0032BD10,0x0032BD64,84
FUN_0032bd70,0x0032BD70,0x0032BE5C,236
FUN_0032be60,0x0032BE60,0x0032C0F0,652
FUN_0032c0f0,0x0032C0F0,0x0032C190,160
FUN_0032c190,0x0032C190,0x0032CBA8,2568
FUN_0032cbb0,0x0032CBB0,0x0032CC9C,232
FUN_0032cca0,0x0032CCA0,0x0032CD9C,252
FUN_0032cda0,0x0032CDA0,0x0032CF18,364
FUN_0032cf20,0x0032CF20,0x0032D1F8,720
FUN_0032d200,0x0032D200,0x0032D260,96
FUN_0032d260,0x0032D260,0x0032D320,192
FUN_0032d320,0x0032D320,0x0032D3CC,172
FUN_0032d3d0,0x0032D3D0,0x0032D47C,172
FUN_0032d480,0x0032D480,0x0032D608,388
FUN_0032d610,0x0032D610,0x0032D7A8,408
FUN_0032d7b0,0x0032D7B0,0x0032D874,196
FUN_0032d880,0x0032D880,0x0032D968,232
FUN_0032d970,0x0032D970,0x0032D9AC,60
FUN_0032d9b0,0x0032D9B0,0x0032DA18,100
FUN_0032da20,0x0032DA20,0x0032DA8C,108
FUN_0032da90,0x0032DA90,0x0032DABC,44
FUN_0032dac0,0x0032DAC0,0x0032DAF4,52
FUN_0032db00,0x0032DB00,0x0032DB2C,44
FUN_0032db30,0x0032DB30,0x0032DB6C,60
FUN_0032db70,0x0032DB70,0x0032DB9C,44
FUN_0032dba0,0x0032DBA0,0x0032DBCC,44
FUN_0032dbd0,0x0032DBD0,0x0032DC34,100
FUN_0032dc40,0x0032DC40,0x0032DCE8,168
FUN_0032dcf0,0x0032DCF0,0x0032DD6C,124
FUN_0032dd70,0x0032DD70,0x0032DDD0,96
FUN_0032ddd0,0x0032DDD0,0x0032DF00,304
FUN_0032df00,0x0032DF00,0x0032DF10,16
FUN_0032df10,0x0032DF10,0x0032DF20,16
FUN_0032df20,0x0032DF20,0x0032DF8C,104
FUN_0032df90,0x0032DF90,0x0032E1C4,548
FUN_0032e1d0,0x0032E1D0,0x0032E1E0,16
thunk_FUN_001bff28,0x0032E1E0,0x0032E1E8,8
FUN_0032e1f0,0x0032E1F0,0x0032E1F8,8
FUN_0032e200,0x0032E200,0x0032E208,8
FUN_0032e210,0x0032E210,0x0032E218,8
FUN_0032e220,0x0032E220,0x0032E334,276
FUN_0032e340,0x0032E340,0x0032E4BC,376
FUN_0032e4c0,0x0032E4C0,0x0032E7BC,760
FUN_0032e7c0,0x0032E7C0,0x0032E8C4,260
FUN_0032e8d0,0x0032E8D0,0x0032EABC,492
FUN_0032eac0,0x0032EAC0,0x0032EE1C,856
FUN_0032ee20,0x0032EE20,0x0032EF40,288
FUN_0032ef40,0x0032EF40,0x0032F064,292
FUN_0032f070,0x0032F070,0x0032F078,8
FUN_0032f080,0x0032F080,0x0032F088,8
FUN_0032f090,0x0032F090,0x0032F09C,12
FUN_0032f0a0,0x0032F0A0,0x0032F0DC,60
FUN_0032f0e0,0x0032F0E0,0x0032F1B8,208
FUN_0032f1c0,0x0032F1C0,0x0032F1CC,12
FUN_0032f1d0,0x0032F1D0,0x0032F1E8,24
FUN_0032f1f0,0x0032F1F0,0x0032F25C,108
FUN_0032f260,0x0032F260,0x0032F3AC,328
FUN_0032f3b0,0x0032F3B0,0x0032F440,140
FUN_0032f440,0x0032F440,0x0032F48C,72
FUN_0032f490,0x0032F490,0x0032F5A0,268
FUN_0032f5a0,0x0032F5A0,0x0032F630,140
FUN_0032f630,0x0032F630,0x0032F6C0,140
FUN_0032f6c0,0x0032F6C0,0x0032F7D4,276
FUN_0032f7e0,0x0032F7E0,0x0032F824,64
FUN_0032f830,0x0032F830,0x0032F898,100
FUN_0032f8a0,0x0032F8A0,0x0032F900,92
FUN_0032f900,0x0032F900,0x0032F990,140
FUN_0032f990,0x0032F990,0x0032FA20,140
FUN_0032fa20,0x0032FA20,0x0032FA8C,108
FUN_0032fa90,0x0032FA90,0x0032FC40,432
FUN_0032fc40,0x0032FC40,0x0032FD84,324
FUN_0032fd90,0x0032FD90,0x0032FDF4,100
FUN_0032fe00,0x0032FE00,0x00330004,516
FUN_00330010,0x00330010,0x00330034,36
FUN_00330040,0x00330040,0x003301C0,384
FUN_003301c0,0x003301C0,0x003302A0,224
FUN_003302a0,0x003302A0,0x003304BC,532
FUN_003304c0,0x003304C0,0x00330650,396
FUN_00330650,0x00330650,0x003307E0,396
FUN_003307e0,0x003307E0,0x003309E8,520
FUN_003309f0,0x003309F0,0x00330A00,16
FUN_00330a00,0x00330A00,0x00330A14,20
FUN_00330a20,0x00330A20,0x00330A30,16
FUN_00330a30,0x00330A30,0x00330A38,8
FUN_00330a40,0x00330A40,0x00330A5C,28
FUN_00330a60,0x00330A60,0x00330BB8,340
FUN_00330bc0,0x00330BC0,0x00330D04,320
FUN_00330d10,0x00330D10,0x00330F74,612
FUN_00330f80,0x00330F80,0x003311F8,628
FUN_00331200,0x00331200,0x00331240,64
FUN_00331240,0x00331240,0x003312F8,184
FUN_00331300,0x00331300,0x003313AC,172
FUN_003313b0,0x003313B0,0x003313C0,16
FUN_003313c0,0x003313C0,0x00331478,184
FUN_00331480,0x00331480,0x00331590,272
FUN_00331590,0x00331590,0x003316A0,272
FUN_003316a0,0x003316A0,0x003318B4,532
FUN_003318c0,0x003318C0,0x00331AD8,536
FUN_00331ae0,0x00331AE0,0x00331CF8,536
FUN_00331d00,0x00331D00,0x00331F70,624
FUN_00331f70,0x00331F70,0x00331F78,8
FUN_00331f80,0x00331F80,0x00331FB0,48
FUN_00331fb0,0x00331FB0,0x00331FD0,32
FUN_00331fd0,0x00331FD0,0x00332014,68
FUN_00332020,0x00332020,0x0033209C,124
FUN_003320a0,0x003320A0,0x00332158,180
FUN_00332160,0x00332160,0x003321E4,132
FUN_003321f0,0x003321F0,0x003323F8,496
FUN_00332400,0x00332400,0x00332480,128
FUN_00332480,0x00332480,0x003324F4,116
FUN_00332500,0x00332500,0x00332634,308
FUN_00332640,0x00332640,0x003326B0,112
FUN_003326b0,0x003326B0,0x00332794,228
FUN_003327a0,0x003327A0,0x0033280C,108
FUN_00332810,0x00332810,0x00332870,96
FUN_00332870,0x00332870,0x003328D0,96
FUN_003328d0,0x003328D0,0x003329F4,288
FUN_00332a00,0x00332A00,0x00332B14,276
FUN_00332b20,0x00332B20,0x00332B68,72
FUN_00332b70,0x00332B70,0x00332BDC,108
FUN_00332be0,0x00332BE0,0x00332C38,88
FUN_00332c40,0x00332C40,0x00332C68,40
thunk_FUN_003255b0,0x00332C70,0x00332C78,8
FUN_00332c80,0x00332C80,0x00332CA0,32
FUN_00332ca0,0x00332CA0,0x00332CA8,8
FUN_00332cb0,0x00332CB0,0x00332CD8,40
FUN_00332ce0,0x00332CE0,0x00332CFC,28
FUN_00332d00,0x00332D00,0x00332D30,48
FUN_00332d30,0x00332D30,0x00332D68,56
FUN_00332d70,0x00332D70,0x00332DB4,68
FUN_00332dc0,0x00332DC0,0x00332E00,64
FUN_00332e00,0x00332E00,0x00332E4C,76
FUN_00332e50,0x00332E50,0x00333014,452
FUN_00333020,0x00333020,0x0033312C,256
FUN_00333130,0x00333130,0x00333294,352
FUN_003332a0,0x003332A0,0x00333404,352
FUN_00333410,0x00333410,0x003334D4,192
FUN_003334e0,0x003334E0,0x00333650,368
FUN_00333650,0x00333650,0x00333660,16
FUN_00333660,0x00333660,0x00333694,52
FUN_003336a0,0x003336A0,0x00333848,420
FUN_00333850,0x00333850,0x00333A7C,548
FUN_00333a80,0x00333A80,0x00333B94,276
FUN_00333ba0,0x00333BA0,0x00333BB0,16
FUN_00333bb0,0x00333BB0,0x00333D04,340
FUN_00333d10,0x00333D10,0x00333D90,128
FUN_00333d90,0x00333D90,0x00333DB8,40
FUN_00333dc0,0x00333DC0,0x003343A4,1508
FUN_003343b0,0x003343B0,0x003343C4,20
FUN_003343d0,0x003343D0,0x003345F4,548
FUN_00334600,0x00334600,0x00334C4C,1612
FUN_00334c50,0x00334C50,0x00334CBC,108
FUN_00334cc0,0x00334CC0,0x00334D38,120
FUN_00334d40,0x00334D40,0x00334D58,24
FUN_00334d60,0x00334D60,0x00334DC0,96
FUN_00334dc0,0x00334DC0,0x00334E40,128
FUN_00334e40,0x00334E40,0x00334EE4,164
FUN_00334ef0,0x00334EF0,0x00335028,308
FUN_00335030,0x00335030,0x0033508C,92
FUN_00335090,0x00335090,0x003351B4,292
FUN_003351c0,0x003351C0,0x00335324,348
FUN_00335330,0x00335330,0x0033545C,300
FUN_00335460,0x00335460,0x00335484,36
FUN_00335490,0x00335490,0x00335504,112
FUN_00335510,0x00335510,0x00335560,76
FUN_00335560,0x00335560,0x003357A0,564
FUN_003357a0,0x003357A0,0x003357D0,48
FUN_003357d0,0x003357D0,0x00335C48,1144
FUN_00335c50,0x00335C50,0x00335E64,532
FUN_00335e70,0x00335E70,0x00335ED0,96
FUN_00335ed0,0x00335ED0,0x0033607C,420
FUN_00336080,0x00336080,0x003361D0,328
FUN_003361d0,0x003361D0,0x003361D8,8
FUN_003361e0,0x003361E0,0x0033624C,108
FUN_00336250,0x00336250,0x0033633C,236
FUN_00336340,0x00336340,0x00336B18,2000
FUN_00336b20,0x00336B20,0x00336BA8,136
FUN_00336bb0,0x00336BB0,0x00336CA8,248
FUN_00336cb0,0x00336CB0,0x00336DEC,316
FUN_00336df0,0x00336DF0,0x00336FC8,468
FUN_00336fd0,0x00336FD0,0x00337294,708
FUN_003372a0,0x003372A0,0x00337514,616
FUN_00337520,0x00337520,0x00337528,8
FUN_00337530,0x00337530,0x003376E4,428
FUN_003376f0,0x003376F0,0x00337750,96
FUN_00337750,0x00337750,0x0033778C,60
FUN_00337790,0x00337790,0x00337F1C,1928
FUN_00337f20,0x00337F20,0x00337FB0,144
FUN_00337fb0,0x00337FB0,0x00338438,1160
FUN_00338440,0x00338440,0x003384D0,144
FUN_003384d0,0x003384D0,0x00338574,164
FUN_00338580,0x00338580,0x00338630,176
FUN_00338630,0x00338630,0x0033869C,104
FUN_003386a0,0x003386A0,0x003386CC,44
FUN_003386d0,0x003386D0,0x00338734,100
FUN_00338740,0x00338740,0x003387C0,128
FUN_003387c0,0x003387C0,0x00338958,396
FUN_00338960,0x00338960,0x00338D78,1044
FUN_00338d80,0x00338D80,0x00338FB0,560
FUN_00338fb0,0x00338FB0,0x003398FC,2340
FUN_00339900,0x00339900,0x0033992C,44
FUN_00339930,0x00339930,0x00339A4C,284
FUN_00339a50,0x00339A50,0x00339D74,804
FUN_00339d80,0x00339D80,0x00339E8C,268
FUN_00339e90,0x00339E90,0x00339F34,164
FUN_00339f40,0x00339F40,0x0033A06C,300
FUN_0033a070,0x0033A070,0x0033A0E0,112
FUN_0033a0e0,0x0033A0E0,0x0033A120,64
FUN_0033a120,0x0033A120,0x0033A128,8
FUN_0033a130,0x0033A130,0x0033A144,20
FUN_0033a150,0x0033A150,0x0033A27C,300
FUN_0033a280,0x0033A280,0x0033A2F0,112
FUN_0033a2f0,0x0033A2F0,0x0033A330,64
FUN_0033a330,0x0033A330,0x0033A338,8
FUN_0033a340,0x0033A340,0x0033A354,20
FUN_0033a360,0x0033A360,0x0033A484,292
FUN_0033a490,0x0033A490,0x0033A4D0,64
FUN_0033a4d0,0x0033A4D0,0x0033A4D8,8
FUN_0033a4e0,0x0033A4E0,0x0033A560,128
FUN_0033a560,0x0033A560,0x0033A6A4,324
FUN_0033a6b0,0x0033A6B0,0x0033A738,132
FUN_0033a740,0x0033A740,0x0033A7C8,132
FUN_0033a7d0,0x0033A7D0,0x0033A830,96
FUN_0033a830,0x0033A830,0x0033A868,56
FUN_0033a870,0x0033A870,0x0033ABA0,816
FUN_0033aba0,0x0033ABA0,0x0033ABE8,72
FUN_0033abf0,0x0033ABF0,0x0033AC38,72
FUN_0033ac40,0x0033AC40,0x0033ACF8,180
FUN_0033ad00,0x0033AD00,0x0033AE2C,296
FUN_0033ae30,0x0033AE30,0x0033AF44,276
FUN_0033af50,0x0033AF50,0x0033B29C,840
FUN_0033b2a0,0x0033B2A0,0x0033B348,168
FUN_0033b350,0x0033B350,0x0033B370,32
FUN_0033b370,0x0033B370,0x0033B3A0,48
FUN_0033b3a0,0x0033B3A0,0x0033B440,160
FUN_0033b440,0x0033B440,0x0033B47C,60
FUN_0033b480,0x0033B480,0x0033B488,8
FUN_0033b490,0x0033B490,0x0033B498,8
FUN_0033b4a0,0x0033B4A0,0x0033B4B0,16
FUN_0033b4b0,0x0033B4B0,0x0033B558,168
FUN_0033b560,0x0033B560,0x0033B5D8,120
FUN_0033b5e0,0x0033B5E0,0x0033B6A8,200
FUN_0033b6b0,0x0033B6B0,0x0033B768,184
FUN_0033b770,0x0033B770,0x0033B7D8,104
FUN_0033b7e0,0x0033B7E0,0x0033B85C,124
FUN_0033b860,0x0033B860,0x0033B92C,204
FUN_0033b930,0x0033B930,0x0033B9DC,172
FUN_0033b9e0,0x0033B9E0,0x0033BA2C,76
FUN_0033ba30,0x0033BA30,0x0033BAA8,120
FUN_0033bab0,0x0033BAB0,0x0033BB54,164
FUN_0033bb60,0x0033BB60,0x0033BC88,296
FUN_0033bc90,0x0033BC90,0x0033BCC8,56
FUN_0033bcd0,0x0033BCD0,0x0033BEA4,468
FUN_0033beb0,0x0033BEB0,0x0033C0A4,500
FUN_0033c0b0,0x0033C0B0,0x0033C130,128
FUN_0033c130,0x0033C130,0x0033C2A4,372
FUN_0033c2b0,0x0033C2B0,0x0033C410,348
FUN_0033c410,0x0033C410,0x0033C4A4,148
FUN_0033c4b0,0x0033C4B0,0x0033C724,628
FUN_0033c730,0x0033C730,0x0033C844,268
FUN_0033c850,0x0033C850,0x0033CA38,488
FUN_0033ca40,0x0033CA40,0x0033CA50,16
FUN_0033ca50,0x0033CA50,0x0033CB08,184
FUN_0033cb10,0x0033CB10,0x0033CB78,104
FUN_0033cb80,0x0033CB80,0x0033CD84,516
FUN_0033cd90,0x0033CD90,0x0033CFB8,552
FUN_0033cfc0,0x0033CFC0,0x0033D098,216
FUN_0033d0a0,0x0033D0A0,0x0033D0C8,40
FUN_0033d0d0,0x0033D0D0,0x0033D15C,140
FUN_0033d160,0x0033D160,0x0033D298,308
FUN_0033d2a0,0x0033D2A0,0x0033D320,128
FUN_0033d320,0x0033D320,0x0033D330,16
FUN_0033d330,0x0033D330,0x0033D40C,220
FUN_0033d410,0x0033D410,0x0033D91C,1292
FUN_0033d920,0x0033D920,0x0033DC64,836
FUN_0033dc70,0x0033DC70,0x0033DCE8,120
FUN_0033dcf0,0x0033DCF0,0x0033DD68,120
FUN_0033dd70,0x0033DD70,0x0033DD78,8
FUN_0033dd80,0x0033DD80,0x0033DD88,8
FUN_0033dd90,0x0033DD90,0x0033DD9C,12
FUN_0033dda0,0x0033DDA0,0x0033DE0C,108
FUN_0033de10,0x0033DE10,0x0033DF20,268
FUN_0033df20,0x0033DF20,0x0033E004,228
FUN_0033e010,0x0033E010,0x0033E0C4,180
FUN_0033e0d0,0x0033E0D0,0x0033E164,148
FUN_0033e170,0x0033E170,0x0033E378,516
FUN_0033e380,0x0033E380,0x0033E4A8,292
FUN_0033e4b0,0x0033E4B0,0x0033E514,100
FUN_0033e520,0x0033E520,0x0033E5C4,164
FUN_0033e5d0,0x0033E5D0,0x0033E658,136
FUN_0033e660,0x0033E660,0x0033E6E8,136
FUN_0033e6f0,0x0033E6F0,0x0033E738,72
FUN_0033e740,0x0033E740,0x0033E894,332
FUN_0033e8a0,0x0033E8A0,0x0033E9A0,252
FUN_0033e9a0,0x0033E9A0,0x0033EA08,104
FUN_0033ea10,0x0033EA10,0x0033EAD4,192
FUN_0033eae0,0x0033EAE0,0x0033EB0C,44
FUN_0033eb10,0x0033EB10,0x0033EBE0,204
FUN_0033ebe0,0x0033EBE0,0x0033EC68,132
FUN_0033ec70,0x0033EC70,0x0033EC7C,12
FUN_0033ec80,0x0033EC80,0x0033ED10,140
FUN_0033ed10,0x0033ED10,0x0033EDCC,188
FUN_0033edd0,0x0033EDD0,0x0033EF10,308
FUN_0033ef10,0x0033EF10,0x0033EF98,132
FUN_0033efa0,0x0033EFA0,0x0033F288,744
FUN_0033f290,0x0033F290,0x0033F340,176
FUN_0033f340,0x0033F340,0x0033F34C,12
FUN_0033f350,0x0033F350,0x0033F3C0,112
FUN_0033f3c0,0x0033F3C0,0x0033F408,72
FUN_0033f410,0x0033F410,0x0033F4A8,152
FUN_0033f4b0,0x0033F4B0,0x0033F4F4,68
FUN_0033f500,0x0033F500,0x0033F54C,76
FUN_0033f550,0x0033F550,0x0033F560,16
FUN_0033f560,0x0033F560,0x0033F6E0,380
FUN_0033f6e0,0x0033F6E0,0x0033F7D0,240
FUN_0033f7d0,0x0033F7D0,0x0033F7FC,44
FUN_0033f800,0x0033F800,0x0033F808,8
FUN_0033f810,0x0033F810,0x0033F8A0,144
FUN_0033f8a0,0x0033F8A0,0x0033F978,216
FUN_0033f980,0x0033F980,0x0033F9E0,96
FUN_0033f9e0,0x0033F9E0,0x0033FA7C,156
FUN_0033fa80,0x0033FA80,0x0033FB84,260
FUN_0033fb90,0x0033FB90,0x0033FE08,624
FUN_0033fe10,0x0033FE10,0x003403F4,1508
FUN_00340400,0x00340400,0x00341BBC,6060
FUN_00341bc0,0x00341BC0,0x00341CFC,316
FUN_00341d00,0x00341D00,0x00341D2C,44
FUN_00341d30,0x00341D30,0x00341DAC,124
FUN_00341db0,0x00341DB0,0x00341E2C,124
FUN_00341e30,0x00341E30,0x00341EEC,184
FUN_00341ef0,0x00341EF0,0x00341FD4,228
FUN_00341fe0,0x00341FE0,0x00342014,52
FUN_00342020,0x00342020,0x00342070,80
FUN_00342070,0x00342070,0x0034207C,12
FUN_00342080,0x00342080,0x0034212C,172
FUN_00342130,0x00342130,0x00342234,260
FUN_00342240,0x00342240,0x00342274,52
FUN_00342280,0x00342280,0x003423BC,308
FUN_003423c0,0x003423C0,0x0034268C,712
FUN_00342690,0x00342690,0x003426B8,40
FUN_003426c0,0x003426C0,0x003427BC,248
FUN_003427c0,0x003427C0,0x00342B8C,972
FUN_00342b90,0x00342B90,0x003432CC,1844
FUN_003432d0,0x003432D0,0x0034395C,1672
FUN_00343960,0x00343960,0x00344004,1692
FUN_00344010,0x00344010,0x0034422C,540
FUN_00344230,0x00344230,0x0034423C,12
FUN_00344240,0x00344240,0x00344550,776
FUN_00344550,0x00344550,0x00344560,16
FUN_00344560,0x00344560,0x003445B8,88
FUN_003445c0,0x003445C0,0x00344600,64
FUN_00344600,0x00344600,0x00344740,312
FUN_00344740,0x00344740,0x003447DC,156
FUN_003447e0,0x003447E0,0x00344B6C,908
FUN_00344b70,0x00344B70,0x00344BBC,76
FUN_00344bc0,0x00344BC0,0x00344C30,112
FUN_00344c30,0x00344C30,0x00344D7C,328
FUN_00344d80,0x00344D80,0x00344E10,144
FUN_00344e10,0x00344E10,0x00344F1C,268
FUN_00344f20,0x00344F20,0x0034527C,856
FUN_00345280,0x00345280,0x003452D8,88
FUN_003452e0,0x003452E0,0x0034544C,364
FUN_00345450,0x00345450,0x0034551C,204
FUN_00345520,0x00345520,0x00345578,88
FUN_00345580,0x00345580,0x00345648,200
FUN_00345650,0x00345650,0x003456A8,88
FUN_003456b0,0x003456B0,0x0034577C,204
FUN_00345780,0x00345780,0x003458C0,320
FUN_003458c0,0x003458C0,0x00345B80,696
FUN_00345b80,0x00345B80,0x00345BF4,116
FUN_00345c00,0x00345C00,0x00345CDC,220
FUN_00345ce0,0x00345CE0,0x00345D60,124
FUN_00345d60,0x00345D60,0x00345E68,260
FUN_00345e70,0x00345E70,0x0034605C,484
FUN_00346060,0x00346060,0x00346118,180
FUN_00346120,0x00346120,0x003461D8,184
FUN_003461e0,0x003461E0,0x00346364,388
FUN_00346370,0x00346370,0x00346398,40
FUN_003463a0,0x003463A0,0x003463EC,76
FUN_003463f0,0x003463F0,0x00346444,84
FUN_00346450,0x00346450,0x0034649C,76
FUN_003464a0,0x003464A0,0x00346544,164
FUN_00346550,0x00346550,0x00346564,20
FUN_00346570,0x00346570,0x00346584,20
FUN_00346590,0x00346590,0x003465A4,20
FUN_003465b0,0x003465B0,0x003465C4,20
FUN_003465d0,0x003465D0,0x003466DC,268
FUN_003466e0,0x003466E0,0x0034682C,332
FUN_00346830,0x00346830,0x0034693C,268
FUN_00346940,0x00346940,0x003469A8,104
FUN_003469b0,0x003469B0,0x00346A18,104
FUN_00346a20,0x00346A20,0x00346A88,104
FUN_00346a90,0x00346A90,0x00346A98,8
FUN_00346aa0,0x00346AA0,0x00346AA8,8
FUN_00346ab0,0x00346AB0,0x00346AB8,8
FUN_00346ac0,0x00346AC0,0x00346B1C,92
FUN_00346b20,0x00346B20,0x00346F24,1028
FUN_00346f30,0x00346F30,0x00347048,280
FUN_00347050,0x00347050,0x003470A4,84
FUN_003470b0,0x003470B0,0x003470C0,16
FUN_003470c0,0x003470C0,0x003470CC,12
FUN_003470d0,0x003470D0,0x0034714C,124
FUN_00347150,0x00347150,0x00347CB8,2888
FUN_00347cc0,0x00347CC0,0x00347E10,336
FUN_00347e10,0x00347E10,0x00347E68,88
FUN_00347e70,0x00347E70,0x00347EE0,112
FUN_00347ee0,0x00347EE0,0x00347F18,56
FUN_00347f20,0x00347F20,0x00347FF0,208
FUN_00347ff0,0x00347FF0,0x00348028,56
FUN_00348030,0x00348030,0x003480A8,120
FUN_003480b0,0x003480B0,0x003480E8,56
FUN_003480f0,0x003480F0,0x00348130,64
FUN_00348130,0x00348130,0x0034832C,508
FUN_00348330,0x00348330,0x00348720,1008
FUN_00348720,0x00348720,0x00348728,8
FUN_00348730,0x00348730,0x00348788,88
FUN_00348790,0x00348790,0x00348820,144
FUN_00348820,0x00348820,0x00348C5C,1072
FUN_00348c60,0x00348C60,0x0034919C,1328
FUN_003491a0,0x003491A0,0x003495DC,1072
FUN_003495e0,0x003495E0,0x00349648,104
FUN_00349650,0x00349650,0x003497E4,400
FUN_003497f0,0x003497F0,0x003498BC,200
FUN_003498c0,0x003498C0,0x003499DC,284
FUN_003499e0,0x003499E0,0x00349A40,96
FUN_00349a40,0x00349A40,0x00349AF8,176
FUN_00349b00,0x00349B00,0x00349B78,120
FUN_00349b80,0x00349B80,0x00349C10,144
FUN_00349c10,0x00349C10,0x00349C70,96
FUN_00349c70,0x00349C70,0x00349C80,16
FUN_00349c80,0x00349C80,0x00349C90,16
FUN_00349c90,0x00349C90,0x00349D30,160
FUN_00349d30,0x00349D30,0x00349F28,500
FUN_00349f30,0x00349F30,0x00349F9C,108
FUN_00349fa0,0x00349FA0,0x0034A074,212
FUN_0034a080,0x0034A080,0x0034A1A8,296
FUN_0034a1b0,0x0034A1B0,0x0034A2D0,288
FUN_0034a2d0,0x0034A2D0,0x0034A548,632
FUN_0034a550,0x0034A550,0x0034A558,8
FUN_0034a560,0x0034A560,0x0034A7CC,616
FUN_0034a7d0,0x0034A7D0,0x0034A9E0,524
FUN_0034a9e0,0x0034A9E0,0x0034AB60,380
FUN_0034ab60,0x0034AB60,0x0034AC08,168
FUN_0034ac10,0x0034AC10,0x0034ACFC,236
FUN_0034ad00,0x0034AD00,0x0034AD94,144
FUN_0034ada0,0x0034ADA0,0x0034AE54,176
FUN_0034ae60,0x0034AE60,0x0034B08C,556
FUN_0034b090,0x0034B090,0x0034B098,8
FUN_0034b0a0,0x0034B0A0,0x0034B0A8,8
FUN_0034b0b0,0x0034B0B0,0x0034B0B8,8
FUN_0034b0c0,0x0034B0C0,0x0034B0C8,8
FUN_0034b0d0,0x0034B0D0,0x0034B0F0,32
FUN_0034b0f0,0x0034B0F0,0x0034B220,300
FUN_0034b220,0x0034B220,0x0034B254,52
FUN_0034b260,0x0034B260,0x0034B294,52
FUN_0034b2a0,0x0034B2A0,0x0034B39C,244
FUN_0034b3a0,0x0034B3A0,0x0034B494,236
FUN_0034b4a0,0x0034B4A0,0x0034B594,236
FUN_0034b5a0,0x0034B5A0,0x0034B6BC,280
FUN_0034b6c0,0x0034B6C0,0x0034B790,200
FUN_0034b790,0x0034B790,0x0034B868,208
FUN_0034b870,0x0034B870,0x0034BA1C,420
FUN_0034ba20,0x0034BA20,0x0034BC18,492
FUN_0034bc20,0x0034BC20,0x0034BE38,524
FUN_0034be40,0x0034BE40,0x0034BF48,256
FUN_0034bf50,0x0034BF50,0x0034BF84,52
FUN_0034bf90,0x0034BF90,0x0034C098,256
FUN_0034c0a0,0x0034C0A0,0x0034C1A0,248
FUN_0034c1a0,0x0034C1A0,0x0034C240,160
FUN_0034c240,0x0034C240,0x0034C428,484
FUN_0034c430,0x0034C430,0x0034C53C,264
FUN_0034c540,0x0034C540,0x0034C5B0,112
FUN_0034c5b0,0x0034C5B0,0x0034C6EC,308
FUN_0034c6f0,0x0034C6F0,0x0034C6F8,8
FUN_0034c700,0x0034C700,0x0034C81C,280
FUN_0034c820,0x0034C820,0x0034C91C,252
FUN_0034c920,0x0034C920,0x0034C964,68
FUN_0034c970,0x0034C970,0x0034C9AC,60
FUN_0034c9b0,0x0034C9B0,0x0034CBC8,524
FUN_0034cbd0,0x0034CBD0,0x0034CC1C,72
FUN_0034cc20,0x0034CC20,0x0034CC40,32
FUN_0034cc40,0x0034CC40,0x0034CC48,8
FUN_0034cc50,0x0034CC50,0x0034CC58,8
FUN_0034cc60,0x0034CC60,0x0034D138,1240
FUN_0034d140,0x0034D140,0x0034D1A8,104
FUN_0034d1b0,0x0034D1B0,0x0034D1C0,16
FUN_0034d1c0,0x0034D1C0,0x0034D1FC,60
FUN_0034d200,0x0034D200,0x0034D220,32
FUN_0034d220,0x0034D220,0x0034D234,20
FUN_0034d240,0x0034D240,0x0034D24C,12
FUN_0034d250,0x0034D250,0x0034D258,8
FUN_0034d260,0x0034D260,0x0034D268,8
FUN_0034d270,0x0034D270,0x0034D278,8
FUN_0034d280,0x0034D280,0x0034D2E8,104
FUN_0034d2f0,0x0034D2F0,0x0034D314,36
FUN_0034d320,0x0034D320,0x0034D398,120
thunk_FUN_0022e4d0,0x0034D3A0,0x0034D3A8,8
FUN_0034d3b0,0x0034D3B0,0x0034D49C,236
FUN_0034d4a0,0x0034D4A0,0x0034EA28,5452
FUN_0034ea30,0x0034EA30,0x0034EBA4,368
FUN_0034ebb0,0x0034EBB0,0x0034ECC0,256
FUN_0034ecc0,0x0034ECC0,0x0034ED40,128
FUN_0034ed40,0x0034ED40,0x0034EE84,324
FUN_0034ee90,0x0034EE90,0x0034EF68,216
FUN_0034ef70,0x0034EF70,0x0034F148,468
FUN_0034f150,0x0034F150,0x0034F34C,500
FUN_0034f350,0x0034F350,0x0034F450,248
FUN_0034f450,0x0034F450,0x0034F460,16
FUN_0034f460,0x0034F460,0x0034F4F4,148
FUN_0034f500,0x0034F500,0x0034F554,84
FUN_0034f560,0x0034F560,0x0034F5B4,84
FUN_0034f5c0,0x0034F5C0,0x0034F614,84
FUN_0034f620,0x0034F620,0x0034F674,84
FUN_0034f680,0x0034F680,0x0034F764,220
FUN_0034f770,0x0034F770,0x0034F7A8,56
FUN_0034f7b0,0x0034F7B0,0x0034F7E8,56
FUN_0034f7f0,0x0034F7F0,0x0034F8C0,204
FUN_0034f8c0,0x0034F8C0,0x0034F990,204
FUN_0034f990,0x0034F990,0x0034FAF8,356
FUN_0034fb00,0x0034FB00,0x0034FB74,116
FUN_0034fb80,0x0034FB80,0x0034FFF8,1136
FUN_00350000,0x00350000,0x00350070,112
FUN_00350070,0x00350070,0x003500EC,124
FUN_003500f0,0x003500F0,0x00350290,416
FUN_00350290,0x00350290,0x0035038C,252
FUN_00350390,0x00350390,0x00350448,180
FUN_00350450,0x00350450,0x00350520,204
FUN_00350520,0x00350520,0x003505E8,196
FUN_003505f0,0x003505F0,0x003506B8,200
FUN_003506c0,0x003506C0,0x00350784,196
FUN_00350790,0x00350790,0x003507F8,104
FUN_00350800,0x00350800,0x003508C4,196
FUN_003508d0,0x003508D0,0x00350928,88
FUN_00350930,0x00350930,0x00350990,96
FUN_00350990,0x00350990,0x003509D8,72
FUN_003509e0,0x003509E0,0x00350A28,72
FUN_00350a30,0x00350A30,0x00350A90,96
FUN_00350a90,0x00350A90,0x00350AD8,72
FUN_00350ae0,0x00350AE0,0x00350B60,128
FUN_00350b60,0x00350B60,0x00350BAC,76
FUN_00350bb0,0x00350BB0,0x00350C2C,124
FUN_00350c30,0x00350C30,0x00350CA0,112
FUN_00350ca0,0x00350CA0,0x00350D10,112
FUN_00350d10,0x00350D10,0x00350F48,564
FUN_00350f50,0x00350F50,0x00350FBC,108
FUN_00350fc0,0x00350FC0,0x00351078,184
FUN_00351080,0x00351080,0x003510C8,72
FUN_003510d0,0x003510D0,0x00351148,120
FUN_00351150,0x00351150,0x00351268,280
FUN_00351270,0x00351270,0x003512CC,92
FUN_003512d0,0x003512D0,0x0035132C,92
FUN_00351330,0x00351330,0x00351398,104
FUN_003513a0,0x003513A0,0x003513E0,64
FUN_003513e0,0x003513E0,0x00351458,120
FUN_00351460,0x00351460,0x00351528,200
FUN_00351530,0x00351530,0x003515D0,160
FUN_003515d0,0x003515D0,0x00351640,112
FUN_00351640,0x00351640,0x00351648,8
FUN_00351650,0x00351650,0x00351668,24
FUN_00351670,0x00351670,0x00351678,8
FUN_00351680,0x00351680,0x00351688,8
FUN_00351690,0x00351690,0x003516B8,40
FUN_003516c0,0x003516C0,0x003516F0,48
FUN_003516f0,0x003516F0,0x00351708,24
FUN_00351710,0x00351710,0x00351754,68
FUN_00351760,0x00351760,0x003519DC,636
FUN_003519e0,0x003519E0,0x00351DB4,980
FUN_00351dc0,0x00351DC0,0x00351DF8,56
FUN_00351e00,0x00351E00,0x00351E18,24
FUN_00351e20,0x00351E20,0x00351E78,88
FUN_00351e80,0x00351E80,0x00351ED8,88
FUN_00351ee0,0x00351EE0,0x00351F48,104
FUN_00351f50,0x00351F50,0x00351F58,8
FUN_00351f60,0x00351F60,0x00352034,208
FUN_00352040,0x00352040,0x0035217C,316
FUN_00352180,0x00352180,0x003522B4,308
FUN_003522c0,0x003522C0,0x00352348,132
FUN_00352350,0x00352350,0x0035240C,184
FUN_00352410,0x00352410,0x00352440,48
FUN_00352440,0x00352440,0x003525AC,360
FUN_003525b0,0x003525B0,0x00352838,636
FUN_00352840,0x00352840,0x00352854,20
FUN_00352860,0x00352860,0x0035286C,12
FUN_00352870,0x00352870,0x00352884,20
FUN_00352890,0x00352890,0x00352C94,1004
FUN_00352ca0,0x00352CA0,0x00352CBC,28
FUN_00352cc0,0x00352CC0,0x00352D00,64
FUN_00352d00,0x00352D00,0x00352D40,64
FUN_00352d40,0x00352D40,0x00352D4C,12
FUN_00352d50,0x00352D50,0x00352D5C,12
FUN_00352d60,0x00352D60,0x00352F5C,500
FUN_00352f60,0x00352F60,0x00353040,224
FUN_00353040,0x00353040,0x00353158,280
FUN_00353160,0x00353160,0x003531A0,64
FUN_003531a0,0x003531A0,0x003533B4,532
FUN_003533c0,0x003533C0,0x00353568,416
FUN_00353570,0x00353570,0x003537C8,600
FUN_003537d0,0x003537D0,0x003538DC,268
FUN_003538e0,0x003538E0,0x00353988,168
FUN_00353990,0x00353990,0x00353A00,112
FUN_00353a00,0x00353A00,0x00353A40,64
FUN_00353a40,0x00353A40,0x00353A48,8
FUN_00353a50,0x00353A50,0x00353A64,20
FUN_00353a70,0x00353A70,0x00353ABC,76
FUN_00353ac0,0x00353AC0,0x00353B20,96
FUN_00353b20,0x00353B20,0x00353B78,88
FUN_00353b80,0x00353B80,0x00353BEC,108
FUN_00353bf0,0x00353BF0,0x00353DA4,432
FUN_00353db0,0x00353DB0,0x00353F1C,364
FUN_00353f20,0x00353F20,0x00353FA8,136
FUN_00353fb0,0x00353FB0,0x00353FF4,68
FUN_00354000,0x00354000,0x003541A8,420
FUN_003541b0,0x003541B0,0x0035424C,156
FUN_00354250,0x00354250,0x003544F4,672
FUN_00354500,0x00354500,0x00354744,564
FUN_00354750,0x00354750,0x00354940,496
FUN_00354940,0x00354940,0x00354A44,260
FUN_00354a50,0x00354A50,0x00354E2C,980
FUN_00354e30,0x00354E30,0x00354F30,256
FUN_00354f30,0x00354F30,0x00354F90,96
FUN_00354f90,0x00354F90,0x00355260,716
FUN_00355260,0x00355260,0x003554C4,612
FUN_003554d0,0x003554D0,0x0035577C,672
FUN_00355780,0x00355780,0x0035597C,508
FUN_00355980,0x00355980,0x00355A08,136
FUN_00355a10,0x00355A10,0x00355F48,1328
FUN_00355f50,0x00355F50,0x00356530,1496
FUN_00356530,0x00356530,0x00356A00,1232
FUN_00356a00,0x00356A00,0x00356BF0,496
FUN_00356bf0,0x00356BF0,0x00357058,1116
FUN_00357060,0x00357060,0x00357278,536
FUN_00357280,0x00357280,0x00357368,232
FUN_00357370,0x00357370,0x00358698,4880
FUN_003586a0,0x003586A0,0x003587B4,272
FUN_003587c0,0x003587C0,0x003588F4,304
FUN_00358900,0x00358900,0x003589B0,176
FUN_003589b0,0x003589B0,0x00358A90,224
FUN_00358a90,0x00358A90,0x00358AF8,104
FUN_00358b00,0x00358B00,0x00358B40,64
FUN_00358b40,0x00358B40,0x00358B80,64
FUN_00358b80,0x00358B80,0x00358CAC,300
FUN_00358cb0,0x00358CB0,0x00358E04,340
FUN_00358e10,0x00358E10,0x00358E80,112
FUN_00358e80,0x00358E80,0x00358EC0,64
FUN_00358ec0,0x00358EC0,0x00358EC8,8
FUN_00358ed0,0x00358ED0,0x00358EE4,20
FUN_00358ef0,0x00358EF0,0x00358F44,84
FUN_00358f50,0x00358F50,0x00358FB0,96
FUN_00358fb0,0x00358FB0,0x00358FF0,64
thunk_FUN_003598e0,0x00358FF0,0x00358FF8,8
FUN_00359000,0x00359000,0x00359014,20
FUN_00359020,0x00359020,0x00359030,16
FUN_00359030,0x00359030,0x003590A0,112
FUN_003590a0,0x003590A0,0x003590E0,64
FUN_003590e0,0x003590E0,0x003590E8,8
FUN_003590f0,0x003590F0,0x00359104,20
FUN_00359110,0x00359110,0x00359150,64
FUN_00359150,0x00359150,0x00359158,8
FUN_00359160,0x00359160,0x003591C0,96
FUN_003591c0,0x003591C0,0x00359200,64
thunk_FUN_00359960,0x00359200,0x00359208,8
FUN_00359210,0x00359210,0x00359224,20
FUN_00359230,0x00359230,0x0035925C,44
FUN_00359260,0x00359260,0x003592B0,80
FUN_003592b0,0x003592B0,0x00359318,104
FUN_00359320,0x00359320,0x003593F4,212
FUN_00359400,0x00359400,0x003594B4,180
FUN_003594c0,0x003594C0,0x00359594,212
FUN_003595a0,0x003595A0,0x003596A4,256
FUN_003596b0,0x003596B0,0x00359750,160
FUN_00359750,0x00359750,0x00359824,212
FUN_00359830,0x00359830,0x003598DC,172
FUN_003598e0,0x003598E0,0x003598E8,8
FUN_003598f0,0x003598F0,0x00359958,104
FUN_00359960,0x00359960,0x00359968,8
FUN_00359970,0x00359970,0x003599D8,104
FUN_003599e0,0x003599E0,0x00359B44,356
FUN_00359b50,0x00359B50,0x0035A260,1800
FUN_0035a260,0x0035A260,0x0035A2E0,128
FUN_0035a2e0,0x0035A2E0,0x0035A688,932
FUN_0035a690,0x0035A690,0x0035A6A0,16
FUN_0035a6a0,0x0035A6A0,0x0035A6E4,68
FUN_0035a6f0,0x0035A6F0,0x0035A770,128
FUN_0035a770,0x0035A770,0x0035A7BC,76
FUN_0035a7c0,0x0035A7C0,0x0035A7C8,8
FUN_0035a7d0,0x0035A7D0,0x0035A7D8,8
FUN_0035a7e0,0x0035A7E0,0x0035A81C,60
FUN_0035a820,0x0035A820,0x0035A890,112
FUN_0035a890,0x0035A890,0x0035A900,112
FUN_0035a900,0x0035A900,0x0035A99C,156
FUN_0035a9a0,0x0035A9A0,0x0035AA2C,140
FUN_0035aa30,0x0035AA30,0x0035AC54,548
FUN_0035ac60,0x0035AC60,0x0035B128,1216
FUN_0035b130,0x0035B130,0x0035B1BC,140
FUN_0035b1c0,0x0035B1C0,0x0035B388,456
FUN_0035b390,0x0035B390,0x0035B580,496
FUN_0035b580,0x0035B580,0x0035B95C,988
FUN_0035b960,0x0035B960,0x0035B9C0,96
FUN_0035b9c0,0x0035B9C0,0x0035BA60,160
FUN_0035ba60,0x0035BA60,0x0035BAA0,64
FUN_0035baa0,0x0035BAA0,0x0035BC18,368
FUN_0035bc20,0x0035BC20,0x0035BD14,240
FUN_0035bd20,0x0035BD20,0x0035BD78,88
FUN_0035bd80,0x0035BD80,0x0035BDD8,88
FUN_0035bde0,0x0035BDE0,0x0035BF94,424
FUN_0035bfa0,0x0035BFA0,0x0035C0F4,336
FUN_0035c100,0x0035C100,0x0035C2A0,416
FUN_0035c2a0,0x0035C2A0,0x0035C2FC,92
FUN_0035c300,0x0035C300,0x0035C3B0,176
FUN_0035c3b0,0x0035C3B0,0x0035C430,128
FUN_0035c430,0x0035C430,0x0035C530,256
FUN_0035c530,0x0035C530,0x0035C5D8,168
FUN_0035c5e0,0x0035C5E0,0x0035C61C,60
FUN_0035c620,0x0035C620,0x0035C668,72
FUN_0035c670,0x0035C670,0x0035C6B8,72
FUN_0035c6c0,0x0035C6C0,0x0035C700,64
FUN_0035c700,0x0035C700,0x0035C710,16
FUN_0035c710,0x0035C710,0x0035C748,56
FUN_0035c750,0x0035C750,0x0035C760,16
FUN_0035c760,0x0035C760,0x0035C770,16
FUN_0035c770,0x0035C770,0x0035C7AC,60
FUN_0035c7b0,0x0035C7B0,0x0035C7EC,60
FUN_0035c7f0,0x0035C7F0,0x0035C830,64
FUN_0035c830,0x0035C830,0x0035C864,52
FUN_0035c870,0x0035C870,0x0035C8A4,52
FUN_0035c8b0,0x0035C8B0,0x0035C9A4,240
FUN_0035c9b0,0x0035C9B0,0x0035CAD8,288
FUN_0035cae0,0x0035CAE0,0x0035CB08,40
FUN_0035cb10,0x0035CB10,0x0035CB7C,108
FUN_0035cb80,0x0035CB80,0x0035CC90,272
FUN_0035cc90,0x0035CC90,0x0035CCA8,24
FUN_0035ccb0,0x0035CCB0,0x0035CE18,356
FUN_0035ce20,0x0035CE20,0x0035CE2C,12
FUN_0035ce30,0x0035CE30,0x0035CE40,16
FUN_0035ce40,0x0035CE40,0x0035D224,996
FUN_0035d230,0x0035D230,0x0035D658,1060
FUN_0035d660,0x0035D660,0x0035D69C,60
FUN_0035d6a0,0x0035D6A0,0x0035D6E4,68
FUN_0035d6f0,0x0035D6F0,0x0035D724,52
FUN_0035d730,0x0035D730,0x0035D768,56
FUN_0035d770,0x0035D770,0x0035D7A0,48
FUN_0035d7a0,0x0035D7A0,0x0035D7D0,48
FUN_0035d7d0,0x0035D7D0,0x0035D800,48
FUN_0035d800,0x0035D800,0x0035D818,24
FUN_0035d820,0x0035D820,0x0035D850,48
FUN_0035d850,0x0035D850,0x0035D880,48
FUN_0035d880,0x0035D880,0x0035D8BC,60
FUN_0035d8c0,0x0035D8C0,0x0035D8F0,48
FUN_0035d8f0,0x0035D8F0,0x0035D934,68
FUN_0035d940,0x0035D940,0x0035D984,68
FUN_0035d990,0x0035D990,0x0035D9C0,48
FUN_0035d9c0,0x0035D9C0,0x0035D9F8,56
FUN_0035da00,0x0035DA00,0x0035DA10,16
FUN_0035da10,0x0035DA10,0x0035DA40,48
FUN_0035da40,0x0035DA40,0x0035DA68,40
FUN_0035da70,0x0035DA70,0x0035DAA4,52
FUN_0035dab0,0x0035DAB0,0x0035DAE0,48
FUN_0035dae0,0x0035DAE0,0x0035DAF8,24
FUN_0035db00,0x0035DB00,0x0035DCE4,480
FUN_0035dcf0,0x0035DCF0,0x0035DE50,348
FUN_0035de50,0x0035DE50,0x0035DE7C,44
FUN_0035de80,0x0035DE80,0x0035E304,1144
FUN_0035e310,0x0035E310,0x0035E500,488
FUN_0035e500,0x0035E500,0x0035E51C,28
FUN_0035e520,0x0035E520,0x0035E52C,12
FUN_0035e530,0x0035E530,0x0035E598,104
FUN_0035e5a0,0x0035E5A0,0x0035E5F0,80
FUN_0035e5f0,0x0035E5F0,0x0035E654,100
FUN_0035e660,0x0035E660,0x0035E7DC,380
FUN_0035e7e0,0x0035E7E0,0x0035E874,144
FUN_0035e880,0x0035E880,0x0035EA34,436
thunk_FUN_0035da40,0x0035EA40,0x0035EA48,8
thunk_FUN_0035da70,0x0035EA50,0x0035EA58,8
FUN_0035ea60,0x0035EA60,0x0035EA84,36
FUN_0035ea90,0x0035EA90,0x0035EC40,432
FUN_0035ec40,0x0035EC40,0x0035EDF0,432
FUN_0035edf0,0x0035EDF0,0x0035EE60,112
FUN_0035ee60,0x0035EE60,0x0035EEAC,76
FUN_0035eeb0,0x0035EEB0,0x0035EEB8,8
FUN_0035eec0,0x0035EEC0,0x0035EEC8,8
FUN_0035eed0,0x0035EED0,0x0035EF4C,124
FUN_0035ef50,0x0035EF50,0x0035EF8C,60
FUN_0035ef90,0x0035EF90,0x0035EFA4,20
FUN_0035efb0,0x0035EFB0,0x0035EFBC,12
FUN_0035efc0,0x0035EFC0,0x0035EFEC,44
FUN_0035eff0,0x0035EFF0,0x0035F49C,1184
FUN_0035f4a0,0x0035F4A0,0x0035F620,384
FUN_0035f620,0x0035F620,0x0035F690,112
FUN_0035f690,0x0035F690,0x0035F6D0,64
FUN_0035f6d0,0x0035F6D0,0x0035F6D8,8
FUN_0035f6e0,0x0035F6E0,0x0035F6F4,20
FUN_0035f700,0x0035F700,0x0035F760,96
FUN_0035f760,0x0035F760,0x0035F7A0,64
thunk_FUN_00363570,0x0035F7A0,0x0035F7A8,8
FUN_0035f7b0,0x0035F7B0,0x0035F7C4,20
FUN_0035f7d0,0x0035F7D0,0x0035FC40,1100
FUN_0035fc40,0x0035FC40,0x0035FE70,556
FUN_0035fe70,0x0035FE70,0x0035FEC0,80
FUN_0035fec0,0x0035FEC0,0x0035FEDC,28
FUN_0035fee0,0x0035FEE0,0x0035FF60,128
FUN_0035ff60,0x0035FF60,0x0035FFE4,132
FUN_0035fff0,0x0035FFF0,0x00360070,128
FUN_00360070,0x00360070,0x003600F0,128
FUN_003600f0,0x003600F0,0x00360710,1540
FUN_00360710,0x00360710,0x00360AC4,932
FUN_00360ad0,0x00360AD0,0x00360B14,68
FUN_00360b20,0x00360B20,0x00360B6C,76
FUN_00360b70,0x00360B70,0x00360B7C,12
FUN_00360b80,0x00360B80,0x00360B8C,12
FUN_00360b90,0x00360B90,0x003613A0,2060
FUN_003613a0,0x003613A0,0x0036155C,444
FUN_00361560,0x00361560,0x0036165C,252
FUN_00361660,0x00361660,0x0036198C,804
FUN_00361990,0x00361990,0x00361A20,144
FUN_00361a20,0x00361A20,0x00361E98,1120
thunk_FUN_00366d00,0x00361EA0,0x00361EA8,8
FUN_00361eb0,0x00361EB0,0x00361EDC,44
FUN_00361ee0,0x00361EE0,0x003621B4,724
FUN_003621c0,0x003621C0,0x0036245C,656
FUN_00362460,0x00362460,0x00362470,16
FUN_00362470,0x00362470,0x00362484,20
FUN_00362490,0x00362490,0x00362498,8
FUN_003624a0,0x003624A0,0x003624B0,16
FUN_003624b0,0x003624B0,0x003624EC,60
thunk_FUN_003624b0,0x003624F0,0x003624F8,8
FUN_00362500,0x00362500,0x00362544,68
FUN_00362550,0x00362550,0x00362608,184
FUN_00362610,0x00362610,0x003626B4,164
FUN_003626c0,0x003626C0,0x0036273C,124
FUN_00362740,0x00362740,0x003627C4,132
FUN_003627d0,0x003627D0,0x003627F8,40
FUN_00362800,0x00362800,0x00362A94,660
FUN_00362aa0,0x00362AA0,0x00362BD0,300
FUN_00362bd0,0x00362BD0,0x00362C1C,76
FUN_00362c20,0x00362C20,0x00362DF8,468
FUN_00362e00,0x00362E00,0x00362E0C,12
FUN_00362e10,0x00362E10,0x003633B4,1432
FUN_003633c0,0x003633C0,0x00363570,432
FUN_00363570,0x00363570,0x00363578,8
FUN_00363580,0x00363580,0x003635E8,104
FUN_003635f0,0x003635F0,0x003636B8,200
FUN_003636c0,0x003636C0,0x00363758,152
FUN_00363760,0x00363760,0x003637F0,144
FUN_003637f0,0x003637F0,0x00363858,104
FUN_00363860,0x00363860,0x00363868,8
FUN_00363870,0x00363870,0x00363900,144
FUN_00363900,0x00363900,0x00363990,144
FUN_00363990,0x00363990,0x003639A0,16
FUN_003639a0,0x003639A0,0x00363A10,112
FUN_00363a10,0x00363A10,0x00363BD4,448
FUN_00363be0,0x00363BE0,0x00363CD4,244
FUN_00363ce0,0x00363CE0,0x00363D4C,104
FUN_00363d50,0x00363D50,0x00363D78,40
FUN_00363d80,0x00363D80,0x00363DCC,76
FUN_00363dd0,0x00363DD0,0x00363E24,84
FUN_00363e30,0x00363E30,0x00363F74,324
FUN_00363f80,0x00363F80,0x003640D4,336
FUN_003640e0,0x003640E0,0x003641C0,224
FUN_003641c0,0x003641C0,0x00364284,196
FUN_00364290,0x00364290,0x003642BC,44
FUN_003642c0,0x003642C0,0x003643BC,252
FUN_003643c0,0x003643C0,0x003643DC,28
FUN_003643e0,0x003643E0,0x00364400,32
FUN_00364400,0x00364400,0x0036442C,44
FUN_00364430,0x00364430,0x00364454,36
FUN_00364460,0x00364460,0x00364528,196
FUN_00364530,0x00364530,0x003647A4,616
FUN_003647b0,0x003647B0,0x003648C4,276
FUN_003648d0,0x003648D0,0x00364928,88
FUN_00364930,0x00364930,0x00364AA4,368
FUN_00364ab0,0x00364AB0,0x00364AE0,48
FUN_00364ae0,0x00364AE0,0x00364B4C,104
FUN_00364b50,0x00364B50,0x00364BC4,112
FUN_00364bd0,0x00364BD0,0x00364C98,196
FUN_00364ca0,0x00364CA0,0x00364D14,112
FUN_00364d20,0x00364D20,0x00364E94,372
FUN_00364ea0,0x00364EA0,0x00364FEC,328
FUN_00364ff0,0x00364FF0,0x003650D8,232
FUN_003650e0,0x003650E0,0x00365120,64
FUN_00365120,0x00365120,0x0036512C,12
FUN_00365130,0x00365130,0x003651A8,120
FUN_003651b0,0x003651B0,0x00365230,128
FUN_00365230,0x00365230,0x003652F8,200
FUN_00365300,0x00365300,0x00365308,8
FUN_00365310,0x00365310,0x00365340,48
FUN_00365340,0x00365340,0x003653CC,140
FUN_003653d0,0x003653D0,0x00365588,436
FUN_00365590,0x00365590,0x003657B4,544
FUN_003657c0,0x003657C0,0x003658F4,304
FUN_00365900,0x00365900,0x00365970,112
FUN_00365970,0x00365970,0x00365AE0,364
FUN_00365ae0,0x00365AE0,0x00365C50,364
FUN_00365c50,0x00365C50,0x00365DA0,332
FUN_00365da0,0x00365DA0,0x00365EE4,320
FUN_00365ef0,0x00365EF0,0x00365F70,128
FUN_00365f70,0x00365F70,0x00365F90,32
FUN_00365f90,0x00365F90,0x003661A8,532
FUN_003661b0,0x003661B0,0x00366370,444
FUN_00366370,0x00366370,0x00366450,224
FUN_00366450,0x00366450,0x003666F0,664
FUN_003666f0,0x003666F0,0x00366708,24
FUN_00366710,0x00366710,0x0036678C,124
FUN_00366790,0x00366790,0x00366934,404
FUN_00366940,0x00366940,0x00366B1C,464
FUN_00366b20,0x00366B20,0x00366CFC,476
FUN_00366d00,0x00366D00,0x00366E14,276
FUN_00366e20,0x00366E20,0x00366F68,328
FUN_00366f70,0x00366F70,0x00366FB0,64
FUN_00366fb0,0x00366FB0,0x00366FB8,8
FUN_00366fc0,0x00366FC0,0x00366FD4,20
FUN_00366fe0,0x00366FE0,0x00367050,112
FUN_00367050,0x00367050,0x00367090,64
FUN_00367090,0x00367090,0x00367098,8
FUN_003670a0,0x003670A0,0x003670B4,20
FUN_003670c0,0x003670C0,0x003670E0,32
FUN_003670e0,0x003670E0,0x00367100,32
FUN_00367100,0x00367100,0x00367128,40
FUN_00367130,0x00367130,0x00367174,64
FUN_00367180,0x00367180,0x003671C4,68
FUN_003671d0,0x003671D0,0x00367218,72
FUN_00367220,0x00367220,0x003672E0,188
FUN_003672e0,0x003672E0,0x003672F4,20
FUN_00367300,0x00367300,0x00367380,124
FUN_00367380,0x00367380,0x003673B4,52
FUN_003673c0,0x003673C0,0x00367414,84
FUN_00367420,0x00367420,0x00367434,20
FUN_00367440,0x00367440,0x0036751C,208
FUN_00367520,0x00367520,0x003676A8,388
FUN_003676b0,0x003676B0,0x00367730,128
FUN_00367730,0x00367730,0x00367754,36
FUN_00367760,0x00367760,0x00367C2C,1216
FUN_00367c30,0x00367C30,0x00367C98,104
FUN_00367ca0,0x00367CA0,0x00367CA8,8
FUN_00367cb0,0x00367CB0,0x00367CD0,32
FUN_00367cd0,0x00367CD0,0x00367CDC,12
FUN_00367ce0,0x00367CE0,0x00367D2C,76
FUN_00367d30,0x00367D30,0x00367D7C,76
FUN_00367d80,0x00367D80,0x00367E40,192
FUN_00367e40,0x00367E40,0x00367F9C,340
FUN_00367fa0,0x00367FA0,0x003680F8,344
FUN_00368100,0x00368100,0x00368148,72
FUN_00368150,0x00368150,0x0036838C,568
FUN_00368390,0x00368390,0x00368654,696
FUN_00368660,0x00368660,0x00368A34,972
FUN_00368a40,0x00368A40,0x00368A94,80
FUN_00368aa0,0x00368AA0,0x00368B70,196
FUN_00368b70,0x00368B70,0x00368BA0,48
FUN_00368ba0,0x00368BA0,0x00368D50,432
FUN_00368d50,0x00368D50,0x00368F1C,460
FUN_00368f20,0x00368F20,0x00368F48,40
FUN_00368f50,0x00368F50,0x00368F84,52
FUN_00368f90,0x00368F90,0x00368FE8,88
FUN_00368ff0,0x00368FF0,0x00369090,160
FUN_00369090,0x00369090,0x00369110,124
FUN_00369110,0x00369110,0x00369230,284
FUN_00369230,0x00369230,0x00369304,200
FUN_00369310,0x00369310,0x00369344,52
FUN_00369350,0x00369350,0x0036935C,12
FUN_00369360,0x00369360,0x00369380,32
FUN_00369380,0x00369380,0x003693C0,64
FUN_003693c0,0x003693C0,0x003693F0,48
FUN_003693f0,0x003693F0,0x003694C0,192
FUN_003694c0,0x003694C0,0x00369568,168
FUN_00369570,0x00369570,0x00369998,1056
FUN_003699a0,0x003699A0,0x00369B44,420
FUN_00369b50,0x00369B50,0x00369B9C,76
FUN_00369ba0,0x00369BA0,0x00369C10,112
FUN_00369c10,0x00369C10,0x00369C70,96
FUN_00369c70,0x00369C70,0x00369CD0,96
FUN_00369cd0,0x00369CD0,0x00369CFC,44
FUN_00369d00,0x00369D00,0x00369EFC,504
FUN_00369f00,0x00369F00,0x00369F40,64
FUN_00369f40,0x00369F40,0x00369FC4,132
FUN_00369fd0,0x00369FD0,0x0036A0CC,248
FUN_0036a0d0,0x0036A0D0,0x0036A1C8,248
FUN_0036a1d0,0x0036A1D0,0x0036A240,112
FUN_0036a240,0x0036A240,0x0036A280,64
FUN_0036a280,0x0036A280,0x0036A288,8
FUN_0036a290,0x0036A290,0x0036A2A4,20
FUN_0036a2b0,0x0036A2B0,0x0036A354,164
FUN_0036a360,0x0036A360,0x0036A394,52
FUN_0036a3a0,0x0036A3A0,0x0036A3C0,32
FUN_0036a3c0,0x0036A3C0,0x0036A3C8,8
FUN_0036a3d0,0x0036A3D0,0x0036A3D8,8
FUN_0036a3e0,0x0036A3E0,0x0036A3F0,16
FUN_0036a3f0,0x0036A3F0,0x0036A418,40
FUN_0036a420,0x0036A420,0x0036A454,52
FUN_0036a460,0x0036A460,0x0036A544,228
FUN_0036a550,0x0036A550,0x0036A57C,44
FUN_0036a580,0x0036A580,0x0036A660,220
FUN_0036a660,0x0036A660,0x0036A718,184
FUN_0036a720,0x0036A720,0x0036A75C,60
FUN_0036a760,0x0036A760,0x0036A7BC,92
FUN_0036a7c0,0x0036A7C0,0x0036A82C,108
FUN_0036a830,0x0036A830,0x0036A838,8
FUN_0036a840,0x0036A840,0x0036AB0C,712
FUN_0036ab10,0x0036AB10,0x0036AB18,8
FUN_0036ab20,0x0036AB20,0x0036AB28,8
FUN_0036ab30,0x0036AB30,0x0036ABAC,124
FUN_0036abb0,0x0036ABB0,0x0036AC04,84
FUN_0036ac10,0x0036AC10,0x0036AC78,104
FUN_0036ac80,0x0036AC80,0x0036ADE8,356
FUN_0036adf0,0x0036ADF0,0x0036AFC8,472
FUN_0036afd0,0x0036AFD0,0x0036AFE4,20
FUN_0036aff0,0x0036AFF0,0x0036B0A8,184
FUN_0036b0b0,0x0036B0B0,0x0036B57C,1216
FUN_0036b580,0x0036B580,0x0036B720,416
FUN_0036b720,0x0036B720,0x0036B880,352
FUN_0036b880,0x0036B880,0x0036BAC0,576
FUN_0036bac0,0x0036BAC0,0x0036BB28,104
FUN_0036bb30,0x0036BB30,0x0036BC04,212
FUN_0036bc10,0x0036BC10,0x0036BC90,124
FUN_0036bc90,0x0036BC90,0x0036BD54,196
FUN_0036bd60,0x0036BD60,0x0036BF10,428
FUN_0036bf10,0x0036BF10,0x0036BF6C,92
FUN_0036bf70,0x0036BF70,0x0036C054,224
FUN_0036c060,0x0036C060,0x0036C118,184
FUN_0036c120,0x0036C120,0x0036C190,112
FUN_0036c190,0x0036C190,0x0036C200,112
FUN_0036c200,0x0036C200,0x0036C268,104
FUN_0036c270,0x0036C270,0x0036C2D8,104
FUN_0036c2e0,0x0036C2E0,0x0036C340,96
FUN_0036c340,0x0036C340,0x0036C3A4,100
FUN_0036c3b0,0x0036C3B0,0x0036C55C,412
FUN_0036c560,0x0036C560,0x0036C69C,316
FUN_0036c6a0,0x0036C6A0,0x0036C700,96
FUN_0036c700,0x0036C700,0x0036C778,120
FUN_0036c780,0x0036C780,0x0036C7C0,64
FUN_0036c7c0,0x0036C7C0,0x0036C7D0,16
FUN_0036c7d0,0x0036C7D0,0x0036C87C,172
FUN_0036c880,0x0036C880,0x0036C8C8,72
FUN_0036c8d0,0x0036C8D0,0x0036CA58,388
FUN_0036ca60,0x0036CA60,0x0036CD5C,764
FUN_0036cd60,0x0036CD60,0x0036CDE4,132
FUN_0036cdf0,0x0036CDF0,0x0036CED0,220
FUN_0036ced0,0x0036CED0,0x0036CF38,104
FUN_0036cf40,0x0036CF40,0x0036CF80,64
FUN_0036cf80,0x0036CF80,0x0036CF88,8
FUN_0036cf90,0x0036CF90,0x0036CFD8,72
FUN_0036cfe0,0x0036CFE0,0x0036D920,2332
FUN_0036d920,0x0036D920,0x0036D930,16
FUN_0036d930,0x0036D930,0x0036DA14,220
FUN_0036da20,0x0036DA20,0x0036DC10,496
FUN_0036dc10,0x0036DC10,0x0036DCD4,196
FUN_0036dce0,0x0036DCE0,0x0036DE78,408
FUN_0036de80,0x0036DE80,0x0036DEE8,104
FUN_0036def0,0x0036DEF0,0x0036DF70,128
FUN_0036df70,0x0036DF70,0x0036DF78,8
FUN_0036df80,0x0036DF80,0x0036DFCC,76
FUN_0036dfd0,0x0036DFD0,0x0036E0E0,272
FUN_0036e0e0,0x0036E0E0,0x0036E2E4,512
FUN_0036e2f0,0x0036E2F0,0x0036E2FC,12
FUN_0036e300,0x0036E300,0x0036E3B8,184
FUN_0036e3c0,0x0036E3C0,0x0036E460,160
FUN_0036e460,0x0036E460,0x0036E5E0,372
FUN_0036e5e0,0x0036E5E0,0x0036E628,72
FUN_0036e630,0x0036E630,0x0036E65C,44
FUN_0036e660,0x0036E660,0x0036E6DC,124
FUN_0036e6e0,0x0036E6E0,0x0036E764,132
FUN_0036e770,0x0036E770,0x0036E88C,284
FUN_0036e890,0x0036E890,0x0036E9AC,284
FUN_0036e9b0,0x0036E9B0,0x0036EA10,96
FUN_0036ea10,0x0036EA10,0x0036EAA8,152
FUN_0036eab0,0x0036EAB0,0x0036EBD0,284
FUN_0036ebd0,0x0036EBD0,0x0036EC00,48
FUN_0036ec00,0x0036EC00,0x0036EEEC,740
FUN_0036eef0,0x0036EEF0,0x0036EF88,152
FUN_0036ef90,0x0036EF90,0x0036F018,136
FUN_0036f020,0x0036F020,0x0036F0C0,160
FUN_0036f0c0,0x0036F0C0,0x0036F250,400
FUN_0036f250,0x0036F250,0x0036F2D4,132
FUN_0036f2e0,0x0036F2E0,0x0036F364,132
FUN_0036f370,0x0036F370,0x0036F490,288
FUN_0036f490,0x0036F490,0x0036F510,128
FUN_0036f510,0x0036F510,0x0036F518,8
FUN_0036f520,0x0036F520,0x0036F5E0,184
FUN_0036f5e0,0x0036F5E0,0x0036F614,52
FUN_0036f620,0x0036F620,0x0036F6F8,212
FUN_0036f700,0x0036F700,0x0036F854,336
FUN_0036f860,0x0036F860,0x0036F9EC,388
FUN_0036f9f0,0x0036F9F0,0x0036FA50,96
FUN_0036fa50,0x0036FA50,0x0036FB28,216
FUN_0036fb30,0x0036FB30,0x0036FC28,248
FUN_0036fc30,0x0036FC30,0x0036FC40,16
FUN_0036fc40,0x0036FC40,0x0036FCEC,168
FUN_0036fcf0,0x0036FCF0,0x0036FCFC,12
FUN_0036fd00,0x0036FD00,0x0036FD14,20
FUN_0036fd20,0x0036FD20,0x0036FD34,20
FUN_0036fd40,0x0036FD40,0x0036FE98,336
FUN_0036fea0,0x0036FEA0,0x0036FF28,136
FUN_0036ff30,0x0036FF30,0x0036FF90,96
FUN_0036ff90,0x0036FF90,0x00370064,208
FUN_00370070,0x00370070,0x003700C0,80
FUN_003700c0,0x003700C0,0x003701A4,228
FUN_003701b0,0x003701B0,0x00370220,108
FUN_00370220,0x00370220,0x003702D8,180
FUN_003702e0,0x003702E0,0x00370374,144
FUN_00370380,0x00370380,0x003704C4,324
FUN_003704d0,0x003704D0,0x00370654,388
FUN_00370660,0x00370660,0x00370700,156
FUN_00370700,0x00370700,0x00370884,388
FUN_00370890,0x00370890,0x003708A0,16
FUN_003708a0,0x003708A0,0x00370C00,864
FUN_00370c00,0x00370C00,0x0037129C,1688
FUN_003712a0,0x003712A0,0x0037132C,140
FUN_00371330,0x00371330,0x00371340,16
FUN_00371340,0x00371340,0x00371600,704
FUN_00371600,0x00371600,0x00371A98,1144
FUN_00371aa0,0x00371AA0,0x00371B38,152
FUN_00371b40,0x00371B40,0x00371C14,212
FUN_00371c20,0x00371C20,0x00371CA0,128
FUN_00371ca0,0x00371CA0,0x00371DB8,272
FUN_00371dc0,0x00371DC0,0x00371E88,192
FUN_00371e90,0x00371E90,0x00371FD8,316
FUN_00371fe0,0x00371FE0,0x00372024,68
FUN_00372030,0x00372030,0x003720B8,132
FUN_003720c0,0x003720C0,0x003720CC,12
FUN_003720d0,0x003720D0,0x003721E0,260
FUN_003721e0,0x003721E0,0x00372228,72
FUN_00372230,0x00372230,0x003722A4,116
FUN_003722b0,0x003722B0,0x00372398,208
FUN_003723a0,0x003723A0,0x003723B4,20
FUN_003723c0,0x003723C0,0x00372570,432
FUN_00372570,0x00372570,0x003725A8,56
FUN_003725b0,0x003725B0,0x00372780,448
FUN_00372780,0x00372780,0x003729D0,592
FUN_003729d0,0x003729D0,0x00372AC4,244
FUN_00372ad0,0x00372AD0,0x00372BB0,192
FUN_00372bb0,0x00372BB0,0x00372C50,160
FUN_00372c50,0x00372C50,0x00372CE8,152
FUN_00372cf0,0x00372CF0,0x00372DC0,208
FUN_00372dc0,0x00372DC0,0x00372E6C,172
FUN_00372e70,0x00372E70,0x00372F00,144
FUN_00372f00,0x00372F00,0x00372FA4,164
FUN_00372fb0,0x00372FB0,0x00373004,84
FUN_00373010,0x00373010,0x0037304C,60
FUN_00373050,0x00373050,0x00373058,8
FUN_00373060,0x00373060,0x00373074,20
FUN_00373080,0x00373080,0x0037309C,28
FUN_003730a0,0x003730A0,0x00373298,504
FUN_003732a0,0x003732A0,0x00373408,360
FUN_00373410,0x00373410,0x00373550,316
FUN_00373550,0x00373550,0x0037363C,228
FUN_00373640,0x00373640,0x003736F8,184
FUN_00373700,0x00373700,0x00373794,148
FUN_003737a0,0x003737A0,0x0037384C,164
FUN_00373850,0x00373850,0x00373C08,952
FUN_00373c10,0x00373C10,0x00373C88,120
FUN_00373c90,0x00373C90,0x00373DD4,320
FUN_00373de0,0x00373DE0,0x00374060,640
FUN_00374060,0x00374060,0x00374108,168
FUN_00374110,0x00374110,0x00374250,320
FUN_00374250,0x00374250,0x003742A4,84
FUN_003742b0,0x003742B0,0x003742FC,76
FUN_00374300,0x00374300,0x00374440,316
FUN_00374440,0x00374440,0x003745A8,360
FUN_003745b0,0x003745B0,0x003747D8,552
FUN_003747e0,0x003747E0,0x003748E8,264
FUN_003748f0,0x003748F0,0x00374B8C,664
FUN_00374b90,0x00374B90,0x00374BE0,80
FUN_00374be0,0x00374BE0,0x00374CB4,208
FUN_00374cc0,0x00374CC0,0x00374D7C,184
FUN_00374d80,0x00374D80,0x00374D98,24
FUN_00374da0,0x00374DA0,0x00374F30,400
FUN_00374f30,0x00374F30,0x00374FF8,200
FUN_00375000,0x00375000,0x00375034,52
FUN_00375040,0x00375040,0x00375130,236
FUN_00375130,0x00375130,0x003751D4,164
FUN_003751e0,0x003751E0,0x003752D8,248
FUN_003752e0,0x003752E0,0x00375398,184
FUN_003753a0,0x003753A0,0x003753EC,76
FUN_003753f0,0x003753F0,0x003753FC,12
FUN_00375400,0x00375400,0x0037546C,108
FUN_00375470,0x00375470,0x003755E8,376
FUN_003755f0,0x003755F0,0x00375668,120
FUN_00375670,0x00375670,0x003756C0,80
FUN_003756c0,0x003756C0,0x00375710,80
FUN_00375710,0x00375710,0x00375D80,1644
FUN_00375d80,0x00375D80,0x00375E48,200
FUN_00375e50,0x00375E50,0x00375E6C,28
FUN_00375e70,0x00375E70,0x00375E84,20
FUN_00375e90,0x00375E90,0x00375ED4,68
FUN_00375ee0,0x00375EE0,0x00375EF8,24
FUN_00375f00,0x00375F00,0x00375F0C,12
FUN_00375f10,0x00375F10,0x003761A8,660
FUN_003761b0,0x003761B0,0x0037649C,740
FUN_003764a0,0x003764A0,0x00376524,132
FUN_00376530,0x00376530,0x003765F4,196
FUN_00376600,0x00376600,0x003766C4,196
FUN_003766d0,0x003766D0,0x0037673C,108
FUN_00376740,0x00376740,0x00376750,16
FUN_00376750,0x00376750,0x0037684C,236
FUN_00376850,0x00376850,0x003768B8,104
FUN_003768c0,0x003768C0,0x00376920,96
FUN_00376920,0x00376920,0x003769B0,144
FUN_003769b0,0x003769B0,0x00376A34,132
FUN_00376a40,0x00376A40,0x00376AEC,172
FUN_00376af0,0x00376AF0,0x00376C70,384
FUN_00376c70,0x00376C70,0x00376D00,144
FUN_00376d00,0x00376D00,0x00376D6C,108
FUN_00376d70,0x00376D70,0x00376E14,164
FUN_00376e20,0x00376E20,0x00376F20,256
FUN_00376f20,0x00376F20,0x00377000,212
FUN_00377000,0x00377000,0x003771AC,424
FUN_003771b0,0x003771B0,0x0037741C,612
FUN_00377420,0x00377420,0x00377914,1260
FUN_00377920,0x00377920,0x00377938,24
FUN_00377940,0x00377940,0x00377948,8
FUN_00377950,0x00377950,0x00377958,8
FUN_00377960,0x00377960,0x00377A10,172
FUN_00377a10,0x00377A10,0x00377A20,16
FUN_00377a20,0x00377A20,0x00377A28,8
FUN_00377a30,0x00377A30,0x00377A3C,12
FUN_00377a40,0x00377A40,0x00377A50,16
FUN_00377a50,0x00377A50,0x00377A64,20
FUN_00377a70,0x00377A70,0x00377A84,20
FUN_00377a90,0x00377A90,0x00377AA4,20
FUN_00377ab0,0x00377AB0,0x00377B28,120
FUN_00377b30,0x00377B30,0x00377B74,68
FUN_00377b80,0x00377B80,0x00377E10,644
FUN_00377e10,0x00377E10,0x00377F68,344
FUN_00377f70,0x00377F70,0x00378000,144
FUN_00378000,0x00378000,0x00378234,556
FUN_00378240,0x00378240,0x00378330,240
FUN_00378330,0x00378330,0x00378730,1020
FUN_00378730,0x00378730,0x00378A80,840
FUN_00378a80,0x00378A80,0x00378C70,496
FUN_00378c70,0x00378C70,0x00378FAC,824
FUN_00378fb0,0x00378FB0,0x00379190,480
FUN_00379190,0x00379190,0x00379534,932
FUN_00379540,0x00379540,0x003796AC,360
FUN_003796b0,0x003796B0,0x00379B4C,1176
FUN_00379b50,0x00379B50,0x00379C2C,220
FUN_00379c30,0x00379C30,0x00379EA4,624
FUN_00379eb0,0x00379EB0,0x00379EB8,8
FUN_00379ec0,0x00379EC0,0x00379F40,120
FUN_00379f40,0x00379F40,0x0037A004,188
FUN_0037a010,0x0037A010,0x0037A090,120
FUN_0037a090,0x0037A090,0x0037A0D0,64
FUN_0037a0d0,0x0037A0D0,0x0037A188,180
FUN_0037a190,0x0037A190,0x0037A3BC,556
FUN_0037a3c0,0x0037A3C0,0x0037A3C8,8
FUN_0037a3d0,0x0037A3D0,0x0037A3D8,8
FUN_0037a3e0,0x0037A3E0,0x0037A3E8,8
FUN_0037a3f0,0x0037A3F0,0x0037A3F8,8
FUN_0037a400,0x0037A400,0x0037A420,32
FUN_0037a420,0x0037A420,0x0037A4D4,176
FUN_0037a4e0,0x0037A4E0,0x0037A5BC,220
FUN_0037a5c0,0x0037A5C0,0x0037A640,128
FUN_0037a640,0x0037A640,0x0037A670,48
FUN_0037a670,0x0037A670,0x0037A72C,184
FUN_0037a730,0x0037A730,0x0037A804,208
FUN_0037a810,0x0037A810,0x0037A878,104
FUN_0037a880,0x0037A880,0x0037A8E8,104
FUN_0037a8f0,0x0037A8F0,0x0037A958,104
FUN_0037a960,0x0037A960,0x0037AAC4,356
FUN_0037aad0,0x0037AAD0,0x0037AC00,300
FUN_0037ac00,0x0037AC00,0x0037ACA8,168
FUN_0037acb0,0x0037ACB0,0x0037AD1C,108
FUN_0037ad20,0x0037AD20,0x0037AD3C,28
FUN_0037ad40,0x0037AD40,0x0037AD48,8
FUN_0037ad50,0x0037AD50,0x0037AD64,20
FUN_0037ad70,0x0037AD70,0x0037AD78,8
FUN_0037ad80,0x0037AD80,0x0037AEC8,324
FUN_0037aed0,0x0037AED0,0x0037B1C8,760
FUN_0037b1d0,0x0037B1D0,0x0037B7C4,1512
FUN_0037b7d0,0x0037B7D0,0x0037B990,444
FUN_0037b990,0x0037B990,0x0037BF60,1480
FUN_0037bf60,0x0037BF60,0x0037C01C,188
FUN_0037c020,0x0037C020,0x0037C2F8,728
FUN_0037c300,0x0037C300,0x0037C8BC,1460
FUN_0037c8c0,0x0037C8C0,0x0037CB48,648
FUN_0037cb50,0x0037CB50,0x0037D0C4,1388
FUN_0037d0d0,0x0037D0D0,0x0037D15C,140
FUN_0037d160,0x0037D160,0x0037D168,8
FUN_0037d170,0x0037D170,0x0037D178,8
FUN_0037d180,0x0037D180,0x0037D248,200
FUN_0037d250,0x0037D250,0x0037D350,236
FUN_0037d350,0x0037D350,0x0037D56C,536
FUN_0037d570,0x0037D570,0x0037D8B4,836
FUN_0037d8c0,0x0037D8C0,0x0037DAEC,556
FUN_0037daf0,0x0037DAF0,0x0037DB7C,140
FUN_0037db80,0x0037DB80,0x0037DC0C,140
FUN_0037dc10,0x0037DC10,0x0037DD28,280
FUN_0037dd30,0x0037DD30,0x0037DD8C,92
FUN_0037dd90,0x0037DD90,0x0037DDAC,28
FUN_0037ddb0,0x0037DDB0,0x0037DE6C,188
FUN_0037de70,0x0037DE70,0x0037DF68,248
FUN_0037df70,0x0037DF70,0x0037E010,156
FUN_0037e010,0x0037E010,0x0037E02C,28
FUN_0037e030,0x0037E030,0x0037E080,80
FUN_0037e080,0x0037E080,0x0037E0D0,80
FUN_0037e0d0,0x0037E0D0,0x0037E120,80
FUN_0037e120,0x0037E120,0x0037E180,92
FUN_0037e180,0x0037E180,0x0037E2A8,296
FUN_0037e2b0,0x0037E2B0,0x0037E378,200
FUN_0037e380,0x0037E380,0x0037E448,200
FUN_0037e450,0x0037E450,0x0037E4E0,144
FUN_0037e4e0,0x0037E4E0,0x0037E52C,76
FUN_0037e530,0x0037E530,0x0037E7E8,692
FUN_0037e7f0,0x0037E7F0,0x0037E844,84
FUN_0037e850,0x0037E850,0x0037E888,56
FUN_0037e890,0x0037E890,0x0037E8B8,40
FUN_0037e8c0,0x0037E8C0,0x0037E908,72
FUN_0037e910,0x0037E910,0x0037E920,16
FUN_0037e920,0x0037E920,0x0037E9B0,144
FUN_0037e9b0,0x0037E9B0,0x0037EA48,152
FUN_0037ea50,0x0037EA50,0x0037EA90,64
FUN_0037ea90,0x0037EA90,0x0037EAB8,40
FUN_0037eac0,0x0037EAC0,0x0037EB10,80
FUN_0037eb10,0x0037EB10,0x0037EB60,80
FUN_0037eb60,0x0037EB60,0x0037EBB0,80
FUN_0037ebb0,0x0037EBB0,0x0037EC10,92
FUN_0037ec10,0x0037EC10,0x0037ED84,372
FUN_0037ed90,0x0037ED90,0x0037EE58,200
FUN_0037ee60,0x0037EE60,0x0037F01C,444
FUN_0037f020,0x0037F020,0x0037F22C,524
FUN_0037f230,0x0037F230,0x0037F2BC,140
FUN_0037f2c0,0x0037F2C0,0x0037F388,200
FUN_0037f390,0x0037F390,0x0037F3A8,24
FUN_0037f3b0,0x0037F3B0,0x0037F3C4,20
FUN_0037f3d0,0x0037F3D0,0x0037F3E4,20
FUN_0037f3f0,0x0037F3F0,0x0037F448,88
FUN_0037f450,0x0037F450,0x0037F45C,12
FUN_0037f460,0x0037F460,0x0037FBE0,1920
FUN_0037fbe0,0x0037FBE0,0x0037FE78,664
FUN_0037fe80,0x0037FE80,0x003801B8,824
FUN_003801c0,0x003801C0,0x00380400,576
FUN_00380400,0x00380400,0x0038044C,76
FUN_00380450,0x00380450,0x003806A0,588
FUN_003806a0,0x003806A0,0x003806D0,48
FUN_003806d0,0x003806D0,0x003806D8,8
FUN_003806e0,0x003806E0,0x00380908,544
FUN_00380910,0x00380910,0x003809C0,176
FUN_003809c0,0x003809C0,0x00380A74,180
FUN_00380a80,0x00380A80,0x00380AA0,32
FUN_00380aa0,0x00380AA0,0x00380ACC,44
FUN_00380ad0,0x00380AD0,0x00380D3C,616
FUN_00380d40,0x00380D40,0x00380E94,332
FUN_00380ea0,0x00380EA0,0x0038110C,620
FUN_00381110,0x00381110,0x00381294,376
FUN_003812a0,0x003812A0,0x00381350,176
FUN_00381350,0x00381350,0x0038140C,188
FUN_00381410,0x00381410,0x003814D8,200
thunk_FUN_00382710,0x003814E0,0x003814E8,8
thunk_FUN_00382730,0x003814F0,0x003814F8,8
FUN_00381500,0x00381500,0x00381624,292
FUN_00381630,0x00381630,0x00381690,96
FUN_00381690,0x00381690,0x00381728,152
FUN_00381730,0x00381730,0x0038173C,12
FUN_00381740,0x00381740,0x0038174C,12
FUN_00381750,0x00381750,0x00381840,240
FUN_00381840,0x00381840,0x00381A50,508
FUN_00381a50,0x00381A50,0x00381AC8,120
FUN_00381ad0,0x00381AD0,0x00381BA8,216
FUN_00381bb0,0x00381BB0,0x00381C64,176
FUN_00381c70,0x00381C70,0x00381C88,24
FUN_00381c90,0x00381C90,0x00381F3C,684
FUN_00381f40,0x00381F40,0x00381F5C,28
FUN_00381f60,0x00381F60,0x00381FB0,80
FUN_00381fb0,0x00381FB0,0x00382048,152
FUN_00382050,0x00382050,0x00382108,184
FUN_00382110,0x00382110,0x0038212C,28
FUN_00382130,0x00382130,0x00382138,8
FUN_00382140,0x00382140,0x003821D0,144
FUN_003821d0,0x003821D0,0x003821D8,8
FUN_003821e0,0x003821E0,0x00382208,40
FUN_00382210,0x00382210,0x0038222C,28
FUN_00382230,0x00382230,0x0038230C,216
FUN_00382310,0x00382310,0x003823DC,200
FUN_003823e0,0x003823E0,0x00382430,80
FUN_00382430,0x00382430,0x00382480,80
FUN_00382480,0x00382480,0x003824D0,80
FUN_003824d0,0x003824D0,0x00382530,92
FUN_00382530,0x00382530,0x00382640,272
FUN_00382640,0x00382640,0x003826D0,144
FUN_003826d0,0x003826D0,0x003826F0,32
FUN_003826f0,0x003826F0,0x00382704,20
FUN_00382710,0x00382710,0x0038272C,28
FUN_00382730,0x00382730,0x00382750,32
FUN_00382750,0x00382750,0x003827C0,112
FUN_003827c0,0x003827C0,0x0038280C,76
FUN_00382810,0x00382810,0x00382934,292
FUN_00382940,0x00382940,0x003829D8,152
FUN_003829e0,0x003829E0,0x00382ADC,252
FUN_00382ae0,0x00382AE0,0x00382AF4,20
FUN_00382b00,0x00382B00,0x00382B08,8
FUN_00382b10,0x00382B10,0x00382B90,128
FUN_00382b90,0x00382B90,0x00382DE4,596
FUN_00382df0,0x00382DF0,0x00382EB8,200
FUN_00382ec0,0x00382EC0,0x00382F50,144
FUN_00382f50,0x00382F50,0x00383034,224
FUN_00383040,0x00383040,0x00383138,248
FUN_00383140,0x00383140,0x003831AC,108
FUN_003831b0,0x003831B0,0x00383288,216
FUN_00383290,0x00383290,0x003833D8,328
FUN_003833e0,0x003833E0,0x003833EC,12
FUN_003833f0,0x003833F0,0x0038359C,424
FUN_003835a0,0x003835A0,0x00383680,224
FUN_00383680,0x00383680,0x0038369C,28
FUN_003836a0,0x003836A0,0x00383C30,1412
FUN_00383c30,0x00383C30,0x00383F7C,832
FUN_00383f80,0x00383F80,0x00384958,2512
FUN_00384960,0x00384960,0x00384B68,520
FUN_00384b70,0x00384B70,0x00384C30,184
FUN_00384c30,0x00384C30,0x00384D34,256
FUN_00384d40,0x00384D40,0x00384D88,72
FUN_00384d90,0x00384D90,0x00384FA0,528
FUN_00384fa0,0x00384FA0,0x003852FC,860
FUN_00385300,0x00385300,0x0038565C,860
FUN_00385660,0x00385660,0x00385898,568
FUN_003858a0,0x003858A0,0x00385900,96
FUN_00385900,0x00385900,0x00385960,96
FUN_00385960,0x00385960,0x003859C0,96
FUN_003859c0,0x003859C0,0x003859D4,20
FUN_003859e0,0x003859E0,0x003859F4,20
FUN_00385a00,0x00385A00,0x00385A14,20
FUN_00385a20,0x00385A20,0x00385A34,20
FUN_00385a40,0x00385A40,0x00385B78,308
FUN_00385b80,0x00385B80,0x00386800,3180
FUN_00386800,0x00386800,0x00386808,8
FUN_00386810,0x00386810,0x00386818,8
FUN_00386820,0x00386820,0x00386828,8
FUN_00386830,0x00386830,0x003868E4,176
FUN_003868f0,0x003868F0,0x0038690C,28
FUN_00386910,0x00386910,0x00387430,2832
FUN_00387430,0x00387430,0x00387478,72
FUN_00387480,0x00387480,0x003874C4,68
FUN_003874d0,0x003874D0,0x0038798C,1212
FUN_00387990,0x00387990,0x00387B34,420
FUN_00387b40,0x00387B40,0x00387B80,64
FUN_00387b80,0x00387B80,0x00387E38,696
FUN_00387e40,0x00387E40,0x00388188,840
FUN_00388190,0x00388190,0x00388250,192
FUN_00388250,0x00388250,0x00388280,48
FUN_00388280,0x00388280,0x00388338,184
FUN_00388340,0x00388340,0x003884E0,412
FUN_003884e0,0x003884E0,0x003884EC,12
FUN_003884f0,0x003884F0,0x00388510,32
FUN_00388510,0x00388510,0x00388594,132
FUN_003885a0,0x003885A0,0x003885DC,60
FUN_003885e0,0x003885E0,0x0038861C,60
FUN_00388620,0x00388620,0x00388690,112
FUN_00388690,0x00388690,0x00388708,120
FUN_00388710,0x00388710,0x00388850,320
FUN_00388850,0x00388850,0x003888A8,88
FUN_003888b0,0x003888B0,0x00388AA0,492
FUN_00388aa0,0x00388AA0,0x00388C48,420
FUN_00388c50,0x00388C50,0x00388DF8,420
FUN_00388e00,0x00388E00,0x00388EC0,192
FUN_00388ec0,0x00388EC0,0x00388EF0,48
FUN_00388ef0,0x00388EF0,0x00388F58,104
FUN_00388f60,0x00388F60,0x00388FC8,104
FUN_00388fd0,0x00388FD0,0x00389038,104
FUN_00389040,0x00389040,0x003890AC,108
FUN_003890b0,0x003890B0,0x0038912C,124
FUN_00389130,0x00389130,0x00389204,212
FUN_00389210,0x00389210,0x00389218,8
FUN_00389220,0x00389220,0x00389228,8
FUN_00389230,0x00389230,0x003892A0,112
thunk_FUN_00381410,0x003892A0,0x003892A8,8
FUN_003892b0,0x003892B0,0x003892B8,8
FUN_003892c0,0x003892C0,0x003892E4,36
FUN_003892f0,0x003892F0,0x0038939C,172
FUN_003893a0,0x003893A0,0x003894C8,284
FUN_003894d0,0x003894D0,0x003894E4,20
FUN_003894f0,0x003894F0,0x003894F8,8
FUN_00389500,0x00389500,0x00389508,8
FUN_00389510,0x00389510,0x00389588,120
FUN_00389590,0x00389590,0x00389608,120
FUN_00389610,0x00389610,0x00389618,8
FUN_00389620,0x00389620,0x00389628,8
FUN_00389630,0x00389630,0x003896F8,200
FUN_00389700,0x00389700,0x0038974C,76
FUN_00389750,0x00389750,0x003897A8,88
FUN_003897b0,0x003897B0,0x003898C4,276
FUN_003898d0,0x003898D0,0x003898D8,8
FUN_003898e0,0x003898E0,0x003899F0,272
FUN_003899f0,0x003899F0,0x00389B10,288
FUN_00389b10,0x00389B10,0x00389C20,272
FUN_00389c20,0x00389C20,0x00389C88,104
FUN_00389c90,0x00389C90,0x00389CC4,52
FUN_00389cd0,0x00389CD0,0x00389CD8,8
FUN_00389ce0,0x00389CE0,0x00389D14,52
FUN_00389d20,0x00389D20,0x00389D28,8
FUN_00389d30,0x00389D30,0x00389D60,48
FUN_00389d60,0x00389D60,0x00389D68,8
FUN_00389d70,0x00389D70,0x00389D78,8
FUN_00389d80,0x00389D80,0x00389EC0,320
FUN_00389ec0,0x00389EC0,0x0038A0BC,508
FUN_0038a0c0,0x0038A0C0,0x0038A0C8,8
FUN_0038a0d0,0x0038A0D0,0x0038A19C,204
FUN_0038a1a0,0x0038A1A0,0x0038A2EC,332
FUN_0038a2f0,0x0038A2F0,0x0038A6AC,952
FUN_0038a6b0,0x0038A6B0,0x0038A824,372
FUN_0038a830,0x0038A830,0x0038A900,200
FUN_0038a900,0x0038A900,0x0038AA44,316
FUN_0038aa50,0x0038AA50,0x0038AA5C,12
FUN_0038aa60,0x0038AA60,0x0038AD2C,700
FUN_0038ad30,0x0038AD30,0x0038B1C8,1148
FUN_0038b1d0,0x0038B1D0,0x0038B35C,396
FUN_0038b360,0x0038B360,0x0038B434,212
FUN_0038b440,0x0038B440,0x0038B5D8,408
FUN_0038b5e0,0x0038B5E0,0x0038B808,540
FUN_0038b810,0x0038B810,0x0038BA20,504
FUN_0038ba20,0x0038BA20,0x0038BB48,296
FUN_0038bb50,0x0038BB50,0x0038BBAC,92
FUN_0038bbb0,0x0038BBB0,0x0038BC64,180
FUN_0038bc70,0x0038BC70,0x0038BD18,160
FUN_0038bd20,0x0038BD20,0x0038CAFC,3516
FUN_0038cb00,0x0038CB00,0x0038CB60,96
FUN_0038cb60,0x0038CB60,0x0038CBE0,128
FUN_0038cbe0,0x0038CBE0,0x0038CC40,92
FUN_0038cc40,0x0038CC40,0x0038CCDC,156
FUN_0038cce0,0x0038CCE0,0x0038CCE8,8
FUN_0038ccf0,0x0038CCF0,0x0038CD10,32
FUN_0038cd10,0x0038CD10,0x0038CD2C,28
FUN_0038cd30,0x0038CD30,0x0038E0C0,4928
FUN_0038e0c0,0x0038E0C0,0x0038E168,160
FUN_0038e170,0x0038E170,0x0038E2EC,376
FUN_0038e2f0,0x0038E2F0,0x0038E610,780
FUN_0038e610,0x0038E610,0x0038E664,84
FUN_0038e670,0x0038E670,0x0038E724,172
FUN_0038e730,0x0038E730,0x0038E7EC,188
FUN_0038e7f0,0x0038E7F0,0x0038E7F8,8
FUN_0038e800,0x0038E800,0x0038EABC,688
FUN_0038eac0,0x0038EAC0,0x0038EB34,116
FUN_0038eb40,0x0038EB40,0x0038EDCC,648
FUN_0038edd0,0x0038EDD0,0x0038EE3C,108
FUN_0038ee40,0x0038EE40,0x0038F104,704
FUN_0038f110,0x0038F110,0x0038F198,136
FUN_0038f1a0,0x0038F1A0,0x0038F1F8,88
FUN_0038f200,0x0038F200,0x0038F29C,156
FUN_0038f2a0,0x0038F2A0,0x0038F450,428
FUN_0038f450,0x0038F450,0x0038F5AC,332
FUN_0038f5b0,0x0038F5B0,0x0038F5BC,12
FUN_0038f5c0,0x0038F5C0,0x0038F68C,204
FUN_0038f690,0x0038F690,0x0038F778,228
FUN_0038f780,0x0038F780,0x0038F888,252
FUN_0038f890,0x0038F890,0x0038FA38,424
FUN_0038fa40,0x0038FA40,0x0038FB68,296
FUN_0038fb70,0x0038FB70,0x0038FCA4,296
FUN_0038fcb0,0x0038FCB0,0x0038FECC,540
FUN_0038fed0,0x0038FED0,0x0038FF00,48
FUN_0038ff00,0x0038FF00,0x0039008C,396
FUN_00390090,0x00390090,0x00390138,160
FUN_00390140,0x00390140,0x003901F0,172
FUN_003901f0,0x003901F0,0x003906C8,1224
FUN_003906d0,0x003906D0,0x0039070C,60
FUN_00390710,0x00390710,0x0039089C,396
FUN_003908a0,0x003908A0,0x003909DC,308
FUN_003909e0,0x003909E0,0x00390B28,328
FUN_00390b30,0x00390B30,0x00390C68,304
FUN_00390c70,0x00390C70,0x00390D58,228
FUN_00390d60,0x00390D60,0x00390E68,252
FUN_00390e70,0x00390E70,0x003913F4,1396
FUN_00391400,0x00391400,0x00391B30,1820
FUN_00391b30,0x00391B30,0x00391D40,520
FUN_00391d40,0x00391D40,0x0039240C,1728
FUN_00392410,0x00392410,0x003924F4,228
FUN_00392500,0x00392500,0x003927D8,720
FUN_003927e0,0x003927E0,0x00392AC8,732
FUN_00392ad0,0x00392AD0,0x00392F3C,1104
FUN_00392f40,0x00392F40,0x00393040,256
FUN_00393040,0x00393040,0x0039319C,340
FUN_003931a0,0x003931A0,0x00393528,888
FUN_00393530,0x00393530,0x003939B8,1156
FUN_003939c0,0x003939C0,0x00393BF8,568
FUN_00393c00,0x00393C00,0x00394154,1364
FUN_00394160,0x00394160,0x00394308,424
FUN_00394310,0x00394310,0x00394908,1528
FUN_00394910,0x00394910,0x00394A20,272
FUN_00394a20,0x00394A20,0x00394A88,104
FUN_00394a90,0x00394A90,0x00394B7C,236
thunk_FUN_003950c0,0x00394B80,0x00394B88,8
FUN_00394b90,0x00394B90,0x00394CB0,288
FUN_00394cb0,0x00394CB0,0x00394D58,160
FUN_00394d60,0x00394D60,0x00394EB0,328
FUN_00394eb0,0x00394EB0,0x00395030,376
FUN_00395030,0x00395030,0x003950C0,144
FUN_003950c0,0x003950C0,0x00395524,1108
FUN_00395530,0x00395530,0x003958B0,892
FUN_003958b0,0x003958B0,0x0039591C,108
FUN_00395920,0x00395920,0x00395A34,272
FUN_00395a40,0x00395A40,0x00395D28,744
FUN_00395d30,0x00395D30,0x00395F5C,556
FUN_00395f60,0x00395F60,0x00395FD0,112
FUN_00395fd0,0x00395FD0,0x003960B0,224
FUN_003960b0,0x003960B0,0x0039698C,2236
FUN_00396990,0x00396990,0x00396B28,384
FUN_00396b30,0x00396B30,0x00396CC4,396
FUN_00396cd0,0x00396CD0,0x00396F34,612
FUN_00396f40,0x00396F40,0x00397024,224
FUN_00397030,0x00397030,0x00397128,248
FUN_00397130,0x00397130,0x003974E4,948
FUN_003974f0,0x003974F0,0x003975A8,184
FUN_003975b0,0x003975B0,0x0039768C,220
FUN_00397690,0x00397690,0x0039778C,252
FUN_00397790,0x00397790,0x00397820,144
FUN_00397820,0x00397820,0x003979D4,436
FUN_003979e0,0x003979E0,0x00397EE0,1276
FUN_00397ee0,0x00397EE0,0x00398018,296
FUN_00398020,0x00398020,0x00398080,96
FUN_00398080,0x00398080,0x003981B4,304
FUN_003981c0,0x003981C0,0x00398300,320
FUN_00398300,0x00398300,0x003984E0,480
FUN_003984e0,0x003984E0,0x003989A0,1204
FUN_003989a0,0x003989A0,0x00398A68,200
FUN_00398a70,0x00398A70,0x00398B78,264
FUN_00398b80,0x00398B80,0x00398C70,240
FUN_00398c70,0x00398C70,0x00398C78,8
FUN_00398c80,0x00398C80,0x00398DAC,300
FUN_00398db0,0x00398DB0,0x00398E44,148
FUN_00398e50,0x00398E50,0x00398F60,272
FUN_00398f60,0x00398F60,0x003991C4,612
FUN_003991d0,0x003991D0,0x00399430,604
FUN_00399430,0x00399430,0x0039943C,12
FUN_00399440,0x00399440,0x00399448,8
FUN_00399450,0x00399450,0x00399930,1240
FUN_00399930,0x00399930,0x00399AC4,404
FUN_00399ad0,0x00399AD0,0x00399BF4,284
FUN_00399c00,0x00399C00,0x00399D30,304
FUN_00399d30,0x00399D30,0x00399E80,328
FUN_00399e80,0x00399E80,0x00399FB8,296
FUN_00399fc0,0x00399FC0,0x00399FCC,12
FUN_00399fd0,0x00399FD0,0x00399FDC,12
FUN_00399fe0,0x00399FE0,0x0039A0A8,200
FUN_0039a0b0,0x0039A0B0,0x0039A0B8,8
FUN_0039a0c0,0x0039A0C0,0x0039A0CC,12
FUN_0039a0d0,0x0039A0D0,0x0039A0D8,8
FUN_0039a0e0,0x0039A0E0,0x0039A0E8,8
FUN_0039a0f0,0x0039A0F0,0x0039A0F8,8
FUN_0039a100,0x0039A100,0x0039A118,24
FUN_0039a120,0x0039A120,0x0039A128,8
FUN_0039a130,0x0039A130,0x0039A158,40
FUN_0039a160,0x0039A160,0x0039A1C4,100
FUN_0039a1d0,0x0039A1D0,0x0039A1D8,8
FUN_0039a1e0,0x0039A1E0,0x0039A260,128
FUN_0039a260,0x0039A260,0x0039A268,8
FUN_0039a270,0x0039A270,0x0039A27C,12
FUN_0039a280,0x0039A280,0x0039A2DC,92
FUN_0039a2e0,0x0039A2E0,0x0039A31C,60
FUN_0039a320,0x0039A320,0x0039A328,8
FUN_0039a330,0x0039A330,0x0039A360,48
FUN_0039a360,0x0039A360,0x0039A36C,12
FUN_0039a370,0x0039A370,0x0039A378,8
FUN_0039a380,0x0039A380,0x0039A388,8
FUN_0039a390,0x0039A390,0x0039A398,8
FUN_0039a3a0,0x0039A3A0,0x0039A3D8,56
FUN_0039a3e0,0x0039A3E0,0x0039A470,144
FUN_0039a470,0x0039A470,0x0039A488,24
FUN_0039a490,0x0039A490,0x0039A4A4,20
FUN_0039a4b0,0x0039A4B0,0x0039A4C4,20
FUN_0039a4d0,0x0039A4D0,0x0039A55C,140
FUN_0039a560,0x0039A560,0x0039A574,20
FUN_0039a580,0x0039A580,0x0039A65C,216
FUN_0039a660,0x0039A660,0x0039A6D0,112
FUN_0039a6d0,0x0039A6D0,0x0039A6D8,8
FUN_0039a6e0,0x0039A6E0,0x0039A740,96
FUN_0039a740,0x0039A740,0x0039A748,8
FUN_0039a750,0x0039A750,0x0039A7C0,112
FUN_0039a7c0,0x0039A7C0,0x0039A830,112
FUN_0039a830,0x0039A830,0x0039A8D0,160
FUN_0039a8d0,0x0039A8D0,0x0039A8F4,36
FUN_0039a900,0x0039A900,0x0039A9E8,232
FUN_0039a9f0,0x0039A9F0,0x0039A9F8,8
FUN_0039aa00,0x0039AA00,0x0039AAD0,208
FUN_0039aad0,0x0039AAD0,0x0039ABA0,208
FUN_0039aba0,0x0039ABA0,0x0039AC10,112
FUN_0039ac10,0x0039AC10,0x0039AC24,20
FUN_0039ac30,0x0039AC30,0x0039AD18,232
FUN_0039ad20,0x0039AD20,0x0039AD38,24
FUN_0039ad40,0x0039AD40,0x0039AE88,328
FUN_0039ae90,0x0039AE90,0x0039AF14,132
FUN_0039af20,0x0039AF20,0x0039AF64,68
FUN_0039af70,0x0039AF70,0x0039AFB4,68
FUN_0039afc0,0x0039AFC0,0x0039B038,120
FUN_0039b040,0x0039B040,0x0039B048,8
FUN_0039b050,0x0039B050,0x0039B0C8,120
FUN_0039b0d0,0x0039B0D0,0x0039B180,176
FUN_0039b180,0x0039B180,0x0039B20C,140
FUN_0039b210,0x0039B210,0x0039B2A0,144
FUN_0039b2a0,0x0039B2A0,0x0039B33C,156
FUN_0039b340,0x0039B340,0x0039B3D0,144
FUN_0039b3d0,0x0039B3D0,0x0039B488,184
FUN_0039b490,0x0039B490,0x0039B510,128
FUN_0039b510,0x0039B510,0x0039B590,128
FUN_0039b590,0x0039B590,0x0039B600,112
FUN_0039b600,0x0039B600,0x0039B608,8
FUN_0039b610,0x0039B610,0x0039B618,8
FUN_0039b620,0x0039B620,0x0039B628,8
FUN_0039b630,0x0039B630,0x0039B638,8
FUN_0039b640,0x0039B640,0x0039B648,8
FUN_0039b650,0x0039B650,0x0039B658,8
FUN_0039b660,0x0039B660,0x0039B668,8
FUN_0039b670,0x0039B670,0x0039B678,8
FUN_0039b680,0x0039B680,0x0039B688,8
FUN_0039b690,0x0039B690,0x0039B698,8
FUN_0039b6a0,0x0039B6A0,0x0039B6A8,8
FUN_0039b6b0,0x0039B6B0,0x0039B6B8,8
FUN_0039b6c0,0x0039B6C0,0x0039B6C8,8
FUN_0039b6d0,0x0039B6D0,0x0039B6D8,8
FUN_0039b6e0,0x0039B6E0,0x0039B6E8,8
FUN_0039b6f0,0x0039B6F0,0x0039B6F8,8
FUN_0039b700,0x0039B700,0x0039B708,8
FUN_0039b710,0x0039B710,0x0039B718,8
FUN_0039b720,0x0039B720,0x0039B728,8
FUN_0039b730,0x0039B730,0x0039B738,8
FUN_0039b740,0x0039B740,0x0039B748,8
FUN_0039b750,0x0039B750,0x0039B758,8
FUN_0039b760,0x0039B760,0x0039B768,8
FUN_0039b770,0x0039B770,0x0039B810,160
FUN_0039b810,0x0039B810,0x0039B81C,12
FUN_0039b820,0x0039B820,0x0039B8A4,132
FUN_0039b8b0,0x0039B8B0,0x0039B960,176
FUN_0039b960,0x0039B960,0x0039BAF0,400
FUN_0039baf0,0x0039BAF0,0x0039BB70,128
FUN_0039bb70,0x0039BB70,0x0039BE80,780
FUN_0039be80,0x0039BE80,0x0039BF14,148
FUN_0039bf20,0x0039BF20,0x0039BFB8,152
FUN_0039bfc0,0x0039BFC0,0x0039C298,712
FUN_0039c2a0,0x0039C2A0,0x0039C3D0,304
FUN_0039c3d0,0x0039C3D0,0x0039C568,408
FUN_0039c570,0x0039C570,0x0039C6F8,392
FUN_0039c700,0x0039C700,0x0039C74C,76
FUN_0039c750,0x0039C750,0x0039C7D4,132
FUN_0039c7e0,0x0039C7E0,0x0039C9B0,460
FUN_0039c9b0,0x0039C9B0,0x0039CB34,388
FUN_0039cb40,0x0039CB40,0x0039CBF0,172
FUN_0039cbf0,0x0039CBF0,0x0039CC68,120
FUN_0039cc70,0x0039CC70,0x0039CDE8,376
FUN_0039cdf0,0x0039CDF0,0x0039CF9C,428
FUN_0039cfa0,0x0039CFA0,0x0039CFB4,20
FUN_0039cfc0,0x0039CFC0,0x0039CFE8,40
FUN_0039cff0,0x0039CFF0,0x0039E7C0,5808
FUN_0039e7c0,0x0039E7C0,0x0039E9A4,484
FUN_0039e9b0,0x0039E9B0,0x0039EA40,144
FUN_0039ea40,0x0039EA40,0x0039EB58,280
FUN_0039eb60,0x0039EB60,0x0039F7EC,3184
FUN_0039f7f0,0x0039F7F0,0x0039FA90,664
FUN_0039fa90,0x0039FA90,0x003A1FB8,8744
FUN_003a1fc0,0x003A1FC0,0x003A2104,324
FUN_003a2110,0x003A2110,0x003A21E8,216
FUN_003a21f0,0x003A21F0,0x003A2444,592
FUN_003a2450,0x003A2450,0x003A2A48,1512
FUN_003a2a50,0x003A2A50,0x003A2C6C,528
FUN_003a2c70,0x003A2C70,0x003A2F74,764
FUN_003a2f80,0x003A2F80,0x003A32F4,876
FUN_003a3300,0x003A3300,0x003A3464,352
FUN_003a3470,0x003A3470,0x003A35E4,368
FUN_003a35f0,0x003A35F0,0x003A3670,128
FUN_003a3670,0x003A3670,0x003A3928,680
FUN_003a3930,0x003A3930,0x003A39E0,176
FUN_003a39e0,0x003A39E0,0x003A39EC,12
FUN_003a39f0,0x003A39F0,0x003A3B0C,284
FUN_003a3b10,0x003A3B10,0x003A3BBC,172
FUN_003a3bc0,0x003A3BC0,0x003A3C64,160
FUN_003a3c70,0x003A3C70,0x003A3DA8,312
FUN_003a3db0,0x003A3DB0,0x003A3ECC,284
FUN_003a3ed0,0x003A3ED0,0x003A4008,308
FUN_003a4010,0x003A4010,0x003A410C,252
FUN_003a4110,0x003A4110,0x003A4230,284
FUN_003a4230,0x003A4230,0x003A4720,1252
FUN_003a4720,0x003A4720,0x003A48B8,404
FUN_003a48c0,0x003A48C0,0x003A4924,100
FUN_003a4930,0x003A4930,0x003A4DA8,1136
FUN_003a4db0,0x003A4DB0,0x003A4E10,96
FUN_003a4e10,0x003A4E10,0x003A4E74,100
FUN_003a4e80,0x003A4E80,0x003A4ED4,84
FUN_003a4ee0,0x003A4EE0,0x003A5058,372
FUN_003a5060,0x003A5060,0x003A5104,164
FUN_003a5110,0x003A5110,0x003A51DC,200
FUN_003a51e0,0x003A51E0,0x003A5680,1176
FUN_003a5680,0x003A5680,0x003A5720,160
FUN_003a5720,0x003A5720,0x003A57C4,164
FUN_003a57d0,0x003A57D0,0x003A5918,324
FUN_003a5920,0x003A5920,0x003A5978,88
FUN_003a5980,0x003A5980,0x003A5ACC,332
FUN_003a5ad0,0x003A5AD0,0x003A5C10,320
FUN_003a5c10,0x003A5C10,0x003A5CD8,200
FUN_003a5ce0,0x003A5CE0,0x003A5D68,132
FUN_003a5d70,0x003A5D70,0x003A5F3C,460
FUN_003a5f40,0x003A5F40,0x003A5FE4,164
FUN_003a5ff0,0x003A5FF0,0x003A6098,168
FUN_003a60a0,0x003A60A0,0x003A60FC,92
FUN_003a6100,0x003A6100,0x003A615C,92
FUN_003a6160,0x003A6160,0x003A61A8,72
FUN_003a61b0,0x003A61B0,0x003A63F8,572
FUN_003a6400,0x003A6400,0x003A65B0,428
FUN_003a65b0,0x003A65B0,0x003A66D4,288
FUN_003a66e0,0x003A66E0,0x003A676C,140
FUN_003a6770,0x003A6770,0x003A69C8,600
FUN_003a69d0,0x003A69D0,0x003A6A60,136
FUN_003a6a60,0x003A6A60,0x003A6C80,540
FUN_003a6c80,0x003A6C80,0x003A6C8C,12
thunk_FUN_002905b0,0x003A6C90,0x003A6C98,8
FUN_003a6ca0,0x003A6CA0,0x003A6CA8,8
FUN_003a6cb0,0x003A6CB0,0x003A6CC4,20
FUN_003a6cd0,0x003A6CD0,0x003A6CE0,16
FUN_003a6ce0,0x003A6CE0,0x003A6CE8,8
FUN_003a6cf0,0x003A6CF0,0x003A6D08,24
FUN_003a6d10,0x003A6D10,0x003A6D24,20
FUN_003a6d30,0x003A6D30,0x003A6D3C,12
FUN_003a6d40,0x003A6D40,0x003A6D58,24
FUN_003a6d60,0x003A6D60,0x003A6E20,192
FUN_003a6e20,0x003A6E20,0x003A6E64,68
FUN_003a6e70,0x003A6E70,0x003A6EF0,128
FUN_003a6ef0,0x003A6EF0,0x003A6F60,112
FUN_003a6f60,0x003A6F60,0x003A70BC,348
FUN_003a70c0,0x003A70C0,0x003A7144,132
FUN_003a7150,0x003A7150,0x003A7158,8
FUN_003a7160,0x003A7160,0x003A7168,8
FUN_003a7170,0x003A7170,0x003A7178,8
FUN_003a7180,0x003A7180,0x003A7188,8
FUN_003a7190,0x003A7190,0x003A72A4,276
FUN_003a72b0,0x003A72B0,0x003A72BC,12
FUN_003a72c0,0x003A72C0,0x003A7358,152
FUN_003a7360,0x003A7360,0x003A75B8,592
FUN_003a75c0,0x003A75C0,0x003A7650,144
FUN_003a7650,0x003A7650,0x003A76A4,84
FUN_003a76b0,0x003A76B0,0x003A784C,412
FUN_003a7850,0x003A7850,0x003A78F4,164
FUN_003a7900,0x003A7900,0x003A7964,100
FUN_003a7970,0x003A7970,0x003A7998,40
FUN_003a79a0,0x003A79A0,0x003A7D48,936
FUN_003a7d50,0x003A7D50,0x003A7D88,56
FUN_003a7d90,0x003A7D90,0x003A7DF8,104
FUN_003a7e00,0x003A7E00,0x003A7FDC,476
FUN_003a7fe0,0x003A7FE0,0x003A8060,128
FUN_003a8060,0x003A8060,0x003A82C8,608
FUN_003a82d0,0x003A82D0,0x003A82F8,40
FUN_003a8300,0x003A8300,0x003A8320,32
FUN_003a8320,0x003A8320,0x003A8348,40
FUN_003a8350,0x003A8350,0x003A83F0,160
FUN_003a83f0,0x003A83F0,0x003A8454,100
FUN_003a8460,0x003A8460,0x003A8550,240
FUN_003a8550,0x003A8550,0x003A855C,12
FUN_003a8560,0x003A8560,0x003A85F4,148
FUN_003a8600,0x003A8600,0x003A8660,96
FUN_003a8660,0x003A8660,0x003A8770,272
FUN_003a8770,0x003A8770,0x003A8834,196
FUN_003a8840,0x003A8840,0x003A8918,216
FUN_003a8920,0x003A8920,0x003A8B20,512
FUN_003a8b20,0x003A8B20,0x003A8BA4,132
FUN_003a8bb0,0x003A8BB0,0x003A8C08,88
FUN_003a8c10,0x003A8C10,0x003A8D40,304
FUN_003a8d40,0x003A8D40,0x003A8DD0,144
FUN_003a8dd0,0x003A8DD0,0x003A8E44,116
FUN_003a8e50,0x003A8E50,0x003A8EE8,152
FUN_003a8ef0,0x003A8EF0,0x003A90DC,492
FUN_003a90e0,0x003A90E0,0x003A91C0,224
FUN_003a91c0,0x003A91C0,0x003A928C,204
FUN_003a9290,0x003A9290,0x003A9428,408
FUN_003a9430,0x003A9430,0x003A94A8,120
FUN_003a94b0,0x003A94B0,0x003A94BC,12
FUN_003a94c0,0x003A94C0,0x003A94C8,8
FUN_003a94d0,0x003A94D0,0x003A94E4,20
FUN_003a94f0,0x003A94F0,0x003A94FC,12
FUN_003a9500,0x003A9500,0x003A968C,396
FUN_003a9690,0x003A9690,0x003A969C,12
FUN_003a96a0,0x003A96A0,0x003A97AC,268
FUN_003a97b0,0x003A97B0,0x003A97BC,12
FUN_003a97c0,0x003A97C0,0x003A9898,216
FUN_003a98a0,0x003A98A0,0x003A98AC,12
FUN_003a98b0,0x003A98B0,0x003A9ACC,540
FUN_003a9ad0,0x003A9AD0,0x003A9ADC,12
FUN_003a9ae0,0x003A9AE0,0x003A9AEC,12
FUN_003a9af0,0x003A9AF0,0x003A9B18,40
FUN_003a9b20,0x003A9B20,0x003A9B28,8
FUN_003a9b30,0x003A9B30,0x003A9BC0,144
FUN_003a9bc0,0x003A9BC0,0x003A9BCC,12
FUN_003a9bd0,0x003A9BD0,0x003A9BDC,12
FUN_003a9be0,0x003A9BE0,0x003A9CF4,276
FUN_003a9d00,0x003A9D00,0x003A9D0C,12
FUN_003a9d10,0x003A9D10,0x003A9E24,276
FUN_003a9e30,0x003A9E30,0x003A9E3C,12
FUN_003a9e40,0x003A9E40,0x003A9E4C,12
FUN_003a9e50,0x003A9E50,0x003A9E5C,12
FUN_003a9e60,0x003A9E60,0x003A9E6C,12
FUN_003a9e70,0x003A9E70,0x003A9FCC,348
FUN_003a9fd0,0x003A9FD0,0x003AA124,340
FUN_003aa130,0x003AA130,0x003AA1D8,164
FUN_003aa1e0,0x003AA1E0,0x003AA27C,152
FUN_003aa280,0x003AA280,0x003AA2F8,120
FUN_003aa300,0x003AA300,0x003AA36C,104
FUN_003aa370,0x003AA370,0x003AA3B0,64
FUN_003aa3b0,0x003AA3B0,0x003AA40C,92
FUN_003aa410,0x003AA410,0x003AA578,356
FUN_003aa580,0x003AA580,0x003AA788,520
FUN_003aa790,0x003AA790,0x003AA810,128
FUN_003aa810,0x003AA810,0x003AA890,128
FUN_003aa890,0x003AA890,0x003AA910,128
FUN_003aa910,0x003AA910,0x003AA990,128
FUN_003aa990,0x003AA990,0x003AAA10,128
FUN_003aaa10,0x003AAA10,0x003AAA90,128
FUN_003aaa90,0x003AAA90,0x003AAB10,128
FUN_003aab10,0x003AAB10,0x003AB35C,2124
FUN_003ab360,0x003AB360,0x003AB3D0,112
FUN_003ab3d0,0x003AB3D0,0x003AB400,48
FUN_003ab400,0x003AB400,0x003AB480,128
FUN_003ab480,0x003AB480,0x003AB4DC,92
FUN_003ab4e0,0x003AB4E0,0x003AB4E8,8
FUN_003ab4f0,0x003AB4F0,0x003AB5BC,204
FUN_003ab5c0,0x003AB5C0,0x003AB604,68
FUN_003ab610,0x003AB610,0x003AB700,240
FUN_003ab700,0x003AB700,0x003AB7A8,168
FUN_003ab7b0,0x003AB7B0,0x003AB8A0,240
FUN_003ab8a0,0x003AB8A0,0x003AB8A8,8
FUN_003ab8b0,0x003AB8B0,0x003AB8B8,8
FUN_003ab8c0,0x003AB8C0,0x003AB8D8,24
FUN_003ab8e0,0x003AB8E0,0x003AB8E8,8
FUN_003ab8f0,0x003AB8F0,0x003ABADC,484
FUN_003abae0,0x003ABAE0,0x003ABC04,292
FUN_003abc10,0x003ABC10,0x003ABC58,72
FUN_003abc60,0x003ABC60,0x003ABE18,440
FUN_003abe20,0x003ABE20,0x003ABE28,8
FUN_003abe30,0x003ABE30,0x003AC1A4,880
FUN_003ac1b0,0x003AC1B0,0x003AC1E4,52
FUN_003ac1f0,0x003AC1F0,0x003AC344,340
FUN_003ac350,0x003AC350,0x003AC370,32
FUN_003ac370,0x003AC370,0x003AC3AC,60
FUN_003ac3b0,0x003AC3B0,0x003AC49C,232
FUN_003ac4a0,0x003AC4A0,0x003AC7C0,796
FUN_003ac7c0,0x003AC7C0,0x003AC818,88
FUN_003ac820,0x003AC820,0x003AC830,16
FUN_003ac830,0x003AC830,0x003AC840,16
FUN_003ac840,0x003AC840,0x003AC998,344
FUN_003ac9a0,0x003AC9A0,0x003ACCF8,812
FUN_003acd00,0x003ACD00,0x003ACEF0,480
thunk_FUN_003ac7c0,0x003ACEF0,0x003ACEF8,8
FUN_003acf00,0x003ACF00,0x003ACFB8,184
FUN_003acfc0,0x003ACFC0,0x003AD004,68
FUN_003ad010,0x003AD010,0x003AD49C,1164
FUN_003ad4a0,0x003AD4A0,0x003AD508,104
FUN_003ad510,0x003AD510,0x003AD570,96
FUN_003ad570,0x003AD570,0x003AD924,920
FUN_003ad930,0x003AD930,0x003ADA0C,220
FUN_003ada10,0x003ADA10,0x003ADA80,112
FUN_003ada80,0x003ADA80,0x003ADAC0,64
FUN_003adac0,0x003ADAC0,0x003ADAC8,8
FUN_003adad0,0x003ADAD0,0x003ADAE4,20
FUN_003adaf0,0x003ADAF0,0x003ADBB4,196
FUN_003adbc0,0x003ADBC0,0x003ADD34,372
FUN_003add40,0x003ADD40,0x003ADEBC,376
FUN_003adec0,0x003ADEC0,0x003AE044,372
FUN_003ae050,0x003AE050,0x003AE0F4,160
FUN_003ae100,0x003AE100,0x003AE2F0,492
FUN_003ae2f0,0x003AE2F0,0x003AE388,152
FUN_003ae390,0x003AE390,0x003AE410,128
FUN_003ae410,0x003AE410,0x003AE428,24
FUN_003ae430,0x003AE430,0x003AE5A4,368
FUN_003ae5b0,0x003AE5B0,0x003AE8D4,792
FUN_003ae8e0,0x003AE8E0,0x003AE9A0,192
FUN_003ae9a0,0x003AE9A0,0x003AE9E0,64
FUN_003ae9e0,0x003AE9E0,0x003AEA68,136
FUN_003aea70,0x003AEA70,0x003AEB40,208
FUN_003aeb40,0x003AEB40,0x003AEB80,64
FUN_003aeb80,0x003AEB80,0x003AEB8C,12
FUN_003aeb90,0x003AEB90,0x003AEBC0,48
FUN_003aebc0,0x003AEBC0,0x003AEBD4,20
FUN_003aebe0,0x003AEBE0,0x003AECD4,244
FUN_003aece0,0x003AECE0,0x003AED20,64
FUN_003aed20,0x003AED20,0x003AED40,32
FUN_003aed40,0x003AED40,0x003AEDF0,168
FUN_003aedf0,0x003AEDF0,0x003AF01C,556
FUN_003af020,0x003AF020,0x003AF028,8
FUN_003af030,0x003AF030,0x003AF038,8
FUN_003af040,0x003AF040,0x003AF048,8
FUN_003af050,0x003AF050,0x003AF058,8
FUN_003af060,0x003AF060,0x003AF158,244
FUN_003af160,0x003AF160,0x003AF180,32
FUN_003af180,0x003AF180,0x003AF204,128
FUN_003af210,0x003AF210,0x003AF2B4,164
FUN_003af2c0,0x003AF2C0,0x003AF328,104
FUN_003af330,0x003AF330,0x003AF398,104
FUN_003af3a0,0x003AF3A0,0x003AF4D8,308
FUN_003af4e0,0x003AF4E0,0x003AF640,352
FUN_003af640,0x003AF640,0x003AFA8C,1088
FUN_003afa90,0x003AFA90,0x003AFC20,396
FUN_003afc20,0x003AFC20,0x003B01F8,1484
FUN_003b0200,0x003B0200,0x003B0208,8
FUN_003b0210,0x003B0210,0x003B0218,8
FUN_003b0220,0x003B0220,0x003B02CC,172
FUN_003b02d0,0x003B02D0,0x003B0338,104
FUN_003b0340,0x003B0340,0x003B03E4,164
FUN_003b03f0,0x003B03F0,0x003B03F8,8
FUN_003b0400,0x003B0400,0x003B050C,268
FUN_003b0510,0x003B0510,0x003B07E0,716
FUN_003b07e0,0x003B07E0,0x003B07E8,8
FUN_003b07f0,0x003B07F0,0x003B0AD4,736
FUN_003b0ae0,0x003B0AE0,0x003B0B68,136
FUN_003b0b70,0x003B0B70,0x003B0B7C,12
thunk_FUN_003b0b90,0x003B0B80,0x003B0B88,8
FUN_003b0b90,0x003B0B90,0x003B0BB0,32
FUN_003b0bb0,0x003B0BB0,0x003B0C38,136
FUN_003b0c40,0x003B0C40,0x003B0C6C,44
FUN_003b0c70,0x003B0C70,0x003B0CA8,56
FUN_003b0cb0,0x003B0CB0,0x003B0CF0,64
FUN_003b0cf0,0x003B0CF0,0x003B0DF0,256
FUN_003b0df0,0x003B0DF0,0x003B0E08,24
FUN_003b0e10,0x003B0E10,0x003B0E3C,44
FUN_003b0e40,0x003B0E40,0x003B0E7C,60
FUN_003b0e80,0x003B0E80,0x003B0FF4,372
FUN_003b1000,0x003B1000,0x003B1090,144
FUN_003b1090,0x003B1090,0x003B14F4,1112
FUN_003b1500,0x003B1500,0x003B1524,36
FUN_003b1530,0x003B1530,0x003B16C0,396
FUN_003b16c0,0x003B16C0,0x003B16C8,8
FUN_003b16d0,0x003B16D0,0x003B16E4,20
FUN_003b16f0,0x003B16F0,0x003B1770,128
FUN_003b1770,0x003B1770,0x003B1788,24
FUN_003b1790,0x003B1790,0x003B1798,8
FUN_003b17a0,0x003B17A0,0x003B1898,248
FUN_003b18a0,0x003B18A0,0x003B18E8,68
FUN_003b18f0,0x003B18F0,0x003B1AB4,452
FUN_003b1ac0,0x003B1AC0,0x003B1E18,856
FUN_003b1e20,0x003B1E20,0x003B2180,864
FUN_003b2180,0x003B2180,0x003B218C,12
FUN_003b2190,0x003B2190,0x003B21C8,56
FUN_003b21d0,0x003B21D0,0x003B21E0,16
FUN_003b21e0,0x003B21E0,0x003B21EC,12
FUN_003b21f0,0x003B21F0,0x003B2204,20
FUN_003b2210,0x003B2210,0x003B221C,12
FUN_003b2220,0x003B2220,0x003B2228,8
FUN_003b2230,0x003B2230,0x003B2238,8
FUN_003b2240,0x003B2240,0x003B224C,12
FUN_003b2250,0x003B2250,0x003B2264,20
FUN_003b2270,0x003B2270,0x003B2280,16
FUN_003b2280,0x003B2280,0x003B228C,12
FUN_003b2290,0x003B2290,0x003B2298,8
FUN_003b22a0,0x003B22A0,0x003B22B4,20
FUN_003b22c0,0x003B22C0,0x003B2390,200
FUN_003b2390,0x003B2390,0x003B2398,8
FUN_003b23a0,0x003B23A0,0x003B23B0,16
FUN_003b23b0,0x003B23B0,0x003B23D0,32
FUN_003b23d0,0x003B23D0,0x003B2560,392
FUN_003b2560,0x003B2560,0x003B2574,20
FUN_003b2580,0x003B2580,0x003B2824,676
FUN_003b2830,0x003B2830,0x003B2A50,540
FUN_003b2a50,0x003B2A50,0x003B2AB4,96
FUN_003b2ac0,0x003B2AC0,0x003B2B8C,200
FUN_003b2b90,0x003B2B90,0x003B2B98,8
FUN_003b2ba0,0x003B2BA0,0x003B2BA8,8
FUN_003b2bb0,0x003B2BB0,0x003B2BBC,12
FUN_003b2bc0,0x003B2BC0,0x003B2C68,168
FUN_003b2c70,0x003B2C70,0x003B2D30,192
FUN_003b2d30,0x003B2D30,0x003B2D98,104
FUN_003b2da0,0x003B2DA0,0x003B2E08,104
FUN_003b2e10,0x003B2E10,0x003B2E7C,108
FUN_003b2e80,0x003B2E80,0x003B2F00,124
FUN_003b2f00,0x003B2F00,0x003B3028,292
FUN_003b3030,0x003B3030,0x003B3480,1096
FUN_003b3480,0x003B3480,0x003B35E8,356
FUN_003b35f0,0x003B35F0,0x003B3A40,1096
FUN_003b3a40,0x003B3A40,0x003B3BE0,412
FUN_003b3be0,0x003B3BE0,0x003B40A8,1216
FUN_003b40b0,0x003B40B0,0x003B4178,200
FUN_003b4180,0x003B4180,0x003B41C4,68
FUN_003b41d0,0x003B41D0,0x003B4218,72
FUN_003b4220,0x003B4220,0x003B4288,104
FUN_003b4290,0x003B4290,0x003B4350,192
FUN_003b4350,0x003B4350,0x003B43F8,168
FUN_003b4400,0x003B4400,0x003B44D8,216
FUN_003b44e0,0x003B44E0,0x003B4540,96
FUN_003b4540,0x003B4540,0x003B45B8,120
FUN_003b45c0,0x003B45C0,0x003B4620,96
FUN_003b4620,0x003B4620,0x003B4654,52
FUN_003b4660,0x003B4660,0x003B46E0,128
FUN_003b46e0,0x003B46E0,0x003B4768,136
FUN_003b4770,0x003B4770,0x003B47B4,68
FUN_003b47c0,0x003B47C0,0x003B4828,104
FUN_003b4830,0x003B4830,0x003B4870,64
FUN_003b4870,0x003B4870,0x003B496C,252
FUN_003b4970,0x003B4970,0x003B4C14,664
FUN_003b4c20,0x003B4C20,0x003B4C84,100
FUN_003b4c90,0x003B4C90,0x003B4D38,168
FUN_003b4d40,0x003B4D40,0x003B4D68,40
FUN_003b4d70,0x003B4D70,0x003B4E04,148
FUN_003b4e10,0x003B4E10,0x003B51E4,980
FUN_003b51f0,0x003B51F0,0x003B53A4,432
FUN_003b53b0,0x003B53B0,0x003B5558,408
FUN_003b5560,0x003B5560,0x003B556C,12
FUN_003b5570,0x003B5570,0x003B5584,20
FUN_003b5590,0x003B5590,0x003B5740,428
FUN_003b5740,0x003B5740,0x003B574C,12
FUN_003b5750,0x003B5750,0x003B5890,320
FUN_003b5890,0x003B5890,0x003B5988,248
FUN_003b5990,0x003B5990,0x003B5D20,912
FUN_003b5d20,0x003B5D20,0x003B619C,1144
FUN_003b61a0,0x003B61A0,0x003B6230,144
FUN_003b6230,0x003B6230,0x003B6384,340
FUN_003b6390,0x003B6390,0x003B6664,724
FUN_003b6670,0x003B6670,0x003B674C,220
FUN_003b6750,0x003B6750,0x003B6834,228
FUN_003b6840,0x003B6840,0x003B7010,1992
FUN_003b7010,0x003B7010,0x003B7040,48
FUN_003b7040,0x003B7040,0x003B70B0,112
FUN_003b70b0,0x003B70B0,0x003B70B8,8
FUN_003b70c0,0x003B70C0,0x003B70E8,40
FUN_003b70f0,0x003B70F0,0x003B7178,136
FUN_003b7180,0x003B7180,0x003B7298,276
FUN_003b72a0,0x003B72A0,0x003B72F4,84
FUN_003b7300,0x003B7300,0x003B7310,16
FUN_003b7310,0x003B7310,0x003B7324,20
FUN_003b7330,0x003B7330,0x003B7344,20
FUN_003b7350,0x003B7350,0x003B7364,20
FUN_003b7370,0x003B7370,0x003B74A4,308
FUN_003b74b0,0x003B74B0,0x003B79D0,1280
FUN_003b79d0,0x003B79D0,0x003B7A78,168
FUN_003b7a80,0x003B7A80,0x003B7C7C,500
FUN_003b7c80,0x003B7C80,0x003B7C8C,12
FUN_003b7c90,0x003B7C90,0x003B7CCC,60
FUN_003b7cd0,0x003B7CD0,0x003B7CFC,44
FUN_003b7d00,0x003B7D00,0x003B7D0C,12
FUN_003b7d10,0x003B7D10,0x003B7D84,116
FUN_003b7d90,0x003B7D90,0x003B7FF8,616
FUN_003b8000,0x003B8000,0x003B8164,356
FUN_003b8170,0x003B8170,0x003B841C,680
FUN_003b8420,0x003B8420,0x003B8504,228
FUN_003b8510,0x003B8510,0x003B8730,540
FUN_003b8730,0x003B8730,0x003B8D48,1544
FUN_003b8d50,0x003B8D50,0x003B8E20,208
FUN_003b8e20,0x003B8E20,0x003B8E80,96
FUN_003b8e80,0x003B8E80,0x003B8EE0,96
FUN_003b8ee0,0x003B8EE0,0x003B8F20,64
FUN_003b8f20,0x003B8F20,0x003B8F90,112
FUN_003b8f90,0x003B8F90,0x003B8FEC,92
FUN_003b8ff0,0x003B8FF0,0x003B9034,68
FUN_003b9040,0x003B9040,0x003B9080,64
FUN_003b9080,0x003B9080,0x003B92D4,592
FUN_003b92e0,0x003B92E0,0x003B93F8,280
FUN_003b9400,0x003B9400,0x003B947C,124
FUN_003b9480,0x003B9480,0x003B94A4,36
FUN_003b94b0,0x003B94B0,0x003B9538,136
FUN_003b9540,0x003B9540,0x003B9588,72
FUN_003b9590,0x003B9590,0x003B9634,164
FUN_003b9640,0x003B9640,0x003B96B4,116
FUN_003b96c0,0x003B96C0,0x003B9754,148
FUN_003b9760,0x003B9760,0x003B9964,508
FUN_003b9970,0x003B9970,0x003B9AEC,376
FUN_003b9af0,0x003B9AF0,0x003B9C18,288
FUN_003b9c20,0x003B9C20,0x003B9CC4,164
FUN_003b9cd0,0x003B9CD0,0x003B9DFC,296
FUN_003b9e00,0x003B9E00,0x003B9F58,336
FUN_003b9f60,0x003B9F60,0x003BA028,200
FUN_003ba030,0x003BA030,0x003BA03C,12
thunk_FUN_003b17a0,0x003BA040,0x003BA048,8
FUN_003ba050,0x003BA050,0x003BA150,252
FUN_003ba150,0x003BA150,0x003BA50C,948
FUN_003ba510,0x003BA510,0x003BA540,48
FUN_003ba540,0x003BA540,0x003BA850,776
FUN_003ba850,0x003BA850,0x003BAA5C,516
FUN_003baa60,0x003BAA60,0x003BAA70,16
FUN_003baa70,0x003BAA70,0x003BAA78,8
FUN_003baa80,0x003BAA80,0x003BAC30,432
FUN_003bac30,0x003BAC30,0x003BAE0C,468
FUN_003bae10,0x003BAE10,0x003BAF48,308
FUN_003baf50,0x003BAF50,0x003BB374,1040
FUN_003bb380,0x003BB380,0x003BB38C,12
FUN_003bb390,0x003BB390,0x003BB398,8
FUN_003bb3a0,0x003BB3A0,0x003BB3D0,48
FUN_003bb3d0,0x003BB3D0,0x003BB400,48
FUN_003bb400,0x003BB400,0x003BB41C,28
FUN_003bb420,0x003BB420,0x003BB4D0,176
FUN_003bb4d0,0x003BB4D0,0x003BB830,856
FUN_003bb830,0x003BB830,0x003BB9A4,372
FUN_003bb9b0,0x003BB9B0,0x003BBC10,600
FUN_003bbc10,0x003BBC10,0x003BBC7C,108
FUN_003bbc80,0x003BBC80,0x003BBCD0,80
FUN_003bbcd0,0x003BBCD0,0x003BC19C,1216
FUN_003bc1a0,0x003BC1A0,0x003BC208,104
FUN_003bc210,0x003BC210,0x003BC218,8
FUN_003bc220,0x003BC220,0x003BC2F0,208
FUN_003bc2f0,0x003BC2F0,0x003BC390,160
FUN_003bc390,0x003BC390,0x003BC3BC,44
FUN_003bc3c0,0x003BC3C0,0x003BC43C,116
FUN_003bc440,0x003BC440,0x003BC4C8,132
FUN_003bc4d0,0x003BC4D0,0x003BC578,168
FUN_003bc580,0x003BC580,0x003BC654,208
FUN_003bc660,0x003BC660,0x003BC694,52
FUN_003bc6a0,0x003BC6A0,0x003BC6F0,80
FUN_003bc6f0,0x003BC6F0,0x003BC7E4,240
FUN_003bc7f0,0x003BC7F0,0x003BC8B0,188
FUN_003bc8b0,0x003BC8B0,0x003BC8C4,20
FUN_003bc8d0,0x003BC8D0,0x003BC940,108
FUN_003bc940,0x003BC940,0x003BC984,68
FUN_003bc990,0x003BC990,0x003BC99C,12
FUN_003bc9a0,0x003BC9A0,0x003BCA20,128
FUN_003bca20,0x003BCA20,0x003BCA8C,108
FUN_003bca90,0x003BCA90,0x003BCAFC,108
FUN_003bcb00,0x003BCB00,0x003BCB08,8
FUN_003bcb10,0x003BCB10,0x003BCB3C,44
FUN_003bcb40,0x003BCB40,0x003BCC20,220
FUN_003bcc20,0x003BCC20,0x003BD0DC,1200
FUN_003bd0e0,0x003BD0E0,0x003BD16C,140
FUN_003bd170,0x003BD170,0x003BD1E8,120
FUN_003bd1f0,0x003BD1F0,0x003BD1F8,8
FUN_003bd200,0x003BD200,0x003BD294,148
FUN_003bd2a0,0x003BD2A0,0x003BD2AC,12
FUN_003bd2b0,0x003BD2B0,0x003BD4A4,496
FUN_003bd4b0,0x003BD4B0,0x003BD4D4,36
FUN_003bd4e0,0x003BD4E0,0x003BD934,1108
FUN_003bd940,0x003BD940,0x003BDB10,460
FUN_003bdb10,0x003BDB10,0x003BDDB8,664
FUN_003bddc0,0x003BDDC0,0x003BDE04,68
FUN_003bde10,0x003BDE10,0x003BDE58,72
FUN_003bde60,0x003BDE60,0x003BE194,800
FUN_003be1a0,0x003BE1A0,0x003BE2B0,272
FUN_003be2b0,0x003BE2B0,0x003BE2B8,8
FUN_003be2c0,0x003BE2C0,0x003BE338,120
FUN_003be340,0x003BE340,0x003BE3A0,96
FUN_003be3a0,0x003BE3A0,0x003BE3F0,80
FUN_003be3f0,0x003BE3F0,0x003BE4C0,200
FUN_003be4c0,0x003BE4C0,0x003BE4CC,12
FUN_003be4d0,0x003BE4D0,0x003BE9F0,1308
FUN_003be9f0,0x003BE9F0,0x003BEB00,268
FUN_003beb00,0x003BEB00,0x003BEB08,8
FUN_003beb10,0x003BEB10,0x003BEB18,8
FUN_003beb20,0x003BEB20,0x003BEB98,120
FUN_003beba0,0x003BEBA0,0x003BEC54,176
FUN_003bec60,0x003BEC60,0x003BEDB0,328
FUN_003bedb0,0x003BEDB0,0x003BEECC,276
FUN_003beed0,0x003BEED0,0x003BF38C,1200
FUN_003bf390,0x003BF390,0x003BF494,256
FUN_003bf4a0,0x003BF4A0,0x003BF4AC,12
FUN_003bf4b0,0x003BF4B0,0x003BF4BC,12
FUN_003bf4c0,0x003BF4C0,0x003BF510,80
FUN_003bf510,0x003BF510,0x003BF544,52
FUN_003bf550,0x003BF550,0x003BF5F0,156
FUN_003bf5f0,0x003BF5F0,0x003BF5FC,12
FUN_003bf600,0x003BF600,0x003BF698,144
FUN_003bf6a0,0x003BF6A0,0x003BF6F0,72
FUN_003bf6f0,0x003BF6F0,0x003BF6F8,8
FUN_003bf700,0x003BF700,0x003BF8A0,408
FUN_003bf8a0,0x003BF8A0,0x003BF980,224
FUN_003bf980,0x003BF980,0x003BFA7C,252
FUN_003bfa80,0x003BFA80,0x003BFBC0,320
FUN_003bfbc0,0x003BFBC0,0x003BFC00,64
FUN_003bfc00,0x003BFC00,0x003BFC08,8
FUN_003bfc10,0x003BFC10,0x003BFC24,20
FUN_003bfc30,0x003BFC30,0x003BFE70,564
FUN_003bfe70,0x003BFE70,0x003BFF80,268
FUN_003bff80,0x003BFF80,0x003C0070,240
FUN_003c0070,0x003C0070,0x003C0108,152
FUN_003c0110,0x003C0110,0x003C0198,136
FUN_003c01a0,0x003C01A0,0x003C02C0,276
FUN_003c02c0,0x003C02C0,0x003C03E8,292
FUN_003c03f0,0x003C03F0,0x003C03F8,8
FUN_003c0400,0x003C0400,0x003C0408,8
FUN_003c0410,0x003C0410,0x003C0490,124
FUN_003c0490,0x003C0490,0x003C0570,220
FUN_003c0570,0x003C0570,0x003C0650,220
FUN_003c0650,0x003C0650,0x003C06A4,80
FUN_003c06b0,0x003C06B0,0x003C07BC,264
FUN_003c07c0,0x003C07C0,0x003C08CC,264
FUN_003c08d0,0x003C08D0,0x003C08DC,12
FUN_003c08e0,0x003C08E0,0x003C0980,156
FUN_003c0980,0x003C0980,0x003C0A00,124
FUN_003c0a00,0x003C0A00,0x003C0A08,8
FUN_003c0a10,0x003C0A10,0x003C0A20,16
FUN_003c0a20,0x003C0A20,0x003C0AF0,208
FUN_003c0af0,0x003C0AF0,0x003C0D14,540
FUN_003c0d20,0x003C0D20,0x003C0DE0,188
FUN_003c0de0,0x003C0DE0,0x003C0E94,180
FUN_003c0ea0,0x003C0EA0,0x003C0F5C,184
FUN_003c0f60,0x003C0F60,0x003C1018,184
FUN_003c1020,0x003C1020,0x003C1504,1224
FUN_003c1510,0x003C1510,0x003C168C,344
FUN_003c1690,0x003C1690,0x003C1838,420
FUN_003c1840,0x003C1840,0x003C1904,192
FUN_003c1910,0x003C1910,0x003C1998,136
FUN_003c19a0,0x003C19A0,0x003C1BA8,512
FUN_003c1bb0,0x003C1BB0,0x003C1C78,196
FUN_003c1c80,0x003C1C80,0x003C1D60,220
FUN_003c1d60,0x003C1D60,0x003C1E04,160
FUN_003c1e10,0x003C1E10,0x003C1EB0,160
FUN_003c1eb0,0x003C1EB0,0x003C1FA8,244
FUN_003c1fb0,0x003C1FB0,0x003C21F4,576
FUN_003c2200,0x003C2200,0x003C2290,144
FUN_003c2290,0x003C2290,0x003C24C4,552
FUN_003c24d0,0x003C24D0,0x003C25E8,276
FUN_003c25f0,0x003C25F0,0x003C2674,132
FUN_003c2680,0x003C2680,0x003C2718,152
FUN_003c2720,0x003C2720,0x003C2738,24
FUN_003c2740,0x003C2740,0x003C287C,316
FUN_003c2880,0x003C2880,0x003C295C,220
FUN_003c2960,0x003C2960,0x003C2ABC,348
FUN_003c2ac0,0x003C2AC0,0x003C2B28,104
FUN_003c2b30,0x003C2B30,0x003C2BC0,144
FUN_003c2bc0,0x003C2BC0,0x003C2C54,148
FUN_003c2c60,0x003C2C60,0x003C2D60,256
FUN_003c2d60,0x003C2D60,0x003C3108,916
FUN_003c3110,0x003C3110,0x003C334C,564
FUN_003c3350,0x003C3350,0x003C33CC,124
FUN_003c33d0,0x003C33D0,0x003C3428,88
FUN_003c3430,0x003C3430,0x003C3460,48
FUN_003c3460,0x003C3460,0x003C3574,276
FUN_003c3580,0x003C3580,0x003C35A4,36
FUN_003c35b0,0x003C35B0,0x003C36D0,284
FUN_003c36d0,0x003C36D0,0x003C3790,188
FUN_003c3790,0x003C3790,0x003C37B0,32
FUN_003c37b0,0x003C37B0,0x003C394C,408
FUN_003c3950,0x003C3950,0x003C3B34,476
FUN_003c3b40,0x003C3B40,0x003C3CD4,396
FUN_003c3ce0,0x003C3CE0,0x003C3F10,560
FUN_003c3f10,0x003C3F10,0x003C3F4C,60
FUN_003c3f50,0x003C3F50,0x003C3F84,52
FUN_003c3f90,0x003C3F90,0x003C40D4,324
FUN_003c40e0,0x003C40E0,0x003C4150,112
FUN_003c4150,0x003C4150,0x003C4410,700
FUN_003c4410,0x003C4410,0x003C4430,32
FUN_003c4430,0x003C4430,0x003C4928,1268
FUN_003c4930,0x003C4930,0x003C4A38,256
FUN_003c4a40,0x003C4A40,0x003C4BE4,408
FUN_003c4bf0,0x003C4BF0,0x003C4CA8,180
FUN_003c4cb0,0x003C4CB0,0x003C4CF4,68
FUN_003c4d00,0x003C4D00,0x003C4DA8,168
FUN_003c4db0,0x003C4DB0,0x003C5560,1948
FUN_003c5560,0x003C5560,0x003C5A6C,1280
FUN_003c5a70,0x003C5A70,0x003C5C50,480
FUN_003c5c50,0x003C5C50,0x003C5CA0,80
FUN_003c5ca0,0x003C5CA0,0x003C5D48,168
FUN_003c5d50,0x003C5D50,0x003C6028,728
FUN_003c6030,0x003C6030,0x003C6208,464
thunk_FUN_003c2bc0,0x003C6210,0x003C6218,8
FUN_003c6220,0x003C6220,0x003C62C0,160
FUN_003c62c0,0x003C62C0,0x003C6330,112
FUN_003c6330,0x003C6330,0x003C636C,60
FUN_003c6370,0x003C6370,0x003C6460,240
FUN_003c6460,0x003C6460,0x003C6480,32
FUN_003c6480,0x003C6480,0x003C64BC,56
FUN_003c64c0,0x003C64C0,0x003C6500,64
FUN_003c6500,0x003C6500,0x003C6508,8
FUN_003c6510,0x003C6510,0x003C6618,264
FUN_003c6620,0x003C6620,0x003C6698,120
FUN_003c66a0,0x003C66A0,0x003C6718,120
FUN_003c6720,0x003C6720,0x003C67D0,176
FUN_003c67d0,0x003C67D0,0x003C682C,92
FUN_003c6830,0x003C6830,0x003C688C,92
FUN_003c6890,0x003C6890,0x003C68F8,104
FUN_003c6900,0x003C6900,0x003C6970,112
FUN_003c6970,0x003C6970,0x003C69B0,64
FUN_003c69b0,0x003C69B0,0x003C6A28,120
FUN_003c6a30,0x003C6A30,0x003C6AF8,200
FUN_003c6b00,0x003C6B00,0x003C6BA0,160
FUN_003c6ba0,0x003C6BA0,0x003C6C10,112
FUN_003c6c10,0x003C6C10,0x003C6C18,8
FUN_003c6c20,0x003C6C20,0x003C6C38,24
FUN_003c6c40,0x003C6C40,0x003C6C48,8
FUN_003c6c50,0x003C6C50,0x003C6C58,8
FUN_003c6c60,0x003C6C60,0x003C6C88,40
FUN_003c6c90,0x003C6C90,0x003C6CC0,48
FUN_003c6cc0,0x003C6CC0,0x003C6CD8,24
FUN_003c6ce0,0x003C6CE0,0x003C6F5C,636
FUN_003c6f60,0x003C6F60,0x003C734C,1004
FUN_003c7350,0x003C7350,0x003C7388,56
FUN_003c7390,0x003C7390,0x003C73A4,20
FUN_003c73b0,0x003C73B0,0x003C7408,88
FUN_003c7410,0x003C7410,0x003C7468,88
FUN_003c7470,0x003C7470,0x003C7478,8
FUN_003c7480,0x003C7480,0x003C7488,8
FUN_003c7490,0x003C7490,0x003C7538,164
FUN_003c7540,0x003C7540,0x003C76AC,360
FUN_003c76b0,0x003C76B0,0x003C77E8,312
FUN_003c77f0,0x003C77F0,0x003C7878,132
FUN_003c7880,0x003C7880,0x003C79E4,352
FUN_003c79f0,0x003C79F0,0x003C7A04,20
FUN_003c7a10,0x003C7A10,0x003C7A30,32
FUN_003c7a30,0x003C7A30,0x003C7A6C,60
FUN_003c7a70,0x003C7A70,0x003C7A78,8
FUN_003c7a80,0x003C7A80,0x003C7A88,8
FUN_003c7a90,0x003C7A90,0x003C7A98,8
FUN_003c7aa0,0x003C7AA0,0x003C7FCC,1296
FUN_003c7fd0,0x003C7FD0,0x003C8510,1288
FUN_003c8510,0x003C8510,0x003C85C0,168
FUN_003c85c0,0x003C85C0,0x003C85E0,32
FUN_003c85e0,0x003C85E0,0x003C85E8,8
FUN_003c85f0,0x003C85F0,0x003C8614,36
FUN_003c8620,0x003C8620,0x003C8644,36
FUN_003c8650,0x003C8650,0x003C86C8,120
FUN_003c86d0,0x003C86D0,0x003C8A58,888
FUN_003c8a60,0x003C8A60,0x003C8B80,280
FUN_003c8b80,0x003C8B80,0x003C8C74,244
FUN_003c8c80,0x003C8C80,0x003C919C,1304
FUN_003c91a0,0x003C91A0,0x003C9200,96
FUN_003c9200,0x003C9200,0x003C9270,112
FUN_003c9270,0x003C9270,0x003C92FC,136
FUN_003c9300,0x003C9300,0x003C9320,32
FUN_003c9320,0x003C9320,0x003C9328,8
FUN_003c9330,0x003C9330,0x003C9350,32
FUN_003c9350,0x003C9350,0x003C9488,308
FUN_003c9490,0x003C9490,0x003C94A4,20
FUN_003c94b0,0x003C94B0,0x003C95E4,308
FUN_003c95f0,0x003C95F0,0x003C982C,568
FUN_003c9830,0x003C9830,0x003C9A38,520
FUN_003c9a40,0x003C9A40,0x003C9B98,344
FUN_003c9ba0,0x003C9BA0,0x003C9EF4,848
FUN_003c9f00,0x003C9F00,0x003C9F30,48
FUN_003c9f30,0x003C9F30,0x003C9F88,88
FUN_003c9f90,0x003C9F90,0x003CA004,116
FUN_003ca010,0x003CA010,0x003CA0F4,224
FUN_003ca100,0x003CA100,0x003CA18C,136
FUN_003ca190,0x003CA190,0x003CA41C,640
FUN_003ca420,0x003CA420,0x003CA63C,532
FUN_003ca640,0x003CA640,0x003CAA1C,956
FUN_003caa20,0x003CAA20,0x003CAA6C,76
FUN_003caa70,0x003CAA70,0x003CAD2C,692
FUN_003cad30,0x003CAD30,0x003CAE7C,328
FUN_003cae80,0x003CAE80,0x003CB0A4,544
FUN_003cb0b0,0x003CB0B0,0x003CB214,356
FUN_003cb220,0x003CB220,0x003CB468,584
FUN_003cb470,0x003CB470,0x003CB478,8
FUN_003cb480,0x003CB480,0x003CB49C,28
FUN_003cb4a0,0x003CB4A0,0x003CB548,160
FUN_003cb550,0x003CB550,0x003CB704,436
FUN_003cb710,0x003CB710,0x003CB884,368
FUN_003cb890,0x003CB890,0x003CB8E0,80
FUN_003cb8e0,0x003CB8E0,0x003CBAB8,468
FUN_003cbac0,0x003CBAC0,0x003CBB1C,92
FUN_003cbb20,0x003CBB20,0x003CBBB8,152
FUN_003cbbc0,0x003CBBC0,0x003CBC04,68
FUN_003cbc10,0x003CBC10,0x003CC02C,1048
FUN_003cc030,0x003CC030,0x003CC140,272
FUN_003cc140,0x003CC140,0x003CC1A8,104
FUN_003cc1b0,0x003CC1B0,0x003CC230,128
FUN_003cc230,0x003CC230,0x003CC2E8,184
FUN_003cc2f0,0x003CC2F0,0x003CC360,112
FUN_003cc360,0x003CC360,0x003CC3A0,64
FUN_003cc3a0,0x003CC3A0,0x003CC3A8,8
FUN_003cc3b0,0x003CC3B0,0x003CC3C4,20
FUN_003cc3d0,0x003CC3D0,0x003CC888,1208
FUN_003cc890,0x003CC890,0x003CC97C,228
FUN_003cc980,0x003CC980,0x003CC994,20
FUN_003cc9a0,0x003CC9A0,0x003CC9B0,16
FUN_003cc9b0,0x003CC9B0,0x003CCA4C,156
FUN_003cca50,0x003CCA50,0x003CCA5C,12
FUN_003cca60,0x003CCA60,0x003CCAD0,108
FUN_003ccad0,0x003CCAD0,0x003CCB14,68
FUN_003ccb20,0x003CCB20,0x003CCBD8,184
FUN_003ccbe0,0x003CCBE0,0x003CCD88,416
FUN_003ccd90,0x003CCD90,0x003CCE64,208
FUN_003cce70,0x003CCE70,0x003CD740,2244
FUN_003cd740,0x003CD740,0x003CDA04,704
FUN_003cda10,0x003CDA10,0x003CDAB4,160
FUN_003cdac0,0x003CDAC0,0x003CDAEC,44
FUN_003cdaf0,0x003CDAF0,0x003CDB5C,108
FUN_003cdb60,0x003CDB60,0x003CDC28,196
FUN_003cdc30,0x003CDC30,0x003CDE94,612
FUN_003cdea0,0x003CDEA0,0x003CDED8,56
FUN_003cdee0,0x003CDEE0,0x003CE348,1120
FUN_003ce350,0x003CE350,0x003CE5A8,600
FUN_003ce5b0,0x003CE5B0,0x003CE814,612
FUN_003ce820,0x003CE820,0x003CEAA8,648
FUN_003ceab0,0x003CEAB0,0x003CEB28,120
FUN_003ceb30,0x003CEB30,0x003CEBB0,128
FUN_003cebb0,0x003CEBB0,0x003CEC48,152
FUN_003cec50,0x003CEC50,0x003CECA0,80
FUN_003ceca0,0x003CECA0,0x003CED4C,172
FUN_003ced50,0x003CED50,0x003CED60,16
FUN_003ced60,0x003CED60,0x003CF33C,1492
FUN_003cf340,0x003CF340,0x003CF500,444
FUN_003cf500,0x003CF500,0x003CF618,280
FUN_003cf620,0x003CF620,0x003CF628,8
FUN_003cf630,0x003CF630,0x003CF64C,28
thunk_FUN_0029fbb0,0x003CF650,0x003CF658,8
FUN_003cf660,0x003CF660,0x003CF7D0,368
FUN_003cf7d0,0x003CF7D0,0x003CF8AC,220
FUN_003cf8b0,0x003CF8B0,0x003CFA58,420
FUN_003cfa60,0x003CFA60,0x003CFBF8,404
FUN_003cfc00,0x003CFC00,0x003CFFE0,988
FUN_003cffe0,0x003CFFE0,0x003D017C,412
FUN_003d0180,0x003D0180,0x003D02EC,360
FUN_003d02f0,0x003D02F0,0x003D038C,156
FUN_003d0390,0x003D0390,0x003D0548,432
FUN_003d0550,0x003D0550,0x003D0624,208
FUN_003d0630,0x003D0630,0x003D089C,616
FUN_003d08a0,0x003D08A0,0x003D0944,160
FUN_003d0950,0x003D0950,0x003D1190,2112
FUN_003d1190,0x003D1190,0x003D1BE4,2632
FUN_003d1bf0,0x003D1BF0,0x003D1C58,104
FUN_003d1c60,0x003D1C60,0x003D1C68,8
FUN_003d1c70,0x003D1C70,0x003D1CF0,128
FUN_003d1cf0,0x003D1CF0,0x003D1D2C,60
FUN_003d1d30,0x003D1D30,0x003D1E94,348
FUN_003d1ea0,0x003D1EA0,0x003D1FBC,280
FUN_003d1fc0,0x003D1FC0,0x003D2014,84
FUN_003d2020,0x003D2020,0x003D2074,84
FUN_003d2080,0x003D2080,0x003D2610,1400
FUN_003d2610,0x003D2610,0x003D2730,276
FUN_003d2730,0x003D2730,0x003D27B0,128
FUN_003d27b0,0x003D27B0,0x003D2850,156
FUN_003d2850,0x003D2850,0x003D28B0,96
FUN_003d28b0,0x003D28B0,0x003D28FC,76
FUN_003d2900,0x003D2900,0x003D2B24,548
FUN_003d2b30,0x003D2B30,0x003D2BC0,144
FUN_003d2bc0,0x003D2BC0,0x003D2C60,160
FUN_003d2c60,0x003D2C60,0x003D2CD8,120
FUN_003d2ce0,0x003D2CE0,0x003D2D48,104
FUN_003d2d50,0x003D2D50,0x003D2E08,180
FUN_003d2e10,0x003D2E10,0x003D2E28,24
FUN_003d2e30,0x003D2E30,0x003D2E98,104
FUN_003d2ea0,0x003D2EA0,0x003D2EC0,32
FUN_003d2ec0,0x003D2EC0,0x003D2F78,184
FUN_003d2f80,0x003D2F80,0x003D2F98,24
FUN_003d2fa0,0x003D2FA0,0x003D2FC0,32
FUN_003d2fc0,0x003D2FC0,0x003D30F0,300
FUN_003d30f0,0x003D30F0,0x003D3208,280
FUN_003d3210,0x003D3210,0x003D32A4,148
FUN_003d32b0,0x003D32B0,0x003D32C8,24
FUN_003d32d0,0x003D32D0,0x003D3334,100
FUN_003d3340,0x003D3340,0x003D3348,8
FUN_003d3350,0x003D3350,0x003D34F4,420
FUN_003d3500,0x003D3500,0x003D35E4,220
FUN_003d35f0,0x003D35F0,0x003D38A4,688
FUN_003d38b0,0x003D38B0,0x003D391C,108
FUN_003d3920,0x003D3920,0x003D3944,36
FUN_003d3950,0x003D3950,0x003D3A18,200
FUN_003d3a20,0x003D3A20,0x003D3AE0,192
FUN_003d3ae0,0x003D3AE0,0x003D3BB8,216
FUN_003d3bc0,0x003D3BC0,0x003D3D40,384
FUN_003d3d40,0x003D3D40,0x003D3F18,472
FUN_003d3f20,0x003D3F20,0x003D4594,1632
FUN_003d45a0,0x003D45A0,0x003D4608,104
FUN_003d4610,0x003D4610,0x003D4A20,1032
FUN_003d4a20,0x003D4A20,0x003D4DD0,924
FUN_003d4dd0,0x003D4DD0,0x003D4DF4,36
FUN_003d4e00,0x003D4E00,0x003D4FE8,484
FUN_003d4ff0,0x003D4FF0,0x003D5134,324
FUN_003d5140,0x003D5140,0x003D5840,1776
FUN_003d5840,0x003D5840,0x003D58F0,176
FUN_003d58f0,0x003D58F0,0x003D5950,96
FUN_003d5950,0x003D5950,0x003D5A9C,328
FUN_003d5aa0,0x003D5AA0,0x003D5C00,352
FUN_003d5c00,0x003D5C00,0x003D6314,1800
FUN_003d6320,0x003D6320,0x003D66C4,928
FUN_003d66d0,0x003D66D0,0x003D7394,3252
FUN_003d73a0,0x003D73A0,0x003D73A8,8
FUN_003d73b0,0x003D73B0,0x003D73C0,16
FUN_003d73c0,0x003D73C0,0x003D73E4,36
FUN_003d73f0,0x003D73F0,0x003D73F8,8
FUN_003d7400,0x003D7400,0x003D7410,16
FUN_003d7410,0x003D7410,0x003D7488,120
FUN_003d7490,0x003D7490,0x003D74BC,44
FUN_003d74c0,0x003D74C0,0x003D7624,356
FUN_003d7630,0x003D7630,0x003D7874,568
FUN_003d7880,0x003D7880,0x003D7A00,384
FUN_003d7a00,0x003D7A00,0x003D7AF0,240
FUN_003d7af0,0x003D7AF0,0x003D7B58,104
FUN_003d7b60,0x003D7B60,0x003D7B80,32
FUN_003d7b80,0x003D7B80,0x003D7CD8,340
FUN_003d7ce0,0x003D7CE0,0x003D8068,892
FUN_003d8070,0x003D8070,0x003D868C,1556
FUN_003d8690,0x003D8690,0x003D87D0,320
FUN_003d87d0,0x003D87D0,0x003D8968,396
FUN_003d8970,0x003D8970,0x003D89BC,76
FUN_003d89c0,0x003D89C0,0x003D8C68,672
FUN_003d8c70,0x003D8C70,0x003D8E54,484
FUN_003d8e60,0x003D8E60,0x003D8F54,240
FUN_003d8f60,0x003D8F60,0x003D90F0,396
FUN_003d90f0,0x003D90F0,0x003D91D0,224
FUN_003d91d0,0x003D91D0,0x003D9274,164
FUN_003d9280,0x003D9280,0x003D929C,28
FUN_003d92a0,0x003D92A0,0x003D92B8,24
FUN_003d92c0,0x003D92C0,0x003D96D4,1036
FUN_003d96e0,0x003D96E0,0x003D9764,132
FUN_003d9770,0x003D9770,0x003D97F4,132
FUN_003d9800,0x003D9800,0x003D9A14,532
FUN_003d9a20,0x003D9A20,0x003D9CD4,692
FUN_003d9ce0,0x003D9CE0,0x003D9DE0,252
FUN_003d9de0,0x003D9DE0,0x003D9E40,96
FUN_003d9e40,0x003D9E40,0x003D9EA0,96
FUN_003d9ea0,0x003D9EA0,0x003D9F00,96
FUN_003d9f00,0x003D9F00,0x003D9F78,120
FUN_003d9f80,0x003D9F80,0x003DA030,176
FUN_003da030,0x003DA030,0x003DA08C,92
FUN_003da090,0x003DA090,0x003DA0EC,92
FUN_003da0f0,0x003DA0F0,0x003DA118,40
FUN_003da120,0x003DA120,0x003DA150,48
FUN_003da150,0x003DA150,0x003DA4F4,932
FUN_003da500,0x003DA500,0x003DA514,20
FUN_003da520,0x003DA520,0x003DA578,88
FUN_003da580,0x003DA580,0x003DA588,8
FUN_003da590,0x003DA590,0x003DA640,176
FUN_003da640,0x003DA640,0x003DA698,88
FUN_003da6a0,0x003DA6A0,0x003DA7C4,284
FUN_003da7d0,0x003DA7D0,0x003DAD70,1432
FUN_003dad70,0x003DAD70,0x003DADBC,76
FUN_003dadc0,0x003DADC0,0x003DAE20,96
FUN_003dae20,0x003DAE20,0x003DAE7C,92
FUN_003dae80,0x003DAE80,0x003DAF28,168
FUN_003daf30,0x003DAF30,0x003DB080,332
thunk_FUN_003e56c0,0x003DB080,0x003DB088,8
FUN_003db090,0x003DB090,0x003DB298,512
FUN_003db2a0,0x003DB2A0,0x003DB2A8,8
FUN_003db2b0,0x003DB2B0,0x003DB2B8,8
FUN_003db2c0,0x003DB2C0,0x003DB2D0,16
FUN_003db2d0,0x003DB2D0,0x003DB45C,396
FUN_003db460,0x003DB460,0x003DB488,40
FUN_003db490,0x003DB490,0x003DB4E4,84
FUN_003db4f0,0x003DB4F0,0x003DB5C4,212
FUN_003db5d0,0x003DB5D0,0x003DB5EC,28
FUN_003db5f0,0x003DB5F0,0x003DB634,68
FUN_003db640,0x003DB640,0x003DB6E0,160
FUN_003db6e0,0x003DB6E0,0x003DB810,304
FUN_003db810,0x003DB810,0x003DB8A8,152
FUN_003db8b0,0x003DB8B0,0x003DB964,180
FUN_003db970,0x003DB970,0x003DB99C,44
FUN_003db9a0,0x003DB9A0,0x003DBD18,884
FUN_003dbd20,0x003DBD20,0x003DC21C,1264
FUN_003dc220,0x003DC220,0x003DC3C8,424
FUN_003dc3d0,0x003DC3D0,0x003DC438,104
FUN_003dc440,0x003DC440,0x003DC448,8
FUN_003dc450,0x003DC450,0x003DC534,228
FUN_003dc540,0x003DC540,0x003DC624,220
FUN_003dc630,0x003DC630,0x003DC6E4,176
FUN_003dc6f0,0x003DC6F0,0x003DC70C,28
FUN_003dc710,0x003DC710,0x003DC7E4,208
FUN_003dc7f0,0x003DC7F0,0x003DC8E4,240
FUN_003dc8f0,0x003DC8F0,0x003DCA64,368
FUN_003dca70,0x003DCA70,0x003DCAE4,112
FUN_003dcaf0,0x003DCAF0,0x003DCBBC,200
FUN_003dcbc0,0x003DCBC0,0x003DCC38,120
FUN_003dcc40,0x003DCC40,0x003DCCE0,156
FUN_003dcce0,0x003DCCE0,0x003DCEEC,516
FUN_003dcef0,0x003DCEF0,0x003DCF88,152
FUN_003dcf90,0x003DCF90,0x003DD028,152
FUN_003dd030,0x003DD030,0x003DD0BC,140
FUN_003dd0c0,0x003DD0C0,0x003DD14C,140
FUN_003dd150,0x003DD150,0x003DD194,68
FUN_003dd1a0,0x003DD1A0,0x003DD260,188
FUN_003dd260,0x003DD260,0x003DD2C8,104
FUN_003dd2d0,0x003DD2D0,0x003DD2EC,28
FUN_003dd2f0,0x003DD2F0,0x003DD380,144
FUN_003dd380,0x003DD380,0x003DD3E8,104
FUN_003dd3f0,0x003DD3F0,0x003DD40C,28
FUN_003dd410,0x003DD410,0x003DD5C0,432
FUN_003dd5c0,0x003DD5C0,0x003DD628,104
FUN_003dd630,0x003DD630,0x003DD64C,28
FUN_003dd650,0x003DD650,0x003DD764,272
FUN_003dd770,0x003DD770,0x003DD7D8,104
FUN_003dd7e0,0x003DD7E0,0x003DD7FC,28
FUN_003dd800,0x003DD800,0x003DD898,152
FUN_003dd8a0,0x003DD8A0,0x003DD908,104
FUN_003dd910,0x003DD910,0x003DD92C,28
FUN_003dd930,0x003DD930,0x003DE08C,1872
FUN_003de090,0x003DE090,0x003DE12C,156
FUN_003de130,0x003DE130,0x003DE6FC,1472
FUN_003de700,0x003DE700,0x003DE7C4,196
FUN_003de7d0,0x003DE7D0,0x003DEC30,1108
FUN_003dec30,0x003DEC30,0x003DEDEC,444
FUN_003dedf0,0x003DEDF0,0x003DEE58,104
FUN_003dee60,0x003DEE60,0x003DEEC8,104
FUN_003deed0,0x003DEED0,0x003DEF38,104
FUN_003def40,0x003DEF40,0x003DEFA8,104
FUN_003defb0,0x003DEFB0,0x003DF018,104
FUN_003df020,0x003DF020,0x003DF500,1248
FUN_003df500,0x003DF500,0x003DF810,784
FUN_003df810,0x003DF810,0x003DF990,380
FUN_003df990,0x003DF990,0x003DF998,8
FUN_003df9a0,0x003DF9A0,0x003DF9A8,8
FUN_003df9b0,0x003DF9B0,0x003DF9B8,8
FUN_003df9c0,0x003DF9C0,0x003DFA64,164
FUN_003dfa70,0x003DFA70,0x003DFAEC,124
FUN_003dfaf0,0x003DFAF0,0x003DFB28,56
FUN_003dfb30,0x003DFB30,0x003E0738,3064
FUN_003e0740,0x003E0740,0x003E08F8,440
FUN_003e0900,0x003E0900,0x003E094C,76
FUN_003e0950,0x003E0950,0x003E0A0C,188
FUN_003e0a10,0x003E0A10,0x003E0A34,36
FUN_003e0a40,0x003E0A40,0x003E0A80,64
FUN_003e0a80,0x003E0A80,0x003E0B00,128
FUN_003e0b00,0x003E0B00,0x003E0B6C,108
FUN_003e0b70,0x003E0B70,0x003E0BAC,60
FUN_003e0bb0,0x003E0BB0,0x003E0C48,152
FUN_003e0c50,0x003E0C50,0x003E0D00,176
FUN_003e0d00,0x003E0D00,0x003E0D1C,28
FUN_003e0d20,0x003E0D20,0x003E0D90,112
FUN_003e0d90,0x003E0D90,0x003E0DE0,80
FUN_003e0de0,0x003E0DE0,0x003E0DE8,8
FUN_003e0df0,0x003E0DF0,0x003E1124,816
FUN_003e1130,0x003E1130,0x003E1154,36
FUN_003e1160,0x003E1160,0x003E11A0,64
FUN_003e11a0,0x003E11A0,0x003E125C,188
FUN_003e1260,0x003E1260,0x003E12EC,140
FUN_003e12f0,0x003E12F0,0x003E1370,128
FUN_003e1370,0x003E1370,0x003E13DC,108
FUN_003e13e0,0x003E13E0,0x003E1520,312
FUN_003e1520,0x003E1520,0x003E1584,96
FUN_003e1590,0x003E1590,0x003E160C,124
FUN_003e1610,0x003E1610,0x003E169C,140
FUN_003e16a0,0x003E16A0,0x003E17DC,316
FUN_003e17e0,0x003E17E0,0x003E1824,68
FUN_003e1830,0x003E1830,0x003E1840,16
FUN_003e1840,0x003E1840,0x003E18A4,96
FUN_003e18b0,0x003E18B0,0x003E192C,124
FUN_003e1930,0x003E1930,0x003E19BC,140
FUN_003e19c0,0x003E19C0,0x003E1B00,320
FUN_003e1b00,0x003E1B00,0x003E1B44,68
FUN_003e1b50,0x003E1B50,0x003E1C84,308
FUN_003e1c90,0x003E1C90,0x003E1CB0,32
FUN_003e1cb0,0x003E1CB0,0x003E2028,888
FUN_003e2030,0x003E2030,0x003E226C,568
FUN_003e2270,0x003E2270,0x003E2344,212
FUN_003e2350,0x003E2350,0x003E23C8,116
FUN_003e23d0,0x003E23D0,0x003E248C,188
FUN_003e2490,0x003E2490,0x003E25B0,288
FUN_003e25b0,0x003E25B0,0x003E2764,428
FUN_003e2770,0x003E2770,0x003E27A4,52
FUN_003e27b0,0x003E27B0,0x003E288C,220
FUN_003e2890,0x003E2890,0x003E28E4,84
FUN_003e28f0,0x003E28F0,0x003E2980,144
FUN_003e2980,0x003E2980,0x003E2A2C,172
FUN_003e2a30,0x003E2A30,0x003E2B08,216
FUN_003e2b10,0x003E2B10,0x003E2C04,244
FUN_003e2c10,0x003E2C10,0x003E2CDC,204
FUN_003e2ce0,0x003E2CE0,0x003E2D64,132
FUN_003e2d70,0x003E2D70,0x003E2DE0,112
FUN_003e2de0,0x003E2DE0,0x003E2E40,96
FUN_003e2e40,0x003E2E40,0x003E30B4,620
FUN_003e30c0,0x003E30C0,0x003E3288,448
FUN_003e3290,0x003E3290,0x003E3748,1188
FUN_003e3750,0x003E3750,0x003E3970,540
FUN_003e3970,0x003E3970,0x003E3B1C,420
FUN_003e3b20,0x003E3B20,0x003E3B88,104
FUN_003e3b90,0x003E3B90,0x003E3D2C,408
FUN_003e3d30,0x003E3D30,0x003E3DC8,152
FUN_003e3dd0,0x003E3DD0,0x003E3F64,404
FUN_003e3f70,0x003E3F70,0x003E40AC,316
FUN_003e40b0,0x003E40B0,0x003E41EC,316
FUN_003e41f0,0x003E41F0,0x003E4268,120
FUN_003e4270,0x003E4270,0x003E43A0,300
FUN_003e43a0,0x003E43A0,0x003E455C,440
FUN_003e4560,0x003E4560,0x003E4830,716
FUN_003e4830,0x003E4830,0x003E4A98,612
FUN_003e4aa0,0x003E4AA0,0x003E4B58,180
FUN_003e4b60,0x003E4B60,0x003E4C58,248
FUN_003e4c60,0x003E4C60,0x003E4DCC,360
FUN_003e4dd0,0x003E4DD0,0x003E4DFC,44
FUN_003e4e00,0x003E4E00,0x003E5130,816
FUN_003e5130,0x003E5130,0x003E5264,308
FUN_003e5270,0x003E5270,0x003E5394,292
FUN_003e53a0,0x003E53A0,0x003E54D4,308
FUN_003e54e0,0x003E54E0,0x003E5564,132
FUN_003e5570,0x003E5570,0x003E5600,144
FUN_003e5600,0x003E5600,0x003E56C0,192
FUN_003e56c0,0x003E56C0,0x003E5800,316
FUN_003e5800,0x003E5800,0x003E5810,16
FUN_003e5810,0x003E5810,0x003E5818,8
FUN_003e5820,0x003E5820,0x003E5A0C,484
FUN_003e5a10,0x003E5A10,0x003E5D80,868
FUN_003e5d80,0x003E5D80,0x003E5E24,164
FUN_003e5e30,0x003E5E30,0x003E5ED8,168
FUN_003e5ee0,0x003E5EE0,0x003E5FDC,252
FUN_003e5fe0,0x003E5FE0,0x003E6270,656
FUN_003e6270,0x003E6270,0x003E6284,20
FUN_003e6290,0x003E6290,0x003E62D4,68
FUN_003e62e0,0x003E62E0,0x003E6420,320
FUN_003e6420,0x003E6420,0x003E64D4,180
FUN_003e64e0,0x003E64E0,0x003E66F8,536
FUN_003e6700,0x003E6700,0x003E67E8,232
FUN_003e67f0,0x003E67F0,0x003E6844,84
FUN_003e6850,0x003E6850,0x003E6C2C,988
FUN_003e6c30,0x003E6C30,0x003E6C78,68
FUN_003e6c80,0x003E6C80,0x003E6CC0,64
FUN_003e6cc0,0x003E6CC0,0x003E6D08,72
FUN_003e6d10,0x003E6D10,0x003E6D84,116
FUN_003e6d90,0x003E6D90,0x003E6DC0,48
FUN_003e6dc0,0x003E6DC0,0x003E6E64,160
FUN_003e6e70,0x003E6E70,0x003E6EB4,68
FUN_003e6ec0,0x003E6EC0,0x003E6FCC,268
FUN_003e6fd0,0x003E6FD0,0x003E6FF8,40
FUN_003e7000,0x003E7000,0x003E7030,48
FUN_003e7030,0x003E7030,0x003E70A8,116
FUN_003e70b0,0x003E70B0,0x003E70F0,64
FUN_003e70f0,0x003E70F0,0x003E719C,168
FUN_003e71a0,0x003E71A0,0x003E71E4,68
FUN_003e71f0,0x003E71F0,0x003E72EC,252
FUN_003e72f0,0x003E72F0,0x003E7318,40
FUN_003e7320,0x003E7320,0x003E7328,8
FUN_003e7330,0x003E7330,0x003E7338,8
FUN_003e7340,0x003E7340,0x003E7348,8
FUN_003e7350,0x003E7350,0x003E7374,36
FUN_003e7380,0x003E7380,0x003E7388,8
FUN_003e7390,0x003E7390,0x003E748C,248
FUN_003e7490,0x003E7490,0x003E78AC,1044
FUN_003e78b0,0x003E78B0,0x003E78BC,12
FUN_003e78c0,0x003E78C0,0x003E79B0,240
FUN_003e79b0,0x003E79B0,0x003E7A0C,92
FUN_003e7a10,0x003E7A10,0x003E7AA8,152
FUN_003e7ab0,0x003E7AB0,0x003E7AD0,32
FUN_003e7ad0,0x003E7AD0,0x003E7AE0,16
FUN_003e7ae0,0x003E7AE0,0x003E7AE8,8
FUN_003e7af0,0x003E7AF0,0x003E7AF8,8
FUN_003e7b00,0x003E7B00,0x003E7B38,56
FUN_003e7b40,0x003E7B40,0x003E7BCC,140
FUN_003e7bd0,0x003E7BD0,0x003E7C00,48
FUN_003e7c00,0x003E7C00,0x003E7C08,8
FUN_003e7c10,0x003E7C10,0x003E7C18,8
FUN_003e7c20,0x003E7C20,0x003E7C28,8
FUN_003e7c30,0x003E7C30,0x003E7C38,8
FUN_003e7c40,0x003E7C40,0x003E7C98,88
FUN_003e7ca0,0x003E7CA0,0x003E7DA0,252
FUN_003e7da0,0x003E7DA0,0x003E7DF0,76
FUN_003e7df0,0x003E7DF0,0x003E7E18,40
FUN_003e7e20,0x003E7E20,0x003E7E48,40
FUN_003e7e50,0x003E7E50,0x003E7E98,72
FUN_003e7ea0,0x003E7EA0,0x003E7F00,96
FUN_003e7f00,0x003E7F00,0x003E7F84,132
FUN_003e7f90,0x003E7F90,0x003E7FC0,48
FUN_003e7fc0,0x003E7FC0,0x003E7FF0,48
FUN_003e7ff0,0x003E7FF0,0x003E8028,56
FUN_003e8030,0x003E8030,0x003E8038,8
FUN_003e8040,0x003E8040,0x003E8048,8
FUN_003e8050,0x003E8050,0x003E8058,8
FUN_003e8060,0x003E8060,0x003E8080,32
FUN_003e8080,0x003E8080,0x003E80A0,32
FUN_003e80a0,0x003E80A0,0x003E80A8,8
FUN_003e80b0,0x003E80B0,0x003E80B8,8
FUN_003e80c0,0x003E80C0,0x003E80E0,32
FUN_003e80e0,0x003E80E0,0x003E80E8,8
FUN_003e80f0,0x003E80F0,0x003E80F8,8
FUN_003e8100,0x003E8100,0x003E8108,8
FUN_003e8110,0x003E8110,0x003E8118,8
FUN_003e8120,0x003E8120,0x003E8128,8
FUN_003e8130,0x003E8130,0x003E8138,8
FUN_003e8140,0x003E8140,0x003E8148,8
FUN_003e8150,0x003E8150,0x003E8158,8
FUN_003e8160,0x003E8160,0x003E8168,8
FUN_003e8170,0x003E8170,0x003E8178,8
FUN_003e8180,0x003E8180,0x003E8188,8
FUN_003e8190,0x003E8190,0x003E8198,8
FUN_003e81a0,0x003E81A0,0x003E81A8,8
FUN_003e81b0,0x003E81B0,0x003E81B8,8
FUN_003e81c0,0x003E81C0,0x003E81C8,8
FUN_003e81d0,0x003E81D0,0x003E81D8,8
FUN_003e81e0,0x003E81E0,0x003E81E8,8
FUN_003e81f0,0x003E81F0,0x003E81F8,8
FUN_003e8200,0x003E8200,0x003E8208,8
FUN_003e8210,0x003E8210,0x003E8218,8
FUN_003e8220,0x003E8220,0x003E8228,8
FUN_003e8230,0x003E8230,0x003E8238,8
FUN_003e8240,0x003E8240,0x003E8248,8
FUN_003e8250,0x003E8250,0x003E8258,8
FUN_003e8260,0x003E8260,0x003E8268,8
FUN_003e8270,0x003E8270,0x003E8278,8
FUN_003e8280,0x003E8280,0x003E8288,8
FUN_003e8290,0x003E8290,0x003E8298,8
FUN_003e82a0,0x003E82A0,0x003E82BC,28
FUN_003e82c0,0x003E82C0,0x003E82C8,8
FUN_003e82d0,0x003E82D0,0x003E82D8,8
FUN_003e82e0,0x003E82E0,0x003E82E8,8
FUN_003e82f0,0x003E82F0,0x003E82F8,8
FUN_003e8300,0x003E8300,0x003E8308,8
FUN_003e8310,0x003E8310,0x003E8318,8
FUN_003e8320,0x003E8320,0x003E8328,8
FUN_003e8330,0x003E8330,0x003E8338,8
FUN_003e8340,0x003E8340,0x003E8390,80
FUN_003e8390,0x003E8390,0x003E83E0,80
FUN_003e83e0,0x003E83E0,0x003E8430,80
FUN_003e8430,0x003E8430,0x003E8480,80
FUN_003e8480,0x003E8480,0x003E8488,8
FUN_003e8490,0x003E8490,0x003E8498,8
FUN_003e84a0,0x003E84A0,0x003E8544,164
FUN_003e8550,0x003E8550,0x003E85DC,140
FUN_003e85e0,0x003E85E0,0x003E8690,176
FUN_003e8690,0x003E8690,0x003E86D4,68
FUN_003e86e0,0x003E86E0,0x003E8790,168
FUN_003e8790,0x003E8790,0x003E884C,184
FUN_003e8850,0x003E8850,0x003E8960,272
FUN_003e8960,0x003E8960,0x003E89E0,128
FUN_003e89e0,0x003E89E0,0x003E89F8,24
FUN_003e8a00,0x003E8A00,0x003E8A80,128
FUN_003e8a80,0x003E8A80,0x003E8A8C,12
FUN_003e8a90,0x003E8A90,0x003E8A9C,12
FUN_003e8aa0,0x003E8AA0,0x003E8B00,96
FUN_003e8b00,0x003E8B00,0x003E8B0C,12
FUN_003e8b10,0x003E8B10,0x003E8B38,40
FUN_003e8b40,0x003E8B40,0x003E8C40,256
FUN_003e8c40,0x003E8C40,0x003E8C60,32
FUN_003e8c60,0x003E8C60,0x003E8D4C,232
FUN_003e8d50,0x003E8D50,0x003E8DAC,92
FUN_003e8db0,0x003E8DB0,0x003E8E3C,140
FUN_003e8e40,0x003E8E40,0x003E9048,520
FUN_003e9050,0x003E9050,0x003E9080,48
FUN_003e9080,0x003E9080,0x003E90D8,88
FUN_003e90e0,0x003E90E0,0x003E91D4,240
FUN_003e91e0,0x003E91E0,0x003E9258,120
FUN_003e9260,0x003E9260,0x003E92F0,140
FUN_003e92f0,0x003E92F0,0x003E934C,92
FUN_003e9350,0x003E9350,0x003E9400,176
FUN_003e9400,0x003E9400,0x003E957C,380
FUN_003e9580,0x003E9580,0x003E9610,144
FUN_003e9610,0x003E9610,0x003E9780,368
FUN_003e9780,0x003E9780,0x003E9C50,1224
FUN_003e9c50,0x003E9C50,0x003E9C58,8
FUN_003e9c60,0x003E9C60,0x003E9C68,8
FUN_003e9c70,0x003E9C70,0x003E9EC8,596
FUN_003e9ed0,0x003E9ED0,0x003E9F48,120
FUN_003e9f50,0x003E9F50,0x003EA060,268
FUN_003ea060,0x003EA060,0x003EA25C,496
FUN_003ea260,0x003EA260,0x003EA464,508
FUN_003ea470,0x003EA470,0x003EA490,32
FUN_003ea490,0x003EA490,0x003EA4A4,20
FUN_003ea4b0,0x003EA4B0,0x003EA8B8,1032
FUN_003ea8c0,0x003EA8C0,0x003EA8CC,12
FUN_003ea8d0,0x003EA8D0,0x003EAAAC,472
FUN_003eaab0,0x003EAAB0,0x003EB0E0,1564
FUN_003eb0e0,0x003EB0E0,0x003EB6C0,1496
FUN_003eb6c0,0x003EB6C0,0x003EBB2C,1120
FUN_003ebb30,0x003EBB30,0x003EBD00,460
FUN_003ebd00,0x003EBD00,0x003EC150,1088
FUN_003ec150,0x003EC150,0x003EC73C,1492
FUN_003ec740,0x003EC740,0x003ECD7C,1588
FUN_003ecd80,0x003ECD80,0x003ED080,760
FUN_003ed080,0x003ED080,0x003ED100,124
FUN_003ed100,0x003ED100,0x003ED334,564
FUN_003ed340,0x003ED340,0x003ED794,1100
FUN_003ed7a0,0x003ED7A0,0x003ED980,480
FUN_003ed980,0x003ED980,0x003EDA40,192
FUN_003eda40,0x003EDA40,0x003EDA90,80
FUN_003eda90,0x003EDA90,0x003EDCD0,568
FUN_003edcd0,0x003EDCD0,0x003EDDFC,300
FUN_003ede00,0x003EDE00,0x003EDF88,388
FUN_003edf90,0x003EDF90,0x003EE118,388
FUN_003ee120,0x003EE120,0x003EE158,56
FUN_003ee160,0x003EE160,0x003EE248,228
FUN_003ee250,0x003EE250,0x003EE288,56
FUN_003ee290,0x003EE290,0x003EE388,248
FUN_003ee390,0x003EE390,0x003EE464,212
FUN_003ee470,0x003EE470,0x003EE554,228
FUN_003ee560,0x003EE560,0x003EE694,308
FUN_003ee6a0,0x003EE6A0,0x003EE81C,376
FUN_003ee820,0x003EE820,0x003EE910,228
FUN_003ee910,0x003EE910,0x003EEB28,536
FUN_003eeb30,0x003EEB30,0x003EEC30,256
FUN_003eec30,0x003EEC30,0x003EED54,284
FUN_003eed60,0x003EED60,0x003EEE2C,204
FUN_003eee30,0x003EEE30,0x003EEF28,248
FUN_003eef30,0x003EEF30,0x003EF048,280
FUN_003ef050,0x003EF050,0x003EF2F0,672
FUN_003ef2f0,0x003EF2F0,0x003EF53C,588
FUN_003ef540,0x003EF540,0x003EF5B0,112
FUN_003ef5b0,0x003EF5B0,0x003EF5F0,64
FUN_003ef5f0,0x003EF5F0,0x003EF5F8,8
FUN_003ef600,0x003EF600,0x003EF614,20
FUN_003ef620,0x003EF620,0x003EF84C,556
FUN_003ef850,0x003EF850,0x003EF8D8,136
FUN_003ef8e0,0x003EF8E0,0x003EF9B0,208
FUN_003ef9b0,0x003EF9B0,0x003EFBD0,544
FUN_003efbd0,0x003EFBD0,0x003F0FB0,5076
FUN_003f0fb0,0x003F0FB0,0x003F138C,988
FUN_003f1390,0x003F1390,0x003F13D4,68
FUN_003f13e0,0x003F13E0,0x003F13E8,8
FUN_003f13f0,0x003F13F0,0x003F1CFC,2052
FUN_003f1d00,0x003F1D00,0x003F1D08,8
FUN_003f1d10,0x003F1D10,0x003F1D18,8
FUN_003f1d20,0x003F1D20,0x003F1E38,280
FUN_003f1e40,0x003F1E40,0x003F1EE8,164
FUN_003f1ef0,0x003F1EF0,0x003F1F68,116
FUN_003f1f70,0x003F1F70,0x003F2038,192
FUN_003f2040,0x003F2040,0x003F20E8,168
FUN_003f20f0,0x003F20F0,0x003F2178,136
FUN_003f2180,0x003F2180,0x003F21B0,48
FUN_003f21b0,0x003F21B0,0x003F21C0,16
FUN_003f21c0,0x003F21C0,0x003F21CC,12
FUN_003f21d0,0x003F21D0,0x003F2220,80
FUN_003f2220,0x003F2220,0x003F222C,12
FUN_003f2230,0x003F2230,0x003F2260,48
FUN_003f2260,0x003F2260,0x003F2290,48
FUN_003f2290,0x003F2290,0x003F229C,12
FUN_003f22a0,0x003F22A0,0x003F22D0,48
FUN_003f22d0,0x003F22D0,0x003F22F8,40
FUN_003f2300,0x003F2300,0x003F2320,32
FUN_003f2320,0x003F2320,0x003F2334,20
FUN_003f2340,0x003F2340,0x003F23B4,116
FUN_003f23c0,0x003F23C0,0x003F23D4,20
FUN_003f23e0,0x003F23E0,0x003F2488,160
FUN_003f2490,0x003F2490,0x003F254C,188
FUN_003f2550,0x003F2550,0x003F25B4,100
FUN_003f25c0,0x003F25C0,0x003F25CC,12
FUN_003f25d0,0x003F25D0,0x003F2614,68
FUN_003f2620,0x003F2620,0x003F266C,76
FUN_003f2670,0x003F2670,0x003F26BC,76
FUN_003f26c0,0x003F26C0,0x003F2880,440
FUN_003f2880,0x003F2880,0x003F2AB8,568
FUN_003f2ac0,0x003F2AC0,0x003F2B78,184
FUN_003f2b80,0x003F2B80,0x003F2C20,160
FUN_003f2c20,0x003F2C20,0x003F2D10,236
FUN_003f2d10,0x003F2D10,0x003F2D80,112
FUN_003f2d80,0x003F2D80,0x003F2DC0,64
FUN_003f2dc0,0x003F2DC0,0x003F2DC8,8
FUN_003f2dd0,0x003F2DD0,0x003F2DE4,20
FUN_003f2df0,0x003F2DF0,0x003F3214,1052
FUN_003f3220,0x003F3220,0x003F3260,64
FUN_003f3260,0x003F3260,0x003F32A8,72
FUN_003f32b0,0x003F32B0,0x003F3440,400
FUN_003f3440,0x003F3440,0x003F35F0,432
FUN_003f35f0,0x003F35F0,0x003F3810,544
FUN_003f3810,0x003F3810,0x003F38F8,232
FUN_003f3900,0x003F3900,0x003F3A20,284
FUN_003f3a20,0x003F3A20,0x003F3BF0,400
FUN_003f3bf0,0x003F3BF0,0x003F3C2C,60
FUN_003f3c30,0x003F3C30,0x003F3CA8,116
FUN_003f3cb0,0x003F3CB0,0x003F3EC0,468
FUN_003f3ec0,0x003F3EC0,0x003F3EDC,28
FUN_003f3ee0,0x003F3EE0,0x003F3EFC,28
FUN_003f3f00,0x003F3F00,0x003F3F28,40
FUN_003f3f30,0x003F3F30,0x003F3F58,40
FUN_003f3f60,0x003F3F60,0x003F3FD4,116
FUN_003f3fe0,0x003F3FE0,0x003F3FF0,16
FUN_003f3ff0,0x003F3FF0,0x003F4000,16
FUN_003f4000,0x003F4000,0x003F4058,88
FUN_003f4060,0x003F4060,0x003F4068,8
FUN_003f4070,0x003F4070,0x003F40E4,116
FUN_003f40f0,0x003F40F0,0x003F414C,88
FUN_003f4150,0x003F4150,0x003F4194,64
FUN_003f41a0,0x003F41A0,0x003F41DC,60
FUN_003f41e0,0x003F41E0,0x003F424C,108
FUN_003f4250,0x003F4250,0x003F4258,8
FUN_003f4260,0x003F4260,0x003F4268,8
FUN_003f4270,0x003F4270,0x003F4278,8
FUN_003f4280,0x003F4280,0x003F4288,8
FUN_003f4290,0x003F4290,0x003F4298,8
FUN_003f42a0,0x003F42A0,0x003F42A8,8
FUN_003f42b0,0x003F42B0,0x003F42B8,8
FUN_003f42c0,0x003F42C0,0x003F4324,100
FUN_003f4330,0x003F4330,0x003F4394,100
FUN_003f43a0,0x003F43A0,0x003F4400,96
FUN_003f4400,0x003F4400,0x003F4408,8
FUN_003f4410,0x003F4410,0x003F4470,96
FUN_003f4470,0x003F4470,0x003F44C0,80
FUN_003f44c0,0x003F44C0,0x003F44D0,16
FUN_003f44d0,0x003F44D0,0x003F44D8,8
FUN_003f44e0,0x003F44E0,0x003F44E8,8
FUN_003f44f0,0x003F44F0,0x003F44F8,8
FUN_003f4500,0x003F4500,0x003F451C,28
FUN_003f4520,0x003F4520,0x003F4528,8
FUN_003f4530,0x003F4530,0x003F455C,44
FUN_003f4560,0x003F4560,0x003F4568,8
FUN_003f4570,0x003F4570,0x003F459C,44
FUN_003f45a0,0x003F45A0,0x003F45E0,60
FUN_003f45e0,0x003F45E0,0x003F45E8,8
FUN_003f45f0,0x003F45F0,0x003F45F8,8
FUN_003f4600,0x003F4600,0x003F4640,60
FUN_003f4640,0x003F4640,0x003F4648,8
FUN_003f4650,0x003F4650,0x003F4658,8
FUN_003f4660,0x003F4660,0x003F4668,8
FUN_003f4670,0x003F4670,0x003F46B4,68
FUN_003f46c0,0x003F46C0,0x003F4704,68
FUN_003f4710,0x003F4710,0x003F477C,108
FUN_003f4780,0x003F4780,0x003F47EC,108
FUN_003f47f0,0x003F47F0,0x003F485C,108
FUN_003f4860,0x003F4860,0x003F48CC,108
FUN_003f48d0,0x003F48D0,0x003F4990,184
FUN_003f4990,0x003F4990,0x003F4998,8
FUN_003f49a0,0x003F49A0,0x003F49A8,8
FUN_003f49b0,0x003F49B0,0x003F49B8,8
FUN_003f49c0,0x003F49C0,0x003F49F4,52
FUN_003f4a00,0x003F4A00,0x003F4A08,8
FUN_003f4a10,0x003F4A10,0x003F4A18,8
FUN_003f4a20,0x003F4A20,0x003F4A28,8
FUN_003f4a30,0x003F4A30,0x003F4A38,8
FUN_003f4a40,0x003F4A40,0x003F4A48,8
FUN_003f4a50,0x003F4A50,0x003F4A58,8
FUN_003f4a60,0x003F4A60,0x003F4A68,8
FUN_003f4a70,0x003F4A70,0x003F4A78,8
FUN_003f4a80,0x003F4A80,0x003F4A88,8
FUN_003f4a90,0x003F4A90,0x003F4A98,8
FUN_003f4aa0,0x003F4AA0,0x003F4B0C,108
FUN_003f4b10,0x003F4B10,0x003F4B7C,108
FUN_003f4b80,0x003F4B80,0x003F4BEC,108
FUN_003f4bf0,0x003F4BF0,0x003F4BF8,8
FUN_003f4c00,0x003F4C00,0x003F4C08,8
FUN_003f4c10,0x003F4C10,0x003F4C18,8
FUN_003f4c20,0x003F4C20,0x003F4C28,8
FUN_003f4c30,0x003F4C30,0x003F4C38,8
FUN_003f4c40,0x003F4C40,0x003F4C48,8
FUN_003f4c50,0x003F4C50,0x003F4C60,16
FUN_003f4c60,0x003F4C60,0x003F4C68,8
FUN_003f4c70,0x003F4C70,0x003F4C78,8
FUN_003f4c80,0x003F4C80,0x003F4CB0,48
FUN_003f4cb0,0x003F4CB0,0x003F4CD0,32
FUN_003f4cd0,0x003F4CD0,0x003F4D10,64
FUN_003f4d10,0x003F4D10,0x003F4D7C,108
FUN_003f4d80,0x003F4D80,0x003F4DEC,108
FUN_003f4df0,0x003F4DF0,0x003F4E5C,108
FUN_003f4e60,0x003F4E60,0x003F4E68,8
FUN_003f4e70,0x003F4E70,0x003F4E78,8
FUN_003f4e80,0x003F4E80,0x003F4E88,8
FUN_003f4e90,0x003F4E90,0x003F4E98,8
FUN_003f4ea0,0x003F4EA0,0x003F4FBC,276
FUN_003f4fc0,0x003F4FC0,0x003F5474,1196
FUN_003f5480,0x003F5480,0x003F59A0,1312
FUN_003f59a0,0x003F59A0,0x003F59E0,64
FUN_003f59e0,0x003F59E0,0x003F59EC,12
FUN_003f59f0,0x003F59F0,0x003F59FC,12
FUN_003f5a00,0x003F5A00,0x003F5A0C,12
FUN_003f5a10,0x003F5A10,0x003F5A1C,12
FUN_003f5a20,0x003F5A20,0x003F5A28,8
FUN_003f5a30,0x003F5A30,0x003F5AF8,196
FUN_003f5b00,0x003F5B00,0x003F5B78,116
FUN_003f5b80,0x003F5B80,0x003F5BC4,68
FUN_003f5bd0,0x003F5BD0,0x003F5C28,84
FUN_003f5c30,0x003F5C30,0x003F5E70,576
FUN_003f5e70,0x003F5E70,0x003F5FE0,368
FUN_003f5fe0,0x003F5FE0,0x003F64AC,1216
FUN_003f64b0,0x003F64B0,0x003F65D0,288
FUN_003f65d0,0x003F65D0,0x003F65E0,16
FUN_003f65e0,0x003F65E0,0x003F65F0,16
FUN_003f65f0,0x003F65F0,0x003F6610,32
FUN_003f6610,0x003F6610,0x003F6624,20
FUN_003f6630,0x003F6630,0x003F664C,28
FUN_003f6650,0x003F6650,0x003F6660,16
FUN_003f6660,0x003F6660,0x003F6668,8
FUN_003f6670,0x003F6670,0x003F6678,8
FUN_003f6680,0x003F6680,0x003F6688,8
FUN_003f6690,0x003F6690,0x003F669C,12
FUN_003f66a0,0x003F66A0,0x003F6710,108
FUN_003f6710,0x003F6710,0x003F6728,24
FUN_003f6730,0x003F6730,0x003F6738,8
FUN_003f6740,0x003F6740,0x003F6748,8
FUN_003f6750,0x003F6750,0x003F6758,8
FUN_003f6760,0x003F6760,0x003F6768,8
FUN_003f6770,0x003F6770,0x003F6778,8
FUN_003f6780,0x003F6780,0x003F6788,8
FUN_003f6790,0x003F6790,0x003F6798,8
FUN_003f67a0,0x003F67A0,0x003F67A8,8
FUN_003f67b0,0x003F67B0,0x003F67B8,8
FUN_003f67c0,0x003F67C0,0x003F67C8,8
FUN_003f67d0,0x003F67D0,0x003F67D8,8
FUN_003f67e0,0x003F67E0,0x003F67E8,8
FUN_003f67f0,0x003F67F0,0x003F67F8,8
FUN_003f6800,0x003F6800,0x003F6834,52
FUN_003f6840,0x003F6840,0x003F6898,88
FUN_003f68a0,0x003F68A0,0x003F68FC,92
FUN_003f6900,0x003F6900,0x003F695C,92
FUN_003f6960,0x003F6960,0x003F69F0,144
FUN_003f69f0,0x003F69F0,0x003F6A5C,108
FUN_003f6a60,0x003F6A60,0x003F6A74,20
FUN_003f6a80,0x003F6A80,0x003F6A88,8
FUN_003f6a90,0x003F6A90,0x003F6B4C,188
FUN_003f6b50,0x003F6B50,0x003F6B84,52
FUN_003f6b90,0x003F6B90,0x003F6C48,184
thunk_FUN_003f6b90,0x003F6C50,0x003F6C58,8
FUN_003f6c60,0x003F6C60,0x003F6CE0,128
FUN_003f6ce0,0x003F6CE0,0x003F6D14,52
FUN_003f6d20,0x003F6D20,0x003F6D48,40
FUN_003f6d50,0x003F6D50,0x003F6D58,8
FUN_003f6d60,0x003F6D60,0x003F6D80,32
FUN_003f6d80,0x003F6D80,0x003F6D8C,12
FUN_003f6d90,0x003F6D90,0x003F7064,720
FUN_003f7070,0x003F7070,0x003F71CC,340
FUN_003f71d0,0x003F71D0,0x003F7564,912
FUN_003f7570,0x003F7570,0x003F76C0,336
FUN_003f76c0,0x003F76C0,0x003F779C,220
FUN_003f77a0,0x003F77A0,0x003F7884,228
FUN_003f7890,0x003F7890,0x003F7970,224
FUN_003f7970,0x003F7970,0x003F7994,36
FUN_003f79a0,0x003F79A0,0x003F7A00,96
FUN_003f7a00,0x003F7A00,0x003F7AE8,232
FUN_003f7ae8,0x003F7AE8,0x003F7B90,168
FUN_003f7b90,0x003F7B90,0x003F7C2C,156
FUN_003f7c30,0x003F7C30,0x003F7CD8,168
FUN_003f7cd8,0x003F7CD8,0x003F7D74,156
FUN_003f7d78,0x003F7D78,0x003F7E20,168
FUN_003f7e20,0x003F7E20,0x003F7EC8,168
FUN_003f7ec8,0x003F7EC8,0x003F7F64,156
FUN_003f7f68,0x003F7F68,0x003F8010,168
FUN_003f8010,0x003F8010,0x003F80AC,156
FUN_003f80b0,0x003F80B0,0x003F814C,156
FUN_003f8150,0x003F8150,0x003F81F8,168
FUN_003f81f8,0x003F81F8,0x003F8294,156
FUN_003f8298,0x003F8298,0x003F8334,156
FUN_003f8338,0x003F8338,0x003F83E0,168
FUN_003f83e0,0x003F83E0,0x003F8488,168
FUN_003f8488,0x003F8488,0x003F8524,156
FUN_003f8528,0x003F8528,0x003F85D0,168
FUN_003f85d0,0x003F85D0,0x003F8678,168
FUN_003f8678,0x003F8678,0x003F8714,156
FUN_003f8718,0x003F8718,0x003F87B4,156
FUN_003f87b8,0x003F87B8,0x003F8854,156
FUN_003f8858,0x003F8858,0x003F88F4,156
FUN_003f88f8,0x003F88F8,0x003F8994,156
FUN_003f8998,0x003F8998,0x003F8A34,156
FUN_003f8a38,0x003F8A38,0x003F8AE0,168
FUN_003f8ae0,0x003F8AE0,0x003F8B7C,156
FUN_003f8b80,0x003F8B80,0x003F8C10,144
FUN_003f8c10,0x003F8C10,0x003F8CA0,144
FUN_003f8ca0,0x003F8CA0,0x003F8D30,144
FUN_003f8d30,0x003F8D30,0x003F8DD8,168
FUN_003f8dd8,0x003F8DD8,0x003F8E4C,116
FUN_003f8e50,0x003F8E50,0x003F8E8C,60
FUN_003f8e90,0x003F8E90,0x003F8E9C,12
FUN_003f8ea0,0x003F8EA0,0x003F8EAC,12
FUN_003f8eb0,0x003F8EB0,0x003F8F84,212
FUN_003f8f88,0x003F8F88,0x003F8FF4,108
FUN_003f8ff8,0x003F8FF8,0x003F9050,84
FUN_003f9050,0x003F9050,0x003F9204,428
FUN_003f9208,0x003F9208,0x003F9218,16
FUN_003f9218,0x003F9218,0x003F93C4,420
FUN_003f93c8,0x003F93C8,0x003F94DC,268
FUN_003f94e0,0x003F94E0,0x003F952C,76
FUN_003f9530,0x003F9530,0x003F953C,12
FUN_003f9540,0x003F9540,0x003F954C,12
FUN_003f9550,0x003F9550,0x003F955C,12
FUN_003f9560,0x003F9560,0x003F959C,60
FUN_003f95a0,0x003F95A0,0x003F95AC,12
FUN_003f95b0,0x003F95B0,0x003F95BC,12
FUN_003f95c0,0x003F95C0,0x003F96EC,288
FUN_003f96f0,0x003F96F0,0x003F97C8,212
FUN_003f97c8,0x003F97C8,0x003F98EC,292
FUN_003f98f0,0x003F98F0,0x003F991C,44
FUN_003f9920,0x003F9920,0x003F9994,116
FUN_003f9998,0x003F9998,0x003F99F4,92
FUN_003f99f8,0x003F99F8,0x003F9A6C,116
FUN_003f9a70,0x003F9A70,0x003F9AB8,72
FUN_003f9ab8,0x003F9AB8,0x003F9D90,716
FUN_003f9d90,0x003F9D90,0x003F9DF4,100
FUN_003f9df8,0x003F9DF8,0x003F9E98,160
FUN_003f9e98,0x003F9E98,0x003F9FAC,272
FUN_003f9fb0,0x003F9FB0,0x003FA038,136
FUN_003fa038,0x003FA038,0x003FA0C0,136
FUN_003fa0c0,0x003FA0C0,0x003FA15C,156
FUN_003fa160,0x003FA160,0x003FA20C,172
FUN_003fa210,0x003FA210,0x003FA298,136
FUN_003fa298,0x003FA298,0x003FA320,136
FUN_003fa320,0x003FA320,0x003FA3D4,180
FUN_003fa3d8,0x003FA3D8,0x003FA474,156
FUN_003fa478,0x003FA478,0x003FA514,156
FUN_003fa518,0x003FA518,0x003FA5CC,180
FUN_003fa5d0,0x003FA5D0,0x003FA684,180
FUN_003fa688,0x003FA688,0x003FA730,168
FUN_003fa730,0x003FA730,0x003FA85C,300
FUN_003fa860,0x003FA860,0x003FA8D4,116
FUN_003fa8d8,0x003FA8D8,0x003FA98C,180
FUN_003fa990,0x003FA990,0x003FAA50,192
FUN_003faa50,0x003FAA50,0x003FAAF8,168
FUN_003faaf8,0x003FAAF8,0x003FAC14,280
FUN_003fac18,0x003FAC18,0x003FACCC,180
FUN_003facd0,0x003FACD0,0x003FADDC,268
FUN_003fade0,0x003FADE0,0x003FAE88,168
FUN_003fae88,0x003FAE88,0x003FAF24,156
FUN_003faf28,0x003FAF28,0x003FAFC4,156
FUN_003fafc8,0x003FAFC8,0x003FB064,156
FUN_003fb068,0x003FB068,0x003FB104,156
FUN_003fb108,0x003FB108,0x003FB1A4,156
FUN_003fb1a8,0x003FB1A8,0x003FB244,156
FUN_003fb248,0x003FB248,0x003FB2E4,156
FUN_003fb2e8,0x003FB2E8,0x003FB390,168
FUN_003fb390,0x003FB390,0x003FB438,168
FUN_003fb438,0x003FB438,0x003FB4CC,148
FUN_003fb4d0,0x003FB4D0,0x003FB56C,156
FUN_003fb570,0x003FB570,0x003FB60C,156
FUN_003fb610,0x003FB610,0x003FB6AC,156
FUN_003fb6b0,0x003FB6B0,0x003FB74C,156
FUN_003fb750,0x003FB750,0x003FB7D8,136
FUN_003fb7d8,0x003FB7D8,0x003FB874,156
FUN_003fb878,0x003FB878,0x003FB914,156
FUN_003fb918,0x003FB918,0x003FB9B4,156
FUN_003fb9b8,0x003FB9B8,0x003FBA54,156
FUN_003fba58,0x003FBA58,0x003FBAD4,124
FUN_003fbad8,0x003FBAD8,0x003FBB60,136
FUN_003fbb60,0x003FBB60,0x003FBBF4,148
FUN_003fbbf8,0x003FBBF8,0x003FBC94,156
FUN_003fbc98,0x003FBC98,0x003FBD34,156
FUN_003fbd38,0x003FBD38,0x003FBDD4,156
FUN_003fbdd8,0x003FBDD8,0x003FBE74,156
FUN_003fbe78,0x003FBE78,0x003FBF14,156
FUN_003fbf18,0x003FBF18,0x003FBFA8,144
FUN_003fbfa8,0x003FBFA8,0x003FC020,120
FUN_003fc020,0x003FC020,0x003FC0BC,156
FUN_003fc0c0,0x003FC0C0,0x003FC15C,156
FUN_003fc160,0x003FC160,0x003FC1FC,156
FUN_003fc200,0x003FC200,0x003FC29C,156
FUN_003fc2a0,0x003FC2A0,0x003FC33C,156
FUN_003fc340,0x003FC340,0x003FC3DC,156
FUN_003fc3e0,0x003FC3E0,0x003FC3EC,12
FUN_003fc3f0,0x003FC3F0,0x003FC48C,156
FUN_003fc490,0x003FC490,0x003FC52C,156
FUN_003fc530,0x003FC530,0x003FC5CC,156
FUN_003fc5d0,0x003FC5D0,0x003FC66C,156
FUN_003fc670,0x003FC670,0x003FC9D8,872
FUN_003fc9d8,0x003FC9D8,0x003FC9E4,12
FUN_003fc9e8,0x003FC9E8,0x003FC9F4,12
FUN_003fc9f8,0x003FC9F8,0x003FCA04,12
FUN_003fca08,0x003FCA08,0x003FCA14,12
FUN_003fca18,0x003FCA18,0x003FCA24,12
FUN_003fca28,0x003FCA28,0x003FCA34,12
FUN_003fca38,0x003FCA38,0x003FCA44,12
FUN_003fca48,0x003FCA48,0x003FCA54,12
FUN_003fca58,0x003FCA58,0x003FCA64,12
FUN_003fca68,0x003FCA68,0x003FCA74,12
FUN_003fca78,0x003FCA78,0x003FCA84,12
FUN_003fca88,0x003FCA88,0x003FCA94,12
FUN_003fca98,0x003FCA98,0x003FCAA4,12
FUN_003fcaa8,0x003FCAA8,0x003FCAB4,12
FUN_003fcab8,0x003FCAB8,0x003FCAC4,12
FUN_003fcac8,0x003FCAC8,0x003FCAD4,12
FUN_003fcad8,0x003FCAD8,0x003FCAE4,12
FUN_003fcae8,0x003FCAE8,0x003FCAF4,12
FUN_003fcaf8,0x003FCAF8,0x003FCB04,12
FUN_003fcb08,0x003FCB08,0x003FCB14,12
FUN_003fcb18,0x003FCB18,0x003FCB24,12
FUN_003fcb28,0x003FCB28,0x003FCCEC,448
FUN_003fccf0,0x003FCCF0,0x003FCD8C,156
FUN_003fcd90,0x003FCD90,0x003FCE2C,156
FUN_003fce30,0x003FCE30,0x003FCECC,156
FUN_003fced0,0x003FCED0,0x003FCF6C,156
FUN_003fcf70,0x003FCF70,0x003FD00C,156
FUN_003fd010,0x003FD010,0x003FD0AC,156
FUN_003fd0b0,0x003FD0B0,0x003FD170,192
FUN_003fd170,0x003FD170,0x003FD230,192
FUN_003fd230,0x003FD230,0x003FD2C0,144
FUN_003fd2c0,0x003FD2C0,0x003FD350,144
FUN_003fd350,0x003FD350,0x003FD3E0,144
FUN_003fd3e0,0x003FD3E0,0x003FD470,144
FUN_003fd470,0x003FD470,0x003FD500,144
FUN_003fd500,0x003FD500,0x003FD590,144
FUN_003fd590,0x003FD590,0x003FD620,144
FUN_003fd620,0x003FD620,0x003FD680,96
FUN_003fd680,0x003FD680,0x003FD69C,28
FUN_003fd69c,0x003FD69C,0x003FD6B0,20
FUN_003fd6b0,0x003FD6B0,0x003FD740,144
FUN_003fd740,0x003FD740,0x003FD7D0,144
FUN_003fd7d0,0x003FD7D0,0x003FD864,148
FUN_003fd868,0x003FD868,0x003FD914,172
FUN_003fd918,0x003FD918,0x003FD9AC,148
FUN_003fd9b0,0x003FD9B0,0x003FDA44,148
FUN_003fda48,0x003FDA48,0x003FDADC,148
FUN_003fdae0,0x003FDAE0,0x003FDB74,148
FUN_003fdb78,0x003FDB78,0x003FDB9C,36
FUN_003fdba0,0x003FDBA0,0x003FDC34,148
FUN_003fdc38,0x003FDC38,0x003FDC5C,36
FUN_003fdc60,0x003FDC60,0x003FDCF4,148
FUN_003fdcf8,0x003FDCF8,0x003FDD8C,148
FUN_003fdd90,0x003FDD90,0x003FDE24,148
FUN_003fde28,0x003FDE28,0x003FDEBC,148
FUN_003fdec0,0x003FDEC0,0x003FDF54,148
FUN_003fdf58,0x003FDF58,0x003FDF84,44
FUN_003fdf88,0x003FDF88,0x003FE01C,148
FUN_003fe020,0x003FE020,0x003FE050,48
FUN_003fe050,0x003FE050,0x003FE07C,44
FUN_003fe080,0x003FE080,0x003FE088,8
FUN_003fe088,0x003FE088,0x003FE090,8
FUN_003fe090,0x003FE090,0x003FE098,8
FUN_003fe098,0x003FE098,0x003FE0A0,8
FUN_003fe0a0,0x003FE0A0,0x003FE124,132
FUN_003fe128,0x003FE128,0x003FE130,8
FUN_003fe130,0x003FE130,0x003FE174,68
FUN_003fe178,0x003FE178,0x003FE180,8
FUN_003fe180,0x003FE180,0x003FE188,8
FUN_003fe188,0x003FE188,0x003FE190,8
FUN_003fe190,0x003FE190,0x003FE20C,124
FUN_003fe210,0x003FE210,0x003FE218,8
FUN_003fe218,0x003FE218,0x003FE244,44
FUN_003fe248,0x003FE248,0x003FE250,8
FUN_003fe250,0x003FE250,0x003FE27C,44
FUN_003fe280,0x003FE280,0x003FE288,8
FUN_003fe288,0x003FE288,0x003FE2B4,44
FUN_003fe2b8,0x003FE2B8,0x003FE2C0,8
FUN_003fe2c0,0x003FE2C0,0x003FE2EC,44
FUN_003fe2f0,0x003FE2F0,0x003FE2F8,8
FUN_003fe2f8,0x003FE2F8,0x003FE324,44
FUN_003fe328,0x003FE328,0x003FE330,8
FUN_003fe330,0x003FE330,0x003FE35C,44
FUN_003fe360,0x003FE360,0x003FE368,8
FUN_003fe368,0x003FE368,0x003FE394,44
FUN_003fe398,0x003FE398,0x003FE3A0,8
FUN_003fe3a0,0x003FE3A0,0x003FE3A8,8
FUN_003fe3a8,0x003FE3A8,0x003FE3D4,44
FUN_003fe3d8,0x003FE3D8,0x003FE3E0,8
FUN_003fe3e0,0x003FE3E0,0x003FE40C,44
FUN_003fe410,0x003FE410,0x003FE418,8
FUN_003fe418,0x003FE418,0x003FE420,8
FUN_003fe420,0x003FE420,0x003FE44C,44
FUN_003fe450,0x003FE450,0x003FE458,8
FUN_003fe458,0x003FE458,0x003FE460,8
FUN_003fe460,0x003FE460,0x003FE48C,44
FUN_003fe490,0x003FE490,0x003FE498,8
FUN_003fe498,0x003FE498,0x003FE4C4,44
FUN_003fe4c8,0x003FE4C8,0x003FE4D0,8
FUN_003fe4d0,0x003FE4D0,0x003FE4D8,8
FUN_003fe4d8,0x003FE4D8,0x003FE4E0,8
FUN_003fe4e0,0x003FE4E0,0x003FE50C,44
FUN_003fe510,0x003FE510,0x003FE518,8
FUN_003fe518,0x003FE518,0x003FE544,44
FUN_003fe548,0x003FE548,0x003FE550,8
FUN_003fe550,0x003FE550,0x003FE57C,44
FUN_003fe580,0x003FE580,0x003FE588,8
FUN_003fe588,0x003FE588,0x003FE5B4,44
FUN_003fe5b8,0x003FE5B8,0x003FE5C0,8
FUN_003fe5c0,0x003FE5C0,0x003FE5EC,44
FUN_003fe5f0,0x003FE5F0,0x003FE5F8,8
FUN_003fe5f8,0x003FE5F8,0x003FE624,44
FUN_003fe628,0x003FE628,0x003FE630,8
FUN_003fe630,0x003FE630,0x003FE65C,44
FUN_003fe660,0x003FE660,0x003FE668,8
FUN_003fe668,0x003FE668,0x003FE694,44
FUN_003fe698,0x003FE698,0x003FE6A0,8
FUN_003fe6a0,0x003FE6A0,0x003FE6CC,44
FUN_003fe6d0,0x003FE6D0,0x003FE6E0,16
FUN_003fe6e0,0x003FE6E0,0x003FE6E8,8
FUN_003fe6e8,0x003FE6E8,0x003FE714,44
FUN_003fe718,0x003FE718,0x003FE720,8
FUN_003fe720,0x003FE720,0x003FE74C,44
FUN_003fe750,0x003FE750,0x003FE758,8
FUN_003fe758,0x003FE758,0x003FE784,44
FUN_003fe788,0x003FE788,0x003FE790,8
FUN_003fe790,0x003FE790,0x003FE7BC,44
FUN_003fe7c0,0x003FE7C0,0x003FE7C8,8
FUN_003fe7c8,0x003FE7C8,0x003FE7D0,8
FUN_003fe7d0,0x003FE7D0,0x003FE7FC,44
FUN_003fe800,0x003FE800,0x003FE82C,44
FUN_003fe830,0x003FE830,0x003FE838,8
FUN_003fe838,0x003FE838,0x003FE840,8
FUN_003fe840,0x003FE840,0x003FE848,8
FUN_003fe848,0x003FE848,0x003FE850,8
FUN_003fe850,0x003FE850,0x003FE87C,44
FUN_003fe880,0x003FE880,0x003FE888,8
FUN_003fe888,0x003FE888,0x003FE8B4,44
FUN_003fe8b8,0x003FE8B8,0x003FE8C0,8
FUN_003fe8c0,0x003FE8C0,0x003FE8EC,44
FUN_003fe8f0,0x003FE8F0,0x003FE8F8,8
FUN_003fe8f8,0x003FE8F8,0x003FE924,44
FUN_003fe928,0x003FE928,0x003FE930,8
FUN_003fe930,0x003FE930,0x003FE938,8
FUN_003fe938,0x003FE938,0x003FE940,8
FUN_003fe940,0x003FE940,0x003FE96C,44
FUN_003fe970,0x003FE970,0x003FE978,8
FUN_003fe978,0x003FE978,0x003FE9A4,44
FUN_003fe9a8,0x003FE9A8,0x003FE9B0,8
FUN_003fe9b0,0x003FE9B0,0x003FE9DC,44
FUN_003fe9e0,0x003FE9E0,0x003FE9E8,8
FUN_003fe9e8,0x003FE9E8,0x003FEA14,44
FUN_003fea18,0x003FEA18,0x003FEA20,8
FUN_003fea20,0x003FEA20,0x003FEA4C,44
FUN_003fea50,0x003FEA50,0x003FEA58,8
FUN_003fea58,0x003FEA58,0x003FEA84,44
FUN_003fea88,0x003FEA88,0x003FEA90,8
FUN_003fea90,0x003FEA90,0x003FEABC,44
FUN_003feac0,0x003FEAC0,0x003FEAC8,8
FUN_003feac8,0x003FEAC8,0x003FEAF4,44
FUN_003feaf8,0x003FEAF8,0x003FEB00,8
FUN_003feb00,0x003FEB00,0x003FEB2C,44
FUN_003feb30,0x003FEB30,0x003FEB38,8
FUN_003feb38,0x003FEB38,0x003FEB64,44
FUN_003feb68,0x003FEB68,0x003FEB70,8
FUN_003feb70,0x003FEB70,0x003FEB9C,44
FUN_003feba0,0x003FEBA0,0x003FEBA8,8
FUN_003feba8,0x003FEBA8,0x003FEBD4,44
FUN_003febd8,0x003FEBD8,0x003FEBE0,8
FUN_003febe0,0x003FEBE0,0x003FEC0C,44
FUN_003fec10,0x003FEC10,0x003FEC18,8
FUN_003fec18,0x003FEC18,0x003FEC44,44
FUN_003fec48,0x003FEC48,0x003FEC50,8
FUN_003fec50,0x003FEC50,0x003FEC7C,44
FUN_003fec80,0x003FEC80,0x003FEC88,8
FUN_003fec88,0x003FEC88,0x003FECB4,44
FUN_003fecb8,0x003FECB8,0x003FECC0,8
FUN_003fecc0,0x003FECC0,0x003FECEC,44
FUN_003fecf0,0x003FECF0,0x003FECF8,8
FUN_003fecf8,0x003FECF8,0x003FED24,44
FUN_003fed28,0x003FED28,0x003FED30,8
FUN_003fed30,0x003FED30,0x003FED5C,44
FUN_003fed60,0x003FED60,0x003FED68,8
FUN_003fed68,0x003FED68,0x003FED94,44
FUN_003fed98,0x003FED98,0x003FEDA0,8
FUN_003feda0,0x003FEDA0,0x003FEDCC,44
FUN_003fedd0,0x003FEDD0,0x003FEDD8,8
FUN_003fedd8,0x003FEDD8,0x003FEE04,44
FUN_003fee08,0x003FEE08,0x003FEE10,8
FUN_003fee10,0x003FEE10,0x003FEE3C,44
FUN_003fee40,0x003FEE40,0x003FEE48,8
FUN_003fee48,0x003FEE48,0x003FEE74,44
FUN_003fee78,0x003FEE78,0x003FEE80,8
FUN_003fee80,0x003FEE80,0x003FEEAC,44
FUN_003feeb0,0x003FEEB0,0x003FEEB8,8
FUN_003feeb8,0x003FEEB8,0x003FEEE4,44
FUN_003feee8,0x003FEEE8,0x003FEEF0,8
FUN_003feef0,0x003FEEF0,0x003FEF1C,44
FUN_003fef20,0x003FEF20,0x003FEF28,8
FUN_003fef28,0x003FEF28,0x003FEF54,44
FUN_003fef58,0x003FEF58,0x003FEF60,8
FUN_003fef60,0x003FEF60,0x003FEF8C,44
FUN_003fef90,0x003FEF90,0x003FEF98,8
FUN_003fef98,0x003FEF98,0x003FEFC4,44
FUN_003fefc8,0x003FEFC8,0x003FEFD0,8
FUN_003fefd0,0x003FEFD0,0x003FEFFC,44
FUN_003ff000,0x003FF000,0x003FF008,8
FUN_003ff008,0x003FF008,0x003FF034,44
FUN_003ff038,0x003FF038,0x003FF040,8
FUN_003ff040,0x003FF040,0x003FF06C,44
FUN_003ff070,0x003FF070,0x003FF078,8
FUN_003ff078,0x003FF078,0x003FF0A4,44
FUN_003ff0a8,0x003FF0A8,0x003FF0B0,8
FUN_003ff0b0,0x003FF0B0,0x003FF0DC,44
FUN_003ff0e0,0x003FF0E0,0x003FF0E8,8
FUN_003ff0e8,0x003FF0E8,0x003FF114,44
FUN_003ff118,0x003FF118,0x003FF120,8
FUN_003ff120,0x003FF120,0x003FF14C,44
FUN_003ff150,0x003FF150,0x003FF158,8
FUN_003ff158,0x003FF158,0x003FF184,44
FUN_003ff188,0x003FF188,0x003FF190,8
FUN_003ff190,0x003FF190,0x003FF1BC,44
FUN_003ff1c0,0x003FF1C0,0x003FF1C8,8
FUN_003ff1c8,0x003FF1C8,0x003FF1F4,44
FUN_003ff1f8,0x003FF1F8,0x003FF200,8
FUN_003ff200,0x003FF200,0x003FF22C,44
FUN_003ff230,0x003FF230,0x003FF238,8
FUN_003ff238,0x003FF238,0x003FF264,44
FUN_003ff268,0x003FF268,0x003FF270,8
FUN_003ff270,0x003FF270,0x003FF29C,44
FUN_003ff2a0,0x003FF2A0,0x003FF2CC,44
FUN_003ff2d0,0x003FF2D0,0x003FF2D8,8
FUN_003ff2d8,0x003FF2D8,0x003FF304,44
FUN_003ff308,0x003FF308,0x003FF310,8
FUN_003ff310,0x003FF310,0x003FF33C,44
FUN_003ff340,0x003FF340,0x003FF348,8
FUN_003ff348,0x003FF348,0x003FF374,44
FUN_003ff378,0x003FF378,0x003FF380,8
FUN_003ff380,0x003FF380,0x003FF3AC,44
FUN_003ff3b0,0x003FF3B0,0x003FF3B8,8
FUN_003ff3b8,0x003FF3B8,0x003FF3E4,44
FUN_003ff3e8,0x003FF3E8,0x003FF3F0,8
FUN_003ff3f0,0x003FF3F0,0x003FF41C,44
FUN_003ff420,0x003FF420,0x003FF428,8
FUN_003ff428,0x003FF428,0x003FF454,44
FUN_003ff458,0x003FF458,0x003FF460,8
FUN_003ff460,0x003FF460,0x003FF48C,44
FUN_003ff490,0x003FF490,0x003FF498,8
FUN_003ff498,0x003FF498,0x003FF4C4,44
FUN_003ff4c8,0x003FF4C8,0x003FF4D0,8
FUN_003ff4d0,0x003FF4D0,0x003FF4FC,44
FUN_003ff500,0x003FF500,0x003FF508,8
FUN_003ff508,0x003FF508,0x003FF534,44
FUN_003ff538,0x003FF538,0x003FF540,8
FUN_003ff540,0x003FF540,0x003FF56C,44
FUN_003ff570,0x003FF570,0x003FF578,8
FUN_003ff578,0x003FF578,0x003FF5A4,44
FUN_003ff5a8,0x003FF5A8,0x003FF5B0,8
FUN_003ff5b0,0x003FF5B0,0x003FF5DC,44
FUN_003ff5e0,0x003FF5E0,0x003FF5E8,8
FUN_003ff5e8,0x003FF5E8,0x003FF614,44
FUN_003ff618,0x003FF618,0x003FF620,8
FUN_003ff620,0x003FF620,0x003FF628,8
FUN_003ff628,0x003FF628,0x003FF654,44
FUN_003ff658,0x003FF658,0x003FF660,8
FUN_003ff660,0x003FF660,0x003FF68C,44
FUN_003ff690,0x003FF690,0x003FF698,8
FUN_003ff698,0x003FF698,0x003FF6C4,44
FUN_003ff6c8,0x003FF6C8,0x003FF6D0,8
FUN_003ff6d0,0x003FF6D0,0x003FF6FC,44
FUN_003ff700,0x003FF700,0x003FF708,8
FUN_003ff708,0x003FF708,0x003FF740,56
FUN_003ff740,0x003FF740,0x003FF748,8
FUN_003ff748,0x003FF748,0x003FF774,44
FUN_003ff778,0x003FF778,0x003FF780,8
FUN_003ff780,0x003FF780,0x003FF7AC,44
FUN_003ff7b0,0x003FF7B0,0x003FF7B8,8
FUN_003ff7b8,0x003FF7B8,0x003FF7E4,44
FUN_003ff7e8,0x003FF7E8,0x003FF7F0,8
FUN_003ff7f0,0x003FF7F0,0x003FF81C,44
FUN_003ff820,0x003FF820,0x003FF828,8
FUN_003ff828,0x003FF828,0x003FF854,44
FUN_003ff858,0x003FF858,0x003FF860,8
FUN_003ff860,0x003FF860,0x003FF868,8
FUN_003ff868,0x003FF868,0x003FF9B8,336
FUN_003ff9b8,0x003FF9B8,0x003FF9C0,8
FUN_003ff9c0,0x003FF9C0,0x003FF9EC,44
FUN_003ff9f0,0x003FF9F0,0x003FF9F8,8
FUN_003ff9f8,0x003FF9F8,0x003FFA24,44
FUN_003ffa28,0x003FFA28,0x003FFA30,8
FUN_003ffa30,0x003FFA30,0x003FFA5C,44
FUN_003ffa60,0x003FFA60,0x003FFA68,8
FUN_003ffa68,0x003FFA68,0x003FFA94,44
FUN_003ffa98,0x003FFA98,0x003FFAA0,8
FUN_003ffaa0,0x003FFAA0,0x003FFACC,44
FUN_003ffad0,0x003FFAD0,0x003FFAD8,8
FUN_003ffad8,0x003FFAD8,0x003FFB04,44
FUN_003ffb08,0x003FFB08,0x003FFB10,8
FUN_003ffb10,0x003FFB10,0x003FFB3C,44
FUN_003ffb40,0x003FFB40,0x003FFB48,8
FUN_003ffb48,0x003FFB48,0x003FFB74,44
FUN_003ffb78,0x003FFB78,0x003FFB80,8
FUN_003ffb80,0x003FFB80,0x003FFBAC,44
FUN_003ffbb0,0x003FFBB0,0x003FFBB8,8
FUN_003ffbb8,0x003FFBB8,0x003FFBE4,44
FUN_003ffbe8,0x003FFBE8,0x003FFBF0,8
FUN_003ffbf0,0x003FFBF0,0x003FFC1C,44
FUN_003ffc20,0x003FFC20,0x003FFC4C,44
FUN_003ffc50,0x003FFC50,0x003FFCA4,84
FUN_003ffca8,0x003FFCA8,0x003FFCFC,84
FUN_003ffd00,0x003FFD00,0x003FFD2C,44
FUN_003ffd30,0x003FFD30,0x003FFD84,84
FUN_003ffd88,0x003FFD88,0x003FFD90,8
FUN_003ffd90,0x003FFD90,0x003FFDBC,44
FUN_003ffdc0,0x003FFDC0,0x003FFDC8,8
FUN_003ffdc8,0x003FFDC8,0x003FFDF4,44
FUN_003ffdf8,0x003FFDF8,0x003FFE00,8
FUN_003ffe00,0x003FFE00,0x003FFE2C,44
FUN_003ffe30,0x003FFE30,0x003FFE38,8
FUN_003ffe38,0x003FFE38,0x003FFE64,44
FUN_003ffe68,0x003FFE68,0x003FFE70,8
FUN_003ffe70,0x003FFE70,0x003FFE9C,44
FUN_003ffea0,0x003FFEA0,0x003FFEA8,8
FUN_003ffea8,0x003FFEA8,0x003FFED4,44
FUN_003ffed8,0x003FFED8,0x004017B0,6360
FUN_004017b0,0x004017B0,0x004017D4,36
FUN_004017d8,0x004017D8,0x00401808,48
FUN_00401808,0x00401808,0x004018B4,172
FUN_00402070,0x00402070,0x00402078,8
FUN_004026d0,0x004026D0,0x00405208,11064
FUN_00405208,0x00405208,0x00406390,4488
FUN_00406390,0x00406390,0x004063BC,44
FUN_004063bc,0x004063BC,0x004065A8,492
FUN_004065a8,0x004065A8,0x004065D4,44
FUN_004065d4,0x004065D4,0x004066E0,268
FUN_004066e0,0x004066E0,0x00406710,48
FUN_00406710,0x00406710,0x004068CC,444
FUN_004068cc,0x004068CC,0x004068F8,44
FUN_004068f8,0x004068F8,0x00406928,48
FUN_00406928,0x00406928,0x00406B3C,532
FUN_00406b3c,0x00406B3C,0x00406B68,44
FUN_00406b68,0x00406B68,0x00406B98,48
FUN_00406b98,0x00406B98,0x00406BCC,52
FUN_00406bcc,0x00406BCC,0x00406D54,392
FUN_00406d54,0x00406D54,0x00406D84,48
FUN_00406d84,0x00406D84,0x00406DB0,44
FUN_00406db0,0x00406DB0,0x00406FF0,576
FUN_00406ff0,0x00406FF0,0x00407158,360
FUN_00407158,0x00407158,0x004071DC,132
FUN_004071dc,0x004071DC,0x00407208,44
FUN_00407208,0x00407208,0x00407290,136
FUN_00407290,0x00407290,0x004073E4,340
FUN_004073e4,0x004073E4,0x00407420,60
FUN_00407420,0x00407420,0x0040744C,44
FUN_0040744c,0x0040744C,0x00407454,8
FUN_00407454,0x00407454,0x004074F0,156
FUN_004074f0,0x004074F0,0x00407560,112
FUN_00407560,0x00407560,0x0040757C,28
FUN_0040757c,0x0040757C,0x00407778,508
FUN_00407778,0x00407778,0x00407798,32
FUN_00407798,0x00407798,0x00407854,188
FUN_00407854,0x00407854,0x00407878,36
FUN_00407878,0x00407878,0x004079D0,344
FUN_004079d0,0x004079D0,0x004079DC,12
FUN_004079dc,0x004079DC,0x00407A40,100
FUN_00407a40,0x00407A40,0x00407A8C,76
FUN_00407a8c,0x00407A8C,0x00407ABC,48
FUN_00407abc,0x00407ABC,0x00407AE4,40
FUN_00407ae4,0x00407AE4,0x00407B28,68
FUN_00407b28,0x00407B28,0x00407B40,24
FUN_00407b40,0x00407B40,0x00407C50,272
FUN_00407c50,0x00407C50,0x00407C68,24
FUN_00407c68,0x00407C68,0x00407C88,32
FUN_00407c88,0x00407C88,0x00407CA4,28
FUN_00407ca4,0x00407CA4,0x00407DDC,312
FUN_00407ddc,0x00407DDC,0x00407E2C,80
FUN_00407e2c,0x00407E2C,0x00407EE8,188
FUN_00407ee8,0x00407EE8,0x00407F04,28
FUN_00407f04,0x00407F04,0x00407F2C,40
FUN_00407f2c,0x00407F2C,0x00407FDC,176
FUN_00407fdc,0x00407FDC,0x004080D4,248
FUN_004080d4,0x004080D4,0x0040813C,104
FUN_0040813c,0x0040813C,0x00408164,40
FUN_00408164,0x00408164,0x00408188,36
FUN_00408188,0x00408188,0x0040818C,4
FUN_0040818c,0x0040818C,0x0040819C,16
FUN_0040819c,0x0040819C,0x004081A0,4
FUN_004081a0,0x004081A0,0x004081AC,12
FUN_004081ac,0x004081AC,0x004081E0,52
FUN_004081e0,0x004081E0,0x00408220,64
FUN_00408220,0x00408220,0x00408234,20
FUN_00408234,0x00408234,0x00408250,28
FUN_00408250,0x00408250,0x0040828C,60
FUN_0040828c,0x0040828C,0x004083D0,324
FUN_004083d0,0x004083D0,0x00408458,136
FUN_00408458,0x00408458,0x00408470,24
FUN_00408470,0x00408470,0x00408500,144
FUN_00408500,0x00408500,0x0040855C,92
FUN_0040855c,0x0040855C,0x00408570,20
FUN_00408570,0x00408570,0x004085E4,116
FUN_004085e4,0x004085E4,0x0040866C,136
FUN_0040866c,0x0040866C,0x00408670,4
FUN_00408670,0x00408670,0x004086C4,84
FUN_004086c4,0x004086C4,0x00408788,196
FUN_00408788,0x00408788,0x0040878C,4
FUN_0040878c,0x0040878C,0x00408864,216
FUN_00408864,0x00408864,0x00408898,52
FUN_00408898,0x00408898,0x004088DC,68
FUN_004088dc,0x004088DC,0x0040892C,80
FUN_0040892c,0x0040892C,0x00408964,56
FUN_00408964,0x00408964,0x00408A6C,264
FUN_00408a6c,0x00408A6C,0x00408B40,212
FUN_00408b40,0x00408B40,0x00408B58,24
FUN_00408b58,0x00408B58,0x00408C18,192
FUN_00408c18,0x00408C18,0x00408CD4,188
FUN_00408cd4,0x00408CD4,0x00408CE0,12
FUN_00408ce0,0x00408CE0,0x00408D58,120
FUN_00408d58,0x00408D58,0x00408DA8,80
FUN_00408da8,0x00408DA8,0x00408E60,184
FUN_00408e60,0x00408E60,0x00408E70,16
FUN_00408e70,0x00408E70,0x00408F6C,252
FUN_00408f6c,0x00408F6C,0x0040904C,224
FUN_0040904c,0x0040904C,0x004091D8,396
FUN_004091d8,0x004091D8,0x004093B0,472
FUN_004093b0,0x004093B0,0x004093B8,8
FUN_004093b8,0x004093B8,0x00409584,460
FUN_00409584,0x00409584,0x00409798,532
FUN_00409798,0x00409798,0x00409900,360
FUN_00409900,0x00409900,0x00409910,16
FUN_00409910,0x00409910,0x00409920,16
FUN_00409920,0x00409920,0x00409938,24
FUN_00409938,0x00409938,0x00409940,8
FUN_00409940,0x00409940,0x004099B0,112
FUN_004099b0,0x004099B0,0x004099D0,32
FUN_004099d0,0x004099D0,0x00409A70,160
FUN_00409a70,0x00409A70,0x00409AC8,88
FUN_00409ac8,0x00409AC8,0x00409AF0,40
FUN_00409af0,0x00409AF0,0x00409BC4,212
FUN_00409bc4,0x00409BC4,0x00409D1C,344
FUN_00409d1c,0x00409D1C,0x00409DE0,196
FUN_00409de0,0x00409DE0,0x00409F38,344
FUN_00409f38,0x00409F38,0x00409FDC,164
FUN_00409fdc,0x00409FDC,0x0040A054,120
FUN_0040a054,0x0040A054,0x0040A15C,264
FUN_0040a15c,0x0040A15C,0x0040A1EC,144
FUN_0040a1ec,0x0040A1EC,0x0040A3C8,476
FUN_0040a3c8,0x0040A3C8,0x0040A3F0,40
FUN_0040a3f0,0x0040A3F0,0x0040A3F4,4
FUN_0040a3f4,0x0040A3F4,0x0040A400,12
FUN_0040a400,0x0040A400,0x0040A418,24
FUN_0040a418,0x0040A418,0x0040A428,16
FUN_0040a428,0x0040A428,0x0040A4E8,192
FUN_0040a4e8,0x0040A4E8,0x0040A4F0,8
FUN_0040a4f0,0x0040A4F0,0x0040A520,48
FUN_0040a520,0x0040A520,0x0040A64C,300
FUN_0040a64c,0x0040A64C,0x0040A668,28
FUN_0040a668,0x0040A668,0x0040A6F0,136
FUN_0040a6f0,0x0040A6F0,0x0040A78C,156
FUN_0040a78c,0x0040A78C,0x0040A884,248
FUN_0040a884,0x0040A884,0x0040A8FC,120
FUN_0040a8fc,0x0040A8FC,0x0040A974,120
FUN_0040a974,0x0040A974,0x0040B158,2020
FUN_0040b158,0x0040B158,0x0040B168,16
FUN_0040b168,0x0040B168,0x0040B170,8
FUN_0040b170,0x0040B170,0x0040B3E8,632
FUN_0040b3e8,0x0040B3E8,0x0040B3EC,4
FUN_0040b400,0x0040B400,0x0040B404,4
FUN_0040b4cc,0x0040B4CC,0x0040B658,396
FUN_0040b658,0x0040B658,0x0040B694,60
FUN_0040b694,0x0040B694,0x0040B6B0,28
FUN_0040b6b0,0x0040B6B0,0x0040B790,224
FUN_0040b790,0x0040B790,0x0040B818,136
FUN_0040b818,0x0040B818,0x0040B830,24
FUN_0040b830,0x0040B830,0x0040B87C,76
FUN_0040b87c,0x0040B87C,0x0040B8A0,36
FUN_0040b8a0,0x0040B8A0,0x0040B910,112
FUN_0040b910,0x0040B910,0x0040B940,48
FUN_0040b940,0x0040B940,0x0040B9C0,128
FUN_0040b9c0,0x0040B9C0,0x0040B9E0,32
FUN_0040b9e0,0x0040B9E0,0x0040B9F0,16
FUN_0040b9f0,0x0040B9F0,0x0040BA00,16
FUN_0040ba00,0x0040BA00,0x0040BA08,8
FUN_0040ba08,0x0040BA08,0x0040BA40,56
FUN_0040ba40,0x0040BA40,0x0040BA48,8
FUN_0040ba48,0x0040BA48,0x0040BA68,32
FUN_0040ba68,0x0040BA68,0x0040BA78,16
FUN_0040ba78,0x0040BA78,0x0040BB40,200
FUN_0040bb40,0x0040BB40,0x0040BBF0,176
FUN_0040bbf0,0x0040BBF0,0x0040BC04,20
FUN_0040bc04,0x0040BC04,0x0040BC40,60
FUN_0040bc40,0x0040BC40,0x0040BCA8,104
FUN_0040bca8,0x0040BCA8,0x0040BCF0,72
FUN_0040bcf0,0x0040BCF0,0x0040BD10,32
FUN_0040bd10,0x0040BD10,0x0040BE30,288
FUN_0040be30,0x0040BE30,0x0040BE40,16
FUN_0040be40,0x0040BE40,0x0040BF20,224
FUN_0040bf20,0x0040BF20,0x0040BF50,48
FUN_0040bf50,0x0040BF50,0x0040C010,192
FUN_0040c010,0x0040C010,0x0040C04C,60
FUN_0040c04c,0x0040C04C,0x0040C178,300
FUN_0040c178,0x0040C178,0x0040C1D8,96
FUN_0040c1d8,0x0040C1D8,0x0040C200,40
FUN_0040c200,0x0040C200,0x0040C2C0,192
FUN_0040c2c0,0x0040C2C0,0x0040C440,384
FUN_0040c440,0x0040C440,0x0040C480,64
FUN_0040c480,0x0040C480,0x0040C4A0,32
FUN_0040c4a0,0x0040C4A0,0x0040C4D8,56
FUN_0040c4d8,0x0040C4D8,0x0040C620,328
FUN_0040c620,0x0040C620,0x0040C730,272
FUN_0040c730,0x0040C730,0x0040C748,24
FUN_0040c748,0x0040C748,0x0040C78C,68
FUN_0040c78c,0x0040C78C,0x0040C7D8,76
FUN_0040c7d8,0x0040C7D8,0x0040C874,156
FUN_0040c874,0x0040C874,0x0040C8E8,116
FUN_0040c8e8,0x0040C8E8,0x0040C904,28
FUN_0040c904,0x0040C904,0x0040C97C,120
FUN_0040c97c,0x0040C97C,0x0040CA80,260
FUN_0040ca80,0x0040CA80,0x0040CAF0,112
FUN_0040caf0,0x0040CAF0,0x0040CB28,56
FUN_0040cb28,0x0040CB28,0x0040CB29,1
FUN_0040cb38,0x0040CB38,0x0040CB68,48
FUN_0040cb68,0x0040CB68,0x0040CB69,1
FUN_0040cb80,0x0040CB80,0x0040CB81,1
FUN_0040cba0,0x0040CBA0,0x0040CBA1,1
FUN_0040cbb8,0x0040CBB8,0x0040CBE0,40
FUN_0040cbe0,0x0040CBE0,0x0040CBE1,1
FUN_0040ccf0,0x0040CCF0,0x0040CD08,24
FUN_0040cd08,0x0040CD08,0x0040CD80,120
FUN_0040cd80,0x0040CD80,0x0040CF1C,412
FUN_0040cf1c,0x0040CF1C,0x0040CFA0,132
FUN_0040cfa0,0x0040CFA0,0x0040D0F0,336
FUN_0040d0f0,0x0040D0F0,0x0040D0F8,8
FUN_0040d0f8,0x0040D0F8,0x0040D100,8
FUN_0040d100,0x0040D100,0x0040D118,24
FUN_0040d118,0x0040D118,0x0040D128,16
FUN_0040d128,0x0040D128,0x0040D130,8
FUN_0040d130,0x0040D130,0x0040D188,88
FUN_0040d188,0x0040D188,0x0040D1B0,40
FUN_0040d1b0,0x0040D1B0,0x0040D238,136
FUN_0040d238,0x0040D238,0x0040D290,88
FUN_0040d290,0x0040D290,0x0040D2C8,56
FUN_0040d2c8,0x0040D2C8,0x0040D2C9,1
FUN_0040d2f8,0x0040D2F8,0x0040D2F9,1
FUN_0040d350,0x0040D350,0x0040D430,224
FUN_0040d430,0x0040D430,0x0040D518,232
FUN_0040d518,0x0040D518,0x0040D538,32
FUN_0040d538,0x0040D538,0x0040D580,72
FUN_0040d580,0x0040D580,0x0040D590,16
FUN_0040d590,0x0040D590,0x0040D5E0,80
FUN_0040d5e0,0x0040D5E0,0x0040D5E1,1
FUN_0040d6c0,0x0040D6C0,0x0040D74C,140
FUN_0040d74c,0x0040D74C,0x0040D790,68
FUN_0040d790,0x0040D790,0x0040D7A8,24
FUN_0040d7a8,0x0040D7A8,0x0040D7C0,24
FUN_0040d7c0,0x0040D7C0,0x0040D7D0,16
FUN_0040d7d0,0x0040D7D0,0x0040D7F0,32
FUN_0040d7f0,0x0040D7F0,0x0040D88C,156
FUN_0040d88c,0x0040D88C,0x0040D8A8,28
FUN_0040d8a8,0x0040D8A8,0x0040D8D8,48
FUN_0040d8d8,0x0040D8D8,0x0040D8F0,24
FUN_0040d8f0,0x0040D8F0,0x0040D910,32
FUN_0040d910,0x0040D910,0x0040D930,32
FUN_0040d930,0x0040D930,0x0040D968,56
FUN_0040d968,0x0040D968,0x0040D990,40
FUN_0040d990,0x0040D990,0x0040DB30,416
FUN_0040db30,0x0040DB30,0x0040DBB0,128
FUN_0040dbb0,0x0040DBB0,0x0040DBD0,32
FUN_0040dbd0,0x0040DBD0,0x0040DC48,120
FUN_0040dc48,0x0040DC48,0x0040DC98,80
FUN_0040dc98,0x0040DC98,0x0040DE00,360
FUN_0040de00,0x0040DE00,0x0040DE48,72
FUN_0040de48,0x0040DE48,0x0040DE49,1
FUN_0040de78,0x0040DE78,0x0040DE80,8
FUN_0040de80,0x0040DE80,0x0040DED8,88
FUN_0040ded8,0x0040DED8,0x0040DF7C,164
FUN_0040df7c,0x0040DF7C,0x0040DF88,12
FUN_0040df88,0x0040DF88,0x0040E140,440
FUN_0040e140,0x0040E140,0x0040E141,1
FUN_0040e160,0x0040E160,0x0040E188,40
FUN_0040e188,0x0040E188,0x0040E189,1
FUN_0040e198,0x0040E198,0x0040E1F0,88
FUN_0040e1f0,0x0040E1F0,0x0040E200,16
FUN_0040e200,0x0040E200,0x0040E208,8
FUN_0040e208,0x0040E208,0x0040E230,40
FUN_0040e230,0x0040E230,0x0040E2B0,128
FUN_0040e2b0,0x0040E2B0,0x0040E2F0,64
FUN_0040e2f0,0x0040E2F0,0x0040E2F8,8
FUN_0040e2f8,0x0040E2F8,0x0040E320,40
FUN_0040e320,0x0040E320,0x0040E321,1
FUN_0040e378,0x0040E378,0x0040E379,1
FUN_0040e3ac,0x0040E3AC,0x0040E3B0,4
FUN_0040e3b0,0x0040E3B0,0x0040E3B1,1
FUN_0040e410,0x0040E410,0x0040E440,48
FUN_0040e440,0x0040E440,0x0040E441,1
FUN_0040e4f8,0x0040E4F8,0x0040E500,8
FUN_0040e500,0x0040E500,0x0040E61C,284
FUN_0040e61c,0x0040E61C,0x0040E6B0,148
FUN_0040e6b0,0x0040E6B0,0x0040E960,688
FUN_0040e960,0x0040E960,0x0040E9C8,104
FUN_0040e9c8,0x0040E9C8,0x0040E9F8,48
FUN_0040e9f8,0x0040E9F8,0x0040EA18,32
FUN_0040ea18,0x0040EA18,0x0040EAD8,192
FUN_0040ead8,0x0040EAD8,0x0040EAE4,12
FUN_0040eae8,0x0040EAE8,0x0040EAE9,1
FUN_0040eaf8,0x0040EAF8,0x0040EAF9,1
FUN_0040eb10,0x0040EB10,0x0040EB11,1
FUN_0040eb28,0x0040EB28,0x0040EB40,24
FUN_0040eb40,0x0040EB40,0x0040EB41,1
FUN_0040eb70,0x0040EB70,0x0040EB71,1
FUN_0040ebc0,0x0040EBC0,0x0040EBC1,1
FUN_0040ebe0,0x0040EBE0,0x0040EBF8,24
FUN_0040ebf8,0x0040EBF8,0x0040EBFC,4
FUN_0040ec00,0x0040EC00,0x0040EC01,1
FUN_0040ec20,0x0040EC20,0x0040EC21,1
FUN_0040ec50,0x0040EC50,0x0040EC51,1
FUN_0040ecd0,0x0040ECD0,0x0040ECF0,32
FUN_0040ecf0,0x0040ECF0,0x0040ECF1,1
FUN_0040ed80,0x0040ED80,0x0040ED81,1
FUN_0040ed88,0x0040ED88,0x0040ED89,1
FUN_0040edf8,0x0040EDF8,0x0040EF08,272
FUN_0040ef08,0x0040EF08,0x0040EF20,24
FUN_0040ef20,0x0040EF20,0x0040EF21,1
FUN_0040ef70,0x0040EF70,0x0040EF71,1
FUN_0040f010,0x0040F010,0x0040F020,16
FUN_0040f020,0x0040F020,0x0040F060,64
FUN_0040f060,0x0040F060,0x0040F100,160
FUN_0040f100,0x0040F100,0x0040F120,32
FUN_0040f120,0x0040F120,0x0040F200,224
FUN_0040f200,0x0040F200,0x0040F2A4,164
FUN_0040f2a4,0x0040F2A4,0x0040F2F0,76
FUN_0040f2f0,0x0040F2F0,0x0040F2F1,1
FUN_0040f358,0x0040F358,0x0040F3D0,120
FUN_0040f3d0,0x0040F3D0,0x0040F4B0,224
FUN_0040f4b0,0x0040F4B0,0x0040F4B1,1
FUN_0040f4c0,0x0040F4C0,0x0040F4D8,24
FUN_0040f4d8,0x0040F4D8,0x0040F4D9,1
FUN_0040f5c0,0x0040F5C0,0x0040F5C1,1
FUN_0040f5f0,0x0040F5F0,0x0040F5F1,1
FUN_0040f618,0x0040F618,0x0040F628,16
FUN_0040f628,0x0040F628,0x0040F6F0,200
FUN_0040f6f0,0x0040F6F0,0x0040F6F1,1
FUN_0040f708,0x0040F708,0x0040F720,24
FUN_0040f720,0x0040F720,0x0040F721,1
FUN_0040f808,0x0040F808,0x0040F840,56
FUN_0040f840,0x0040F840,0x0040F860,32
FUN_0040f860,0x0040F860,0x0040F861,1
FUN_0040f8c4,0x0040F8C4,0x0040F8D8,20
FUN_0040f8d8,0x0040F8D8,0x0040F8D9,1
FUN_0040f908,0x0040F908,0x0040FC74,876
FUN_0040fc74,0x0040FC74,0x0040FC90,28
FUN_0040fc90,0x0040FC90,0x0040FC91,1
FUN_0040fcd0,0x0040FCD0,0x0040FCE0,16
FUN_0040fce0,0x0040FCE0,0x0040FE68,392
FUN_0040fe68,0x0040FE68,0x0040FF40,216
FUN_0040ff40,0x0040FF40,0x0040FF41,1
FUN_0040ff68,0x0040FF68,0x00410054,236
FUN_00410054,0x00410054,0x00410080,44
FUN_00410080,0x00410080,0x004100A4,36
FUN_004100a4,0x004100A4,0x00410268,452
FUN_00410268,0x00410268,0x0041026C,4
FUN_0041026c,0x0041026C,0x00410278,12
FUN_00410278,0x00410278,0x00410288,16
FUN_00410288,0x00410288,0x00410290,8
FUN_00410290,0x00410290,0x00410298,8
FUN_00410298,0x00410298,0x004102C8,48
FUN_004102c8,0x004102C8,0x004102E8,32
FUN_004102e8,0x004102E8,0x00410318,48
FUN_00410318,0x00410318,0x00410324,12
FUN_00410324,0x00410324,0x00410388,100
FUN_00410388,0x00410388,0x00410398,16
FUN_00410398,0x00410398,0x004103A8,16
FUN_004103a8,0x004103A8,0x00410400,88
FUN_00410400,0x00410400,0x00410401,1
FUN_00410424,0x00410424,0x00410448,36
FUN_00410448,0x00410448,0x00410470,40
FUN_00410470,0x00410470,0x00410471,1
FUN_004104d8,0x004104D8,0x0041050C,52
FUN_0041050c,0x0041050C,0x00410620,276
FUN_00410620,0x00410620,0x00410621,1
FUN_0041063c,0x0041063C,0x00410688,76
FUN_00410688,0x00410688,0x00410689,1
FUN_004106f0,0x004106F0,0x00410700,16
FUN_00410700,0x00410700,0x00410758,88
FUN_00410758,0x00410758,0x004107A0,72
FUN_004107a0,0x004107A0,0x004107C0,32
FUN_004107c0,0x004107C0,0x004107D0,16
FUN_004107d0,0x004107D0,0x004108C0,240
FUN_004108c0,0x004108C0,0x004108D8,24
FUN_004108d8,0x004108D8,0x004108D9,1
FUN_0041093c,0x0041093C,0x00410950,20
FUN_00410950,0x00410950,0x00410951,1
FUN_00410970,0x00410970,0x00410AA4,308
FUN_00410aa4,0x00410AA4,0x00410AB0,12
FUN_00410ab0,0x00410AB0,0x00410AB1,1
FUN_00410ac0,0x00410AC0,0x00410AF0,48
FUN_00410af0,0x00410AF0,0x00410AF1,1
FUN_00410b50,0x00410B50,0x00410B51,1
FUN_00410b88,0x00410B88,0x00410B8C,4
FUN_00410b8c,0x00410B8C,0x00410BBC,48
FUN_00410bbc,0x00410BBC,0x00410BE0,36
FUN_00410be0,0x00410BE0,0x00410BE1,1
FUN_00410bf0,0x00410BF0,0x00410C40,80
FUN_00410c40,0x00410C40,0x00410C50,16
FUN_00410c50,0x00410C50,0x00410C70,32
FUN_00410c70,0x00410C70,0x00410C7C,12
FUN_00410c7c,0x00410C7C,0x00410C88,12
FUN_00410c88,0x00410C88,0x00410C90,8
FUN_00410c90,0x00410C90,0x00410CF0,96
FUN_00410cf0,0x00410CF0,0x00410D6C,124
FUN_00410d6c,0x00410D6C,0x00410DA4,56
FUN_00410da4,0x00410DA4,0x00410DD8,52
FUN_00410dd8,0x00410DD8,0x00410E08,48
FUN_00410e08,0x00410E08,0x00410E5C,84
FUN_00410e5c,0x00410E5C,0x00410EA0,68
FUN_00410ea0,0x00410EA0,0x00410EA1,1
FUN_00410f20,0x00410F20,0x00410F21,1
FUN_00410f68,0x00410F68,0x00410FC8,96
FUN_00410fc8,0x00410FC8,0x00410FC9,1
FUN_00411024,0x00411024,0x00411054,48
FUN_00411054,0x00411054,0x004110C8,116
FUN_004110c8,0x004110C8,0x004110C9,1
FUN_00411130,0x00411130,0x00411140,16
FUN_00411140,0x00411140,0x00411150,16
FUN_00411150,0x00411150,0x00411160,16
FUN_00411160,0x00411160,0x00411170,16
FUN_00411170,0x00411170,0x00411178,8
FUN_00411178,0x00411178,0x00411188,16
FUN_00411188,0x00411188,0x004111F8,112
FUN_004111f8,0x004111F8,0x0041123C,68
FUN_0041123c,0x0041123C,0x00411250,20
FUN_00411250,0x00411250,0x00411268,24
FUN_00411268,0x00411268,0x00411270,8
FUN_00411270,0x00411270,0x00411290,32
FUN_00411290,0x00411290,0x004112C8,56
FUN_004112c8,0x004112C8,0x00411300,56
FUN_00411300,0x00411300,0x00411310,16
FUN_00411310,0x00411310,0x00411320,16
FUN_00411320,0x00411320,0x00411330,16
FUN_00411330,0x00411330,0x00411340,16
FUN_00411340,0x00411340,0x00411350,16
FUN_00411350,0x00411350,0x00411360,16
FUN_00411360,0x00411360,0x004113A8,72
FUN_004113a8,0x004113A8,0x004113E0,56
FUN_004113e0,0x004113E0,0x00411478,152
FUN_00411478,0x00411478,0x00411600,392
FUN_00411600,0x00411600,0x00411660,96
FUN_00411660,0x00411660,0x00411690,48
FUN_00411690,0x00411690,0x004116F8,104
FUN_004116f8,0x004116F8,0x00411718,32
FUN_00411718,0x00411718,0x00411738,32
FUN_00411738,0x00411738,0x00411758,32
FUN_00411758,0x00411758,0x00411778,32
FUN_00411778,0x00411778,0x00411798,32
FUN_00411798,0x00411798,0x004117B8,32
FUN_004117b8,0x004117B8,0x004117D8,32
FUN_004117d8,0x004117D8,0x004117F0,24
FUN_004117f0,0x004117F0,0x00411840,80
FUN_00411840,0x00411840,0x00411890,80
FUN_00411890,0x00411890,0x004119E8,344
FUN_004119e8,0x004119E8,0x00411A38,80
FUN_00411a38,0x00411A38,0x00411A80,72
FUN_00411a80,0x00411A80,0x00411AA0,32
FUN_00411aa0,0x00411AA0,0x00411AE8,72
FUN_00411ae8,0x00411AE8,0x00411B38,80
FUN_00411b38,0x00411B38,0x00411B70,56
FUN_00411b70,0x00411B70,0x00411B71,1
FUN_00411bd0,0x00411BD0,0x00411D10,320
FUN_00411d10,0x00411D10,0x00411D11,1
FUN_00411d60,0x00411D60,0x00411D61,1
FUN_00411dc0,0x00411DC0,0x00411DC1,1
FUN_00411e00,0x00411E00,0x00411E01,1
FUN_00411e08,0x00411E08,0x00411E09,1
FUN_00411e18,0x00411E18,0x00411E19,1
FUN_00411e20,0x00411E20,0x00411E21,1
FUN_00411e28,0x00411E28,0x00411E29,1
FUN_00411e30,0x00411E30,0x00411E31,1
FUN_00411f38,0x00411F38,0x00411F40,8
FUN_00411f40,0x00411F40,0x00411F70,48
FUN_00411f70,0x00411F70,0x00411FB0,64
FUN_00411fb0,0x00411FB0,0x00411FC0,16
FUN_00411fc0,0x00411FC0,0x00411FD0,16
FUN_00411fd0,0x00411FD0,0x00411FF0,32
FUN_00411ff0,0x00411FF0,0x00412010,32
FUN_00412010,0x00412010,0x00412050,64
FUN_00412050,0x00412050,0x00412051,1
FUN_00412080,0x00412080,0x00412081,1
FUN_004120b0,0x004120B0,0x004121F0,320
FUN_004121f0,0x004121F0,0x004121F1,1
FUN_00412230,0x00412230,0x00412231,1
FUN_00412310,0x00412310,0x00412311,1
FUN_00412370,0x00412370,0x00412371,1
FUN_004123b8,0x004123B8,0x004123E8,48
FUN_004123e8,0x004123E8,0x00412E18,2608
FUN_00412e18,0x00412E18,0x00412E78,96
FUN_00412e78,0x00412E78,0x00412E88,16
FUN_00412e88,0x00412E88,0x00412EC0,56
FUN_00412ec0,0x00412EC0,0x00412F18,88
FUN_00412f18,0x00412F18,0x00413038,288
FUN_00413038,0x00413038,0x00413088,80
FUN_00413088,0x00413088,0x00413130,168
FUN_00413130,0x00413130,0x00413178,72
FUN_00413178,0x00413178,0x004133C8,592
FUN_004133c8,0x004133C8,0x00413598,464
FUN_00413598,0x00413598,0x004135F0,88
FUN_004135f0,0x004135F0,0x004136E0,240
FUN_004136e0,0x004136E0,0x00413750,112
FUN_00413750,0x00413750,0x00413788,56
FUN_00413788,0x00413788,0x00413838,176
FUN_00413838,0x00413838,0x00413868,48
FUN_00413868,0x00413868,0x004138A8,64
FUN_004138a8,0x004138A8,0x004138A9,1
FUN_004138c8,0x004138C8,0x004138C9,1
FUN_004138f8,0x004138F8,0x004138F9,1
FUN_00413938,0x00413938,0x00413939,1
FUN_00413a28,0x00413A28,0x00413A2C,4
FUN_00413a78,0x00413A78,0x00413A79,1
FUN_00413c78,0x00413C78,0x00413C79,1
FUN_00413d78,0x00413D78,0x00413D79,1
FUN_00413ec8,0x00413EC8,0x00413EC9,1
FUN_004141c8,0x004141C8,0x004141C9,1
FUN_00414418,0x00414418,0x00414419,1
FUN_004144c8,0x004144C8,0x004144D8,16
FUN_004144d8,0x004144D8,0x00414518,64
FUN_00414518,0x00414518,0x00414519,1
FUN_00414644,0x00414644,0x00414670,44
FUN_00414670,0x00414670,0x00414671,1
FUN_00414870,0x00414870,0x00414871,1
FUN_00414a48,0x00414A48,0x00414A49,1
FUN_00414cd8,0x00414CD8,0x00414CE0,8
FUN_00414de8,0x00414DE8,0x00414E70,136
FUN_00414e70,0x00414E70,0x00414EF8,136
FUN_00414ef8,0x00414EF8,0x00414F28,48
FUN_00414f28,0x00414F28,0x00414F58,48
FUN_00414f58,0x00414F58,0x00414FF8,160
FUN_00414ff8,0x00414FF8,0x00415048,80
FUN_00415048,0x00415048,0x0041506C,36
FUN_0041506c,0x0041506C,0x004150B4,72
FUN_004150b4,0x004150B4,0x004150B8,4
FUN_004150b8,0x004150B8,0x00415160,168
FUN_00415160,0x00415160,0x00415188,40
FUN_00415188,0x00415188,0x00415190,8
FUN_00415190,0x00415190,0x00415208,120
FUN_00415208,0x00415208,0x00415228,32
FUN_00415228,0x00415228,0x00415268,64
FUN_00415268,0x00415268,0x004152E0,120
FUN_004152e0,0x004152E0,0x004153D8,248
FUN_004153d8,0x004153D8,0x00415458,128
FUN_00415458,0x00415458,0x00415508,176
FUN_00415508,0x00415508,0x004157D8,720
FUN_004157d8,0x004157D8,0x004157D9,1
FUN_004157f8,0x004157F8,0x00415800,8
FUN_00415800,0x00415800,0x00415818,24
FUN_00415818,0x00415818,0x0041581C,4
FUN_0041581c,0x0041581C,0x00415820,4
FUN_00415820,0x00415820,0x00415830,16
FUN_00415830,0x00415830,0x00415838,8
FUN_00415838,0x00415838,0x00415850,24
FUN_00415850,0x00415850,0x004158B0,96
FUN_004158b0,0x004158B0,0x00415980,208
FUN_00415980,0x00415980,0x004159E8,104
FUN_004159e8,0x004159E8,0x00415A38,80
FUN_00415a38,0x00415A38,0x00415A98,96
FUN_00415a98,0x00415A98,0x00415AC0,40
FUN_00415ac0,0x00415AC0,0x00415B10,80
FUN_00415b10,0x00415B10,0x00415B38,40
FUN_00415b38,0x00415B38,0x00415B90,88
FUN_00415b90,0x00415B90,0x00415C38,168
FUN_00415c38,0x00415C38,0x00415C90,88
FUN_00415c90,0x00415C90,0x00415CE0,80
FUN_00415ce0,0x00415CE0,0x00415DC8,232
FUN_00415dc8,0x00415DC8,0x00415DC9,1
FUN_00415e34,0x00415E34,0x00415F84,336
FUN_00415f84,0x00415F84,0x004161D8,596
FUN_004161d8,0x004161D8,0x00416374,412
FUN_00416374,0x00416374,0x004163B8,68
FUN_004163b8,0x004163B8,0x00416514,348
FUN_00416514,0x00416514,0x00416598,132
FUN_00416598,0x00416598,0x004165D8,64
FUN_004165d8,0x004165D8,0x004167CC,500
FUN_004167cc,0x004167CC,0x00416898,204
FUN_00416898,0x00416898,0x00416DF0,1368
FUN_00416df0,0x00416DF0,0x00416E50,96
FUN_00416e50,0x00416E50,0x00416E68,24
FUN_00416e68,0x00416E68,0x00416E90,40
FUN_00416e90,0x00416E90,0x00417288,1016
FUN_00417288,0x00417288,0x00417340,184
FUN_00417340,0x00417340,0x004173B8,120
FUN_004173b8,0x004173B8,0x00417468,176
FUN_00417468,0x00417468,0x00417610,424
FUN_00417610,0x00417610,0x00417644,52
FUN_00417644,0x00417644,0x00417670,44
FUN_00417670,0x00417670,0x004176A4,52
FUN_004176a4,0x004176A4,0x00417748,164
FUN_00417748,0x00417748,0x00417749,1
FUN_004179a4,0x004179A4,0x00417A30,140
FUN_00417a30,0x00417A30,0x00417A74,68
FUN_00417a74,0x00417A74,0x00417B3C,200
FUN_00417b3c,0x00417B3C,0x00417B60,36
FUN_00417b60,0x00417B60,0x00417B80,32
FUN_00417b80,0x00417B80,0x00417B94,20
FUN_00417b94,0x00417B94,0x00417C68,212
FUN_00417c68,0x00417C68,0x00417D28,192
FUN_00417d28,0x00417D28,0x00417D88,96
FUN_00417d88,0x00417D88,0x00417D89,1
FUN_00417d90,0x00417D90,0x00417DA0,16
FUN_00417da0,0x00417DA0,0x00417DA1,1
FUN_00417dc0,0x00417DC0,0x00417DC1,1
FUN_00417eb0,0x00417EB0,0x00417EC0,16
FUN_00417ec0,0x00417EC0,0x00417EC8,8
FUN_00417ec8,0x00417EC8,0x00417ED0,8
FUN_00417ed0,0x00417ED0,0x00417ED8,8
FUN_00417ed8,0x00417ED8,0x00417EE0,8
FUN_00417ee0,0x00417EE0,0x00417EE4,4
FUN_00417ee4,0x00417EE4,0x00417EF8,20
FUN_00417ef8,0x00417EF8,0x00417F08,16
FUN_00417f08,0x00417F08,0x00417F18,16
FUN_00417f18,0x00417F18,0x00417F28,16
FUN_00417f28,0x00417F28,0x00417F70,72
FUN_00417f70,0x00417F70,0x00417F90,32
FUN_00417f90,0x00417F90,0x00417FB0,32
FUN_00417fb0,0x00417FB0,0x00417FD0,32
FUN_00417fd0,0x00417FD0,0x00417FE8,24
FUN_00417fe8,0x00417FE8,0x00417FF8,16
FUN_00417ff8,0x00417FF8,0x00418010,24
FUN_00418010,0x00418010,0x00418028,24
FUN_00418028,0x00418028,0x00418030,8
FUN_00418030,0x00418030,0x00418050,32
FUN_00418050,0x00418050,0x00418070,32
FUN_00418070,0x00418070,0x004180A0,48
FUN_004180a0,0x004180A0,0x004180F0,80
FUN_004180f0,0x004180F0,0x00418120,48
FUN_00418120,0x00418120,0x004181C8,168
FUN_004181c8,0x004181C8,0x00418240,120
FUN_00418240,0x00418240,0x00418260,32
FUN_00418260,0x00418260,0x00418280,32
FUN_00418280,0x00418280,0x00418288,8
FUN_00418288,0x00418288,0x004182B0,40
FUN_004182b0,0x004182B0,0x004182C0,16
FUN_004182c0,0x004182C0,0x004182D8,24
FUN_004182d8,0x004182D8,0x004182EC,20
FUN_004182ec,0x004182EC,0x00418338,76
FUN_00418338,0x00418338,0x00418360,40
FUN_00418360,0x00418360,0x00418364,4
FUN_00418364,0x00418364,0x004183A0,60
FUN_004183a0,0x004183A0,0x004183A8,8
FUN_004183a8,0x004183A8,0x004183F8,80
FUN_004183f8,0x004183F8,0x00418404,12
FUN_00418404,0x00418404,0x00418408,4
FUN_00418410,0x00418410,0x00418424,20
FUN_00418424,0x00418424,0x00418498,116
FUN_00418498,0x00418498,0x004184A8,16
FUN_004184a8,0x004184A8,0x00418554,172
FUN_00418554,0x00418554,0x00418558,4
FUN_00418558,0x00418558,0x00418560,8
FUN_00418560,0x00418560,0x00418568,8
FUN_00418568,0x00418568,0x00418668,256
FUN_00418668,0x00418668,0x00418670,8
FUN_00418670,0x00418670,0x00418671,1
FUN_004186a8,0x004186A8,0x004186C0,24
FUN_004186c0,0x004186C0,0x00418720,96
FUN_00418720,0x00418720,0x00418738,24
FUN_00418738,0x00418738,0x00418760,40
FUN_00418760,0x00418760,0x00418780,32
FUN_00418780,0x00418780,0x004187E0,96
FUN_004187e0,0x004187E0,0x0041881C,60
FUN_0041881c,0x0041881C,0x00418838,28
FUN_00418838,0x00418838,0x00418848,16
FUN_00418860,0x00418860,0x00418870,16
FUN_00418888,0x00418888,0x00418898,16
FUN_004188b0,0x004188B0,0x004188C0,16
FUN_004188d8,0x004188D8,0x004188E8,16
FUN_00418900,0x00418900,0x00418910,16
FUN_00418928,0x00418928,0x00418929,1
FUN_00418960,0x00418960,0x00418A04,164
FUN_00418a04,0x00418A04,0x00418B3C,312
FUN_00418b3c,0x00418B3C,0x00418E10,724
FUN_00418e10,0x00418E10,0x00418E48,56
FUN_00418e48,0x00418E48,0x004195E8,1952
FUN_004195e8,0x004195E8,0x00419814,556
FUN_00419814,0x00419814,0x0041983C,40
FUN_0041983c,0x0041983C,0x00419BD0,916
FUN_00419bd0,0x00419BD0,0x00419BE0,16
FUN_00419be0,0x00419BE0,0x00419C90,176
FUN_00419c90,0x00419C90,0x00419C98,8
FUN_00419c98,0x00419C98,0x00419D10,120
FUN_00419d10,0x00419D10,0x00419D18,8
FUN_00419d18,0x00419D18,0x00419D78,96
FUN_00419d78,0x00419D78,0x00419DA8,48
FUN_00419da8,0x00419DA8,0x00419DC4,28
FUN_00419dc4,0x00419DC4,0x00419DD0,12
FUN_00419dd0,0x00419DD0,0x00419E00,48
FUN_00419e00,0x00419E00,0x00419E10,16
FUN_00419e10,0x00419E10,0x00419E18,8
FUN_00419e18,0x00419E18,0x00419E28,16
FUN_00419e28,0x00419E28,0x00419E60,56
FUN_00419e60,0x00419E60,0x00419E78,24
FUN_00419e78,0x00419E78,0x00419E88,16
FUN_00419e88,0x00419E88,0x00419FA0,280
FUN_00419fa0,0x00419FA0,0x00419FB8,24
FUN_00419fb8,0x00419FB8,0x00419FC4,12
FUN_00419fc4,0x00419FC4,0x00419FD8,20
FUN_00419fd8,0x00419FD8,0x0041A0D0,248
FUN_0041a0d0,0x0041A0D0,0x0041A0E8,24
FUN_0041a0e8,0x0041A0E8,0x0041A0F8,16
FUN_0041a0f8,0x0041A0F8,0x0041A100,8
FUN_0041a100,0x0041A100,0x0041A1A8,168
FUN_0041a1a8,0x0041A1A8,0x0041A1B0,8
FUN_0041a1b0,0x0041A1B0,0x0041A1C0,16
FUN_0041a1c0,0x0041A1C0,0x0041A1D0,16
FUN_0041a1d0,0x0041A1D0,0x0041A210,64
FUN_0041a210,0x0041A210,0x0041A26C,92
FUN_0041a26c,0x0041A26C,0x0041A2B0,68
FUN_0041a2b0,0x0041A2B0,0x0041A330,128
FUN_0041a330,0x0041A330,0x0041A3A0,112
FUN_0041a3a0,0x0041A3A0,0x0041A650,688
FUN_0041a650,0x0041A650,0x0041A6A8,88
FUN_0041a6a8,0x0041A6A8,0x0041A6C8,32
FUN_0041a6c8,0x0041A6C8,0x0041A7C8,256
FUN_0041a7c8,0x0041A7C8,0x0041A818,80
FUN_0041a818,0x0041A818,0x0041A838,32
FUN_0041a838,0x0041A838,0x0041A898,96
FUN_0041a898,0x0041A898,0x0041A8A8,16
FUN_0041a8a8,0x0041A8A8,0x0041A948,160
FUN_0041a948,0x0041A948,0x0041A960,24
FUN_0041a960,0x0041A960,0x0041A978,24
FUN_0041a978,0x0041A978,0x0041A990,24
FUN_0041a990,0x0041A990,0x0041A9B8,40
FUN_0041a9b8,0x0041A9B8,0x0041A9D8,32
FUN_0041a9d8,0x0041A9D8,0x0041A9F0,24
FUN_0041a9f0,0x0041A9F0,0x0041AA08,24
FUN_0041aa08,0x0041AA08,0x0041AAB0,168
FUN_0041aab0,0x0041AAB0,0x0041AAF0,64
FUN_0041aaf0,0x0041AAF0,0x0041AAF1,1
FUN_0041ab60,0x0041AB60,0x0041ABE4,132
FUN_0041abe4,0x0041ABE4,0x0041AC20,60
FUN_0041ac20,0x0041AC20,0x0041ACC8,168
FUN_0041acc8,0x0041ACC8,0x0041ACE8,32
FUN_0041ace8,0x0041ACE8,0x0041ADB0,200
FUN_0041adb0,0x0041ADB0,0x0041AE20,112
FUN_0041ae20,0x0041AE20,0x0041AE38,24
FUN_0041ae38,0x0041AE38,0x0041AE78,64
FUN_0041ae78,0x0041AE78,0x0041AEA0,40
FUN_0041aea0,0x0041AEA0,0x0041AEA1,1
FUN_0041af18,0x0041AF18,0x0041AF19,1
FUN_0041af20,0x0041AF20,0x0041AF21,1
FUN_0041b048,0x0041B048,0x0041B098,80
FUN_0041b098,0x0041B098,0x0041B0D0,56
FUN_0041b0d0,0x0041B0D0,0x0041B0D1,1
FUN_0041b150,0x0041B150,0x0041B168,24
FUN_0041b168,0x0041B168,0x0041B178,16
FUN_0041b178,0x0041B178,0x0041B180,8
FUN_0041b180,0x0041B180,0x0041B190,16
FUN_0041b190,0x0041B190,0x0041B1A8,24
FUN_0041b1a8,0x0041B1A8,0x0041B208,96
FUN_0041b208,0x0041B208,0x0041B218,16
FUN_0041b218,0x0041B218,0x0041B250,56
FUN_0041b250,0x0041B250,0x0041B251,1
FUN_0041b2b8,0x0041B2B8,0x0041B2D0,24
FUN_0041b2d0,0x0041B2D0,0x0041B2E0,16
FUN_0041b2e0,0x0041B2E0,0x0041B2F0,16
FUN_0041b2f0,0x0041B2F0,0x0041B310,32
FUN_0041b310,0x0041B310,0x0041B320,16
FUN_0041b320,0x0041B320,0x0041B370,80
FUN_0041b370,0x0041B370,0x0041B380,16
FUN_0041b380,0x0041B380,0x0041B408,136
FUN_0041b408,0x0041B408,0x0041B409,1
FUN_0041b420,0x0041B420,0x0041B421,1
FUN_0041b440,0x0041B440,0x0041B441,1
FUN_0041b4d8,0x0041B4D8,0x0041B4E8,16
FUN_0041b4e8,0x0041B4E8,0x0041B598,176
FUN_0041b598,0x0041B598,0x0041B7C4,556
FUN_0041b7c4,0x0041B7C4,0x0041B920,348
FUN_0041b920,0x0041B920,0x0041B921,1
FUN_0041bcf8,0x0041BCF8,0x0041BCF9,1
FUN_0041bd00,0x0041BD00,0x0041BD01,1
FUN_0041be60,0x0041BE60,0x0041BF10,176
FUN_0041bf10,0x0041BF10,0x0041BF48,56
FUN_0041bf48,0x0041BF48,0x0041C0B0,360
FUN_0041c0b0,0x0041C0B0,0x0041C0F8,72
FUN_0041c0f8,0x0041C0F8,0x0041C1D8,224
FUN_0041c1d8,0x0041C1D8,0x0041C228,80
FUN_0041c228,0x0041C228,0x0041C238,16
FUN_0041c238,0x0041C238,0x0041C248,16
FUN_0041c248,0x0041C248,0x0041C258,16
FUN_0041c258,0x0041C258,0x0041C268,16
FUN_0041c268,0x0041C268,0x0041C278,16
FUN_0041c278,0x0041C278,0x0041C288,16
FUN_0041c288,0x0041C288,0x0041C298,16
FUN_0041c298,0x0041C298,0x0041C2A8,16
FUN_0041c2a8,0x0041C2A8,0x0041C2C0,24
FUN_0041c2c0,0x0041C2C0,0x0041C2D0,16
FUN_0041c2d0,0x0041C2D0,0x0041C2E0,16
FUN_0041c2e0,0x0041C2E0,0x0041C2F0,16
FUN_0041c2f0,0x0041C2F0,0x0041C3F0,256
FUN_0041c3f0,0x0041C3F0,0x0041C478,136
FUN_0041c478,0x0041C478,0x0041C4A0,40
FUN_0041c4a0,0x0041C4A0,0x0041C4B0,16
FUN_0041c4b0,0x0041C4B0,0x0041C4E0,48
FUN_0041c4e0,0x0041C4E0,0x0041C500,32
FUN_0041c500,0x0041C500,0x0041C6B8,440
FUN_0041c6b8,0x0041C6B8,0x0041C710,88
FUN_0041c710,0x0041C710,0x0041C718,8
FUN_0041c718,0x0041C718,0x0041C7C0,168
FUN_0041c7c0,0x0041C7C0,0x0041C7C8,8
FUN_0041c7c8,0x0041C7C8,0x0041C910,328
FUN_0041c910,0x0041C910,0x0041C940,48
FUN_0041c940,0x0041C940,0x0041C960,32
FUN_0041c960,0x0041C960,0x0041CA28,200
FUN_0041ca28,0x0041CA28,0x0041CA48,32
FUN_0041ca48,0x0041CA48,0x0041CA88,64
FUN_0041ca88,0x0041CA88,0x0041CC68,480
FUN_0041cc68,0x0041CC68,0x0041CCD8,112
FUN_0041ccd8,0x0041CCD8,0x0041CD40,104
FUN_0041cd40,0x0041CD40,0x0041CDE0,160
FUN_0041cde0,0x0041CDE0,0x0041CE68,136
FUN_0041ce68,0x0041CE68,0x0041CF10,168
FUN_0041cf10,0x0041CF10,0x0041CFC0,176
FUN_0041cfc0,0x0041CFC0,0x0041D008,72
FUN_0041d008,0x0041D008,0x0041D010,8
FUN_0041d010,0x0041D010,0x0041D020,16
FUN_0041d020,0x0041D020,0x0041D030,16
FUN_0041d030,0x0041D030,0x0041D0AC,124
FUN_0041d0ac,0x0041D0AC,0x0041D138,140
FUN_0041d138,0x0041D138,0x0041D140,8
FUN_0041d140,0x0041D140,0x0041D141,1
FUN_0041d144,0x0041D144,0x0041D170,44
FUN_0041d170,0x0041D170,0x0041D1E0,112
FUN_0041d1e0,0x0041D1E0,0x0041D230,80
FUN_0041d230,0x0041D230,0x0041D2D0,160
FUN_0041d2d0,0x0041D2D0,0x0041D2D1,1
FUN_0041d2e0,0x0041D2E0,0x0041D2E1,1
FUN_0041d2f0,0x0041D2F0,0x0041D2F1,1
FUN_0041d480,0x0041D480,0x0041D490,16
FUN_0041d490,0x0041D490,0x0041D4B0,32
FUN_0041d4b0,0x0041D4B0,0x0041D4D0,32
FUN_0041d4d0,0x0041D4D0,0x0041D578,168
FUN_0041d578,0x0041D578,0x0041D610,152
FUN_0041d610,0x0041D610,0x0041D611,1
FUN_0041d650,0x0041D650,0x0041D651,1
FUN_0041d750,0x0041D750,0x0041D790,64
FUN_0041d790,0x0041D790,0x0041D7E0,80
FUN_0041d7e0,0x0041D7E0,0x0041D8B0,208
FUN_0041d8b0,0x0041D8B0,0x0041D990,224
FUN_0041d990,0x0041D990,0x0041D9F8,104
FUN_0041d9f8,0x0041D9F8,0x0041DB40,328
FUN_0041db40,0x0041DB40,0x0041DB60,32
FUN_0041db60,0x0041DB60,0x0041DC90,304
FUN_0041dc90,0x0041DC90,0x0041DCD8,72
FUN_0041dcd8,0x0041DCD8,0x0041DCE8,16
FUN_0041dce8,0x0041DCE8,0x0041DD50,104
FUN_0041dd50,0x0041DD50,0x0041DEE8,408
FUN_0041dee8,0x0041DEE8,0x0041DEF0,8
FUN_0041def0,0x0041DEF0,0x0041DF18,40
FUN_0041df18,0x0041DF18,0x0041DF38,32
FUN_0041df38,0x0041DF38,0x0041DF60,40
FUN_0041df60,0x0041DF60,0x0041DFA0,64
FUN_0041dfa0,0x0041DFA0,0x0041DFB0,16
FUN_0041dfb0,0x0041DFB0,0x0041DFC0,16
FUN_0041dfc0,0x0041DFC0,0x0041DFD0,16
FUN_0041dfd0,0x0041DFD0,0x0041E0A4,212
FUN_0041e0a4,0x0041E0A4,0x0041E0F0,76
FUN_0041e0f0,0x0041E0F0,0x0041E110,32
FUN_0041e110,0x0041E110,0x0041E228,280
FUN_0041e228,0x0041E228,0x0041E2E8,192
FUN_0041e2e8,0x0041E2E8,0x0041E310,40
FUN_0041e310,0x0041E310,0x0041E3EC,220
FUN_0041e3ec,0x0041E3EC,0x0041E410,36
FUN_0041e410,0x0041E410,0x0041E411,1
FUN_0041e498,0x0041E498,0x0041E499,1
FUN_0041e540,0x0041E540,0x0041E560,32
FUN_0041e560,0x0041E560,0x0041E600,160
FUN_0041e600,0x0041E600,0x0041E620,32
FUN_0041e620,0x0041E620,0x0041E640,32
FUN_0041e640,0x0041E640,0x0041E660,32
FUN_0041e660,0x0041E660,0x0041E680,32
FUN_0041e680,0x0041E680,0x0041E6C0,64
FUN_0041e6c0,0x0041E6C0,0x0041E700,64
FUN_0041e700,0x0041E700,0x0041E730,48
FUN_0041e730,0x0041E730,0x0041E750,32
FUN_0041e750,0x0041E750,0x0041E7A0,80
FUN_0041e7a0,0x0041E7A0,0x0041E7C0,32
FUN_0041e7c0,0x0041E7C0,0x0041E7FC,60
FUN_0041e7fc,0x0041E7FC,0x0041E800,4
FUN_0041e800,0x0041E800,0x0041E840,64
FUN_0041e840,0x0041E840,0x0041E88C,76
FUN_0041e88c,0x0041E88C,0x0041E920,148
FUN_0041e920,0x0041E920,0x0041E9C8,168
FUN_0041e9c8,0x0041E9C8,0x0041EA08,64
FUN_0041ea08,0x0041EA08,0x0041EA28,32
FUN_0041ea28,0x0041EA28,0x0041EA29,1
FUN_0041ea70,0x0041EA70,0x0041EA7C,12
FUN_0041ea7c,0x0041EA7C,0x0041EAC0,68
FUN_0041eac0,0x0041EAC0,0x0041EAD0,16
FUN_0041ead0,0x0041EAD0,0x0041EB00,48
FUN_0041eb00,0x0041EB00,0x0041EB08,8
FUN_0041eb08,0x0041EB08,0x0041EB0C,4
FUN_0041eb0c,0x0041EB0C,0x0041EB4C,64
FUN_0041eb4c,0x0041EB4C,0x0041EB5C,16
FUN_0041eb5c,0x0041EB5C,0x0041EB80,36
FUN_0041eb80,0x0041EB80,0x0041EB90,16
FUN_0041eb90,0x0041EB90,0x0041EBA0,16
FUN_0041eba0,0x0041EBA0,0x0041EBB0,16
FUN_0041ebb0,0x0041EBB0,0x0041EBC0,16
FUN_0041ebc0,0x0041EBC0,0x0041EBD4,20
FUN_0041ebd4,0x0041EBD4,0x0041EBDC,8
FUN_0041ebdc,0x0041EBDC,0x0041EBE0,4
FUN_0041ebe0,0x0041EBE0,0x0041EBFC,28
FUN_0041ebfc,0x0041EBFC,0x0041EC00,4
FUN_0041ec00,0x0041EC00,0x0041EC08,8
FUN_0041ec08,0x0041EC08,0x0041EC10,8
FUN_0041ec10,0x0041EC10,0x0041EC18,8
FUN_0041ec18,0x0041EC18,0x0041EC20,8
FUN_0041ec20,0x0041EC20,0x0041EC28,8
FUN_0041ec28,0x0041EC28,0x0041EC30,8
FUN_0041ec30,0x0041EC30,0x0041EC38,8
FUN_0041ec38,0x0041EC38,0x0041EC40,8
FUN_0041ec40,0x0041EC40,0x0041EC48,8
FUN_0041ec48,0x0041EC48,0x0041EC50,8
FUN_0041ec50,0x0041EC50,0x0041EC58,8
FUN_0041ec58,0x0041EC58,0x0041EC60,8
FUN_0041ec60,0x0041EC60,0x0041EC70,16
FUN_0041ec70,0x0041EC70,0x0041EC88,24
FUN_0041ec88,0x0041EC88,0x0041EC90,8
FUN_0041ec90,0x0041EC90,0x0041EC98,8
FUN_0041ec98,0x0041EC98,0x0041EC9C,4
FUN_0041ec9c,0x0041EC9C,0x0041ECA0,4
FUN_0041eca0,0x0041ECA0,0x0041ECA8,8
FUN_0041eca8,0x0041ECA8,0x0041ECB0,8
FUN_0041ecb0,0x0041ECB0,0x0041ECB8,8
FUN_0041ecb8,0x0041ECB8,0x0041ECBC,4
FUN_0041ecbc,0x0041ECBC,0x0041ECC0,4
FUN_0041ecc0,0x0041ECC0,0x0041ECC8,8
FUN_0041ecc8,0x0041ECC8,0x0041ECD0,8
FUN_0041ecd0,0x0041ECD0,0x0041ECF8,40
FUN_0041ecf8,0x0041ECF8,0x0041ED00,8
FUN_0041ed00,0x0041ED00,0x0041ED08,8
FUN_0041ed08,0x0041ED08,0x0041ED40,56
FUN_0041ed40,0x0041ED40,0x0041ED70,48
FUN_0041ed70,0x0041ED70,0x0041ED98,40
FUN_0041ed98,0x0041ED98,0x0041EDCC,52
FUN_0041edcc,0x0041EDCC,0x0041EDE8,28
FUN_0041ede8,0x0041EDE8,0x0041EDF8,16
FUN_0041edf8,0x0041EDF8,0x0041EE7C,132
FUN_0041ee7c,0x0041EE7C,0x0041EF80,260
FUN_0041ef80,0x0041EF80,0x0041EF88,8
FUN_0041ef88,0x0041EF88,0x0041EFA8,32
FUN_0041efa8,0x0041EFA8,0x0041EFB8,16
FUN_0041efb8,0x0041EFB8,0x0041F0A8,240
FUN_0041f0a8,0x0041F0A8,0x0041F0B0,8
FUN_0041f0b0,0x0041F0B0,0x0041F0B8,8
FUN_0041f0b8,0x0041F0B8,0x0041F0C0,8
FUN_0041f0c0,0x0041F0C0,0x0041F100,64
FUN_0041f100,0x0041F100,0x0041F138,56
FUN_0041f138,0x0041F138,0x0041F140,8
FUN_0041f140,0x0041F140,0x0041F160,32
FUN_0041f160,0x0041F160,0x0041F161,1
FUN_0041f178,0x0041F178,0x0041F1D0,88
FUN_0041f1d0,0x0041F1D0,0x0041F1D1,1
FUN_0041f200,0x0041F200,0x0041F201,1
FUN_0041f228,0x0041F228,0x0041F278,80
FUN_0041f278,0x0041F278,0x0041F298,32
FUN_0041f298,0x0041F298,0x0041F340,168
FUN_0041f340,0x0041F340,0x0041F350,16
FUN_0041f350,0x0041F350,0x0041F3B0,96
FUN_0041f3b0,0x0041F3B0,0x0041F3E0,48
FUN_0041f3e0,0x0041F3E0,0x0041F420,64
FUN_0041f420,0x0041F420,0x0041F438,24
FUN_0041f438,0x0041F438,0x0041F450,24
FUN_0041f450,0x0041F450,0x0041F46C,28
FUN_0041f46c,0x0041F46C,0x0041F470,4
FUN_0041f470,0x0041F470,0x0041F4A0,48
FUN_0041f4a0,0x0041F4A0,0x0041F4B0,16
FUN_0041f4b0,0x0041F4B0,0x0041F530,128
FUN_0041f530,0x0041F530,0x0041F548,24
FUN_0041f548,0x0041F548,0x0041F650,264
FUN_0041f650,0x0041F650,0x0041F6F0,160
FUN_0041f6f0,0x0041F6F0,0x0041F708,24
FUN_0041f708,0x0041F708,0x0041F858,336
FUN_0041f858,0x0041F858,0x0041F8D8,128
FUN_0041f8d8,0x0041F8D8,0x0041F8E0,8
FUN_0041f8e0,0x0041F8E0,0x0041F8E1,1
FUN_0041f910,0x0041F910,0x0041F911,1
FUN_0041f930,0x0041F930,0x0041F931,1
FUN_0041f970,0x0041F970,0x0041FA58,232
FUN_0041fa58,0x0041FA58,0x0041FA70,24
FUN_0041fa70,0x0041FA70,0x0041FAA0,48
FUN_0041faa0,0x0041FAA0,0x0041FAE0,64
FUN_0041fae0,0x0041FAE0,0x0041FB20,64
FUN_0041fb20,0x0041FB20,0x0041FB60,64
FUN_0041fb60,0x0041FB60,0x0041FB78,24
FUN_0041fb78,0x0041FB78,0x0041FC00,136
FUN_0041fc00,0x0041FC00,0x0041FC80,128
FUN_0041fc80,0x0041FC80,0x0041FDEC,364
FUN_0041fdec,0x0041FDEC,0x0041FE30,68
FUN_0041fe30,0x0041FE30,0x0041FECC,156
FUN_0041fecc,0x0041FECC,0x0041FF08,60
FUN_0041ff08,0x0041FF08,0x00420038,304
FUN_00420038,0x00420038,0x00420108,208
FUN_00420108,0x00420108,0x00420118,16
FUN_00420118,0x00420118,0x004201DC,196
FUN_004201dc,0x004201DC,0x00420218,60
FUN_00420218,0x00420218,0x00420298,128
FUN_00420298,0x00420298,0x00420380,232
FUN_00420380,0x00420380,0x004203B0,48
FUN_004203b0,0x004203B0,0x004204B0,256
FUN_004204b0,0x004204B0,0x00420570,192
FUN_00420570,0x00420570,0x00420654,228
FUN_00420654,0x00420654,0x0042065C,8
FUN_0042065c,0x0042065C,0x0042067C,32
FUN_0042067c,0x0042067C,0x004206B0,52
FUN_004206b0,0x004206B0,0x00420718,104
FUN_00420718,0x00420718,0x00420730,24
FUN_00420730,0x00420730,0x004207C8,152
FUN_004207c8,0x004207C8,0x004207DC,20
FUN_004207dc,0x004207DC,0x004207E0,4
FUN_004207e0,0x004207E0,0x004207E8,8
FUN_004207e8,0x004207E8,0x00420808,32
FUN_00420808,0x00420808,0x00420850,72
FUN_00420850,0x00420850,0x00420854,4
FUN_00420854,0x00420854,0x00420870,28
FUN_00420870,0x00420870,0x00420880,16
FUN_00420880,0x00420880,0x00420898,24
FUN_00420898,0x00420898,0x004208D8,64
FUN_004208d8,0x004208D8,0x004208E4,12
FUN_004208e4,0x004208E4,0x004208F0,12
FUN_004208f0,0x004208F0,0x00420910,32
FUN_00420910,0x00420910,0x00420920,16
FUN_00420920,0x00420920,0x00420A38,280
FUN_00420a38,0x00420A38,0x00420A50,24
FUN_00420a50,0x00420A50,0x00420A60,16
FUN_00420a60,0x00420A60,0x00420A64,4
FUN_00420a64,0x00420A64,0x00420AB8,84
FUN_00420ab8,0x00420AB8,0x00420B58,160
FUN_00420b58,0x00420B58,0x00420CD0,376
FUN_00420cd0,0x00420CD0,0x00420DA4,212
FUN_00420da4,0x00420DA4,0x00420DC4,32
FUN_00420dc4,0x00420DC4,0x00420DE4,32
FUN_00420de4,0x00420DE4,0x00420E1C,56
FUN_00420e1c,0x00420E1C,0x00420FB0,404
FUN_00420fb0,0x00420FB0,0x00420FE4,52
FUN_00420fe4,0x00420FE4,0x00420FF8,20
FUN_00420ff8,0x00420FF8,0x00421144,332
FUN_00421144,0x00421144,0x004211C0,124
FUN_004211c0,0x004211C0,0x004211F8,56
FUN_004211f8,0x004211F8,0x00421208,16
FUN_00421208,0x00421208,0x00421210,8
FUN_00421210,0x00421210,0x00421220,16
FUN_00421220,0x00421220,0x00421228,8
FUN_00421228,0x00421228,0x00421298,112
FUN_00421298,0x00421298,0x00421324,140
FUN_00421324,0x00421324,0x00421368,68
FUN_00421368,0x00421368,0x00421440,216
FUN_00421440,0x00421440,0x004214C0,128
FUN_004214c0,0x004214C0,0x004214CC,12
FUN_004214cc,0x004214CC,0x004214E8,28
FUN_004214e8,0x004214E8,0x004214F0,8
FUN_004214f0,0x004214F0,0x00421524,52
FUN_00421524,0x00421524,0x00421530,12
FUN_00421530,0x00421530,0x00421558,40
FUN_00421558,0x00421558,0x00421598,64
FUN_00421598,0x00421598,0x004215A8,16
FUN_004215a8,0x004215A8,0x004215B8,16
FUN_004215b8,0x004215B8,0x004215C8,16
FUN_004215c8,0x004215C8,0x004215E8,32
FUN_004215e8,0x004215E8,0x00421600,24
FUN_00421600,0x00421600,0x00421608,8
FUN_00421608,0x00421608,0x00421610,8
FUN_00421610,0x00421610,0x00421634,36
FUN_00421634,0x00421634,0x00421644,16
FUN_00421644,0x00421644,0x004216B8,116
FUN_004216b8,0x004216B8,0x004216C0,8
FUN_004216c0,0x004216C0,0x00421710,80
FUN_00421710,0x00421710,0x00421720,16
FUN_00421720,0x00421720,0x00421728,8
FUN_00421728,0x00421728,0x00421740,24
FUN_00421740,0x00421740,0x00421744,4
FUN_00421744,0x00421744,0x0042174C,8
FUN_0042174c,0x0042174C,0x0042177C,48
FUN_0042177c,0x0042177C,0x004217E0,100
FUN_004217e0,0x004217E0,0x00421828,72
FUN_00421828,0x00421828,0x00421844,28
FUN_00421844,0x00421844,0x00421850,12
FUN_00421850,0x00421850,0x00421851,1
FUN_00421868,0x00421868,0x00421878,16
FUN_00421878,0x00421878,0x00421880,8
FUN_00421880,0x00421880,0x00421890,16
FUN_00421890,0x00421890,0x004218C4,52
FUN_004218c4,0x004218C4,0x004218CC,8
FUN_004218cc,0x004218CC,0x004218D8,12
FUN_004218d8,0x004218D8,0x004218E0,8
FUN_004218e0,0x004218E0,0x004218E8,8
FUN_004218e8,0x004218E8,0x00421900,24
FUN_00421900,0x00421900,0x00421910,16
FUN_00421910,0x00421910,0x00421928,24
FUN_00421928,0x00421928,0x00421930,8
FUN_00421930,0x00421930,0x00421940,16
FUN_00421940,0x00421940,0x00421958,24
FUN_00421958,0x00421958,0x00421998,64
FUN_00421998,0x00421998,0x004219F8,96
FUN_004219f8,0x004219F8,0x004219F9,1
FUN_00421a88,0x00421A88,0x00421AA8,32
FUN_00421aa8,0x00421AA8,0x00421B04,92
FUN_00421b04,0x00421B04,0x00421B08,4
FUN_00421b08,0x00421B08,0x00421B20,24
FUN_00421b20,0x00421B20,0x00421BB0,144
FUN_00421bb0,0x00421BB0,0x00421BB8,8
FUN_00421bb8,0x00421BB8,0x00421BD0,24
FUN_00421bd0,0x00421BD0,0x00421BE8,24
FUN_00421be8,0x00421BE8,0x00421CC8,224
FUN_00421cc8,0x00421CC8,0x00421CD8,16
FUN_00421cd8,0x00421CD8,0x00421D00,40
FUN_00421d00,0x00421D00,0x00421D60,96
FUN_00421d60,0x00421D60,0x00421D78,24
FUN_00421d78,0x00421D78,0x00421DB4,60
FUN_00421db4,0x00421DB4,0x00421DF0,60
FUN_00421df0,0x00421DF0,0x00421E44,84
FUN_00421e44,0x00421E44,0x00421E60,28
FUN_00421e60,0x00421E60,0x00421F08,168
FUN_00421f08,0x00421F08,0x00421F09,1
FUN_00421fac,0x00421FAC,0x00422030,132
FUN_00422030,0x00422030,0x00422044,20
FUN_00422044,0x00422044,0x0042204C,8
FUN_0042204c,0x0042204C,0x00422054,8
FUN_00422054,0x00422054,0x00422090,60
FUN_00422090,0x00422090,0x0042211C,140
FUN_0042211c,0x0042211C,0x00422190,116
FUN_00422190,0x00422190,0x00422200,112
FUN_00422200,0x00422200,0x00422220,32
FUN_00422220,0x00422220,0x00422240,32
FUN_00422240,0x00422240,0x00422260,32
FUN_00422260,0x00422260,0x00422270,16
FUN_00422270,0x00422270,0x00422290,32
FUN_00422290,0x00422290,0x004222B0,32
FUN_004222b0,0x004222B0,0x004222D0,32
FUN_004222d0,0x004222D0,0x004222F0,32
FUN_004222f0,0x004222F0,0x00422310,32
FUN_00422310,0x00422310,0x00422318,8
FUN_00422318,0x00422318,0x00422320,8
FUN_00422320,0x00422320,0x00422324,4
FUN_00422324,0x00422324,0x00422328,4
FUN_00422328,0x00422328,0x00422330,8
FUN_00422330,0x00422330,0x00422354,36
FUN_00422354,0x00422354,0x0042235C,8
FUN_0042235c,0x0042235C,0x00422364,8
FUN_00422364,0x00422364,0x00422380,28
FUN_00422380,0x00422380,0x0042238C,12
FUN_0042238c,0x0042238C,0x004223A0,20
FUN_004223a0,0x004223A0,0x004223D0,48
FUN_004223d0,0x004223D0,0x00422400,48
FUN_00422400,0x00422400,0x00422408,8
FUN_00422408,0x00422408,0x00422438,48
FUN_00422438,0x00422438,0x00422458,32
FUN_00422458,0x00422458,0x00422468,16
FUN_00422468,0x00422468,0x00422480,24
FUN_00422480,0x00422480,0x004224A0,32
FUN_004224a0,0x004224A0,0x004224B0,16
FUN_004224b0,0x004224B0,0x004224D0,32
FUN_004224d0,0x004224D0,0x004224F0,32
FUN_004224f0,0x004224F0,0x00422510,32
FUN_00422510,0x00422510,0x0042255C,76
FUN_0042255c,0x0042255C,0x00422590,52
FUN_00422590,0x00422590,0x004225B0,32
FUN_004225b0,0x004225B0,0x00422618,104
FUN_00422618,0x00422618,0x00422628,16
FUN_00422628,0x00422628,0x00422680,88
FUN_00422680,0x00422680,0x00422681,1
FUN_004226a4,0x004226A4,0x004226B0,12
FUN_004226b0,0x004226B0,0x004226B1,1
FUN_004226f0,0x004226F0,0x004226F1,1
FUN_00422748,0x00422748,0x00422750,8
FUN_00422760,0x00422760,0x00422761,1
FUN_00422780,0x00422780,0x00422781,1
FUN_004227b4,0x004227B4,0x004227D0,28
FUN_004227d0,0x004227D0,0x004227E8,24
FUN_004227e8,0x004227E8,0x00422800,24
FUN_00422800,0x00422800,0x0042284C,76
FUN_0042284c,0x0042284C,0x004228A0,84
FUN_004228a0,0x004228A0,0x004228CC,44
FUN_004228cc,0x004228CC,0x004228EC,32
FUN_004228ec,0x004228EC,0x00422940,84
FUN_00422940,0x00422940,0x00422980,64
FUN_00422980,0x00422980,0x004229EC,108
FUN_004229ec,0x004229EC,0x004229F0,4
FUN_004229f0,0x004229F0,0x004229F1,1
FUN_00422a50,0x00422A50,0x00422A58,8
FUN_00422a58,0x00422A58,0x00422A70,24
FUN_00422a70,0x00422A70,0x00422A80,16
FUN_00422a80,0x00422A80,0x00422A90,16
FUN_00422a90,0x00422A90,0x00422A98,8
FUN_00422a98,0x00422A98,0x00422AE0,72
FUN_00422ae0,0x00422AE0,0x00422AE1,1
FUN_00422af0,0x00422AF0,0x00422B00,16
FUN_00422b00,0x00422B00,0x00422B40,64
FUN_00422b40,0x00422B40,0x00422B78,56
FUN_00422b78,0x00422B78,0x00422B79,1
FUN_00422b80,0x00422B80,0x00422B81,1
FUN_00422c68,0x00422C68,0x00422C80,24
FUN_00422c80,0x00422C80,0x00422C90,16
FUN_00422d00,0x00422D00,0x00422D10,16
FUN_00422d10,0x00422D10,0x00422D11,1
FUN_00422d78,0x00422D78,0x00422D80,8
FUN_00422d80,0x00422D80,0x00422DB0,48
FUN_00422db0,0x00422DB0,0x00422E00,80
FUN_00422e00,0x00422E00,0x00422FB8,440
FUN_00422fb8,0x00422FB8,0x00422FE0,40
FUN_00422fe0,0x00422FE0,0x004230CC,236
FUN_004230cc,0x004230CC,0x00423150,132
FUN_00423150,0x00423150,0x0042322C,220
FUN_0042322c,0x0042322C,0x004232E8,188
FUN_004232e8,0x004232E8,0x00423310,40
FUN_00423310,0x00423310,0x00423350,64
FUN_00423350,0x00423350,0x00423368,24
FUN_00423368,0x00423368,0x00423380,24
FUN_00423380,0x00423380,0x00423398,24
FUN_00423398,0x00423398,0x004233A8,16
FUN_004233a8,0x004233A8,0x004233E8,64
FUN_004233e8,0x004233E8,0x00423408,32
FUN_00423408,0x00423408,0x00423410,8
FUN_00423410,0x00423410,0x00423420,16
FUN_00423420,0x00423420,0x00423430,16
FUN_00423430,0x00423430,0x004234F8,200
FUN_004234f8,0x004234F8,0x00423540,72
FUN_00423540,0x00423540,0x004235D4,148
FUN_004235d4,0x004235D4,0x004235F0,28
FUN_004235f0,0x004235F0,0x004235F1,1
FUN_00423650,0x00423650,0x00423651,1
FUN_00423668,0x00423668,0x00423690,40
FUN_00423690,0x00423690,0x00423698,8
FUN_00423698,0x00423698,0x00423798,256
FUN_00423798,0x00423798,0x00423799,1
FUN_004237c8,0x004237C8,0x004237C9,1
FUN_00423800,0x00423800,0x00423840,64
FUN_00423840,0x00423840,0x00423860,32
FUN_00423860,0x00423860,0x00423880,32
FUN_00423880,0x00423880,0x004238A0,32
FUN_004238a0,0x004238A0,0x004238C0,32
FUN_004238c0,0x004238C0,0x00423900,64
FUN_00423900,0x00423900,0x00423940,64
FUN_00423940,0x00423940,0x00423980,64
FUN_00423980,0x00423980,0x00423998,24
FUN_00423998,0x00423998,0x004239C0,40
FUN_004239c0,0x004239C0,0x00423A20,96
FUN_00423a20,0x00423A20,0x00423A24,4
FUN_00423a24,0x00423A24,0x00423AF0,204
FUN_00423af0,0x00423AF0,0x00423C38,328
FUN_00423c38,0x00423C38,0x00423D28,240
FUN_00423d28,0x00423D28,0x00423D98,112
FUN_00423d98,0x00423D98,0x00423D99,1
FUN_00423db0,0x00423DB0,0x00423DF8,72
FUN_00423df8,0x00423DF8,0x00423E08,16
FUN_00423e08,0x00423E08,0x00423E58,80
FUN_00423e58,0x00423E58,0x00423E60,8
FUN_00423e60,0x00423E60,0x00423E68,8
FUN_00423e68,0x00423E68,0x00423F78,272
FUN_00423f78,0x00423F78,0x00423F79,1
FUN_00423fc0,0x00423FC0,0x00423FD0,16
FUN_00423fd0,0x00423FD0,0x00423FE0,16
FUN_00423fe0,0x00423FE0,0x00424100,288
FUN_00424100,0x00424100,0x00424101,1
FUN_00424130,0x00424130,0x00424170,64
FUN_00424170,0x00424170,0x00424330,448
FUN_00424330,0x00424330,0x00424331,1
FUN_00424350,0x00424350,0x00424370,32
FUN_00424370,0x00424370,0x00424371,1
FUN_00424410,0x00424410,0x0042446C,92
FUN_0042446c,0x0042446C,0x00424498,44
FUN_00424498,0x00424498,0x00424500,104
FUN_00424500,0x00424500,0x00424508,8
FUN_00424508,0x00424508,0x00424534,44
FUN_00424534,0x00424534,0x00424560,44
FUN_00424560,0x00424560,0x0042459C,60
FUN_0042459c,0x0042459C,0x00424718,380
FUN_00424718,0x00424718,0x00424780,104
FUN_00424780,0x00424780,0x00424781,1
FUN_004247b0,0x004247B0,0x004247B1,1
FUN_0042482c,0x0042482C,0x0042484C,32
FUN_0042484c,0x0042484C,0x00424850,4
FUN_00424850,0x00424850,0x00424851,1
FUN_0042486c,0x0042486C,0x0042488C,32
FUN_0042488c,0x0042488C,0x00424890,4
FUN_00424890,0x00424890,0x00424891,1
FUN_004248ac,0x004248AC,0x004248CC,32
FUN_004248cc,0x004248CC,0x004248EC,32
FUN_004248ec,0x004248EC,0x004248F8,12
FUN_004248f8,0x004248F8,0x0042490C,20
FUN_0042490c,0x0042490C,0x00424948,60
FUN_00424948,0x00424948,0x004249B0,104
FUN_004249b0,0x004249B0,0x004249C0,16
FUN_004249c0,0x004249C0,0x004249D0,16
FUN_004249d0,0x004249D0,0x00424AC4,244
FUN_00424ac4,0x00424AC4,0x00424B04,64
FUN_00424b04,0x00424B04,0x00424B14,16
FUN_00424b14,0x00424B14,0x00424B20,12
FUN_00424b20,0x00424B20,0x00424B24,4
FUN_00424b24,0x00424B24,0x00424B34,16
FUN_00424b34,0x00424B34,0x00424B58,36
FUN_00424b58,0x00424B58,0x00424B60,8
FUN_00424b60,0x00424B60,0x00424B70,16
FUN_00424b70,0x00424B70,0x00424B80,16
FUN_00424b80,0x00424B80,0x00424B84,4
FUN_00424b84,0x00424B84,0x00424B90,12
FUN_00424b90,0x00424B90,0x00424BAC,28
FUN_00424bac,0x00424BAC,0x00424BB8,12
FUN_00424bb8,0x00424BB8,0x00424BB9,1
FUN_00424bd8,0x00424BD8,0x00424BEC,20
FUN_00424bec,0x00424BEC,0x00424BF4,8
FUN_00424bf4,0x00424BF4,0x00424C30,60
FUN_00424c30,0x00424C30,0x00424C31,1
FUN_00424c50,0x00424C50,0x00424C90,64
FUN_00424c90,0x00424C90,0x00424C91,1
FUN_00424cd0,0x00424CD0,0x00424CD1,1
FUN_00424d48,0x00424D48,0x00424D5C,20
FUN_00424d5c,0x00424D5C,0x00424D70,20
FUN_00424d70,0x00424D70,0x00424D78,8
FUN_00424d78,0x00424D78,0x00424D80,8
FUN_00424d80,0x00424D80,0x00424D88,8
FUN_00424d88,0x00424D88,0x00424F00,376
FUN_00424f00,0x00424F00,0x00424F70,112
FUN_00424f70,0x00424F70,0x00424F80,16
FUN_00424f80,0x00424F80,0x00424F90,16
FUN_00424f90,0x00424F90,0x00424F98,8
FUN_00424f98,0x00424F98,0x00425000,104
FUN_00425000,0x00425000,0x00425038,56
FUN_00425038,0x00425038,0x00425048,16
FUN_00425048,0x00425048,0x00425054,12
FUN_00425054,0x00425054,0x00425058,4
FUN_00425058,0x00425058,0x004250C0,104
FUN_004250c0,0x004250C0,0x004250C8,8
FUN_004250c8,0x004250C8,0x004250D8,16
FUN_004250d8,0x004250D8,0x004250F8,32
FUN_004250f8,0x004250F8,0x00425108,16
FUN_00425108,0x00425108,0x00425118,16
FUN_00425118,0x00425118,0x00425128,16
FUN_00425128,0x00425128,0x004252C0,408
FUN_004252c0,0x004252C0,0x004252C1,1
FUN_004252d8,0x004252D8,0x004252E8,16
FUN_004252e8,0x004252E8,0x00425320,56
FUN_00425320,0x00425320,0x00425321,1
FUN_00425380,0x00425380,0x00425381,1
FUN_004253b0,0x004253B0,0x004253B1,1
FUN_004253ec,0x004253EC,0x00425408,28
FUN_00425408,0x00425408,0x00425420,24
FUN_00425420,0x00425420,0x00425421,1
FUN_00425424,0x00425424,0x00425460,60
FUN_00425460,0x00425460,0x00425461,1
FUN_004254a0,0x004254A0,0x004254A1,1
FUN_004254e0,0x004254E0,0x004254E1,1
FUN_00425540,0x00425540,0x00425541,1
FUN_004255ac,0x004255AC,0x004255B0,4
FUN_004255b0,0x004255B0,0x004255B1,1
FUN_004255e8,0x004255E8,0x004255F0,8
FUN_004255f0,0x004255F0,0x004255F1,1
FUN_00425618,0x00425618,0x00425630,24
FUN_00425630,0x00425630,0x00425631,1
FUN_00425680,0x00425680,0x00425681,1
FUN_004256d0,0x004256D0,0x004256D1,1
FUN_00425724,0x00425724,0x00425730,12
FUN_00425730,0x00425730,0x00425731,1
FUN_00425774,0x00425774,0x00425780,12
FUN_00425780,0x00425780,0x00425781,1
FUN_004257b0,0x004257B0,0x004257DC,44
FUN_004257dc,0x004257DC,0x004257E0,4
FUN_004257e0,0x004257E0,0x004257E1,1
FUN_00425830,0x00425830,0x00425831,1
FUN_004258a0,0x004258A0,0x004258A1,1
FUN_004258a4,0x004258A4,0x004258D0,44
FUN_004258d0,0x004258D0,0x004258D1,1
FUN_004258f8,0x004258F8,0x00425910,24
FUN_00425910,0x00425910,0x00425918,8
FUN_00425918,0x00425918,0x00425950,56
FUN_00425950,0x00425950,0x00425990,64
FUN_00425990,0x00425990,0x00425991,1
FUN_004259b0,0x004259B0,0x004259B1,1
FUN_004259bc,0x004259BC,0x004259D8,28
FUN_004259d8,0x004259D8,0x004259E8,16
FUN_004259e8,0x004259E8,0x00425A08,32
FUN_00425a08,0x00425A08,0x00425A10,8
FUN_00425a10,0x00425A10,0x00425A18,8
FUN_00425a18,0x00425A18,0x00425A48,48
FUN_00425a48,0x00425A48,0x00425AC8,128
FUN_00425ac8,0x00425AC8,0x00425AE0,24
FUN_00425ae0,0x00425AE0,0x00425B00,32
FUN_00425b00,0x00425B00,0x00425B88,136
FUN_00425b88,0x00425B88,0x00425BA8,32
FUN_00425ba8,0x00425BA8,0x00425BC0,24
FUN_00425bc0,0x00425BC0,0x00425BD0,16
FUN_00425bd0,0x00425BD0,0x00425BE8,24
FUN_00425be8,0x00425BE8,0x00425C00,24
FUN_00425c00,0x00425C00,0x00425C20,32
FUN_00425c20,0x00425C20,0x00425C38,24
FUN_00425c38,0x00425C38,0x00425C50,24
FUN_00425c50,0x00425C50,0x00425C60,16
FUN_00425c60,0x00425C60,0x00425C68,8
FUN_00425c68,0x00425C68,0x00425C88,32
FUN_00425c88,0x00425C88,0x00425CB8,48
FUN_00425cb8,0x00425CB8,0x00425CF0,56
FUN_00425cf0,0x00425CF0,0x00425D08,24
FUN_00425d08,0x00425D08,0x00425D58,80
FUN_00425d58,0x00425D58,0x00425D78,32
FUN_00425d78,0x00425D78,0x00425DB8,64
FUN_00425db8,0x00425DB8,0x00425E18,96
FUN_00425e18,0x00425E18,0x00425E20,8
FUN_00425e20,0x00425E20,0x00425EA8,136
FUN_00425ea8,0x00425EA8,0x00425EB8,16
FUN_00425eb8,0x00425EB8,0x00425EC0,8
FUN_00425ec0,0x00425EC0,0x00425ED0,16
FUN_00425ed0,0x00425ED0,0x00425EF0,32
FUN_00425ef0,0x00425EF0,0x00425EF8,8
FUN_00425ef8,0x00425EF8,0x00425F30,56
FUN_00425f30,0x00425F30,0x00425F90,96
FUN_00425f90,0x00425F90,0x00425FE0,80
FUN_00425fe0,0x00425FE0,0x00426000,32
FUN_00426000,0x00426000,0x00426048,72
FUN_00426048,0x00426048,0x00426060,24
FUN_00426060,0x00426060,0x00426080,32
FUN_00426080,0x00426080,0x004260A8,40
FUN_004260a8,0x004260A8,0x004260C0,24
FUN_004260c0,0x004260C0,0x004260C1,1
FUN_00426154,0x00426154,0x004261D0,124
FUN_004261d0,0x004261D0,0x004261F8,40
FUN_004261f8,0x004261F8,0x00426218,32
FUN_00426218,0x00426218,0x00426230,24
FUN_00426230,0x00426230,0x00426260,48
FUN_00426260,0x00426260,0x004262C0,96
FUN_004262c0,0x004262C0,0x00426334,116
FUN_00426334,0x00426334,0x00426348,20
FUN_00426348,0x00426348,0x00426349,1
FUN_00426350,0x00426350,0x00426351,1
FUN_004263a0,0x004263A0,0x004263A8,8
FUN_004263a8,0x004263A8,0x004263B0,8
FUN_004263b0,0x004263B0,0x00426400,80
FUN_00426400,0x00426400,0x00426401,1
FUN_00426410,0x00426410,0x00426411,1
FUN_00426430,0x00426430,0x00426431,1
FUN_00426460,0x00426460,0x00426461,1
FUN_00426478,0x00426478,0x00426488,16
FUN_00426488,0x00426488,0x004264F0,104
FUN_004264f0,0x004264F0,0x004264F1,1
FUN_00426510,0x00426510,0x00426511,1
FUN_00426540,0x00426540,0x00426541,1
FUN_0042654c,0x0042654C,0x00426588,60
FUN_00426588,0x00426588,0x00426589,1
FUN_004265a0,0x004265A0,0x004265A1,1
FUN_004265a8,0x004265A8,0x004265C8,32
FUN_004265c8,0x004265C8,0x004265D0,8
FUN_004265d0,0x004265D0,0x004265D1,1
FUN_00426600,0x00426600,0x00426601,1
FUN_00426640,0x00426640,0x00426641,1
FUN_00426680,0x00426680,0x00426681,1
FUN_004266a0,0x004266A0,0x004266A1,1
FUN_004266e0,0x004266E0,0x004266E1,1
FUN_00426710,0x00426710,0x00426711,1
FUN_00426758,0x00426758,0x00426774,28
FUN_00426774,0x00426774,0x00426778,4
FUN_00426778,0x00426778,0x00426788,16
FUN_00426788,0x00426788,0x004267A0,24
FUN_004267a0,0x004267A0,0x004267D0,48
FUN_004267d0,0x004267D0,0x004267F8,40
FUN_004267f8,0x004267F8,0x00426818,32
FUN_00426818,0x00426818,0x00426828,16
FUN_00426828,0x00426828,0x00426890,104
FUN_00426890,0x00426890,0x004268C8,56
FUN_004268c8,0x004268C8,0x004268C9,1
FUN_004268e0,0x004268E0,0x004268E1,1
FUN_00426910,0x00426910,0x00426911,1
FUN_00426940,0x00426940,0x00426941,1
FUN_00426980,0x00426980,0x00426981,1
FUN_004269c0,0x004269C0,0x004269C1,1
FUN_00426a00,0x00426A00,0x00426A01,1
FUN_00426a40,0x00426A40,0x00426A41,1
FUN_00426a70,0x00426A70,0x00426A71,1
FUN_00426a90,0x00426A90,0x00426AD0,64
FUN_00426ad0,0x00426AD0,0x00426AE0,16
FUN_00426ae0,0x00426AE0,0x00426AF0,16
FUN_00426af0,0x00426AF0,0x00426B00,16
FUN_00426b00,0x00426B00,0x00426BA0,160
FUN_00426ba0,0x00426BA0,0x00426BB0,16
FUN_00426bb0,0x00426BB0,0x00426C98,232
FUN_00426c98,0x00426C98,0x00426D8C,244
FUN_00426d8c,0x00426D8C,0x00426DA4,24
FUN_00426da4,0x00426DA4,0x00426DE0,60
FUN_00426de0,0x00426DE0,0x00426DE1,1
FUN_00426e10,0x00426E10,0x00426E38,40
FUN_00426e38,0x00426E38,0x00426E68,48
FUN_00426e68,0x00426E68,0x00426E98,48
FUN_00426e98,0x00426E98,0x00426EC8,48
FUN_00426ec8,0x00426EC8,0x00426F70,168
FUN_00426f70,0x00426F70,0x00427078,264
FUN_00427078,0x00427078,0x00427079,1
FUN_00427170,0x00427170,0x00427300,400
FUN_00427300,0x00427300,0x00427408,264
FUN_00427408,0x00427408,0x00427418,16
FUN_00427418,0x00427418,0x00427440,40
FUN_00427440,0x00427440,0x00427490,80
FUN_00427490,0x00427490,0x00427540,176
FUN_00427540,0x00427540,0x00427550,16
FUN_00427550,0x00427550,0x00427690,320
FUN_00427690,0x00427690,0x00427698,8
FUN_00427698,0x00427698,0x004276C8,48
FUN_004276c8,0x004276C8,0x00427730,104
FUN_00427730,0x00427730,0x00427780,80
FUN_00427780,0x00427780,0x004277C0,64
FUN_004277c0,0x004277C0,0x0042780C,76
FUN_0042780c,0x0042780C,0x00427820,20
FUN_00427820,0x00427820,0x00427930,272
FUN_00427930,0x00427930,0x004279B4,132
FUN_004279b4,0x004279B4,0x004279E0,44
FUN_004279e0,0x004279E0,0x00427A70,144
FUN_00427a70,0x00427A70,0x00427A80,16
FUN_00427a80,0x00427A80,0x00427A88,8
FUN_00427a88,0x00427A88,0x00427A90,8
FUN_00427a90,0x00427A90,0x00427AC8,56
FUN_00427ac8,0x00427AC8,0x00427AD0,8
FUN_00427ad0,0x00427AD0,0x00427AE0,16
FUN_00427ae0,0x00427AE0,0x00427B08,40
FUN_00427b08,0x00427B08,0x00427B68,96
FUN_00427b68,0x00427B68,0x00427B90,40
FUN_00427b90,0x00427B90,0x00427B91,1
FUN_00427bf8,0x00427BF8,0x00427C40,72
FUN_00427c40,0x00427C40,0x00427C80,64
FUN_00427c80,0x00427C80,0x00427CA0,32
FUN_00427ca0,0x00427CA0,0x00427CE0,64
FUN_00427ce0,0x00427CE0,0x00427DF0,272
FUN_00427df0,0x00427DF0,0x00427E20,48
FUN_00427e20,0x00427E20,0x00427EA8,136
FUN_00427ea8,0x00427EA8,0x00427EB8,16
FUN_00427eb8,0x00427EB8,0x00427F28,112
FUN_00427f28,0x00427F28,0x00427F29,1
FUN_00427fa8,0x00427FA8,0x00428048,160
FUN_00428048,0x00428048,0x00428049,1
FUN_00428090,0x00428090,0x004280A8,24
FUN_004280a8,0x004280A8,0x004280B0,8
FUN_004280b0,0x004280B0,0x004280C0,16
FUN_004280c0,0x004280C0,0x00428150,144
FUN_00428150,0x00428150,0x004281D0,128
FUN_004281d0,0x004281D0,0x004281D1,1
FUN_004281f8,0x004281F8,0x00428200,8
FUN_00428200,0x00428200,0x004282C0,192
FUN_004282c0,0x004282C0,0x004282E0,32
FUN_004282e0,0x004282E0,0x004282F8,24
FUN_004282f8,0x004282F8,0x00428350,88
FUN_00428350,0x00428350,0x00428351,1
FUN_00428380,0x00428380,0x00428458,216
FUN_00428458,0x00428458,0x0042847C,36
FUN_0042847c,0x0042847C,0x004284C8,76
FUN_004284c8,0x004284C8,0x00428504,60
FUN_00428504,0x00428504,0x004285C8,196
FUN_004285c8,0x004285C8,0x004285D0,8
FUN_004285d0,0x004285D0,0x004285D4,4
FUN_004285d4,0x004285D4,0x004285E0,12
FUN_004285e0,0x004285E0,0x00428628,72
FUN_00428628,0x00428628,0x00428629,1
FUN_004286e8,0x004286E8,0x00428714,44
FUN_00428714,0x00428714,0x00428748,52
FUN_00428748,0x00428748,0x004289D0,648
FUN_004289d0,0x004289D0,0x004289F8,40
FUN_004289f8,0x004289F8,0x00428A80,136
FUN_00428a80,0x00428A80,0x00428AE0,96
FUN_00428ae0,0x00428AE0,0x00428AF0,16
FUN_00428af0,0x00428AF0,0x00428B00,16
FUN_00428b00,0x00428B00,0x00428B70,112
FUN_00428b70,0x00428B70,0x00428CD8,360
FUN_00428cd8,0x00428CD8,0x00428DC8,240
FUN_00428dc8,0x00428DC8,0x00428E00,56
FUN_00428e00,0x00428E00,0x00428F10,272
FUN_00428f10,0x00428F10,0x00429050,320
FUN_00429050,0x00429050,0x00429058,8
FUN_00429058,0x00429058,0x00429184,300
FUN_00429184,0x00429184,0x00429288,260
FUN_00429288,0x00429288,0x004292CC,68
FUN_004292cc,0x004292CC,0x004292EC,32
FUN_004292ec,0x004292EC,0x0042930C,32
FUN_0042930c,0x0042930C,0x0042932C,32
FUN_0042932c,0x0042932C,0x0042934C,32
FUN_0042934c,0x0042934C,0x0042936C,32
FUN_0042936c,0x0042936C,0x0042938C,32
FUN_0042938c,0x0042938C,0x004293A4,24
FUN_004293a4,0x004293A4,0x004293CC,40
FUN_004293cc,0x004293CC,0x004293E8,28
FUN_004293e8,0x004293E8,0x004293EC,4
FUN_004293ec,0x004293EC,0x0042942C,64
FUN_0042942c,0x0042942C,0x0042945C,48
FUN_0042945c,0x0042945C,0x00429470,20
FUN_00429470,0x00429470,0x0042948C,28
FUN_0042948c,0x0042948C,0x004294AC,32
FUN_004294ac,0x004294AC,0x004294E0,52
FUN_004294e0,0x004294E0,0x0042952C,76
FUN_0042952c,0x0042952C,0x004295C4,152
FUN_004295c4,0x004295C4,0x00429628,100
FUN_00429628,0x00429628,0x00429638,16
FUN_00429638,0x00429638,0x00429639,1
FUN_004296d4,0x004296D4,0x004296E8,20
FUN_004296e8,0x004296E8,0x004296F8,16
FUN_004296f8,0x004296F8,0x0042970C,20
FUN_0042970c,0x0042970C,0x0042972C,32
FUN_0042972c,0x0042972C,0x00429730,4
FUN_00429730,0x00429730,0x0042974C,28
FUN_0042974c,0x0042974C,0x004297B0,100
FUN_004297b0,0x004297B0,0x00429800,80
FUN_00429800,0x00429800,0x00429908,264
FUN_00429908,0x00429908,0x0042996C,100
FUN_0042996c,0x0042996C,0x0042998C,32
FUN_0042998c,0x0042998C,0x004299C4,56
FUN_004299c4,0x004299C4,0x004299E0,28
FUN_004299e0,0x004299E0,0x00429B70,400
FUN_00429b70,0x00429B70,0x00429B78,8
FUN_00429b78,0x00429B78,0x00429B9C,36
FUN_00429b9c,0x00429B9C,0x00429BBC,32
FUN_00429bbc,0x00429BBC,0x00429D98,476
FUN_00429d98,0x00429D98,0x00429DE0,72
FUN_00429de0,0x00429DE0,0x00429E10,48
FUN_00429e10,0x00429E10,0x00429E2C,28
FUN_00429e2c,0x00429E2C,0x00429E80,84
FUN_00429e80,0x00429E80,0x00429F0C,140
FUN_00429f10,0x00429F10,0x00429FA4,148
FUN_00429fb0,0x00429FB0,0x0042A048,152
FUN_0042a050,0x0042A050,0x0042A0CC,124
FUN_0042a0d0,0x0042A0D0,0x0042A134,100
FUN_0042a140,0x0042A140,0x0042A19C,92
FUN_0042a19c,0x0042A19C,0x0042A1A4,8
FUN_0042a1a4,0x0042A1A4,0x0042A1C8,36
FUN_0042a1c8,0x0042A1C8,0x0042A1D0,8
FUN_0042a1d0,0x0042A1D0,0x0042A234,100
FUN_0042a238,0x0042A238,0x0042A240,8
FUN_0042a240,0x0042A240,0x0042A260,32
FUN_0042a260,0x0042A260,0x0042A2AC,76
FUN_0042a2b0,0x0042A2B0,0x0042A2E4,52
FUN_0042a2e4,0x0042A2E4,0x0042A314,48
FUN_0042a320,0x0042A320,0x0042A3C0,160
FUN_0042a3c0,0x0042A3C0,0x0042A5F8,568
FUN_0042a5f8,0x0042A5F8,0x0042A67C,132
FUN_0042a680,0x0042A680,0x0042A684,4
FUN_0042a684,0x0042A684,0x0042A68C,8
FUN_0042a68c,0x0042A68C,0x0042A73C,176
FUN_0042a73c,0x0042A73C,0x0042A898,348
FUN_0042a898,0x0042A898,0x0042A8A4,12
FUN_0042a8a4,0x0042A8A4,0x0042A988,228
FUN_0042a990,0x0042A990,0x0042ABF0,608
FUN_0042abf0,0x0042ABF0,0x0042AC44,84
FUN_0042ac50,0x0042AC50,0x0042AC84,52
FUN_0042ac90,0x0042AC90,0x0042ACF4,100
FUN_0042ad00,0x0042AD00,0x0042AD48,72
FUN_0042ad50,0x0042AD50,0x0042ADA8,88
FUN_0042ada8,0x0042ADA8,0x0042ADB4,12
FUN_0042adb4,0x0042ADB4,0x0042AEBC,264
FUN_0042aebc,0x0042AEBC,0x0042AF00,68
FUN_0042af00,0x0042AF00,0x0042AFB0,176
FUN_0042afb0,0x0042AFB0,0x0042AFEC,60
FUN_0042aff0,0x0042AFF0,0x0042B054,100
FUN_0042b060,0x0042B060,0x0042B104,164
FUN_0042b104,0x0042B104,0x0042B134,48
FUN_0042b134,0x0042B134,0x0042B140,12
FUN_0042b140,0x0042B140,0x0042B16C,44
FUN_0042b16c,0x0042B16C,0x0042B174,8
FUN_0042b180,0x0042B180,0x0042B1A4,36
FUN_0042b1a4,0x0042B1A4,0x0042B1E4,64
FUN_0042b1e4,0x0042B1E4,0x0042B204,32
FUN_0042b204,0x0042B204,0x0042B264,96
FUN_0042b264,0x0042B264,0x0042B2D4,112
FUN_0042b2d4,0x0042B2D4,0x0042B380,172
FUN_0042b380,0x0042B380,0x0042B46C,236
FUN_0042b46c,0x0042B46C,0x0042B560,244
FUN_0042b560,0x0042B560,0x0042B580,32
FUN_0042b580,0x0042B580,0x0042B5B4,52
FUN_0042b5b4,0x0042B5B4,0x0042B5D4,32
FUN_0042b5d4,0x0042B5D4,0x0042B5E8,20
FUN_0042b5e8,0x0042B5E8,0x0042B6DC,244
FUN_0042b6dc,0x0042B6DC,0x0042B6F8,28
FUN_0042b6f8,0x0042B6F8,0x0042B700,8
FUN_0042b700,0x0042B700,0x0042B704,4
FUN_0042b704,0x0042B704,0x0042B714,16
FUN_0042b714,0x0042B714,0x0042B750,60
FUN_0042b750,0x0042B750,0x0042B78C,60
FUN_0042b78c,0x0042B78C,0x0042B910,388
FUN_0042b910,0x0042B910,0x0042BA98,392
FUN_0042ba98,0x0042BA98,0x0042BAB4,28
FUN_0042bab4,0x0042BAB4,0x0042BB50,156
FUN_0042bb50,0x0042BB50,0x0042BBB4,100
FUN_0042bbc0,0x0042BBC0,0x0042BBD4,20
FUN_0042bbd4,0x0042BBD4,0x0042BC24,80
FUN_0042bc30,0x0042BC30,0x0042BC94,100
FUN_0042bc94,0x0042BC94,0x0042BCA0,12
FUN_0042bca0,0x0042BCA0,0x0042BCF0,80
FUN_0042bcf0,0x0042BCF0,0x0042BDE0,240
FUN_0042bde0,0x0042BDE0,0x0042BE08,40
FUN_0042be0c,0x0042BE0C,0x0042BE10,4
FUN_0042be10,0x0042BE10,0x0042BE74,100
FUN_0042be80,0x0042BE80,0x0042BE8C,12
FUN_0042be8c,0x0042BE8C,0x0042BEA0,20
FUN_0042bea0,0x0042BEA0,0x0042BEA4,4
FUN_0042bea4,0x0042BEA4,0x0042BF60,188
FUN_0042bf60,0x0042BF60,0x0042BFA4,68
FUN_0042bfb0,0x0042BFB0,0x0042BFEC,60
FUN_0042bff0,0x0042BFF0,0x0042C068,120
FUN_0042c068,0x0042C068,0x0042C164,252
FUN_0042c164,0x0042C164,0x0042C1C0,92
FUN_0042c1c0,0x0042C1C0,0x0042C248,136
FUN_0042c250,0x0042C250,0x0042C2E4,148
FUN_0042c2e4,0x0042C2E4,0x0042C300,28
FUN_0042c300,0x0042C300,0x0042C364,100
FUN_0042c370,0x0042C370,0x0042C3CC,92
FUN_0042c3cc,0x0042C3CC,0x0042C3D4,8
FUN_0042c3e0,0x0042C3E0,0x0042C3E8,8
FUN_0042c3e8,0x0042C3E8,0x0042C3F4,12
FUN_0042c3f4,0x0042C3F4,0x0042C404,16
FUN_0042c404,0x0042C404,0x0042C414,16
FUN_0042c414,0x0042C414,0x0042C430,28
FUN_0042c430,0x0042C430,0x0042C494,100
FUN_0042c494,0x0042C494,0x0042C49C,8
FUN_0042c49c,0x0042C49C,0x0042C4A0,4
FUN_0042c4a0,0x0042C4A0,0x0042C4DC,60
FUN_0042c4e0,0x0042C4E0,0x0042C4E8,8
FUN_0042c4e8,0x0042C4E8,0x0042C59C,180
FUN_0042c59c,0x0042C59C,0x0042C5A0,4
FUN_0042c5a0,0x0042C5A0,0x0042C5C4,36
FUN_0042c5d0,0x0042C5D0,0x0042C654,132
FUN_0042c654,0x0042C654,0x0042C65C,8
FUN_0042c65c,0x0042C65C,0x0042C690,52
FUN_0042c690,0x0042C690,0x0042C724,148
FUN_0042c724,0x0042C724,0x0042C734,16
FUN_0042c734,0x0042C734,0x0042C760,44
FUN_0042c760,0x0042C760,0x0042C790,48
FUN_0042c790,0x0042C790,0x0042C7A4,20
FUN_0042c7b0,0x0042C7B0,0x0042C7B8,8
FUN_0042c7b8,0x0042C7B8,0x0042C82C,116
FUN_0042c82c,0x0042C82C,0x0042C830,4
FUN_0042c830,0x0042C830,0x0042C8BC,140
FUN_0042c8c0,0x0042C8C0,0x0042C8F4,52
FUN_0042c900,0x0042C900,0x0042C95C,92
FUN_0042c960,0x0042C960,0x0042C9B4,84
FUN_0042c9b4,0x0042C9B4,0x0042C9CC,24
FUN_0042c9cc,0x0042C9CC,0x0042C9DC,16
FUN_0042c9dc,0x0042C9DC,0x0042C9F4,24
FUN_0042c9f4,0x0042C9F4,0x0042CA0C,24
FUN_0042ca0c,0x0042CA0C,0x0042CA28,28
FUN_0042ca28,0x0042CA28,0x0042CA2C,4
FUN_0042ca2c,0x0042CA2C,0x0042CA44,24
FUN_0042ca44,0x0042CA44,0x0042CA5C,24
FUN_0042ca5c,0x0042CA5C,0x0042CA68,12
FUN_0042ca68,0x0042CA68,0x0042CB30,200
FUN_0042cb30,0x0042CB30,0x0042CB98,104
FUN_0042cba0,0x0042CBA0,0x0042CBDC,60
FUN_0042cbe0,0x0042CBE0,0x0042CC00,32
FUN_0042cc00,0x0042CC00,0x0042CC70,112
FUN_0042cc70,0x0042CC70,0x0042CD50,224
FUN_0042cd50,0x0042CD50,0x0042CD84,52
FUN_0042cd84,0x0042CD84,0x0042CD94,16
FUN_0042cd94,0x0042CD94,0x0042CDA4,16
FUN_0042cda4,0x0042CDA4,0x0042CDB4,16
FUN_0042cdb4,0x0042CDB4,0x0042CE00,76
FUN_0042ce00,0x0042CE00,0x0042CE44,68
FUN_0042ce50,0x0042CE50,0x0042CE84,52
FUN_0042ce84,0x0042CE84,0x0042CEA8,36
FUN_0042ceb0,0x0042CEB0,0x0042CEB8,8
FUN_0042cec0,0x0042CEC0,0x0042CED4,20
FUN_0042ced4,0x0042CED4,0x0042CEF4,32
FUN_0042cef4,0x0042CEF4,0x0042CF04,16
FUN_0042cf04,0x0042CF04,0x0042CF28,36
FUN_0042cf30,0x0042CF30,0x0042CF34,4
FUN_0042cf34,0x0042CF34,0x0042CF64,48
FUN_0042cf64,0x0042CF64,0x0042CF70,12
FUN_0042cf70,0x0042CF70,0x0042CF7C,12
FUN_0042cf7c,0x0042CF7C,0x0042CF94,24
FUN_0042cf94,0x0042CF94,0x0042CFAC,24
FUN_0042cfac,0x0042CFAC,0x0042CFC8,28
FUN_0042cfd0,0x0042CFD0,0x0042D03C,108
FUN_0042d040,0x0042D040,0x0042D07C,60
FUN_0042d080,0x0042D080,0x0042D0A8,40
FUN_0042d0a8,0x0042D0A8,0x0042D0C4,28
FUN_0042d0c4,0x0042D0C4,0x0042D0E4,32
FUN_0042d0e4,0x0042D0E4,0x0042D15C,120
FUN_0042d15c,0x0042D15C,0x0042D190,52
FUN_0042d190,0x0042D190,0x0042D264,212
FUN_0042d264,0x0042D264,0x0042D270,12
FUN_0042d270,0x0042D270,0x0042D284,20
FUN_0042d284,0x0042D284,0x0042D2E8,100
FUN_0042d2e8,0x0042D2E8,0x0042D310,40
FUN_0042d310,0x0042D310,0x0042D330,32
FUN_0042d330,0x0042D330,0x0042D334,4
FUN_0042d334,0x0042D334,0x0042D378,68
FUN_0042d378,0x0042D378,0x0042D434,188
FUN_0042d434,0x0042D434,0x0042D44C,24
FUN_0042d44c,0x0042D44C,0x0042D478,44
FUN_0042d478,0x0042D478,0x0042D600,392
FUN_0042d600,0x0042D600,0x0042D660,96
FUN_0042d660,0x0042D660,0x0042D680,32
FUN_0042d680,0x0042D680,0x0042D6C0,64
FUN_0042d6c0,0x0042D6C0,0x0042D744,132
FUN_0042d744,0x0042D744,0x0042D7A4,96
FUN_0042d7a4,0x0042D7A4,0x0042D890,236
FUN_0042d890,0x0042D890,0x0042D8DC,76
FUN_0042d8dc,0x0042D8DC,0x0042D8FC,32
FUN_0042d8fc,0x0042D8FC,0x0042D964,104
FUN_0042d964,0x0042D964,0x0042D9C0,92
FUN_0042d9c0,0x0042D9C0,0x0042DA48,136
FUN_0042da48,0x0042DA48,0x0042DBD8,400
FUN_0042dbd8,0x0042DBD8,0x0042DC20,72
FUN_0042dc20,0x0042DC20,0x0042DC2C,12
FUN_0042dc2c,0x0042DC2C,0x0042DC58,44
FUN_0042dc58,0x0042DC58,0x0042DC80,40
FUN_0042dc80,0x0042DC80,0x0042DCEC,108
FUN_0042dcec,0x0042DCEC,0x0042DD20,52
FUN_0042dd20,0x0042DD20,0x0042DD2C,12
FUN_0042dd2c,0x0042DD2C,0x0042DE00,212
FUN_0042de00,0x0042DE00,0x0042DE50,80
FUN_0042de50,0x0042DE50,0x0042DF50,256
FUN_0042df50,0x0042DF50,0x0042DF6C,28
FUN_0042df6c,0x0042DF6C,0x0042DF98,44
FUN_0042df98,0x0042DF98,0x0042E088,240
FUN_0042e088,0x0042E088,0x0042E0A8,32
FUN_0042e0a8,0x0042E0A8,0x0042E0B8,16
FUN_0042e0b8,0x0042E0B8,0x0042E118,96
FUN_0042e118,0x0042E118,0x0042E2A4,396
FUN_0042e2a4,0x0042E2A4,0x0042E2B0,12
FUN_0042e2b0,0x0042E2B0,0x0042E314,100
FUN_0042e314,0x0042E314,0x0042E354,64
FUN_0042e354,0x0042E354,0x0042E364,16
FUN_0042e364,0x0042E364,0x0042E370,12
FUN_0042e370,0x0042E370,0x0042E374,4
FUN_0042e374,0x0042E374,0x0042E384,16
FUN_0042e384,0x0042E384,0x0042E3B8,52
FUN_0042e3b8,0x0042E3B8,0x0042E3C4,12
FUN_0042e3c4,0x0042E3C4,0x0042E3CC,8
FUN_0042e3d0,0x0042E3D0,0x0042E3D8,8
FUN_0042e3d8,0x0042E3D8,0x0042E3E4,12
FUN_0042e3e4,0x0042E3E4,0x0042E434,80
FUN_0042e440,0x0042E440,0x0042E448,8
FUN_0042e448,0x0042E448,0x0042E450,8
FUN_0042e450,0x0042E450,0x0042E47C,44
FUN_0042e47c,0x0042E47C,0x0042E484,8
FUN_0042e484,0x0042E484,0x0042E490,12
FUN_0042e490,0x0042E490,0x0042E4C0,48
FUN_0042e4c0,0x0042E4C0,0x0042E4CC,12
FUN_0042e4cc,0x0042E4CC,0x0042E4F4,40
FUN_0042e500,0x0042E500,0x0042E50C,12
FUN_0042e50c,0x0042E50C,0x0042E534,40
FUN_0042e540,0x0042E540,0x0042E564,36
FUN_0042e570,0x0042E570,0x0042E5F8,136
FUN_0042e600,0x0042E600,0x0042E628,40
FUN_0042e630,0x0042E630,0x0042E6A8,120
FUN_0042e6b0,0x0042E6B0,0x0042E6EC,60
FUN_0042e6f0,0x0042E6F0,0x0042E708,24
FUN_0042e708,0x0042E708,0x0042E724,28
FUN_0042e730,0x0042E730,0x0042E748,24
FUN_0042e748,0x0042E748,0x0042E774,44
FUN_0042e774,0x0042E774,0x0042E788,20
FUN_0042e788,0x0042E788,0x0042E7B0,40
FUN_0042e7b0,0x0042E7B0,0x0042E814,100
FUN_0042e820,0x0042E820,0x0042E8A4,132
FUN_0042e8a4,0x0042E8A4,0x0042E930,140
FUN_0042e930,0x0042E930,0x0042E954,36
FUN_0042e960,0x0042E960,0x0042EA24,196
FUN_0042ea24,0x0042EA24,0x0042EA88,100
FUN_0042ea88,0x0042EA88,0x0042EA8C,4
FUN_0042ea8c,0x0042EA8C,0x0042EAA8,28
FUN_0042eaa8,0x0042EAA8,0x0042EABC,20
FUN_0042eabc,0x0042EABC,0x0042EAC8,12
FUN_0042ead0,0x0042EAD0,0x0042EB48,120
FUN_0042eb50,0x0042EB50,0x0042EB98,72
FUN_0042eb98,0x0042EB98,0x0042EBFC,100
FUN_0042ebfc,0x0042EBFC,0x0042EC94,152
FUN_0042eca0,0x0042ECA0,0x0042ECD4,52
FUN_0042ecd4,0x0042ECD4,0x0042ECF8,36
FUN_0042ecf8,0x0042ECF8,0x0042ED70,120
FUN_0042ed70,0x0042ED70,0x0042EDDC,108
FUN_0042eddc,0x0042EDDC,0x0042EDE8,12
FUN_0042edf0,0x0042EDF0,0x0042EE2C,60
FUN_0042ee2c,0x0042EE2C,0x0042EE54,40
FUN_0042ee60,0x0042EE60,0x0042EE6C,12
FUN_0042ee6c,0x0042EE6C,0x0042EEA8,60
FUN_0042eeb0,0x0042EEB0,0x0042EF14,100
FUN_0042ef14,0x0042EF14,0x0042EF34,32
FUN_0042ef38,0x0042EF38,0x0042EF40,8
FUN_0042ef40,0x0042EF40,0x0042EF5C,28
FUN_0042ef5c,0x0042EF5C,0x0042EFC4,104
FUN_0042efc8,0x0042EFC8,0x0042EFD0,8
FUN_0042efd0,0x0042EFD0,0x0042EFDC,12
FUN_0042efdc,0x0042EFDC,0x0042EFF4,24
FUN_0042eff4,0x0042EFF4,0x0042F010,28
FUN_0042f010,0x0042F010,0x0042F078,104
FUN_0042f080,0x0042F080,0x0042F090,16
FUN_0042f090,0x0042F090,0x0042F094,4
FUN_0042f094,0x0042F094,0x0042F0A4,16
FUN_0042f0a4,0x0042F0A4,0x0042F0D4,48
FUN_0042f0d4,0x0042F0D4,0x0042F14C,120
FUN_0042f14c,0x0042F14C,0x0042F158,12
FUN_0042f160,0x0042F160,0x0042F1D0,112
FUN_0042f1d0,0x0042F1D0,0x0042F1F0,32
FUN_0042f1f0,0x0042F1F0,0x0042F220,48
FUN_0042f220,0x0042F220,0x0042F284,100
FUN_0042f290,0x0042F290,0x0042F2B8,40
FUN_0042f2b8,0x0042F2B8,0x0042F31C,100
FUN_0042f320,0x0042F320,0x0042F35C,60
FUN_0042f360,0x0042F360,0x0042F3C0,96
FUN_0042f3c0,0x0042F3C0,0x0042F3E0,32
FUN_0042f3e0,0x0042F3E0,0x0042F3FC,28
FUN_0042f3fc,0x0042F3FC,0x0042F400,4
FUN_0042f400,0x0042F400,0x0042F440,64
FUN_0042f440,0x0042F440,0x0042F4BC,124
FUN_0042f4bc,0x0042F4BC,0x0042F4C4,8
FUN_0042f4d0,0x0042F4D0,0x0042F4D8,8
FUN_0042f4d8,0x0042F4D8,0x0042F504,44
FUN_0042f504,0x0042F504,0x0042F51C,24
FUN_0042f51c,0x0042F51C,0x0042F548,44
FUN_0042f548,0x0042F548,0x0042F564,28
FUN_0042f568,0x0042F568,0x0042F570,8
FUN_0042f570,0x0042F570,0x0042F590,32
FUN_0042f590,0x0042F590,0x0042F5FC,108
FUN_0042f600,0x0042F600,0x0042F63C,60
FUN_0042f640,0x0042F640,0x0042F654,20
FUN_0042f654,0x0042F654,0x0042F660,12
FUN_0042f660,0x0042F660,0x0042F67C,28
FUN_0042f680,0x0042F680,0x0042F6E4,100
FUN_0042f6f0,0x0042F6F0,0x0042F7CC,220
FUN_0042f7cc,0x0042F7CC,0x0042F7E4,24
FUN_0042f7e4,0x0042F7E4,0x0042F800,28
FUN_0042f800,0x0042F800,0x0042F80C,12
FUN_0042f810,0x0042F810,0x0042F840,48
FUN_0042f840,0x0042F840,0x0042F854,20
FUN_0042f854,0x0042F854,0x0042F874,32
FUN_0042f880,0x0042F880,0x0042F888,8
FUN_0042f888,0x0042F888,0x0042F8C4,60
FUN_0042f8c4,0x0042F8C4,0x0042F94C,136
FUN_0042f94c,0x0042F94C,0x0042F984,56
FUN_0042f984,0x0042F984,0x0042F98C,8
FUN_0042f98c,0x0042F98C,0x0042FAB4,296
FUN_0042fab4,0x0042FAB4,0x0042FAC0,12
FUN_0042fac0,0x0042FAC0,0x0042FB64,164
FUN_0042fb70,0x0042FB70,0x0042FBFC,140
FUN_0042fc00,0x0042FC00,0x0042FC1C,28
FUN_0042fc1c,0x0042FC1C,0x0042FC94,120
FUN_0042fc94,0x0042FC94,0x0042FCB0,28
FUN_0042fcb0,0x0042FCB0,0x0042FCB4,4
FUN_0042fcb4,0x0042FCB4,0x0042FCEC,56
FUN_0042fcf0,0x0042FCF0,0x0042FCF4,4
FUN_0042fcf4,0x0042FCF4,0x0042FD54,96
FUN_0042fd58,0x0042FD58,0x0042FD60,8
FUN_0042fd60,0x0042FD60,0x0042FD68,8
FUN_0042fd68,0x0042FD68,0x0042FD7C,20
FUN_0042fd80,0x0042FD80,0x0042FD98,24
FUN_0042fd98,0x0042FD98,0x0042FDD0,56
FUN_0042fdd0,0x0042FDD0,0x0042FDFC,44
FUN_0042fdfc,0x0042FDFC,0x0042FE10,20
FUN_0042fe10,0x0042FE10,0x0042FE4C,60
FUN_0042fe50,0x0042FE50,0x0042FE78,40
FUN_0042fe78,0x0042FE78,0x0042FEB0,56
FUN_0042feb0,0x0042FEB0,0x0042FF1C,108
FUN_0042ff1c,0x0042FF1C,0x0042FF74,88
FUN_0042ff80,0x0042FF80,0x0042FF84,4
FUN_0042ff84,0x0042FF84,0x0042FFE4,96
FUN_0042fff0,0x0042FFF0,0x00430018,40
FUN_00430018,0x00430018,0x00430024,12
FUN_00430030,0x00430030,0x00430060,48
FUN_00430060,0x00430060,0x004300B4,84
FUN_004300b4,0x004300B4,0x004300C0,12
FUN_004300c0,0x004300C0,0x004300F8,56
FUN_004300f8,0x004300F8,0x0043014C,84
FUN_0043014c,0x0043014C,0x004301B4,104
FUN_004301b4,0x004301B4,0x00430258,164
FUN_00430258,0x00430258,0x00430350,248
FUN_00430350,0x00430350,0x004303BC,108
FUN_004303bc,0x004303BC,0x004303D4,24
FUN_004303d4,0x004303D4,0x00430430,92
FUN_00430430,0x00430430,0x00430468,56
FUN_00430468,0x00430468,0x004305D8,368
FUN_004305d8,0x004305D8,0x0043067C,164
FUN_0043067c,0x0043067C,0x004306BC,64
FUN_004306bc,0x004306BC,0x00430844,392
FUN_00430844,0x00430844,0x00430848,4
FUN_00430848,0x00430848,0x0043087C,52
FUN_0043087c,0x0043087C,0x004308B8,60
FUN_004308b8,0x004308B8,0x00430948,144
FUN_00430948,0x00430948,0x0043096C,36
FUN_0043096c,0x0043096C,0x00430978,12
FUN_00430978,0x00430978,0x00430994,28
FUN_00430994,0x00430994,0x004309CC,56
FUN_004309d0,0x004309D0,0x004309DC,12
FUN_004309dc,0x004309DC,0x00430A14,56
FUN_00430a14,0x00430A14,0x00430A5C,72
FUN_00430a60,0x00430A60,0x00430AD0,112
FUN_00430ad0,0x00430AD0,0x00430B0C,60
FUN_00430b0c,0x00430B0C,0x00430BD8,204
FUN_00430bd8,0x00430BD8,0x00430C08,48
FUN_00430c08,0x00430C08,0x00430C28,32
FUN_00430c28,0x00430C28,0x00430C30,8
FUN_00430c30,0x00430C30,0x00430C58,40
FUN_00430c58,0x00430C58,0x00430C64,12
FUN_00430c64,0x00430C64,0x00430C9C,56
FUN_00430c9c,0x00430C9C,0x00430D04,104
FUN_00430d04,0x00430D04,0x00430D1C,24
FUN_00430d20,0x00430D20,0x00430D3C,28
FUN_00430d3c,0x00430D3C,0x00430D84,72
FUN_00430d90,0x00430D90,0x00430DF4,100
FUN_00430e00,0x00430E00,0x00430E54,84
FUN_00430e54,0x00430E54,0x00430EA4,80
FUN_00430ea4,0x00430EA4,0x00430F44,160
FUN_00430f44,0x00430F44,0x00430F6C,40
FUN_00430f6c,0x00430F6C,0x00430F94,40
FUN_00430f94,0x00430F94,0x00430F9C,8
FUN_00430f9c,0x00430F9C,0x00430FD4,56
FUN_00430fd4,0x00430FD4,0x00431014,64
FUN_00431014,0x00431014,0x00431080,108
FUN_00431080,0x00431080,0x00431094,20
FUN_00431094,0x00431094,0x0043113C,168
FUN_0043113c,0x0043113C,0x00431168,44
FUN_00431168,0x00431168,0x0043119C,52
FUN_0043119c,0x0043119C,0x00431270,212
FUN_00431270,0x00431270,0x00431280,16
FUN_00431280,0x00431280,0x00431284,4
FUN_00431284,0x00431284,0x00431298,20
FUN_004312a0,0x004312A0,0x004312A4,4
FUN_004312a4,0x004312A4,0x00431318,116
FUN_00431318,0x00431318,0x0043131C,4
FUN_0043131c,0x0043131C,0x00431334,24
FUN_00431340,0x00431340,0x004313C0,128
FUN_004313c0,0x004313C0,0x004313CC,12
FUN_004313cc,0x004313CC,0x004313E0,20
FUN_004313e0,0x004313E0,0x004313F4,20
FUN_004313f4,0x004313F4,0x004313FC,8
FUN_00431400,0x00431400,0x0043143C,60
FUN_00431440,0x00431440,0x00431494,84
FUN_004314a0,0x004314A0,0x004314E0,64
FUN_004314e0,0x004314E0,0x004314EC,12
FUN_004314ec,0x004314EC,0x0043150C,32
FUN_0043150c,0x0043150C,0x00431560,84
FUN_00431560,0x00431560,0x0043159C,60
FUN_0043164c,0x0043164C,0x004316C0,116
FUN_004316c0,0x004316C0,0x004316D8,24
FUN_004316d8,0x004316D8,0x00431774,156
FUN_00431774,0x00431774,0x0043177C,8
FUN_0043177c,0x0043177C,0x004317F0,116
FUN_004317f0,0x004317F0,0x0043183C,76
FUN_0043183c,0x0043183C,0x0043186C,48
FUN_0043186c,0x0043186C,0x00431880,20
FUN_00431880,0x00431880,0x00431894,20
FUN_00431894,0x00431894,0x004318F0,92
FUN_004318f0,0x004318F0,0x00431918,40
FUN_00431918,0x00431918,0x00431928,16
FUN_00431928,0x00431928,0x00431934,12
FUN_00431934,0x00431934,0x00431A50,284
FUN_00431a50,0x00431A50,0x00431A80,48
FUN_00431a80,0x00431A80,0x00431ADC,92
FUN_00431adc,0x00431ADC,0x00431B44,104
FUN_00431b44,0x00431B44,0x00431BA8,100
FUN_00431ba8,0x00431BA8,0x00431C1C,116
FUN_00431c1c,0x00431C1C,0x00431C50,52
FUN_00431c50,0x00431C50,0x00431C60,16
FUN_00431c60,0x00431C60,0x00431C64,4
FUN_00431c64,0x00431C64,0x00431C90,44
FUN_00431c90,0x00431C90,0x00431C9C,12
FUN_00431c9c,0x00431C9C,0x00431CFC,96
FUN_00431cfc,0x00431CFC,0x00431D04,8
FUN_00431d04,0x00431D04,0x00431D24,32
FUN_00431d24,0x00431D24,0x00431D2C,8
FUN_00431d2c,0x00431D2C,0x00431D3C,16
FUN_00431d3c,0x00431D3C,0x00431D40,4
FUN_00431d40,0x00431D40,0x00431D4C,12
FUN_00431d4c,0x00431D4C,0x00431D5C,16
FUN_00431d5c,0x00431D5C,0x00431D60,4
FUN_00431d60,0x00431D60,0x00431D6C,12
FUN_00431d6c,0x00431D6C,0x00431D70,4
FUN_00431d70,0x00431D70,0x00431D90,32
FUN_00431d90,0x00431D90,0x00431E54,196
FUN_00431e54,0x00431E54,0x00431E88,52
FUN_00431e88,0x00431E88,0x00431E98,16
FUN_00431e98,0x00431E98,0x00431EBC,36
FUN_00431ebc,0x00431EBC,0x00431EC4,8
FUN_00431ec4,0x00431EC4,0x00431F54,144
FUN_00431f54,0x00431F54,0x00431F8C,56
FUN_00431f8c,0x00431F8C,0x00431FC8,60
FUN_00431fc8,0x00431FC8,0x0043205C,148
FUN_0043205c,0x0043205C,0x00432064,8
FUN_00432064,0x00432064,0x00432074,16
FUN_00432074,0x00432074,0x00432094,32
FUN_00432094,0x00432094,0x004320B4,32
FUN_004320b4,0x004320B4,0x004320D4,32
FUN_004320d4,0x004320D4,0x004320D8,4
FUN_004320d8,0x004320D8,0x004320F4,28
FUN_004320f4,0x004320F4,0x00432114,32
FUN_00432114,0x00432114,0x00432154,64
FUN_00432154,0x00432154,0x00432174,32
FUN_00432174,0x00432174,0x00432220,172
FUN_00432220,0x00432220,0x00432264,68
FUN_00432264,0x00432264,0x00432290,44
FUN_00432290,0x00432290,0x004323A8,280
FUN_004323a8,0x004323A8,0x004323D8,48
FUN_004323d8,0x004323D8,0x004323F4,28
FUN_004323f4,0x004323F4,0x00432400,12
FUN_00432400,0x00432400,0x0043247C,124
FUN_0043247c,0x0043247C,0x00432544,200
FUN_00432544,0x00432544,0x00432548,4
FUN_00432548,0x00432548,0x004325BC,116
FUN_004325bc,0x004325BC,0x00432630,116
FUN_00432630,0x00432630,0x004326EC,188
FUN_004326ec,0x004326EC,0x004326F8,12
FUN_004326f8,0x004326F8,0x0043275C,100
FUN_0043275c,0x0043275C,0x00432844,232
FUN_00432844,0x00432844,0x0043286C,40
FUN_0043286c,0x0043286C,0x00432870,4
FUN_00432870,0x00432870,0x00432880,16
FUN_00432880,0x00432880,0x00432890,16
FUN_00432890,0x00432890,0x004328C0,48
FUN_004328c0,0x004328C0,0x004328F0,48
FUN_004328f0,0x004328F0,0x00432940,80
FUN_00432940,0x00432940,0x0043294C,12
FUN_0043294c,0x0043294C,0x00432950,4
FUN_00432950,0x00432950,0x004329B0,96
FUN_004329b0,0x004329B0,0x00432A00,80
FUN_00432a00,0x00432A00,0x00432A08,8
FUN_00432a08,0x00432A08,0x00432A10,8
FUN_00432a10,0x00432A10,0x00432A40,48
FUN_00432a40,0x00432A40,0x00432A50,16
FUN_00432a50,0x00432A50,0x00432B60,272
FUN_00432b60,0x00432B60,0x00432BCC,108
FUN_00432bcc,0x00432BCC,0x00432C5C,144
FUN_00432c5c,0x00432C5C,0x00432C94,56
FUN_00432c94,0x00432C94,0x00432D0C,120
FUN_00432d0c,0x00432D0C,0x00432E44,312
FUN_00432e44,0x00432E44,0x00432EA4,96
FUN_00432ea4,0x00432EA4,0x00432EE0,60
FUN_00432ee0,0x00432EE0,0x00432F18,56
FUN_00432f18,0x00432F18,0x00432F64,76
FUN_00432f64,0x00432F64,0x00432F84,32
FUN_00432f84,0x00432F84,0x00432FB0,44
FUN_00432fb0,0x00432FB0,0x00432FC0,16
FUN_00432fc0,0x00432FC0,0x00432FD0,16
FUN_00432fd0,0x00432FD0,0x00432FF0,32
FUN_00432ff0,0x00432FF0,0x0043300C,28
FUN_0043300c,0x0043300C,0x00433014,8
FUN_00433014,0x00433014,0x00433064,80
FUN_00433064,0x00433064,0x00433068,4
FUN_00433068,0x00433068,0x00433088,32
FUN_00433088,0x00433088,0x00433090,8
FUN_00433090,0x00433090,0x004330D8,72
FUN_004330d8,0x004330D8,0x004331D0,248
FUN_004331d0,0x004331D0,0x0043324C,124
FUN_0043324c,0x0043324C,0x004332D8,140
FUN_004332d8,0x004332D8,0x00433384,172
FUN_00433384,0x00433384,0x0043339C,24
FUN_0043339c,0x0043339C,0x004333E0,68
FUN_004333e0,0x004333E0,0x0043340C,44
FUN_0043340c,0x0043340C,0x00433428,28
FUN_00433428,0x00433428,0x00433450,40
FUN_00433450,0x00433450,0x00433468,24
FUN_00433468,0x00433468,0x004334B0,72
FUN_004334b0,0x004334B0,0x004336A4,500
FUN_004336a4,0x004336A4,0x00433720,124
FUN_00433720,0x00433720,0x00433784,100
FUN_00433784,0x00433784,0x004337B8,52
FUN_004337b8,0x004337B8,0x004337C0,8
FUN_004337c0,0x004337C0,0x004337D8,24
FUN_004337d8,0x004337D8,0x004337E4,12
FUN_004337e4,0x004337E4,0x004337F8,20
FUN_004337f8,0x004337F8,0x00433818,32
FUN_00433818,0x00433818,0x00433838,32
FUN_00433838,0x00433838,0x00433858,32
FUN_00433858,0x00433858,0x00433888,48
FUN_00433888,0x00433888,0x00433890,8
FUN_00433890,0x00433890,0x004338D0,64
FUN_004338d0,0x004338D0,0x004338F4,36
FUN_004338f4,0x004338F4,0x004338F8,4
FUN_004338f8,0x004338F8,0x00433908,16
FUN_00433908,0x00433908,0x00433918,16
FUN_00433918,0x00433918,0x00433938,32
FUN_00433938,0x00433938,0x00433954,28
FUN_00433954,0x00433954,0x00433958,4
FUN_00433958,0x00433958,0x00433960,8
FUN_00433960,0x00433960,0x00433974,20
FUN_00433974,0x00433974,0x004339BC,72
FUN_004339bc,0x004339BC,0x00433AD4,280
FUN_00433ad4,0x00433AD4,0x00433B70,156
FUN_00433b70,0x00433B70,0x00433B78,8
FUN_00433b78,0x00433B78,0x00433B90,24
FUN_00433b90,0x00433B90,0x00433B94,4
FUN_00433b94,0x00433B94,0x00433BB0,28
FUN_00433bb0,0x00433BB0,0x00433BE4,52
FUN_00433be4,0x00433BE4,0x00433BF0,12
FUN_00433bf0,0x00433BF0,0x00433C3C,76
FUN_00433c3c,0x00433C3C,0x00433C54,24
FUN_00433c54,0x00433C54,0x00433CD0,124
FUN_00433cd0,0x00433CD0,0x00433CD8,8
FUN_00433cd8,0x00433CD8,0x00433D28,80
FUN_00433d28,0x00433D28,0x00433D40,24
FUN_00433d40,0x00433D40,0x00433DB4,116
FUN_00433db4,0x00433DB4,0x00433DC4,16
FUN_00433dc4,0x00433DC4,0x00433DCC,8
FUN_00433dcc,0x00433DCC,0x00433DE0,20
FUN_00433de0,0x00433DE0,0x00433E04,36
FUN_00433e04,0x00433E04,0x00433E18,20
FUN_00433e18,0x00433E18,0x00433E58,64
FUN_00433e58,0x00433E58,0x00433E98,64
FUN_00433e98,0x00433E98,0x00433EA8,16
FUN_00433ea8,0x00433EA8,0x00433EC8,32
FUN_00433ec8,0x00433EC8,0x00433F08,64
FUN_00433f08,0x00433F08,0x00433F18,16
FUN_00433f18,0x00433F18,0x00433FA0,136
FUN_00433fa0,0x00433FA0,0x00434000,96
FUN_00434000,0x00434000,0x00434010,16
FUN_00434010,0x00434010,0x00434018,8
FUN_00434018,0x00434018,0x00434108,240
FUN_00434108,0x00434108,0x0043410C,4
FUN_0043410c,0x0043410C,0x00434204,248
FUN_00434204,0x00434204,0x00434268,100
FUN_00434268,0x00434268,0x00434280,24
FUN_00434280,0x00434280,0x004342F0,112
FUN_004342f0,0x004342F0,0x00434388,152
FUN_00434388,0x00434388,0x004343A8,32
FUN_004343a8,0x004343A8,0x004343BC,20
FUN_004343bc,0x004343BC,0x004343C0,4
FUN_004343c0,0x004343C0,0x00434410,80
FUN_00434410,0x00434410,0x00434434,36
FUN_00434434,0x00434434,0x00434440,12
FUN_00434440,0x00434440,0x00434450,16
FUN_00434450,0x00434450,0x0043445C,12
FUN_0043445c,0x0043445C,0x00434470,20
FUN_00434470,0x00434470,0x0043447C,12
FUN_0043447c,0x0043447C,0x00434480,4
FUN_00434480,0x00434480,0x004344A8,40
FUN_004344a8,0x004344A8,0x00434510,104
FUN_00434510,0x00434510,0x00434540,48
FUN_00434540,0x00434540,0x004345A0,96
FUN_004345a0,0x004345A0,0x004345C0,32
FUN_004345c0,0x004345C0,0x00434650,144
FUN_00434650,0x00434650,0x0043466C,28
FUN_0043466c,0x0043466C,0x00434670,4
FUN_00434670,0x00434670,0x00434698,40
FUN_00434698,0x00434698,0x00434704,108
FUN_00434704,0x00434704,0x00434718,20
FUN_00434718,0x00434718,0x0043472C,20
FUN_0043472c,0x0043472C,0x004347C0,148
FUN_004347c0,0x004347C0,0x00434844,132
FUN_00434844,0x00434844,0x00434864,32
FUN_00434864,0x00434864,0x0043487C,24
FUN_0043487c,0x0043487C,0x0043489C,32
FUN_0043489c,0x0043489C,0x004348B4,24
FUN_004348b4,0x004348B4,0x004348E0,44
FUN_004348e0,0x004348E0,0x0043492C,76
FUN_0043492c,0x0043492C,0x00434968,60
FUN_00434968,0x00434968,0x004349AC,68
FUN_004349ac,0x004349AC,0x004349BC,16
FUN_004349bc,0x004349BC,0x004349C0,4
FUN_004349c0,0x004349C0,0x004349E0,32
FUN_004349e0,0x004349E0,0x00434A58,120
FUN_00434a58,0x00434A58,0x00434A5C,4
FUN_00434a5c,0x00434A5C,0x00434AC4,104
FUN_00434ac4,0x00434AC4,0x00434AEC,40
FUN_00434aec,0x00434AEC,0x00434B58,108
FUN_00434b58,0x00434B58,0x00434BCC,116
FUN_00434bcc,0x00434BCC,0x00434BE4,24
FUN_00434be4,0x00434BE4,0x00434BE8,4
FUN_00434be8,0x00434BE8,0x00434C08,32
FUN_00434c08,0x00434C08,0x00434C38,48
FUN_00434c38,0x00434C38,0x00434C54,28
FUN_00434c54,0x00434C54,0x00434C58,4
FUN_00434c58,0x00434C58,0x00434CA4,76
FUN_00434ca4,0x00434CA4,0x00434CCC,40
FUN_00434ccc,0x00434CCC,0x00434CEC,32
FUN_00434cec,0x00434CEC,0x00434D0C,32
FUN_00434d0c,0x00434D0C,0x00434D20,20
FUN_00434d20,0x00434D20,0x00434D30,16
FUN_00434d30,0x00434D30,0x00434D38,8
FUN_00434d38,0x00434D38,0x00434D70,56
FUN_00434d70,0x00434D70,0x004C5380,591376
FUN_004c5380,0x004C5380,0x004C5388,8
thunk_FUN_001e7040,0x004C53C0,0x004C53C8,8
FUN_004c5400,0x004C5400,0x004C5610,524
FUN_004c5610,0x004C5610,0x004C5670,96
FUN_004c5670,0x004C5670,0x004C5678,8
FUN_004c5678,0x004C5678,0x004C56D8,96
FUN_004c56d8,0x004C56D8,0x004C5738,96
FUN_004c5738,0x004C5738,0x004C5798,96
FUN_004c5798,0x004C5798,0x004C57F8,96
FUN_004c57f8,0x004C57F8,0x004C5960,360
FUN_004c5960,0x004C5960,0x004C5AE4,380
FUN_004c5ae8,0x004C5AE8,0x004C5C6C,376
FUN_004c5c70,0x004C5C70,0x004C5C80,16
FUN_004c5c80,0x004C5C80,0x004C5CC4,68
FUN_004c5cc8,0x004C5CC8,0x004C5CD4,12
FUN_004c5cd8,0x004C5CD8,0x004C5D64,140
FUN_004c5d68,0x004C5D68,0x004C5DA4,56
FUN_004c5da8,0x004C5DA8,0x004C5E48,160
FUN_004c5e48,0x004C5E48,0x004C5E90,72
FUN_004c5e90,0x004C5E90,0x004C5F24,148
FUN_004c5f28,0x004C5F28,0x004C6078,336
FUN_004c6078,0x004C6078,0x004C60F8,120
FUN_004c60f8,0x004C60F8,0x004C6118,32
FUN_004c6118,0x004C6118,0x004C6150,56
FUN_004c6150,0x004C6150,0x004C6160,16
FUN_004c6160,0x004C6160,0x004C616C,12
FUN_004c6170,0x004C6170,0x004C619C,44
FUN_004c61a0,0x004C61A0,0x004C61A8,8
FUN_004c61a8,0x004C61A8,0x004C6230,136
FUN_004c6230,0x004C6230,0x004C63F8,448
FUN_004c63f8,0x004C63F8,0x004C64C8,208
FUN_004c64c8,0x004C64C8,0x004C65CC,260
FUN_004c65d0,0x004C65D0,0x004C6714,320
FUN_004c6718,0x004C6718,0x004C6838,284
FUN_004c6838,0x004C6838,0x004C6940,264
FUN_004c6940,0x004C6940,0x004C6A48,264
FUN_004c6a48,0x004C6A48,0x004C6B50,260
FUN_004c6b50,0x004C6B50,0x004C6C28,212
FUN_004c6c28,0x004C6C28,0x004C6C40,24
FUN_004c6c40,0x004C6C40,0x004C6CBC,124
FUN_004c6cbc,0x004C6CBC,0x004C6CD4,24
FUN_004c6cd8,0x004C6CD8,0x004C6E98,444
FUN_004c6e98,0x004C6E98,0x004C6FF0,340
FUN_004c6ff0,0x004C6FF0,0x004C7164,364
FUN_004c7168,0x004C7168,0x004C7238,204
FUN_004c7238,0x004C7238,0x004C72B0,120
FUN_004c72b0,0x004C72B0,0x004C7310,96
FUN_004c7310,0x004C7310,0x004C7328,24
FUN_004c7328,0x004C7328,0x004C73F0,196
FUN_004c73f0,0x004C73F0,0x004C7400,16
FUN_004c7400,0x004C7400,0x004C741C,28
FUN_004c7420,0x004C7420,0x004C7504,228
FUN_004c7508,0x004C7508,0x004C75F0,232
FUN_004c75f0,0x004C75F0,0x004C76A0,176
FUN_004c76a0,0x004C76A0,0x004C76A8,8
FUN_004c76a8,0x004C76A8,0x004C76F4,76
FUN_004c76f4,0x004C76F4,0x004C76F8,4
FUN_004c76f8,0x004C76F8,0x004C7714,28
FUN_004c7718,0x004C7718,0x004C77B4,156
FUN_004c77b4,0x004C77B4,0x004C77B8,4
FUN_004c77b8,0x004C77B8,0x004C77D4,28
FUN_004c77d4,0x004C77D4,0x004C77E0,12
FUN_004c77e0,0x004C77E0,0x004C77F4,20
FUN_004c77f8,0x004C77F8,0x004C7944,332
FUN_004c7948,0x004C7948,0x004C7A44,248
FUN_004c7a48,0x004C7A48,0x004C7AD4,136
FUN_004c7ad8,0x004C7AD8,0x004C7B64,136
FUN_004c7b68,0x004C7B68,0x004C7B90,40
FUN_004c7b90,0x004C7B90,0x004C7BB8,40
FUN_004c7bb8,0x004C7BB8,0x004C7CBC,256
FUN_004c7cc0,0x004C7CC0,0x004C7DC4,256
FUN_004c7dc8,0x004C7DC8,0x004C7DF0,40
FUN_004c7df0,0x004C7DF0,0x004C7E18,40
FUN_004c7e18,0x004C7E18,0x004C7F30,280
FUN_004c7f30,0x004C7F30,0x004C7FF0,184
FUN_004c7ff0,0x004C7FF0,0x004C8124,308
FUN_004c8128,0x004C8128,0x004C822C,256
FUN_004c8230,0x004C8230,0x004C82F0,192
FUN_004c82f0,0x004C82F0,0x004C842C,316
FUN_004c8430,0x004C8430,0x004C848C,92
FUN_004c8490,0x004C8490,0x004C8578,228
FUN_004c8578,0x004C8578,0x004C8660,228
FUN_004c8660,0x004C8660,0x004C8754,240
FUN_004c8758,0x004C8758,0x004C87C0,100
FUN_004c87c0,0x004C87C0,0x004C8820,96
FUN_004c8820,0x004C8820,0x004C887C,92
FUN_004c8880,0x004C8880,0x004C88A0,32
FUN_004c88a0,0x004C88A0,0x004C89BC,284
FUN_004c89c0,0x004C89C0,0x004C8A7C,184
FUN_004c8a80,0x004C8A80,0x004C8A94,20
FUN_004c8a98,0x004C8A98,0x004C8B68,200
FUN_004c8b68,0x004C8B68,0x004C8C38,200
FUN_004c8c38,0x004C8C38,0x004C8CB8,128
FUN_004c8cb8,0x004C8CB8,0x004C8D10,88
FUN_004c8d10,0x004C8D10,0x004C8E68,344
FUN_004c8e68,0x004C8E68,0x004C8F0C,164
FUN_004c8f10,0x004C8F10,0x004C8F40,48
FUN_004c8f40,0x004C8F40,0x004C91A4,480
FUN_004c91a8,0x004C91A8,0x004C91DC,52
FUN_004c91e0,0x004C91E0,0x004C91FC,28
FUN_004c9200,0x004C9200,0x004C9228,40
FUN_004c9228,0x004C9228,0x004C9290,104
FUN_004c9290,0x004C9290,0x004C92C0,48
FUN_004c92c0,0x004C92C0,0x004C92D4,20
FUN_004c92d8,0x004C92D8,0x004C9580,672
FUN_004c9580,0x004C9580,0x004C9778,496
FUN_004c9778,0x004C9778,0x004C999C,544
FUN_004c99a0,0x004C99A0,0x004C9AF8,336
FUN_004c9af8,0x004C9AF8,0x004C9CBC,444
FUN_004c9cc0,0x004C9CC0,0x004C9DFC,316
FUN_004c9e00,0x004C9E00,0x004C9F2C,296
FUN_004c9f30,0x004C9F30,0x004CA114,480
FUN_004ca118,0x004CA118,0x004CA39C,632
FUN_004ca3a0,0x004CA3A0,0x004CA620,628
FUN_004ca620,0x004CA620,0x004CAA58,984
FUN_004caa58,0x004CAA58,0x004CAD38,648
FUN_004cad38,0x004CAD38,0x004CAF38,496
FUN_004caf38,0x004CAF38,0x004CB4D8,1412
FUN_004cb4d8,0x004CB4D8,0x004CB868,892
FUN_004cb868,0x004CB868,0x004CBAF4,632
FUN_004cbaf8,0x004CBAF8,0x004CBC68,360
FUN_004cbc68,0x004CBC68,0x004CBD6C,256
FUN_004cbd70,0x004CBD70,0x004CBF64,492
FUN_004cbf68,0x004CBF68,0x004CC0E0,364
FUN_004cc0e0,0x004CC0E0,0x004CC258,364
FUN_004cc258,0x004CC258,0x004CC364,264
FUN_004cc368,0x004CC368,0x004CC460,244
FUN_004cc460,0x004CC460,0x004CC620,440
FUN_004cc620,0x004CC620,0x004CC810,488
FUN_004cc810,0x004CC810,0x004CC820,16
FUN_004cc820,0x004CC820,0x004CC958,304
FUN_004cc958,0x004CC958,0x004CCA90,304
FUN_004cca90,0x004CCA90,0x004CCACC,60
FUN_004ccad0,0x004CCAD0,0x004CCAE8,24
FUN_004ccae8,0x004CCAE8,0x004CCB2C,68
FUN_004ccb30,0x004CCB30,0x004CCC50,280
FUN_004ccc50,0x004CCC50,0x004CCC68,24
FUN_004ccc68,0x004CCC68,0x004CCC80,24
FUN_004ccc80,0x004CCC80,0x004CCCAC,40
FUN_004cccb0,0x004CCCB0,0x004CCD3C,140
FUN_004ccd40,0x004CCD40,0x004CCD78,56
FUN_004ccd78,0x004CCD78,0x004CCD98,32
FUN_004ccd98,0x004CCD98,0x004CCDC4,44
FUN_004ccdc8,0x004CCDC8,0x004CCDF4,44
FUN_004ccdf8,0x004CCDF8,0x004CCE90,152
FUN_004cce90,0x004CCE90,0x004CD190,764
FUN_004cd190,0x004CD190,0x004CD61C,1160
FUN_004cd620,0x004CD620,0x004CE254,3100
FUN_004ce258,0x004CE258,0x004CE42C,468
FUN_004ce430,0x004CE430,0x004CE4E8,180
FUN_004ce4e8,0x004CE4E8,0x004CE5EC,260
FUN_004ce5f0,0x004CE5F0,0x004CED54,1840
FUN_004ced58,0x004CED58,0x004CF250,1256
FUN_004cf250,0x004CF250,0x004CF6FC,1192
FUN_004cf700,0x004CF700,0x004CFB60,1100
FUN_004cfb60,0x004CFB60,0x004D0008,1180
FUN_004d0008,0x004D0008,0x004D0100,248
FUN_004d0100,0x004D0100,0x004D0980,2164
FUN_004d0980,0x004D0980,0x004D09A8,40
FUN_004d09a8,0x004D09A8,0x004D0AA8,252
FUN_004d0aa8,0x004D0AA8,0x004D0BD8,304
FUN_004d0bd8,0x004D0BD8,0x004D1B20,3876
FUN_004d1b20,0x004D1B20,0x004D1C18,248
FUN_004d1c18,0x004D1C18,0x004D1E9C,644
FUN_004d1ea0,0x004D1EA0,0x004D2198,756
FUN_004d2198,0x004D2198,0x004D3318,4436
FUN_004d3318,0x004D3318,0x004D344C,296
FUN_004d3450,0x004D3450,0x004D375C,768
FUN_004d3760,0x004D3760,0x004D404C,2244
FUN_004d4050,0x004D4050,0x004D45A4,1352
FUN_004d45a8,0x004D45A8,0x004D47B0,516
FUN_004d47b0,0x004D47B0,0x004D5054,2204
FUN_004d5058,0x004D5058,0x004D52F8,660
FUN_004d52f8,0x004D52F8,0x004D5318,32
FUN_004d5318,0x004D5318,0x004D53C8,176
FUN_004d53c8,0x004D53C8,0x004D5594,452
FUN_004d5598,0x004D5598,0x004D5718,376
FUN_004d5718,0x004D5718,0x004D582C,276
FUN_004d5830,0x004D5830,0x004D59B4,388
FUN_004d59b8,0x004D59B8,0x004D5AA8,236
FUN_004d5aa8,0x004D5AA8,0x004D5AB8,16
FUN_004d5ab8,0x004D5AB8,0x004D5B18,96
FUN_004d5b18,0x004D5B18,0x004D63A0,2148
FUN_004d63a0,0x004D63A0,0x004D670C,872
FUN_004d6710,0x004D6710,0x004D6BBC,1192
FUN_004d6bc0,0x004D6BC0,0x004D6FC0,1016
FUN_004d6fc0,0x004D6FC0,0x004D7460,1172
FUN_004d7460,0x004D7460,0x004D753C,220
FUN_004d7540,0x004D7540,0x004D8140,3056
FUN_004d8140,0x004D8140,0x004D8168,40
FUN_004d8168,0x004D8168,0x004D8268,252
FUN_004d8268,0x004D8268,0x004D8398,304
FUN_004d8398,0x004D8398,0x004D9278,3768
FUN_004d9278,0x004D9278,0x004D98F0,1640
FUN_004d98f0,0x004D98F0,0x004D9AC8,468
FUN_004d9ac8,0x004D9AC8,0x004D9EC8,1024
FUN_004d9ec8,0x004D9EC8,0x004DA0D8,524
FUN_004da0d8,0x004DA0D8,0x004DA29C,444
FUN_004da2a0,0x004DA2A0,0x004DA3F8,344
FUN_004da3f8,0x004DA3F8,0x004DA57C,376
FUN_004da580,0x004DA580,0x004DA6F8,372
FUN_004da6f8,0x004DA6F8,0x004DA82C,300
FUN_004da830,0x004DA830,0x004DAA00,460
FUN_004daa00,0x004DAA00,0x004DAADC,220
FUN_004daae0,0x004DAAE0,0x004DACA8,384
FUN_004daca8,0x004DACA8,0x004DAD8C,224
FUN_004dad90,0x004DAD90,0x004DB350,1380
FUN_004db350,0x004DB350,0x004DB970,1552
FUN_004db970,0x004DB970,0x004DBDAC,1064
FUN_004dbdb0,0x004DBDB0,0x004DBF6C,436
FUN_004dbf70,0x004DBF70,0x004DC174,508
FUN_004dc178,0x004DC178,0x004DCAD0,2376
FUN_004dcad0,0x004DCAD0,0x004DCC54,376
FUN_004dcc58,0x004DCC58,0x004DD070,1028
FUN_004dd070,0x004DD070,0x004DD1D4,344
FUN_004dd1d8,0x004DD1D8,0x004DD604,1064
FUN_004dd608,0x004DD608,0x004DDF44,2348
FUN_004ddf48,0x004DDF48,0x004DE044,252
FUN_004de048,0x004DE048,0x004DE124,220
FUN_004de128,0x004DE128,0x004DE14C,36
FUN_004de150,0x004DE150,0x004DE174,36
FUN_004de178,0x004DE178,0x004DE258,216
FUN_004de258,0x004DE258,0x004DE2C0,104
FUN_004de2c0,0x004DE2C0,0x004DE2F8,56
FUN_004de2f8,0x004DE2F8,0x004DE3BC,192
FUN_004de3c0,0x004DE3C0,0x004DE48C,200
FUN_004de490,0x004DE490,0x004DE4D0,60
FUN_004de4d0,0x004DE4D0,0x004DE510,60
FUN_004de510,0x004DE510,0x004DE570,92
FUN_004de570,0x004DE570,0x004DE5F0,124
FUN_004de5f0,0x004DE5F0,0x004DE5F8,8
FUN_004de5f8,0x004DE5F8,0x004DE654,88
FUN_004de658,0x004DE658,0x004DE6B8,96
FUN_004de6b8,0x004DE6B8,0x004DE70C,84
FUN_004de710,0x004DE710,0x004DE8D0,448
FUN_004de8d0,0x004DE8D0,0x004DE910,64
FUN_004de910,0x004DE910,0x004DE930,32
FUN_004de930,0x004DE930,0x004DE984,80
FUN_004de988,0x004DE988,0x004DE9D4,76
FUN_004de9d8,0x004DE9D8,0x004DEA38,96
FUN_004dea38,0x004DEA38,0x004DEAAC,116
FUN_004deab0,0x004DEAB0,0x004DEAE4,52
FUN_004deae8,0x004DEAE8,0x004DEB1C,52
FUN_004deb20,0x004DEB20,0x004DEB48,40
FUN_004deb48,0x004DEB48,0x004DEB58,16
FUN_004deb58,0x004DEB58,0x004DEB9C,68
FUN_004deba0,0x004DEBA0,0x004DEC04,100
FUN_004dec08,0x004DEC08,0x004DEC64,92
FUN_004dec68,0x004DEC68,0x004DECC0,88
FUN_004decc0,0x004DECC0,0x004DEE24,344
FUN_004dee28,0x004DEE28,0x004DEE9C,116
FUN_004deea0,0x004DEEA0,0x004DEF20,128
FUN_004def20,0x004DEF20,0x004DEF94,116
FUN_004def98,0x004DEF98,0x004DF0B8,288
FUN_004df0b8,0x004DF0B8,0x004DF0C4,12
FUN_004df0c8,0x004DF0C8,0x004DF158,140
FUN_004df158,0x004DF158,0x004DF1E8,140
FUN_004df1e8,0x004DF1E8,0x004DF200,24
FUN_004df200,0x004DF200,0x004DF258,88
FUN_004df258,0x004DF258,0x004DF278,32
FUN_004df278,0x004DF278,0x004DF288,16
FUN_004df288,0x004DF288,0x004DF2C8,60
FUN_004df2c8,0x004DF2C8,0x004DF420,344
FUN_004df420,0x004DF420,0x004DF46C,76
FUN_004df470,0x004DF470,0x004DF894,1056
FUN_004df898,0x004DF898,0x004DFD20,1156
FUN_004dfd20,0x004DFD20,0x004E0050,812
FUN_004e0050,0x004E0050,0x004E0D00,3248
FUN_004e0d00,0x004E0D00,0x004E0FD4,724
FUN_004e1024,0x004E1024,0x004E11D0,428
FUN_004e11d0,0x004E11D0,0x004E1254,132
FUN_004e1258,0x004E1258,0x004E14E0,648
FUN_004e14e0,0x004E14E0,0x004E1708,552
FUN_004e1708,0x004E1708,0x004E1B28,1056
FUN_004e1b28,0x004E1B28,0x004E1D04,464
FUN_004e1d08,0x004E1D08,0x004E1E2C,292
FUN_004e1e30,0x004E1E30,0x004E1F04,212
FUN_004e1f08,0x004E1F08,0x004E2008,252
FUN_004e2008,0x004E2008,0x004E2240,560
FUN_004e2240,0x004E2240,0x004E25D8,912
FUN_004e25d8,0x004E25D8,0x004E2C78,1692
FUN_004e2c78,0x004E2C78,0x004E35C8,2364
FUN_004e35c8,0x004E35C8,0x004E37F8,560
FUN_004e37f8,0x004E37F8,0x004E3A24,552
FUN_004e3a28,0x004E3A28,0x004E3CC8,668
FUN_004e3cc8,0x004E3CC8,0x004E3D1C,84
FUN_004e3d20,0x004E3D20,0x004E3E08,228
FUN_004e3e08,0x004E3E08,0x004E3ED4,204
FUN_004e3ed8,0x004E3ED8,0x004E3F28,80
FUN_004e3f28,0x004E3F28,0x004E3F78,80
FUN_004e3f78,0x004E3F78,0x004E3FC8,76
FUN_004e3fc8,0x004E3FC8,0x004E4004,60
FUN_004e4008,0x004E4008,0x004E408C,132
FUN_004e4090,0x004E4090,0x004E4170,224
FUN_004e4170,0x004E4170,0x004E4254,228
FUN_004e4258,0x004E4258,0x004E42A4,76
FUN_004e42a8,0x004E42A8,0x004E4414,356
FUN_004e4418,0x004E4418,0x004E4454,60
FUN_004e4458,0x004E4458,0x004E4550,248
FUN_004e4550,0x004E4550,0x004E4628,212
FUN_004e4628,0x004E4628,0x004E47F8,464
FUN_004e47f8,0x004E47F8,0x004E4A40,584
FUN_004e4a40,0x004E4A40,0x004E4B60,284
FUN_004e4b60,0x004E4B60,0x004E4DC0,608
FUN_004e4dc0,0x004E4DC0,0x004E53DC,1540
FUN_004e53e0,0x004E53E0,0x004E5538,340
FUN_004e5538,0x004E5538,0x004E5664,296
FUN_004e5668,0x004E5668,0x004E58E4,624
FUN_004e58e8,0x004E58E8,0x004E5944,92
FUN_004e5948,0x004E5948,0x004E5950,8
FUN_004e5950,0x004E5950,0x004E5960,16
FUN_004e5960,0x004E5960,0x004E5B34,464
FUN_004e5b38,0x004E5B38,0x004E5D6C,560
FUN_004e5d70,0x004E5D70,0x004E5FFC,644
FUN_004e6000,0x004E6000,0x004E64DC,1232
FUN_004e64e0,0x004E64E0,0x004E660C,292
FUN_004e6610,0x004E6610,0x004E67B0,400
FUN_004e67b0,0x004E67B0,0x004E69DC,540
FUN_004e69e0,0x004E69E0,0x004E6A3C,92
FUN_004e6a40,0x004E6A40,0x004E6A48,8
FUN_004e6a48,0x004E6A48,0x004E6AF0,164
FUN_004e6af0,0x004E6AF0,0x004E6BBC,204
FUN_004e6bc0,0x004E6BC0,0x004E6C20,96
FUN_004e6c20,0x004E6C20,0x004E6EE8,712
FUN_004e6ee8,0x004E6EE8,0x004E711C,544
FUN_004e7120,0x004E7120,0x004E715C,60
FUN_004e7160,0x004E7160,0x004E71B8,88
FUN_004e71b8,0x004E71B8,0x004E71F8,64
FUN_004e71f8,0x004E71F8,0x004E7AB4,2228
FUN_004e7ab8,0x004E7AB8,0x004E7C78,448
FUN_004e7c78,0x004E7C78,0x004E8088,1040
FUN_004e8088,0x004E8088,0x004E870C,1660
FUN_004e8710,0x004E8710,0x004E89BC,680
FUN_004e89c0,0x004E89C0,0x004E8A4C,140
FUN_004e8a50,0x004E8A50,0x004E8AE4,140
FUN_004e8ae8,0x004E8AE8,0x004E8D74,648
FUN_004e8d78,0x004E8D78,0x004E8EA8,304
FUN_004e8ea8,0x004E8EA8,0x004E907C,464
FUN_004e9080,0x004E9080,0x004E935C,728
FUN_004e9360,0x004E9360,0x004EA0F8,3456
FUN_004ea0f8,0x004EA0F8,0x004EAA24,2328
FUN_004eaa28,0x004EAA28,0x004EAB2C,260
FUN_004eab30,0x004EAB30,0x004EAE38,768
FUN_004eae38,0x004EAE38,0x004EB074,572
FUN_004eb078,0x004EB078,0x004EB3A0,808
FUN_004eb3a0,0x004EB3A0,0x004EB3DC,60
FUN_004eb3e0,0x004EB3E0,0x004EB4A8,200
FUN_004eb4a8,0x004EB4A8,0x004EB5C0,280
FUN_004eb5c0,0x004EB5C0,0x004EB5C8,8
FUN_004eb5c8,0x004EB5C8,0x004EB5E8,32
FUN_004eb5e8,0x004EB5E8,0x004EB7D4,492
FUN_004eb7d8,0x004EB7D8,0x004EBB98,956
FUN_004ebb98,0x004EBB98,0x004EBCAC,276
FUN_004ebcb0,0x004EBCB0,0x004EC12C,1144
FUN_004ec130,0x004EC130,0x004EC1F8,200
FUN_004ec1f8,0x004EC1F8,0x004EC3A0,408
FUN_004ec3a0,0x004EC3A0,0x004EC594,484
FUN_004ec598,0x004EC598,0x004ED6DC,4348
FUN_004ed6e0,0x004ED6E0,0x004EF06C,6432
FUN_004ef070,0x004EF070,0x004EF18C,284
FUN_004ef190,0x004EF190,0x004EF6C4,1312
FUN_004ef6c8,0x004EF6C8,0x004EF950,636
FUN_004ef950,0x004EF950,0x004EFB14,444
FUN_004efb18,0x004EFB18,0x004EFC5C,316
FUN_004efc60,0x004EFC60,0x004EFF68,772
FUN_004eff68,0x004EFF68,0x004F0BBC,3112
FUN_004f0bc0,0x004F0BC0,0x004F0BFC,60
FUN_004f0c00,0x004F0C00,0x004F0C7C,124
FUN_004f0c80,0x004F0C80,0x004F0CB0,48
FUN_004f0cb0,0x004F0CB0,0x004F0CB8,8
FUN_004f0cb8,0x004F0CB8,0x004F10BC,1020
FUN_004f10c0,0x004F10C0,0x004F14F8,1080
FUN_004f14f8,0x004F14F8,0x004F1894,920
FUN_004f1898,0x004F1898,0x004F1A48,428
FUN_004f1a48,0x004F1A48,0x004F1D80,812
FUN_004f1d80,0x004F1D80,0x004F1F5C,468
FUN_004f1f60,0x004F1F60,0x004F24F4,1412
FUN_004f24f8,0x004F24F8,0x004F28BC,956
FUN_004f28c0,0x004F28C0,0x004F28FC,60
FUN_004f2900,0x004F2900,0x004F2B2C,556
FUN_004f2b30,0x004F2B30,0x004F2D24,496
FUN_004f2d28,0x004F2D28,0x004F2D64,60
FUN_004f2d68,0x004F2D68,0x004F2EA0,312
FUN_004f2ea0,0x004F2EA0,0x004F2F8C,232
FUN_004f2f90,0x004F2F90,0x004F3104,372
FUN_004f3108,0x004F3108,0x004F3144,60
FUN_004f3148,0x004F3148,0x004F3248,256
FUN_004f3248,0x004F3248,0x004F332C,216
FUN_004f3330,0x004F3330,0x004F336C,60
FUN_004f3370,0x004F3370,0x004F3498,296
FUN_004f3498,0x004F3498,0x004F34C8,48
FUN_004f34c8,0x004F34C8,0x004F35A0,212
FUN_004f35a0,0x004F35A0,0x004F3690,240
FUN_004f3690,0x004F3690,0x004F3824,400
FUN_004f3828,0x004F3828,0x004F3EA8,1644
FUN_004f3ea8,0x004F3EA8,0x004F4150,672
FUN_004f4150,0x004F4150,0x004F43A0,588
FUN_004f43a0,0x004F43A0,0x004F43DC,60
FUN_004f43e0,0x004F43E0,0x004F46F0,784
FUN_004f46f0,0x004F46F0,0x004F472C,60
FUN_004f4730,0x004F4730,0x004F47A8,120
FUN_004f47a8,0x004F47A8,0x004F4824,124
FUN_004f4824,0x004F4824,0x004F4848,36
FUN_004f4848,0x004F4848,0x004F484C,4
FUN_004f484c,0x004F484C,0x004F48AC,96
FUN_004f48ac,0x004F48AC,0x004F48CC,32
FUN_004f48cc,0x004F48CC,0x004F48E8,28
FUN_004f48e8,0x004F48E8,0x004F48FC,20
FUN_004f4900,0x004F4900,0x004F494C,76
FUN_004f4950,0x004F4950,0x004F4EDC,1380
FUN_004f4ee0,0x004F4EE0,0x004F5428,1352
FUN_004f5428,0x004F5428,0x004F5704,728
FUN_004f5708,0x004F5708,0x004F5940,564
FUN_004f5940,0x004F5940,0x004F5E6C,1312
FUN_004f5e70,0x004F5E70,0x004F5EAC,60
FUN_004f5eb0,0x004F5EB0,0x004F5F1C,108
FUN_004f5f20,0x004F5F20,0x004F5FFC,216
FUN_004f6000,0x004F6000,0x004F610C,268
FUN_004f6110,0x004F6110,0x004F6918,2036
FUN_004f6918,0x004F6918,0x004F6954,60
FUN_004f6958,0x004F6958,0x004F6B08,432
FUN_004f6b08,0x004F6B08,0x004F6C78,360
FUN_004f6c78,0x004F6C78,0x004F6CDC,100
FUN_004f6ce0,0x004F6CE0,0x004F700C,804
FUN_004f7010,0x004F7010,0x004F7034,36
FUN_004f7038,0x004F7038,0x004F7088,80
FUN_004f7088,0x004F7088,0x004F70A0,24
FUN_004f70a0,0x004F70A0,0x004F70C4,36
FUN_004f70c8,0x004F70C8,0x004F7148,128
FUN_004f7148,0x004F7148,0x004F7300,440
FUN_004f7300,0x004F7300,0x004F7428,296
FUN_004f7428,0x004F7428,0x004F74C0,148
FUN_004f74c0,0x004F74C0,0x004F757C,184
FUN_004f7580,0x004F7580,0x004F7674,244
FUN_004f7678,0x004F7678,0x004F769C,36
FUN_004f76a0,0x004F76A0,0x004F76F0,80
FUN_004f76f0,0x004F76F0,0x004F7778,136
FUN_004f7778,0x004F7778,0x004F77F8,128
FUN_004f77f8,0x004F77F8,0x004F7880,136
FUN_004f7880,0x004F7880,0x004F78A4,36
FUN_004f78a8,0x004F78A8,0x004F7A44,412
FUN_004f7a48,0x004F7A48,0x004F7C48,508
FUN_004f7c48,0x004F7C48,0x004F80A4,1108
FUN_004f80a8,0x004F80A8,0x004F812C,132
FUN_004f8130,0x004F8130,0x004F8374,576
FUN_004f8378,0x004F8378,0x004F8468,240
FUN_004f8468,0x004F8468,0x004F9670,4580
FUN_004f9670,0x004F9670,0x004F9894,536
FUN_004f9898,0x004F9898,0x004F9CA4,1024
FUN_004f9ca8,0x004F9CA8,0x004F9CE4,60
FUN_004f9ce8,0x004F9CE8,0x004F9DC0,216
FUN_004f9dc0,0x004F9DC0,0x004FA098,728
FUN_004fa098,0x004FA098,0x004FA1FC,352
FUN_004fa200,0x004FA200,0x004FA440,568
FUN_004fa440,0x004FA440,0x004FA620,480
FUN_004fa620,0x004FA620,0x004FA800,480
FUN_004fa800,0x004FA800,0x004FAF54,1848
FUN_004faf58,0x004FAF58,0x004FB1BC,612
FUN_004fb1c0,0x004FB1C0,0x004FB51C,828
FUN_004fb520,0x004FB520,0x004FB998,1144
FUN_004fb998,0x004FB998,0x004FBA34,156
FUN_004fba38,0x004FBA38,0x004FBB98,348
FUN_004fbb98,0x004FBB98,0x004FC004,1132
FUN_004fc008,0x004FC008,0x004FC044,60
FUN_004fc048,0x004FC048,0x004FC0A0,88
FUN_004fc0a0,0x004FC0A0,0x004FC0D8,56
FUN_004fc0d8,0x004FC0D8,0x004FC0E0,8
FUN_004fc0e0,0x004FC0E0,0x004FC164,124
FUN_004fc168,0x004FC168,0x004FC200,152
FUN_004fc200,0x004FC200,0x004FC240,64
FUN_004fc240,0x004FC240,0x004FC620,992
FUN_004fc620,0x004FC620,0x004FCB2C,1284
FUN_004fcb30,0x004FCB30,0x004FCDA4,624
FUN_004fcda8,0x004FCDA8,0x004FCDE4,60
FUN_004fcde8,0x004FCDE8,0x004FCEA8,192
FUN_004fcea8,0x004FCEA8,0x004FD2A4,1012
FUN_004fd2a8,0x004FD2A8,0x004FD2E4,60
FUN_004fd2e8,0x004FD2E8,0x004FD3E8,256
FUN_004fd3e8,0x004FD3E8,0x004FD4E4,240
FUN_004fd4e8,0x004FD4E8,0x004FD5C4,220
FUN_004fd5c8,0x004FD5C8,0x004FD7F4,556
FUN_004fd7f8,0x004FD7F8,0x004FDE04,1548
FUN_004fde08,0x004FDE08,0x004FE6C8,2224
FUN_004fe6c8,0x004FE6C8,0x004FF158,2700
FUN_004ff158,0x004FF158,0x004FF380,552
FUN_004ff380,0x004FF380,0x004FF5A4,548
FUN_004ff5a8,0x004FF5A8,0x004FFAC0,1292
FUN_004ffac0,0x004FFAC0,0x004FFCE4,544
FUN_004ffce8,0x004FFCE8,0x004FFF14,556
FUN_004fff18,0x004FFF18,0x005006E4,1956
FUN_005006e8,0x005006E8,0x00500DF8,1788
FUN_00500df8,0x00500DF8,0x00500EB8,192
FUN_00500eb8,0x00500EB8,0x00500EC0,8
FUN_00500ec0,0x00500EC0,0x00500EC8,8
FUN_00500ec8,0x00500EC8,0x00500FF8,304
FUN_00500ff8,0x00500FF8,0x00501024,44
FUN_00501024,0x00501024,0x005011AC,392
FUN_005011b0,0x005011B0,0x005011B8,8
FUN_005011b8,0x005011B8,0x0050122C,116
FUN_00501230,0x00501230,0x00501354,288
FUN_00501358,0x00501358,0x00501388,48
FUN_00501388,0x00501388,0x00501414,140
FUN_00501418,0x00501418,0x00501454,60
FUN_00501458,0x00501458,0x00501568,272
FUN_00501568,0x00501568,0x005015CC,100
FUN_005015d0,0x005015D0,0x00501690,192
FUN_00501690,0x00501690,0x00501914,640
FUN_00501918,0x00501918,0x00501954,60
FUN_00501958,0x00501958,0x005019C8,112
FUN_005019c8,0x005019C8,0x00501A8C,192
FUN_00501a90,0x00501A90,0x00501E1C,904
FUN_00501e20,0x00501E20,0x00501F34,276
FUN_00501f38,0x00501F38,0x00502294,860
FUN_00502298,0x00502298,0x00502654,956
FUN_00502658,0x00502658,0x005028F0,644
FUN_005028f0,0x005028F0,0x00502A04,268
FUN_00502a08,0x00502A08,0x00502F10,1264
FUN_00502f10,0x00502F10,0x00502F4C,60
FUN_00502f50,0x00502F50,0x00503410,1216
FUN_00503410,0x00503410,0x005037A8,912
FUN_005037a8,0x005037A8,0x00503B7C,980
FUN_00503b80,0x00503B80,0x005041C0,1588
FUN_005041c0,0x005041C0,0x005042B8,248
FUN_005042b8,0x005042B8,0x0050451C,612
FUN_00504520,0x00504520,0x0050497C,1116
FUN_00504980,0x00504980,0x005049BC,60
FUN_005049c0,0x005049C0,0x00504AC0,252
FUN_00504ac0,0x00504AC0,0x00504C5C,408
FUN_00504c60,0x00504C60,0x00504D64,256
FUN_00504d68,0x00504D68,0x00504DE4,124
FUN_00504de8,0x00504DE8,0x00504E48,92
FUN_00504e48,0x00504E48,0x00504E58,16
FUN_00504e58,0x00504E58,0x00504F6C,276
FUN_00504f70,0x00504F70,0x00504FAC,60
FUN_00504fb0,0x00504FB0,0x00505288,728
FUN_00505288,0x00505288,0x005053C4,316
FUN_005053c8,0x005053C8,0x00505404,60
FUN_00505408,0x00505408,0x00505480,120
FUN_00505480,0x00505480,0x0050572C,680
FUN_00505730,0x00505730,0x005058A4,368
FUN_005058a8,0x005058A8,0x00505BF0,828
FUN_00505bf0,0x00505BF0,0x00505CC8,216
FUN_00505cc8,0x00505CC8,0x00505D8C,192
FUN_00505d90,0x00505D90,0x005063C0,1552
FUN_005063c0,0x005063C0,0x0050654C,388
FUN_00506550,0x00506550,0x00506974,1020
FUN_00506978,0x00506978,0x00506D58,984
FUN_00506d58,0x00506D58,0x00506D94,60
FUN_00506d98,0x00506D98,0x005077E0,2588
FUN_005077e0,0x005077E0,0x00507B40,860
FUN_00507b40,0x00507B40,0x00507E58,772
FUN_00507e58,0x00507E58,0x0050813C,736
FUN_00508140,0x00508140,0x005081E4,164
FUN_005081e8,0x005081E8,0x00508254,108
FUN_00508258,0x00508258,0x00508330,212
FUN_00508330,0x00508330,0x00508344,20
FUN_00508348,0x00508348,0x00508354,12
FUN_00508358,0x00508358,0x00508364,12
FUN_00508368,0x00508368,0x00508374,12
FUN_00508378,0x00508378,0x00508384,12
FUN_00508388,0x00508388,0x00508394,12
FUN_00508398,0x00508398,0x005083A4,12
FUN_005083a8,0x005083A8,0x005083B4,12
FUN_005083b8,0x005083B8,0x005083C4,12
FUN_005083c8,0x005083C8,0x005083D4,12
FUN_005083d8,0x005083D8,0x005083E4,12
FUN_005083e8,0x005083E8,0x005083F4,12
FUN_005083f8,0x005083F8,0x00508404,12
FUN_00508408,0x00508408,0x00508414,12
FUN_00508418,0x00508418,0x0050842C,20
FUN_00508430,0x00508430,0x00508444,20
FUN_00508448,0x00508448,0x00508454,12
FUN_00508458,0x00508458,0x00508480,40
FUN_00508480,0x00508480,0x005084B8,56
FUN_005084b8,0x005084B8,0x00508504,76
FUN_00508508,0x00508508,0x00508718,528
FUN_00508718,0x00508718,0x00508800,228
FUN_00508800,0x00508800,0x00508880,128
FUN_00508880,0x00508880,0x005088A4,36
FUN_005088a8,0x005088A8,0x005088B8,16
FUN_005088b8,0x005088B8,0x005088CC,20
FUN_005088d0,0x005088D0,0x005088DC,12
FUN_005088e0,0x005088E0,0x005088EC,12
FUN_005088f0,0x005088F0,0x005088FC,12
FUN_00508900,0x00508900,0x0050890C,12
FUN_00508910,0x00508910,0x00508924,20
FUN_00508928,0x00508928,0x00508934,12
FUN_00508938,0x00508938,0x00508944,12
FUN_00508948,0x00508948,0x00508954,12
FUN_00508958,0x00508958,0x00508964,12
FUN_00508968,0x00508968,0x00508974,12
FUN_00508978,0x00508978,0x00508984,12
FUN_00508988,0x00508988,0x00508994,12
FUN_00508998,0x00508998,0x005089A4,12
FUN_005089a8,0x005089A8,0x005089B4,12
FUN_005089b8,0x005089B8,0x005089C4,12
FUN_005089c8,0x005089C8,0x005089D4,12
FUN_005089d8,0x005089D8,0x005089E4,12
FUN_005089e8,0x005089E8,0x005089F4,12
FUN_005089f8,0x005089F8,0x00508A04,12
FUN_00508a08,0x00508A08,0x00508A14,12
FUN_00508a18,0x00508A18,0x00508A24,12
FUN_00508a28,0x00508A28,0x00508A34,12
FUN_00508a38,0x00508A38,0x00508A44,12
FUN_00508a48,0x00508A48,0x00508A54,12
FUN_00508a58,0x00508A58,0x00508A64,12
FUN_00508a68,0x00508A68,0x00508A70,8
FUN_00508a70,0x00508A70,0x00508A78,8
FUN_00508a78,0x00508A78,0x00508A80,8
FUN_00508a80,0x00508A80,0x00508A88,8
FUN_00508a88,0x00508A88,0x00508A90,8
FUN_00508a90,0x00508A90,0x00508A98,8
FUN_00508a98,0x00508A98,0x00508AA4,12
FUN_00508aa8,0x00508AA8,0x00508AB4,12
FUN_00508ab8,0x00508AB8,0x00508AD0,24
FUN_00508ad0,0x00508AD0,0x00508AFC,44
FUN_00508b00,0x00508B00,0x00508B3C,60
FUN_00508b40,0x00508B40,0x00508B8C,76
FUN_00508b90,0x00508B90,0x00508D18,388
FUN_00508d18,0x00508D18,0x00508EB0,404
FUN_00508eb0,0x00508EB0,0x00509058,424
FUN_00509058,0x00509058,0x0050921C,452
FUN_00509220,0x00509220,0x005093F4,468
FUN_005093f8,0x005093F8,0x00509418,32
FUN_00509418,0x00509418,0x00509438,32
FUN_00509438,0x00509438,0x005094D0,148
FUN_005094d0,0x005094D0,0x005094E8,24
FUN_005094e8,0x005094E8,0x005094F0,8
FUN_005094f0,0x005094F0,0x00509504,20
FUN_00509508,0x00509508,0x00509510,8
FUN_00509510,0x00509510,0x00509530,32
FUN_00509530,0x00509530,0x00509560,48
FUN_00509560,0x00509560,0x005095A0,64
FUN_005095a0,0x005095A0,0x00509614,116
FUN_00509618,0x00509618,0x0050964C,52
FUN_00509650,0x00509650,0x00509660,16
FUN_00509660,0x00509660,0x00509668,8
FUN_00509668,0x00509668,0x00509670,8
FUN_00509670,0x00509670,0x00509678,8
FUN_00509678,0x00509678,0x00509680,8
FUN_00509680,0x00509680,0x00509688,8
FUN_00509688,0x00509688,0x00509690,8
FUN_00509690,0x00509690,0x00509698,8
FUN_00509698,0x00509698,0x005096A0,8
FUN_005096a0,0x005096A0,0x005096A8,8
FUN_005096a8,0x005096A8,0x005096B0,8
FUN_005096b0,0x005096B0,0x005096B8,8
FUN_005096b8,0x005096B8,0x005096D8,32
FUN_005096d8,0x005096D8,0x005096E0,8
FUN_005096e0,0x005096E0,0x00509700,32
FUN_00509700,0x00509700,0x00509730,48
FUN_00509730,0x00509730,0x00509AEC,924
FUN_00509af0,0x00509AF0,0x00509BE8,244
FUN_00509be8,0x00509BE8,0x00509F04,784
FUN_00509f08,0x00509F08,0x0050A0EC,480
FUN_0050a0f0,0x0050A0F0,0x0050A370,636
FUN_0050a370,0x0050A370,0x0050A3EC,124
FUN_0050a3f0,0x0050A3F0,0x0050A4FC,264
FUN_0050a500,0x0050A500,0x0050A5C0,192
FUN_0050a5c0,0x0050A5C0,0x0050A730,364
FUN_0050a730,0x0050A730,0x0050A900,456
FUN_0050a900,0x0050A900,0x0050A9F8,244
FUN_0050a9f8,0x0050A9F8,0x0050AA40,68
FUN_0050aa40,0x0050AA40,0x0050AB14,212
FUN_0050ab18,0x0050AB18,0x0050AC20,264
FUN_0050ac20,0x0050AC20,0x0050ACEC,204
FUN_0050acf0,0x0050ACF0,0x0050AD24,52
FUN_0050ad28,0x0050AD28,0x0050AED8,420
FUN_0050aed8,0x0050AED8,0x0050B2C0,984
FUN_0050b2c0,0x0050B2C0,0x0050B5BC,752
FUN_0050b5c0,0x0050B5C0,0x0050B928,844
FUN_0050b928,0x0050B928,0x0050BB48,536
FUN_0050bb48,0x0050BB48,0x0050C0E0,1408
FUN_0050c0e0,0x0050C0E0,0x0050C1FC,284
FUN_0050c200,0x0050C200,0x0050C3F0,488
FUN_0050c3f0,0x0050C3F0,0x0050C71C,808
FUN_0050c720,0x0050C720,0x0050C948,540
FUN_0050c948,0x0050C948,0x0050CB60,528
FUN_0050cb60,0x0050CB60,0x0050CBA0,64
FUN_0050cba0,0x0050CBA0,0x0050CBE0,60
FUN_0050cbe0,0x0050CBE0,0x0050CD9C,444
FUN_0050cda0,0x0050CDA0,0x0050CDE4,64
FUN_0050cde8,0x0050CDE8,0x0050CE40,88
FUN_0050ce40,0x0050CE40,0x0050CE98,88
FUN_0050ce98,0x0050CE98,0x0050CFB0,280
FUN_0050cfb0,0x0050CFB0,0x0050D17C,460
FUN_0050d180,0x0050D180,0x0050D188,8
FUN_0050d188,0x0050D188,0x0050D210,136
FUN_0050d210,0x0050D210,0x0050D2A8,152
FUN_0050d2a8,0x0050D2A8,0x0050D360,184
FUN_0050d360,0x0050D360,0x0050D45C,252
FUN_0050d460,0x0050D460,0x0050D554,240
FUN_0050d558,0x0050D558,0x0050D560,8
FUN_0050d560,0x0050D560,0x0050D678,280
FUN_0050d678,0x0050D678,0x0050D6C4,76
FUN_0050d6c8,0x0050D6C8,0x0050D80C,320
FUN_0050d810,0x0050D810,0x0050D830,32
FUN_0050d830,0x0050D830,0x0050D894,100
FUN_0050d898,0x0050D898,0x0050D8BC,36
FUN_0050d8c0,0x0050D8C0,0x0050D8C8,8
FUN_0050d8c8,0x0050D8C8,0x0050D8D0,8
FUN_0050d8d0,0x0050D8D0,0x0050D930,96
FUN_0050d930,0x0050D930,0x0050D964,52
FUN_0050d968,0x0050D968,0x0050D988,32
FUN_0050d988,0x0050D988,0x0050D998,16
FUN_0050d998,0x0050D998,0x0050D9A8,16
FUN_0050d9a8,0x0050D9A8,0x0050D9B8,16
FUN_0050d9b8,0x0050D9B8,0x0050DAA0,228
FUN_0050daa0,0x0050DAA0,0x0050DB84,224
FUN_0050db88,0x0050DB88,0x0050DC48,188
FUN_0050dc50,0x0050DC50,0x0050DE18,436
FUN_0050de20,0x0050DE20,0x0050DF10,224
FUN_0050df10,0x0050DF10,0x0050DF30,32
FUN_0050df30,0x0050DF30,0x0050DF8C,88
FUN_0050df90,0x0050DF90,0x0050DFEC,88
FUN_0050dff0,0x0050DFF0,0x0050E190,412
FUN_0050e190,0x0050E190,0x0050E3D0,576
FUN_0050e3d0,0x0050E3D0,0x0050E404,52
FUN_0050e410,0x0050E410,0x0050E540,304
FUN_0050e540,0x0050E540,0x0050E588,72
FUN_0050e590,0x0050E590,0x0050E728,408
FUN_0050e730,0x0050E730,0x0050E7B8,132
FUN_0050e7c0,0x0050E7C0,0x0050E848,136
FUN_0050e850,0x0050E850,0x0050E8A0,76
FUN_0050e8a0,0x0050E8A0,0x0050E95C,188
FUN_0050e960,0x0050E960,0x0050EA44,224
FUN_0050ea50,0x0050EA50,0x0050EBF4,416
FUN_0050ec00,0x0050EC00,0x0050ECC8,200
FUN_0050ecd0,0x0050ECD0,0x0050ED74,164
FUN_0050ed80,0x0050ED80,0x0050EE30,172
FUN_0050ee30,0x0050EE30,0x0050EF24,240
FUN_0050ef30,0x0050EF30,0x0050F11C,492
FUN_0050f120,0x0050F120,0x0050F14C,44
FUN_0050f150,0x0050F150,0x0050F1B4,100
FUN_0050f1c0,0x0050F1C0,0x0050F340,384
FUN_0050f340,0x0050F340,0x0050F4C0,324
FUN_0050f4c0,0x0050F4C0,0x0050F510,72
FUN_0050f510,0x0050F510,0x0050F558,72
FUN_0050f560,0x0050F560,0x0050F594,52
caseD_0,0x0050F590,0x0050F59C,12
caseD_1,0x0050F5A0,0x0050F5AC,12
caseD_a,0x0050F5B0,0x0050F5BC,12
caseD_2,0x0050F5C0,0x0050F5CC,12
caseD_3,0x0050F5D0,0x0050F5DC,12
caseD_4,0x0050F5E0,0x0050F5EC,12
caseD_6,0x0050F5F0,0x0050F5FC,12
caseD_5,0x0050F600,0x0050F60C,12
caseD_c,0x0050F610,0x0050F61C,12
caseD_7,0x0050F620,0x0050F62C,12
caseD_8,0x0050F630,0x0050F63C,12
caseD_9,0x0050F640,0x0050F64C,12
caseD_b,0x0050F650,0x0050F660,16
FUN_0050f660,0x0050F660,0x0050F668,8
FUN_0050f668,0x0050F668,0x0050F670,8
FUN_0050f670,0x0050F670,0x0050F768,248
FUN_0050f770,0x0050F770,0x0050F780,16
FUN_0050f780,0x0050F780,0x0050F80C,136
FUN_0050f810,0x0050F810,0x0050F840,48
FUN_0050f840,0x0050F840,0x0050F84C,12
FUN_0050f850,0x0050F850,0x0050F864,20
FUN_0050f870,0x0050F870,0x0050F884,20
FUN_0050f890,0x0050F890,0x0050F988,248
FUN_0050f990,0x0050F990,0x0050FA4C,184
FUN_0050fa50,0x0050FA50,0x0050FAC4,116
FUN_0050fad0,0x0050FAD0,0x0050FBD0,256
FUN_0050fbd0,0x0050FBD0,0x0050FC8C,184
FUN_0050fc90,0x0050FC90,0x0050FD90,256
FUN_0050fd90,0x0050FD90,0x0050FE7C,236
FUN_0050fe80,0x0050FE80,0x0050FECC,76
FUN_0050fed0,0x0050FED0,0x0050FEDC,12
FUN_0050fee0,0x0050FEE0,0x0050FF9C,184
FUN_0050ffa0,0x0050FFA0,0x0050FFB8,24
FUN_0050ffc0,0x0050FFC0,0x0050FFD8,24
FUN_0050ffe0,0x0050FFE0,0x00510060,128
FUN_00510060,0x00510060,0x0051006C,12
FUN_00510070,0x00510070,0x0051007C,12
FUN_00510080,0x00510080,0x00510100,128
FUN_00510100,0x00510100,0x0051010C,12
FUN_00510110,0x00510110,0x005101C0,176
FUN_005101c0,0x005101C0,0x00510220,96
FUN_00510220,0x00510220,0x00510280,96
FUN_00510280,0x00510280,0x00510288,8
FUN_00510290,0x00510290,0x005102E0,80
FUN_005102e0,0x005102E0,0x0051034C,108
FUN_00510350,0x00510350,0x0051038C,60
FUN_00510390,0x00510390,0x005104DC,328
FUN_005104e0,0x005104E0,0x00510524,68
FUN_00510530,0x00510530,0x0051056C,60
FUN_00510570,0x00510570,0x00510734,444
FUN_00510740,0x00510740,0x005107B0,112
FUN_005107b0,0x005107B0,0x00510944,396
FUN_00510950,0x00510950,0x00510964,20
thunk_FUN_00510980,0x00510970,0x005109A8,56
FUN_005109b0,0x005109B0,0x005109BC,12
FUN_005109c0,0x005109C0,0x005109CC,12
FUN_005109d0,0x005109D0,0x00510B7C,428
FUN_00510b80,0x00510B80,0x00510B88,8
FUN_00510b90,0x00510B90,0x00510BCC,60
FUN_00510bd0,0x00510BD0,0x00510BE0,16
FUN_00510be0,0x00510BE0,0x00510BF4,20
FUN_00510c00,0x00510C00,0x00510C10,16
FUN_00510c10,0x00510C10,0x00510C1C,12
FUN_00510c20,0x00510C20,0x00510C28,8
FUN_00510c30,0x00510C30,0x00510C74,68
FUN_00510c80,0x00510C80,0x00510CB4,52
FUN_00510cc0,0x00510CC0,0x00510CF8,56
FUN_00510d00,0x00510D00,0x00510D08,8
FUN_00510d10,0x00510D10,0x00510DB8,168
FUN_00510dc0,0x00510DC0,0x00510E34,116
FUN_00510e40,0x00510E40,0x00510FDC,412
FUN_00510fe0,0x00510FE0,0x00510FF0,16
FUN_00510ff0,0x00510FF0,0x00511F38,3880
FUN_00511f40,0x00511F40,0x00511F7C,60
FUN_00511f80,0x00511F80,0x005120A0,288
FUN_005120a0,0x005120A0,0x005120A8,8
FUN_005120b0,0x005120B0,0x005120C0,16
FUN_005120c0,0x005120C0,0x005120F8,56
FUN_00512100,0x00512100,0x00512118,24
FUN_00512120,0x00512120,0x00512140,32
FUN_00512140,0x00512140,0x005121C0,128
FUN_005121c0,0x005121C0,0x0051239C,472
FUN_005123a0,0x005123A0,0x00512558,440
FUN_00512560,0x00512560,0x00512814,692
FUN_00512820,0x00512820,0x00512880,96
FUN_00512880,0x00512880,0x005128C0,64
thunk_FUN_005151f0,0x005128C0,0x005128C8,8
FUN_005128d0,0x005128D0,0x005128E4,20
FUN_005128f0,0x005128F0,0x00512924,52
FUN_00512930,0x00512930,0x00512CA8,884
FUN_00512cb0,0x00512CB0,0x00512DBC,264
FUN_00512dc0,0x00512DC0,0x00513078,696
FUN_00513080,0x00513080,0x00513298,532
FUN_005132a0,0x005132A0,0x005132A8,8
FUN_005132b0,0x005132B0,0x00513458,424
FUN_00513460,0x00513460,0x005136AC,588
FUN_005136b0,0x005136B0,0x00513D94,1752
FUN_00513da0,0x00513DA0,0x00513F90,496
FUN_00513f90,0x00513F90,0x00514884,2280
FUN_00514890,0x00514890,0x00514FE4,1864
FUN_00514ff0,0x00514FF0,0x005151F0,512
FUN_005151f0,0x005151F0,0x005151F8,8
FUN_00515200,0x00515200,0x00515268,104
FUN_00515270,0x00515270,0x00515340,208
FUN_00515340,0x00515340,0x005153A8,104
FUN_005153b0,0x005153B0,0x005153B8,8
FUN_005153c0,0x005153C0,0x00515420,96
FUN_00515420,0x00515420,0x005154A0,128
FUN_005154a0,0x005154A0,0x00515520,128
FUN_00515520,0x00515520,0x00515580,96
FUN_00515580,0x00515580,0x00515714,404
FUN_00515720,0x00515720,0x00515748,40
FUN_00515750,0x00515750,0x00515884,308
FUN_00515890,0x00515890,0x005159B8,296
FUN_005159c0,0x005159C0,0x00515A38,120
FUN_00515a40,0x00515A40,0x00515F14,1236
FUN_00515f20,0x00515F20,0x005160B8,404
FUN_005160c0,0x005160C0,0x00516258,408
FUN_00516260,0x00516260,0x00516268,8
FUN_00516270,0x00516270,0x00516278,8
FUN_00516280,0x00516280,0x005162B8,56
FUN_005162c0,0x005162C0,0x00516A1C,1876
FUN_00516a20,0x00516A20,0x00516A28,8
FUN_00516a30,0x00516A30,0x00516A38,8
FUN_00516a40,0x00516A40,0x00516A48,8
FUN_00516a50,0x00516A50,0x00516A5C,12
FUN_00516a60,0x00516A60,0x00516A74,20
FUN_00516a80,0x00516A80,0x00516AF0,108
FUN_00516af0,0x00516AF0,0x00517048,1368
FUN_00517050,0x00517050,0x005170F4,164
FUN_00517100,0x00517100,0x00517188,136
FUN_00517190,0x00517190,0x00517518,904
FUN_00517520,0x00517520,0x005175A4,132
FUN_005175b0,0x005175B0,0x00517804,596
FUN_00517810,0x00517810,0x00517818,8
FUN_00517820,0x00517820,0x00517838,24
FUN_00517840,0x00517840,0x00517894,84
FUN_005178a0,0x005178A0,0x005178A8,8
FUN_005178b0,0x005178B0,0x005178B8,8
FUN_005178c0,0x005178C0,0x005178C8,8
FUN_005178d0,0x005178D0,0x0051798C,188
FUN_00517990,0x00517990,0x00517FE4,1620
FUN_00517ff0,0x00517FF0,0x005181E8,504
FUN_005181f0,0x005181F0,0x005182C0,208
FUN_005182c0,0x005182C0,0x005182E8,40
FUN_005182f0,0x005182F0,0x0051846C,376
FUN_00518470,0x00518470,0x005184A8,56
FUN_005184b0,0x005184B0,0x00518708,600
FUN_00518710,0x00518710,0x005188EC,476
FUN_005188f0,0x005188F0,0x00518950,96
FUN_00518950,0x00518950,0x005189B8,104
FUN_005189c0,0x005189C0,0x00518A20,96
FUN_00518a20,0x00518A20,0x00518A98,120
FUN_00518aa0,0x00518AA0,0x00518BB8,224
FUN_00518bc0,0x00518BC0,0x00518DA0,480
FUN_00518da0,0x00518DA0,0x00518E1C,124
FUN_00518e20,0x00518E20,0x00518FF8,472
FUN_00519000,0x00519000,0x00519038,56
FUN_00519040,0x00519040,0x00519158,248
FUN_00519160,0x00519160,0x00519338,440
FUN_00519340,0x00519340,0x005193E8,160
FUN_005193f0,0x005193F0,0x00519508,252
FUN_00519510,0x00519510,0x00519528,24
FUN_00519530,0x00519530,0x00519548,24
FUN_00519550,0x00519550,0x005195A0,76
FUN_005195a0,0x005195A0,0x005199C0,1052
FUN_005199c0,0x005199C0,0x00519A5C,156
FUN_00519a60,0x00519A60,0x00519AC8,104
FUN_00519ad0,0x00519AD0,0x00519B38,104
FUN_00519b40,0x00519B40,0x00519BA8,104
FUN_00519bb0,0x00519BB0,0x00519C18,104
FUN_00519c20,0x00519C20,0x00519C88,104
FUN_00519c90,0x00519C90,0x00519CF8,104
FUN_00519d00,0x00519D00,0x00519D68,104
FUN_00519d70,0x00519D70,0x00519DD8,104
FUN_00519de0,0x00519DE0,0x00519E48,104
FUN_00519e50,0x00519E50,0x0051A070,544
FUN_0051a070,0x0051A070,0x0051A574,1272
FUN_0051a580,0x0051A580,0x0051A588,8
FUN_0051a590,0x0051A590,0x0051A598,8
FUN_0051a5a0,0x0051A5A0,0x0051A5A8,8
FUN_0051a5b0,0x0051A5B0,0x0051A5B8,8
FUN_0051a5c0,0x0051A5C0,0x0051A5C8,8
FUN_0051a5d0,0x0051A5D0,0x0051A65C,140
FUN_0051a660,0x0051A660,0x0051A668,8
FUN_0051a670,0x0051A670,0x0051A678,8
FUN_0051a680,0x0051A680,0x0051A744,196
FUN_0051a750,0x0051A750,0x0051A988,568
FUN_0051a990,0x0051A990,0x0051ABC8,568
FUN_0051abd0,0x0051ABD0,0x0051AE08,568
FUN_0051ae10,0x0051AE10,0x0051B048,568
FUN_0051b050,0x0051B050,0x0051B1B0,352
FUN_0051b1b0,0x0051B1B0,0x0051B294,228
FUN_0051b2a0,0x0051B2A0,0x0051B410,344
FUN_0051b410,0x0051B410,0x0051B50C,252
FUN_0051b510,0x0051B510,0x0051B564,84
FUN_0051b570,0x0051B570,0x0051B650,220
FUN_0051b650,0x0051B650,0x0051B750,256
FUN_0051b750,0x0051B750,0x0051B86C,284
FUN_0051b870,0x0051B870,0x0051B974,260
FUN_0051b980,0x0051B980,0x0051BA2C,168
FUN_0051ba30,0x0051BA30,0x0051BADC,168
FUN_0051bae0,0x0051BAE0,0x0051BB94,176
FUN_0051bba0,0x0051BBA0,0x0051BC54,176
FUN_0051bc60,0x0051BC60,0x0051BD14,176
FUN_0051bd20,0x0051BD20,0x0051BDD4,176
FUN_0051bde0,0x0051BDE0,0x0051BE94,176
FUN_0051bea0,0x0051BEA0,0x0051C000,348
FUN_0051c000,0x0051C000,0x0051C188,388
FUN_0051c190,0x0051C190,0x0051C328,408
FUN_0051c330,0x0051C330,0x0051C474,320
FUN_0051c480,0x0051C480,0x0051C4E8,104
FUN_0051c4f0,0x0051C4F0,0x0051C60C,280
FUN_0051c610,0x0051C610,0x0051C6A8,152
FUN_0051c6b0,0x0051C6B0,0x0051C754,164
FUN_0051c760,0x0051C760,0x0051C7CC,108
FUN_0051c7d0,0x0051C7D0,0x0051C8F0,288
FUN_0051c8f0,0x0051C8F0,0x0051C98C,156
FUN_0051c990,0x0051C990,0x0051CB00,364
FUN_0051cb00,0x0051CB00,0x0051CBA4,164
FUN_0051cbb0,0x0051CBB0,0x0051CD00,332
FUN_0051cd00,0x0051CD00,0x0051CDF4,240
FUN_0051ce00,0x0051CE00,0x0051CF88,388
FUN_0051cf90,0x0051CF90,0x0051CF98,8
FUN_0051cfa0,0x0051CFA0,0x0051CFA8,8
FUN_0051cfb0,0x0051CFB0,0x0051D468,1196
FUN_0051d470,0x0051D470,0x0051D4CC,92
FUN_0051d4d0,0x0051D4D0,0x0051D4D8,8
FUN_0051d4e0,0x0051D4E0,0x0051D6D0,496
FUN_0051d6d0,0x0051D6D0,0x0051DE5C,1920
FUN_0051de60,0x0051DE60,0x0051E008,420
FUN_0051e010,0x0051E010,0x0051E578,1372
FUN_0051e580,0x0051E580,0x0051E6E8,360
FUN_0051e6f0,0x0051E6F0,0x0051E78C,152
FUN_0051e790,0x0051E790,0x0051E7FC,108
FUN_0051e800,0x0051E800,0x0051E868,104
FUN_0051e870,0x0051E870,0x0051E8D8,104
FUN_0051e8e0,0x0051E8E0,0x0051EA5C,380
FUN_0051ea60,0x0051EA60,0x0051EDC8,868
FUN_0051edd0,0x0051EDD0,0x0051F148,888
FUN_0051f150,0x0051F150,0x0051FA5C,2304
FUN_0051fa60,0x0051FA60,0x0051FE30,976
FUN_0051fe30,0x0051FE30,0x00520B6C,3376
FUN_00520b70,0x00520B70,0x00520D48,472
FUN_00520d50,0x00520D50,0x005216EC,2448
FUN_005216f0,0x005216F0,0x00521A78,904
FUN_00521a80,0x00521A80,0x00522394,2312
FUN_005223a0,0x005223A0,0x00522578,472
FUN_00522580,0x00522580,0x00522D0C,1920
FUN_00522d10,0x00522D10,0x00523068,856
FUN_00523070,0x00523070,0x0052397C,2308
FUN_00523980,0x00523980,0x00523AE0,352
FUN_00523ae0,0x00523AE0,0x00524404,2328
FUN_00524410,0x00524410,0x00524418,8
FUN_00524420,0x00524420,0x00524428,8
FUN_00524430,0x00524430,0x00524918,1252
FUN_00524920,0x00524920,0x00524A14,236
FUN_00524a20,0x00524A20,0x00524B40,288
FUN_00524b40,0x00524B40,0x00524C10,204
FUN_00524c10,0x00524C10,0x00524F90,896
FUN_00524f90,0x00524F90,0x00524FBC,44
FUN_00524fc0,0x00524FC0,0x00525008,72
FUN_00525010,0x00525010,0x005254BC,1192
FUN_005254c0,0x005254C0,0x005254C8,8
FUN_005254d0,0x005254D0,0x005255FC,300
FUN_00525600,0x00525600,0x005257DC,468
FUN_005257e0,0x005257E0,0x00525AD0,752
FUN_00525ad0,0x00525AD0,0x00525F20,1104
FUN_00525f20,0x00525F20,0x00525F38,24
FUN_00525f40,0x00525F40,0x005265CC,1672
FUN_005265d0,0x005265D0,0x00526638,104
FUN_00526640,0x00526640,0x0052670C,204
FUN_00526710,0x00526710,0x00526770,96
FUN_00526770,0x00526770,0x005267B0,64
FUN_005267b0,0x005267B0,0x005267FC,76
FUN_00526800,0x00526800,0x00526A58,600
FUN_00526a60,0x00526A60,0x00526AC8,104
FUN_00526ad0,0x00526AD0,0x00526EC4,1008
FUN_00526ed0,0x00526ED0,0x005271E0,780
FUN_005271e0,0x005271E0,0x005275BC,984
FUN_005275c0,0x005275C0,0x005275C8,8
FUN_005275d0,0x005275D0,0x00527678,164
FUN_00527680,0x00527680,0x0052772C,168
FUN_00527730,0x00527730,0x0052776C,60
FUN_00527770,0x00527770,0x00527B78,1016
FUN_00527b80,0x00527B80,0x00527BBC,60
FUN_00527bc0,0x00527BC0,0x00527C24,100
FUN_00527c30,0x00527C30,0x00527C9C,108
FUN_00527ca0,0x00527CA0,0x00527F00,608
FUN_00527f00,0x00527F00,0x00527F38,56
FUN_00527f40,0x00527F40,0x00527F98,88
FUN_00527fa0,0x00527FA0,0x0052812C,392
FUN_00528130,0x00528130,0x00528274,324
FUN_00528280,0x00528280,0x00528288,8
FUN_00528290,0x00528290,0x0052846C,476
FUN_00528470,0x00528470,0x005285F8,392
FUN_00528600,0x00528600,0x005286E4,228
FUN_005286f0,0x005286F0,0x005287CC,216
FUN_005287d0,0x005287D0,0x005287E8,24
FUN_005287f0,0x005287F0,0x005288AC,188
FUN_005288b0,0x005288B0,0x00528A8C,476
FUN_00528a90,0x00528A90,0x00528EF0,1116
FUN_00528ef0,0x00528EF0,0x00528F3C,76
FUN_00528f40,0x00528F40,0x005290A0,352
FUN_005290a0,0x005290A0,0x005292E8,584
FUN_005292f0,0x005292F0,0x005294B0,448
FUN_005294b0,0x005294B0,0x0052B750,8816
FUN_0052b750,0x0052B750,0x0052BA28,724
FUN_0052ba30,0x0052BA30,0x0052BA70,64
FUN_0052ba70,0x0052BA70,0x0052BB4C,220
FUN_0052bb50,0x0052BB50,0x0052BB7C,44
FUN_0052bb80,0x0052BB80,0x0052C2A4,1808
FUN_0052c2b0,0x0052C2B0,0x0052C304,84
FUN_0052c310,0x0052C310,0x0052C47C,360
FUN_0052c480,0x0052C480,0x0052C5AC,296
FUN_0052c5b0,0x0052C5B0,0x0052C5EC,60
FUN_0052c5f0,0x0052C5F0,0x0052C708,272
FUN_0052c710,0x0052C710,0x0052C71C,12
FUN_0052c720,0x0052C720,0x0052C730,16
FUN_0052c730,0x0052C730,0x0052C748,24
FUN_0052c750,0x0052C750,0x0052C758,8
FUN_0052c760,0x0052C760,0x0052C90C,428
FUN_0052c910,0x0052C910,0x0052CA00,240
FUN_0052ca00,0x0052CA00,0x0052CA78,120
FUN_0052ca80,0x0052CA80,0x0052CC3C,444
FUN_0052cc40,0x0052CC40,0x0052CF30,752
FUN_0052cf30,0x0052CF30,0x0052CFE8,184
FUN_0052cff0,0x0052CFF0,0x0052D09C,172
FUN_0052d0a0,0x0052D0A0,0x0052D134,148
FUN_0052d140,0x0052D140,0x0052D540,1024
FUN_0052d540,0x0052D540,0x0052D698,344
FUN_0052d6a0,0x0052D6A0,0x0052D94C,680
FUN_0052d950,0x0052D950,0x0052E0C8,1896
FUN_0052e0d0,0x0052E0D0,0x0052E1B8,232
FUN_0052e1c0,0x0052E1C0,0x0052E1E8,40
FUN_0052e1f0,0x0052E1F0,0x0052E3F4,516
FUN_0052e400,0x0052E400,0x0052E578,372
FUN_0052e580,0x0052E580,0x0052E6D8,340
FUN_0052e6e0,0x0052E6E0,0x0052E8FC,520
FUN_0052e900,0x0052E900,0x0052E934,52
FUN_0052e940,0x0052E940,0x0052EC90,836
FUN_0052ec90,0x0052EC90,0x0052EF04,628
FUN_0052ef10,0x0052EF10,0x0052F428,1284
FUN_0052f430,0x0052F430,0x0052F438,8
FUN_0052f440,0x0052F440,0x0052F6C4,640
FUN_0052f6d0,0x0052F6D0,0x0052F6DC,12
FUN_0052f6e0,0x0052F6E0,0x0052FCE8,1516
FUN_0052fcf0,0x0052FCF0,0x0052FD9C,172
FUN_0052fda0,0x0052FDA0,0x0052FE4C,172
FUN_0052fe50,0x0052FE50,0x0052FF2C,216
FUN_0052ff30,0x0052FF30,0x00530318,984
FUN_00530320,0x00530320,0x0053038C,108
FUN_00530390,0x00530390,0x005303A0,16
FUN_005303a0,0x005303A0,0x005303B0,16
FUN_005303b0,0x005303B0,0x005305A0,488
FUN_005305a0,0x005305A0,0x005307BC,536
FUN_005307c0,0x005307C0,0x005308EC,296
FUN_005308f0,0x005308F0,0x0053092C,60
FUN_00530930,0x00530930,0x005309C4,148
FUN_005309d0,0x005309D0,0x00530A64,148
FUN_00530a70,0x00530A70,0x00530B04,148
FUN_00530b10,0x00530B10,0x00530BC0,172
FUN_00530bc0,0x00530BC0,0x00530C84,192
FUN_00530c90,0x00530C90,0x00530D88,248
FUN_00530d90,0x00530D90,0x005317C4,2600
FUN_005317d0,0x005317D0,0x00531840,112
FUN_00531840,0x00531840,0x0053189C,92
FUN_005318a0,0x005318A0,0x005318E0,64
FUN_005318e0,0x005318E0,0x005319C4,228
FUN_005319d0,0x005319D0,0x00531A10,64
thunk_FUN_0051a580,0x00531A10,0x00531A18,8
FUN_00531a20,0x00531A20,0x00531A34,20
FUN_00531a40,0x00531A40,0x00531A80,64
thunk_FUN_0051a5c0,0x00531A80,0x00531A88,8
FUN_00531a90,0x00531A90,0x00531AA4,20
FUN_00531ab0,0x00531AB0,0x00531B24,116
FUN_00531b30,0x00531B30,0x00531C18,232
FUN_00531c20,0x00531C20,0x00531C34,20
FUN_00531c40,0x00531C40,0x00531C60,32
FUN_00531c60,0x00531C60,0x00531C78,24
FUN_00531c80,0x00531C80,0x00531CB8,56
FUN_00531cc0,0x00531CC0,0x00531D74,180
FUN_00531d80,0x00531D80,0x00531FC0,576
FUN_00531fc0,0x00531FC0,0x00531FFC,60
FUN_00532000,0x00532000,0x00532410,1032
FUN_00532410,0x00532410,0x00532428,24
FUN_00532430,0x00532430,0x00532448,24
FUN_00532450,0x00532450,0x005324B4,100
FUN_005324c0,0x005324C0,0x005324D4,20
FUN_005324e0,0x005324E0,0x005324F0,16
FUN_005324f0,0x005324F0,0x005324F8,8
FUN_00532500,0x00532500,0x0053250C,12
FUN_00532510,0x00532510,0x00532520,16
FUN_00532520,0x00532520,0x00532590,112
FUN_00532590,0x00532590,0x005325BC,44
FUN_005325c0,0x005325C0,0x005329F8,1060
FUN_00532a00,0x00532A00,0x00532A10,16
FUN_00532a10,0x00532A10,0x00532D58,832
FUN_00532d60,0x00532D60,0x00532DA4,68
FUN_00532db0,0x00532DB0,0x00532E84,212
FUN_00532e90,0x00532E90,0x00532EA4,20
FUN_00532eb0,0x00532EB0,0x00532F80,208
FUN_00532f80,0x00532F80,0x00533060,216
FUN_00533060,0x00533060,0x005330A8,72
FUN_005330b0,0x005330B0,0x00533128,120
FUN_00533130,0x00533130,0x00533204,212
FUN_00533210,0x00533210,0x005333A0,400
FUN_005333a0,0x005333A0,0x005334E0,320
FUN_005334e0,0x005334E0,0x005335B4,208
FUN_005335c0,0x005335C0,0x00533670,172
FUN_00533670,0x00533670,0x00533854,480
FUN_00533860,0x00533860,0x00533910,172
FUN_00533910,0x00533910,0x00533AF0,476
FUN_00533af0,0x00533AF0,0x00533B10,32
FUN_00533b10,0x00533B10,0x00533B34,36
FUN_00533b40,0x00533B40,0x00533B60,32
FUN_00533b60,0x00533B60,0x00533C10,172
FUN_00533c10,0x00533C10,0x00533C44,52
FUN_00533c50,0x00533C50,0x00533C68,24
FUN_00533c70,0x00533C70,0x00533C90,32
FUN_00533c90,0x00533C90,0x00533D40,172
FUN_00533d40,0x00533D40,0x00533DC8,136
FUN_00533dd0,0x00533DD0,0x00533E80,172
FUN_00533e80,0x00533E80,0x00533F30,172
FUN_00533f30,0x00533F30,0x0053402C,252
FUN_00534030,0x00534030,0x00534078,72
FUN_00534080,0x00534080,0x005340B0,48
FUN_005340b0,0x005340B0,0x00534160,172
FUN_00534160,0x00534160,0x00534300,416
FUN_00534300,0x00534300,0x00534320,32
FUN_00534320,0x00534320,0x00534344,36
FUN_00534350,0x00534350,0x00534368,24
FUN_00534370,0x00534370,0x00534420,172
FUN_00534420,0x00534420,0x00534454,52
FUN_00534460,0x00534460,0x00534478,24
FUN_00534480,0x00534480,0x005344A0,32
FUN_005344a0,0x005344A0,0x00534550,172
FUN_00534550,0x00534550,0x00534558,8
FUN_00534560,0x00534560,0x00534650,236
FUN_00534650,0x00534650,0x00534680,48
FUN_00534680,0x00534680,0x005346F0,112
FUN_005346f0,0x005346F0,0x00534710,32
FUN_00534710,0x00534710,0x00534738,40
FUN_00534740,0x00534740,0x00534758,24
FUN_00534760,0x00534760,0x00534830,200
FUN_00534830,0x00534830,0x00534844,20
FUN_00534848,0x00534848,0x00534850,8
FUN_00534850,0x00534850,0x005348A8,88
FUN_005348a8,0x005348A8,0x00535018,1904
FUN_00535018,0x00535018,0x005354C0,1192
FUN_005354c0,0x005354C0,0x0053554C,140
FUN_00535550,0x00535550,0x00535580,48
FUN_00535580,0x00535580,0x00535FA0,2564
FUN_00535fa0,0x00535FA0,0x005362EC,844
FUN_005362f0,0x005362F0,0x0053649C,428
FUN_005364a0,0x005364A0,0x00536BCC,1828
FUN_00536bd0,0x00536BD0,0x005370AC,1240
FUN_005370b0,0x005370B0,0x005371BC,268
FUN_005371c0,0x005371C0,0x00537440,632
FUN_00537440,0x00537440,0x0053775C,796
FUN_00537760,0x00537760,0x0053798C,544
FUN_00537990,0x00537990,0x005379C8,56
FUN_005379d0,0x005379D0,0x00537A08,56
FUN_00537a10,0x00537A10,0x00537A48,56
FUN_00537a50,0x00537A50,0x00537A88,56
FUN_00537a90,0x00537A90,0x00537BE0,328
FUN_00537be0,0x00537BE0,0x00537C14,52
FUN_00537c20,0x00537C20,0x00537DBC,412
FUN_00537dc0,0x00537DC0,0x00538168,928
FUN_00538170,0x00538170,0x00538240,204
FUN_00538240,0x00538240,0x0053836C,300
FUN_00538370,0x00538370,0x005383BC,76
FUN_005383c0,0x005383C0,0x00538420,96
FUN_00538420,0x00538420,0x00538460,64
thunk_FUN_00539a90,0x00538460,0x00538468,8
FUN_00538470,0x00538470,0x00538484,20
FUN_00538490,0x00538490,0x005384A4,20
FUN_005384b0,0x005384B0,0x00538654,416
FUN_00538660,0x00538660,0x00538740,220
FUN_00538740,0x00538740,0x005387F8,184
FUN_00538800,0x00538800,0x00538A8C,652
FUN_00538a90,0x00538A90,0x00538D70,736
FUN_00538d70,0x00538D70,0x00538E44,212
FUN_00538e50,0x00538E50,0x00538EA0,76
FUN_00538ea0,0x00538EA0,0x00539080,480
FUN_00539080,0x00539080,0x00539788,1792
FUN_00539790,0x00539790,0x00539A88,760
FUN_00539a90,0x00539A90,0x00539A98,8
FUN_00539aa0,0x00539AA0,0x00539B08,104
FUN_00539b10,0x00539B10,0x00539CC8,440
FUN_00539cc8,0x00539CC8,0x00539D00,56
FUN_00539d00,0x00539D00,0x00539D08,8
FUN_00539d08,0x00539D08,0x00539D20,24
FUN_00539d20,0x00539D20,0x00539D50,48
FUN_00539d50,0x00539D50,0x0053A17C,1068
FUN_0053a180,0x0053A180,0x0053A490,784
FUN_0053a490,0x0053A490,0x0053A840,936
FUN_0053a840,0x0053A840,0x0053AC78,1064
FUN_0053ac80,0x0053AC80,0x0053B534,2216
FUN_0053b540,0x0053B540,0x0053B590,80
FUN_0053b590,0x0053B590,0x0053B5E0,80
FUN_0053b5e0,0x0053B5E0,0x0053B630,80
FUN_0053b630,0x0053B630,0x0053B6C8,152
FUN_0053b6d0,0x0053B6D0,0x0053BE50,1912
FUN_0053be50,0x0053BE50,0x0053C898,2620
FUN_0053c8a0,0x0053C8A0,0x0053D3C8,2844
FUN_0053d3d0,0x0053D3D0,0x0053D4A8,216
FUN_0053d4b0,0x0053D4B0,0x0053D754,664
FUN_0053d760,0x0053D760,0x0053D880,288
FUN_0053d880,0x0053D880,0x0053D934,180
FUN_0053d940,0x0053D940,0x0053DABC,380
FUN_0053dac0,0x0053DAC0,0x0053DAE0,32
FUN_0053dae0,0x0053DAE0,0x0053DB00,32
FUN_0053db00,0x0053DB00,0x0053DB20,32
FUN_0053db20,0x0053DB20,0x0053DC90,368
FUN_0053dc90,0x0053DC90,0x0053DE44,428
FUN_0053de50,0x0053DE50,0x0053DFCC,372
FUN_0053dfd0,0x0053DFD0,0x0053E110,320
FUN_0053e110,0x0053E110,0x0053E4F0,976
FUN_0053e4f0,0x0053E4F0,0x0053E5C0,208
FUN_0053e5c0,0x0053E5C0,0x0053E610,76
FUN_0053e610,0x0053E610,0x0053E6CC,184
FUN_0053e6d0,0x0053E6D0,0x0053E744,116
FUN_0053e750,0x0053E750,0x0053E8C0,368
FUN_0053e8c0,0x0053E8C0,0x0053E8D8,24
FUN_0053e8e0,0x0053E8E0,0x0053E900,32
FUN_0053e900,0x0053E900,0x0053EBB0,688
FUN_0053ebb0,0x0053EBB0,0x0053EE60,688
FUN_0053ee60,0x0053EE60,0x0053EF4C,232
FUN_0053ef50,0x0053EF50,0x0053F030,220
FUN_0053f030,0x0053F030,0x0053F180,332
FUN_0053f180,0x0053F180,0x0053F2B4,308
FUN_0053f2c0,0x0053F2C0,0x0053F338,120
FUN_0053f340,0x0053F340,0x0053F370,48
FUN_0053f370,0x0053F370,0x0053F3AC,60
FUN_0053f3b0,0x0053F3B0,0x0053F410,96
FUN_0053f410,0x0053F410,0x0053F49C,140
FUN_0053f4a0,0x0053F4A0,0x0053F50C,108
FUN_0053f510,0x0053F510,0x0053F630,288
FUN_0053f630,0x0053F630,0x0053F868,564
FUN_0053f870,0x0053F870,0x0053F938,188
FUN_0053f940,0x0053F940,0x0053F97C,60
FUN_0053f980,0x0053F980,0x0053F9A4,36
FUN_0053f9b0,0x0053F9B0,0x0053FA5C,172
FUN_0053fa60,0x0053FA60,0x0053FA68,8
FUN_0053fa70,0x0053FA70,0x0053FA78,8
FUN_0053fa80,0x0053FA80,0x0053FA88,8
FUN_0053fa90,0x0053FA90,0x0053FA98,8
FUN_0053faa0,0x0053FAA0,0x0053FAA8,8
FUN_0053fab0,0x0053FAB0,0x0053FAB8,8
FUN_0053fac0,0x0053FAC0,0x0053FBA4,228
FUN_0053fbb0,0x0053FBB0,0x0053FD44,404
FUN_0053fd50,0x0053FD50,0x0053FDEC,156
FUN_0053fdf0,0x0053FDF0,0x0053FE3C,76
FUN_0053fe40,0x0053FE40,0x0053FE70,48
FUN_0053fe70,0x0053FE70,0x0053FEF8,136
FUN_0053ff00,0x0053FF00,0x00540040,312
FUN_00540040,0x00540040,0x0054015C,280
FUN_00540160,0x00540160,0x00540338,464
FUN_00540340,0x00540340,0x00540380,64
FUN_00540380,0x00540380,0x00540468,232
FUN_00540470,0x00540470,0x005404E0,112
FUN_005404e0,0x005404E0,0x00540520,64
FUN_00540520,0x00540520,0x00540528,8
FUN_00540530,0x00540530,0x00540544,20
FUN_00540550,0x00540550,0x00540618,200
FUN_00540620,0x00540620,0x00540940,800
FUN_00540940,0x00540940,0x00540B54,524
FUN_00540b60,0x00540B60,0x00540C50,236
FUN_00540c50,0x00540C50,0x00540DEC,412
FUN_00540df0,0x00540DF0,0x00541390,1096
FUN_00541390,0x00541390,0x005413F8,104
FUN_00541400,0x00541400,0x00541490,144
FUN_00541490,0x00541490,0x00541564,212
FUN_00541570,0x00541570,0x005416EC,380
FUN_005416f0,0x005416F0,0x00541850,352
FUN_00541850,0x00541850,0x00541B50,768
FUN_00541b50,0x00541B50,0x00541C10,192
FUN_00541c10,0x00541C10,0x00541C28,24
FUN_00541c28,0x00541C28,0x00541C30,8
FUN_00541c30,0x00541C30,0x00541C58,40
FUN_00541c58,0x00541C58,0x00541D80,296
FUN_00541d80,0x00541D80,0x00541D84,4
FUN_00541d84,0x00541D84,0x00541F38,436
FUN_00541f38,0x00541F38,0x0054203C,260
FUN_00542040,0x00542040,0x00542208,456
FUN_00542210,0x00542210,0x005427FC,1512
FUN_00542800,0x00542800,0x00542998,408
FUN_005429a0,0x005429A0,0x00542A20,128
FUN_00542a20,0x00542A20,0x00542A5C,60
FUN_00542a60,0x00542A60,0x00542BB8,340
FUN_00542bc0,0x00542BC0,0x00542C68,168
FUN_00542c70,0x00542C70,0x005436AC,2592
FUN_005436b0,0x005436B0,0x0054379C,236
FUN_005437a0,0x005437A0,0x00543854,176
FUN_00543860,0x00543860,0x00543928,200
FUN_00543930,0x00543930,0x0054399C,108
FUN_005439a0,0x005439A0,0x005439E4,68
FUN_005439f0,0x005439F0,0x00543A18,40
FUN_00543a20,0x00543A20,0x00543A3C,28
FUN_00543a40,0x00543A40,0x00543AF8,184
FUN_00543b00,0x00543B00,0x00543BF0,232
FUN_00543bf0,0x00543BF0,0x00543CDC,228
FUN_00543ce0,0x00543CE0,0x00543DC0,220
FUN_00543dc0,0x00543DC0,0x00544180,956
FUN_00544180,0x00544180,0x005444E8,868
FUN_005444f0,0x005444F0,0x00544520,48
FUN_00544520,0x00544520,0x00544550,48
FUN_00544550,0x00544550,0x00544554,4
FUN_00544554,0x00544554,0x00544558,4
FUN_00544558,0x00544558,0x00544570,24
FUN_00544570,0x00544570,0x00544588,24
FUN_00544590,0x00544590,0x00544618,136
FUN_00544618,0x00544618,0x00544708,240
FUN_00544708,0x00544708,0x00544738,48
FUN_00544738,0x00544738,0x00544778,64
FUN_00544778,0x00544778,0x00544788,16
FUN_00544788,0x00544788,0x005447A8,32
FUN_005447a8,0x005447A8,0x005447B0,8
FUN_005447b0,0x005447B0,0x005447D8,40
FUN_005447d8,0x005447D8,0x00544860,136
FUN_00544860,0x00544860,0x005448F8,152
FUN_005448f8,0x005448F8,0x00544950,88
FUN_00544950,0x00544950,0x005449A8,88
FUN_005449b8,0x005449B8,0x00544A28,112
FUN_00544a28,0x00544A28,0x00544A68,64
FUN_00544a68,0x00544A68,0x00544C88,544
FUN_00544c88,0x00544C88,0x00544CA8,32
FUN_00544ca8,0x00544CA8,0x00544CB4,12
FUN_00544cc0,0x00544CC0,0x00544E60,416
FUN_00544e60,0x00544E60,0x00545360,1268
FUN_00545360,0x00545360,0x00545368,8
FUN_00545370,0x00545370,0x005453D8,104
FUN_005453e0,0x005453E0,0x0054549C,188
FUN_005454a0,0x005454A0,0x00545598,248
FUN_005455a0,0x005455A0,0x00545608,104
FUN_00545610,0x00545610,0x005456BC,172
FUN_005456c0,0x005456C0,0x0054574C,140
FUN_00545750,0x00545750,0x00545800,172
FUN_00545800,0x00545800,0x00545B0C,772
FUN_00545b10,0x00545B10,0x00545B94,128
FUN_00545ba0,0x00545BA0,0x00545C30,144
FUN_00545c30,0x00545C30,0x00545C84,84
FUN_00545c90,0x00545C90,0x00545CDC,76
FUN_00545ce0,0x00545CE0,0x00545F38,588
FUN_00545f40,0x00545F40,0x00545F54,20
FUN_00545f60,0x00545F60,0x0054609C,312
FUN_005460a0,0x005460A0,0x00546100,96
FUN_00546100,0x00546100,0x00546110,16
FUN_00546110,0x00546110,0x00546124,20
FUN_00546130,0x00546130,0x00546150,32
FUN_00546150,0x00546150,0x005462F8,420
FUN_00546300,0x00546300,0x00546360,96
FUN_00546360,0x00546360,0x00546410,172
FUN_00546410,0x00546410,0x00546464,84
FUN_00546470,0x00546470,0x005464DC,108
FUN_005464e0,0x005464E0,0x005464FC,28
FUN_00546500,0x00546500,0x0054651C,28
FUN_00546520,0x00546520,0x005465F8,216
FUN_00546600,0x00546600,0x005466AC,168
FUN_005466b0,0x005466B0,0x00546710,96
FUN_00546710,0x00546710,0x0054671C,12
FUN_00546720,0x00546720,0x00546790,108
FUN_00546790,0x00546790,0x00546960,464
FUN_00546960,0x00546960,0x005469C0,96
FUN_005469c0,0x005469C0,0x005469F8,56
FUN_005469f8,0x005469F8,0x00546A30,56
FUN_00546a30,0x00546A30,0x00546A48,24
FUN_00546a48,0x00546A48,0x00546A7C,52
FUN_00546a80,0x00546A80,0x00546AF8,116
FUN_00546b00,0x00546B00,0x00546B30,48
FUN_00546b30,0x00546B30,0x00546BC0,144
FUN_00546bc0,0x00546BC0,0x00546BD0,16
FUN_00546bd0,0x00546BD0,0x00546C40,112
FUN_00546c40,0x00546C40,0x00546CD4,148
FUN_00546ce0,0x00546CE0,0x00546E2C,328
FUN_00546e30,0x00546E30,0x00546EB8,136
FUN_00546ec0,0x00546EC0,0x0054722C,864
FUN_00547230,0x00547230,0x005472A0,112
FUN_005472a0,0x005472A0,0x00547310,112
FUN_00547310,0x00547310,0x00547380,112
FUN_00547380,0x00547380,0x005475D8,596
FUN_005475e0,0x005475E0,0x00547840,608
FUN_00547840,0x00547840,0x005478A0,96
FUN_005478a0,0x005478A0,0x00547A0C,364
FUN_00547a10,0x00547A10,0x00547A28,24
FUN_00547a30,0x00547A30,0x00547A38,8
FUN_00547a40,0x00547A40,0x00547A48,8
FUN_00547a50,0x00547A50,0x00547A58,8
FUN_00547a60,0x00547A60,0x00547A68,8
FUN_00547a70,0x00547A70,0x00547A78,8
FUN_00547a80,0x00547A80,0x00547C2C,420
FUN_00547c30,0x00547C30,0x00547C38,8
FUN_00547c40,0x00547C40,0x00547C48,8
FUN_00547c50,0x00547C50,0x00547D58,264
FUN_00547d60,0x00547D60,0x00547E4C,236
FUN_00547e50,0x00547E50,0x00547F18,200
FUN_00547f20,0x00547F20,0x00547F28,8
FUN_00547f30,0x00547F30,0x00547F5C,44
FUN_00547f60,0x00547F60,0x00548130,452
FUN_00548130,0x00548130,0x00548280,336
FUN_00548280,0x00548280,0x005483E0,340
FUN_005483e0,0x005483E0,0x00548530,336
FUN_00548530,0x00548530,0x0054857C,76
FUN_00548580,0x00548580,0x005485E4,100
FUN_005485f0,0x005485F0,0x00548640,80
FUN_00548640,0x00548640,0x005487E4,416
FUN_005487f0,0x005487F0,0x005487F8,8
FUN_00548800,0x00548800,0x005489C4,448
FUN_005489d0,0x005489D0,0x00548C08,564
FUN_00548c10,0x00548C10,0x00548C18,8
FUN_00548c20,0x00548C20,0x00548CCC,172
FUN_00548cd0,0x00548CD0,0x00548E08,308
FUN_00548e10,0x00548E10,0x00548FB8,420
FUN_00548fc0,0x00548FC0,0x005492BC,760
FUN_005492c0,0x005492C0,0x00549578,688
FUN_00549580,0x00549580,0x00549640,192
FUN_00549640,0x00549640,0x0054964C,12
FUN_00549650,0x00549650,0x0054965C,12
FUN_00549660,0x00549660,0x00549678,24
FUN_00549680,0x00549680,0x00549698,24
FUN_005496a0,0x005496A0,0x005496B4,20
FUN_005496c0,0x005496C0,0x00549710,76
FUN_00549710,0x00549710,0x00549774,100
FUN_00549780,0x00549780,0x005499E0,608
FUN_005499e0,0x005499E0,0x00549B14,308
FUN_00549b20,0x00549B20,0x00549B34,20
FUN_00549b40,0x00549B40,0x00549B54,20
FUN_00549b60,0x00549B60,0x00549B74,20
FUN_00549b80,0x00549B80,0x00549B94,20
FUN_00549ba0,0x00549BA0,0x00549BB4,20
FUN_00549bc0,0x00549BC0,0x00549BD4,20
FUN_00549be0,0x00549BE0,0x00549BF4,20
FUN_00549c00,0x00549C00,0x00549C14,20
FUN_00549c20,0x00549C20,0x00549CB0,144
FUN_00549cb0,0x00549CB0,0x00549DA8,248
FUN_00549db0,0x00549DB0,0x00549E98,232
FUN_00549ea0,0x00549EA0,0x00549F44,164
FUN_00549f50,0x00549F50,0x00549FEC,156
FUN_00549ff0,0x00549FF0,0x0054A070,128
FUN_0054a070,0x0054A070,0x0054A168,248
FUN_0054a170,0x0054A170,0x0054A2AC,316
FUN_0054a2b0,0x0054A2B0,0x0054A2B8,8
FUN_0054a2c0,0x0054A2C0,0x0054A3D4,276
FUN_0054a3e0,0x0054A3E0,0x0054A444,100
FUN_0054a450,0x0054A450,0x0054A52C,220
FUN_0054a530,0x0054A530,0x0054A5B0,128
FUN_0054a5b0,0x0054A5B0,0x0054A630,128
FUN_0054a630,0x0054A630,0x0054A6B0,128
FUN_0054a6b0,0x0054A6B0,0x0054A730,128
FUN_0054a730,0x0054A730,0x0054A794,100
FUN_0054a7a0,0x0054A7A0,0x0054A8FC,348
FUN_0054a900,0x0054A900,0x0054ACB0,936
FUN_0054acb0,0x0054ACB0,0x0054AE5C,420
FUN_0054ae60,0x0054AE60,0x0054B514,1696
FUN_0054b520,0x0054B520,0x0054B540,32
FUN_0054b540,0x0054B540,0x0054B560,32
FUN_0054b560,0x0054B560,0x0054B594,48
FUN_0054b5a0,0x0054B5A0,0x0054B6A8,264
FUN_0054b6b0,0x0054B6B0,0x0054B758,168
FUN_0054b760,0x0054B760,0x0054B794,48
FUN_0054b7a0,0x0054B7A0,0x0054B82C,136
FUN_0054b830,0x0054B830,0x0054B850,32
FUN_0054b850,0x0054B850,0x0054B994,324
FUN_0054b9a0,0x0054B9A0,0x0054BAF8,344
FUN_0054bb00,0x0054BB00,0x0054BCD0,460
FUN_0054bcd0,0x0054BCD0,0x0054BEA8,472
FUN_0054beb0,0x0054BEB0,0x0054C0CC,524
FUN_0054c0d0,0x0054C0D0,0x0054C260,396
FUN_0054c260,0x0054C260,0x0054C2DC,124
FUN_0054c2e0,0x0054C2E0,0x0054C2F4,20
FUN_0054c300,0x0054C300,0x0054C3BC,184
FUN_0054c3c0,0x0054C3C0,0x0054C5EC,544
FUN_0054c5f0,0x0054C5F0,0x0054C5F8,8
FUN_0054c600,0x0054C600,0x0054C650,80
FUN_0054c650,0x0054C650,0x0054CBAC,1344
FUN_0054cbb0,0x0054CBB0,0x0054CBE4,52
FUN_0054cbf0,0x0054CBF0,0x0054CF28,808
FUN_0054cf30,0x0054CF30,0x0054E6D8,6028
FUN_0054e6e0,0x0054E6E0,0x0054E6E8,8
FUN_0054e6f0,0x0054E6F0,0x0054E8C8,468
FUN_0054e8d0,0x0054E8D0,0x0054EBE8,784
FUN_0054ebf0,0x0054EBF0,0x0054F0A0,1192
FUN_0054f0a0,0x0054F0A0,0x0054F3A0,756
FUN_0054f3a0,0x0054F3A0,0x0054F574,460
FUN_0054f580,0x0054F580,0x0054F6F8,376
FUN_0054f700,0x0054F700,0x00552404,11448
FUN_00552410,0x00552410,0x00552790,892
FUN_00552790,0x00552790,0x00553218,2692
FUN_00553220,0x00553220,0x0055354C,804
FUN_00553550,0x00553550,0x005536D4,384
FUN_005536e0,0x005536E0,0x00553870,392
FUN_00553870,0x00553870,0x00553AC0,588
FUN_00553ac0,0x00553AC0,0x00553BD8,280
FUN_00553be0,0x00553BE0,0x00554174,1420
FUN_00554180,0x00554180,0x00554354,464
FUN_00554360,0x00554360,0x005544B8,340
FUN_005544c0,0x005544C0,0x00554628,360
FUN_00554630,0x00554630,0x0055472C,252
FUN_00554730,0x00554730,0x00555488,3360
FUN_00555490,0x00555490,0x005556CC,572
FUN_005556d0,0x005556D0,0x005557F4,292
FUN_00555800,0x00555800,0x00555BD4,976
FUN_00555be0,0x00555BE0,0x00555FB0,968
FUN_00555fb0,0x00555FB0,0x00556048,152
FUN_00556050,0x00556050,0x00557074,4088
FUN_00557080,0x00557080,0x0055793C,2212
FUN_00557940,0x00557940,0x00557A10,208
FUN_00557a10,0x00557A10,0x00557F18,1276
FUN_00557f20,0x00557F20,0x00558078,336
FUN_00558080,0x00558080,0x005585A4,1272
FUN_005585b0,0x005585B0,0x005586FC,324
FUN_00558700,0x00558700,0x0055907C,2428
FUN_00559080,0x00559080,0x005590C4,68
FUN_005590d0,0x005590D0,0x005590D8,8
FUN_005590e0,0x005590E0,0x00559120,64
FUN_00559120,0x00559120,0x00559134,20
FUN_00559140,0x00559140,0x0055917C,60
FUN_00559180,0x00559180,0x005591BC,60
FUN_005591c0,0x005591C0,0x0055A364,4516
FUN_0055a370,0x0055A370,0x0055A3E0,112
FUN_0055a3e0,0x0055A3E0,0x0055A3F0,16
FUN_0055a3f0,0x0055A3F0,0x0055A400,16
FUN_0055a400,0x0055A400,0x0055A468,104
FUN_0055a470,0x0055A470,0x0055A478,8
FUN_0055a480,0x0055A480,0x0055A488,8
FUN_0055a490,0x0055A490,0x0055A498,8
FUN_0055a4a0,0x0055A4A0,0x0055A4C8,40
FUN_0055a4d0,0x0055A4D0,0x0055A4E4,20
FUN_0055a4f0,0x0055A4F0,0x0055A53C,76
FUN_0055a540,0x0055A540,0x0055A5A8,104
FUN_0055a5b0,0x0055A5B0,0x0055A5B8,8
FUN_0055a5c0,0x0055A5C0,0x0055A5C8,8
FUN_0055a5d0,0x0055A5D0,0x0055A5D8,8
FUN_0055a5e0,0x0055A5E0,0x0055A5E8,8
FUN_0055a5f0,0x0055A5F0,0x0055A668,120
FUN_0055a670,0x0055A670,0x0055A678,8
FUN_0055a680,0x0055A680,0x0055A688,8
FUN_0055a690,0x0055A690,0x0055A69C,12
FUN_0055a6a0,0x0055A6A0,0x0055A6A8,8
FUN_0055a6b0,0x0055A6B0,0x0055A6BC,12
FUN_0055a6c0,0x0055A6C0,0x0055A6C8,8
FUN_0055a6d0,0x0055A6D0,0x0055A6D8,8
FUN_0055a6e0,0x0055A6E0,0x0055A6E8,8
FUN_0055a6f0,0x0055A6F0,0x0055A6F8,8
FUN_0055a700,0x0055A700,0x0055A708,8
FUN_0055a710,0x0055A710,0x0055A718,8
FUN_0055a720,0x0055A720,0x0055A728,8
FUN_0055a730,0x0055A730,0x0055A738,8
FUN_0055a740,0x0055A740,0x0055A9B4,616
FUN_0055a9c0,0x0055A9C0,0x0055AAC8,260
FUN_0055aad0,0x0055AAD0,0x0055AB30,96
FUN_0055ab30,0x0055AB30,0x0055AB3C,12
FUN_0055ab40,0x0055AB40,0x0055ABA4,100
FUN_0055abb0,0x0055ABB0,0x0055ABB8,8
FUN_0055abc0,0x0055ABC0,0x0055ABF0,48
FUN_0055abf0,0x0055ABF0,0x0055AC20,48
FUN_0055ac20,0x0055AC20,0x0055AEA0,628
FUN_0055aea0,0x0055AEA0,0x0055AF64,188
FUN_0055af70,0x0055AF70,0x0055B4D4,1372
FUN_0055b4e0,0x0055B4E0,0x0055B594,180
FUN_0055b5a0,0x0055B5A0,0x0055B690,240
FUN_0055b690,0x0055B690,0x0055C1F4,2752
FUN_0055c200,0x0055C200,0x0055C4A8,676
FUN_0055c4b0,0x0055C4B0,0x0055D0AC,3064
FUN_0055d0b0,0x0055D0B0,0x0055D0E0,48
FUN_0055d0e0,0x0055D0E0,0x0055D12C,76
FUN_0055d130,0x0055D130,0x0055D178,72
FUN_0055d180,0x0055D180,0x0055D1AC,44
FUN_0055d1b0,0x0055D1B0,0x0055D1FC,76
FUN_0055d200,0x0055D200,0x0055D250,80
FUN_0055d250,0x0055D250,0x0055D27C,44
FUN_0055d280,0x0055D280,0x0055D348,196
FUN_0055d350,0x0055D350,0x0055D5C4,620
thunk_FUN_0055d5e0,0x0055D5D0,0x0055D5D8,8
FUN_0055d5e0,0x0055D5E0,0x0055D754,364
FUN_0055d760,0x0055D760,0x0055D8A8,324
FUN_0055d8b0,0x0055D8B0,0x0055D8D0,32
FUN_0055d8d0,0x0055D8D0,0x0055D8F4,36
FUN_0055d900,0x0055D900,0x0055D91C,28
FUN_0055d920,0x0055D920,0x0055D93C,28
FUN_0055d940,0x0055D940,0x0055D95C,28
FUN_0055d960,0x0055D960,0x0055DD98,1076
FUN_0055dda0,0x0055DDA0,0x0055DDC0,32
FUN_0055ddc0,0x0055DDC0,0x0055DDF4,52
FUN_0055de00,0x0055DE00,0x0055E29C,1168
FUN_0055e2a0,0x0055E2A0,0x0055E2C4,36
FUN_0055e2d0,0x0055E2D0,0x0055E31C,76
FUN_0055e320,0x0055E320,0x0055E38C,108
FUN_0055e390,0x0055E390,0x0055E784,996
FUN_0055e790,0x0055E790,0x0055E7D0,64
FUN_0055e7d0,0x0055E7D0,0x0055E89C,204
FUN_0055e8a0,0x0055E8A0,0x0055E8C0,32
FUN_0055e8c0,0x0055E8C0,0x0055EC68,932
FUN_0055ec70,0x0055EC70,0x0055FA98,3592
FUN_0055faa0,0x0055FAA0,0x0055FB10,112
FUN_0055fb10,0x0055FB10,0x0055FB44,52
FUN_0055fb50,0x0055FB50,0x0055FC08,152
FUN_0055fc10,0x0055FC10,0x0055FC60,76
FUN_0055fc60,0x0055FC60,0x0055FEF8,660
FUN_0055ff00,0x0055FF00,0x0055FF58,84
FUN_0055ff60,0x0055FF60,0x00561670,5840
FUN_00561670,0x00561670,0x005617B8,328
FUN_005617c0,0x005617C0,0x00561914,336
FUN_00561920,0x00561920,0x005619CC,172
FUN_005619d0,0x005619D0,0x00561A7C,172
FUN_00561a80,0x00561A80,0x00561BB0,304
FUN_00561bb0,0x00561BB0,0x00561FDC,1060
FUN_00561fe0,0x00561FE0,0x00562010,48
FUN_00562010,0x00562010,0x00562100,236
FUN_00562100,0x00562100,0x0056245C,856
FUN_00562460,0x00562460,0x005636E8,4672
FUN_005636f0,0x005636F0,0x0056399C,668
FUN_005639a0,0x005639A0,0x005639A8,8
FUN_005639b0,0x005639B0,0x00563DE0,1068
FUN_00563de0,0x00563DE0,0x00563F18,308
FUN_00563f20,0x00563F20,0x00563FFC,220
FUN_00564000,0x00564000,0x005643DC,980
FUN_005643e0,0x005643E0,0x005646EC,768
FUN_005646f0,0x005646F0,0x00564A28,812
FUN_00564a30,0x00564A30,0x00564B24,244
FUN_00564b30,0x00564B30,0x00564C78,328
FUN_00564c80,0x00564C80,0x00564DC8,328
FUN_00564dd0,0x00564DD0,0x0056521C,1092
FUN_00565220,0x00565220,0x00565294,116
FUN_005652a0,0x005652A0,0x005655C0,796
FUN_005655c0,0x005655C0,0x00565680,188
FUN_00565680,0x00565680,0x005657F8,376
FUN_00565800,0x00565800,0x00565808,8
FUN_00565810,0x00565810,0x00565874,100
FUN_00565880,0x00565880,0x005658E0,96
FUN_005658e0,0x005658E0,0x00565BD4,756
FUN_00565be0,0x00565BE0,0x00565BE8,8
FUN_00565bf0,0x00565BF0,0x00565C54,100
FUN_00565c60,0x00565C60,0x00565C6C,12
FUN_00565c70,0x00565C70,0x00565C78,8
FUN_00565c80,0x00565C80,0x00565C88,8
FUN_00565c90,0x00565C90,0x00565C98,8
FUN_00565ca0,0x00565CA0,0x00565D08,104
FUN_00565d10,0x00565D10,0x00565D24,20
FUN_00565d30,0x00565D30,0x00565D98,104
FUN_00565da0,0x00565DA0,0x00565DF8,88
FUN_00565e00,0x00565E00,0x00565E58,88
FUN_00565e60,0x00565E60,0x00566444,1500
FUN_00566450,0x00566450,0x00566624,468
FUN_00566630,0x00566630,0x00566884,596
FUN_00566890,0x00566890,0x00566ECC,1580
FUN_00566ed0,0x00566ED0,0x0056705C,396
FUN_00567060,0x00567060,0x00567154,240
FUN_00567160,0x00567160,0x00567234,208
FUN_00567240,0x00567240,0x0056736C,296
FUN_00567370,0x00567370,0x005674F0,384
FUN_005674f0,0x005674F0,0x005674F8,8
FUN_00567500,0x00567500,0x0056752C,44
FUN_00567530,0x00567530,0x00567538,8
FUN_00567540,0x00567540,0x005676E8,424
FUN_005676f0,0x005676F0,0x00567ACC,988
FUN_00567ad0,0x00567AD0,0x00567B18,72
FUN_00567b20,0x00567B20,0x00567C28,260
FUN_00567c30,0x00567C30,0x00567C98,100
FUN_00567ca0,0x00567CA0,0x00567CF0,76
FUN_00567cf0,0x00567CF0,0x00567D48,88
FUN_00567d50,0x00567D50,0x00567E04,180
FUN_00567e10,0x00567E10,0x00567EB0,160
FUN_00567eb0,0x00567EB0,0x00567FC0,268
FUN_00567fc0,0x00567FC0,0x005682FC,824
FUN_00568300,0x00568300,0x00568384,128
FUN_00568390,0x00568390,0x00568440,176
FUN_00568440,0x00568440,0x005684E0,160
FUN_005684e0,0x005684E0,0x005684EC,12
FUN_005684f0,0x005684F0,0x005685D4,228
FUN_005685e0,0x005685E0,0x005687A8,452
FUN_005687b0,0x005687B0,0x00568EE4,1784
FUN_00568ef0,0x00568EF0,0x00568EF8,8
FUN_00568f00,0x00568F00,0x00568F08,8
FUN_00568f10,0x00568F10,0x0056914C,568
FUN_00569150,0x00569150,0x0056A024,3744
FUN_0056a030,0x0056A030,0x0056A058,40
FUN_0056a060,0x0056A060,0x0056A444,988
FUN_0056a450,0x0056A450,0x0056A798,828
FUN_0056a7a0,0x0056A7A0,0x0056AAF4,840
FUN_0056ab00,0x0056AB00,0x0056AC08,260
FUN_0056ac10,0x0056AC10,0x0056AD1C,268
FUN_0056ad20,0x0056AD20,0x0056AE20,252
FUN_0056ae20,0x0056AE20,0x0056AEB8,152
FUN_0056aec0,0x0056AEC0,0x0056B064,416
FUN_0056b070,0x0056B070,0x0056B82C,1928
FUN_0056b830,0x0056B830,0x0056B878,68
FUN_0056b880,0x0056B880,0x0056BC28,928
FUN_0056bc30,0x0056BC30,0x0056BC78,72
FUN_0056bc80,0x0056BC80,0x0056C030,940
FUN_0056c030,0x0056C030,0x0056C0F4,196
FUN_0056c100,0x0056C100,0x0056C67C,1404
FUN_0056c680,0x0056C680,0x0056C690,16
FUN_0056c690,0x0056C690,0x0056C9CC,824
FUN_0056c9d0,0x0056C9D0,0x0056CB7C,428
FUN_0056cb80,0x0056CB80,0x0056CC24,164
FUN_0056cc30,0x0056CC30,0x0056CC40,16
FUN_0056cc40,0x0056CC40,0x0056CF9C,852
FUN_0056cfa0,0x0056CFA0,0x0056D028,136
FUN_0056d028,0x0056D028,0x0056D224,504
FUN_0056d228,0x0056D228,0x0056D498,624
FUN_0056d498,0x0056D498,0x0056D600,360
FUN_0056d600,0x0056D600,0x0056E810,4624
FUN_0056e810,0x0056E810,0x0056E864,84
FUN_0056e870,0x0056E870,0x0056E884,20
FUN_0056e890,0x0056E890,0x0056EBD4,832
FUN_0056ebe0,0x0056EBE0,0x0056EDD4,492
FUN_0056ede0,0x0056EDE0,0x0056EF84,416
FUN_0056ef90,0x0056EF90,0x0056EFA0,16
FUN_0056efa0,0x0056EFA0,0x0056F17C,468
FUN_0056f180,0x0056F180,0x0056F464,732
FUN_0056f470,0x0056F470,0x0056F618,424
FUN_0056f620,0x0056F620,0x0056FA9C,1120
FUN_0056faa0,0x0056FAA0,0x0056FC14,368
FUN_0056fc20,0x0056FC20,0x0056FFA8,904
FUN_0056ffb0,0x0056FFB0,0x00570018,104
FUN_00570020,0x00570020,0x00570148,296
FUN_00570150,0x00570150,0x00570180,48
FUN_00570180,0x00570180,0x00570288,264
FUN_00570290,0x00570290,0x00571044,3484
FUN_00571050,0x00571050,0x00571230,460
FUN_00571230,0x00571230,0x00571350,288
FUN_00571350,0x00571350,0x005713B8,104
FUN_005713c0,0x005713C0,0x00571554,404
FUN_00571560,0x00571560,0x00571678,272
FUN_00571680,0x00571680,0x00571888,516
FUN_00571890,0x00571890,0x00571F28,1672
FUN_00571f30,0x00571F30,0x005723CC,1156
FUN_005723d0,0x005723D0,0x00572400,48
FUN_00572400,0x00572400,0x005725F8,504
FUN_00572600,0x00572600,0x005727A0,408
FUN_005727a0,0x005727A0,0x00572874,212
FUN_00572880,0x00572880,0x005729F0,364
FUN_005729f0,0x005729F0,0x00572BDC,488
FUN_00572be0,0x00572BE0,0x00572C68,136
FUN_00572c70,0x00572C70,0x00572DE8,372
FUN_00572df0,0x00572DF0,0x00572EE4,244
FUN_00572ef0,0x00572EF0,0x00572FE8,248
FUN_00572ff0,0x00572FF0,0x00573098,168
FUN_005730a0,0x005730A0,0x00573108,104
FUN_00573110,0x00573110,0x00573160,80
FUN_00573160,0x00573160,0x005741C4,4136
FUN_005741d0,0x005741D0,0x00574554,888
FUN_00574560,0x00574560,0x005747A8,576
FUN_005747b0,0x005747B0,0x00574810,96
FUN_00574810,0x00574810,0x00574A3C,544
FUN_00574a40,0x00574A40,0x00574CDC,652
FUN_00574ce0,0x00574CE0,0x00574CE8,8
FUN_00574cf0,0x00574CF0,0x005750BC,968
FUN_005750c0,0x005750C0,0x005760D0,4036
FUN_005760d0,0x005760D0,0x005760D8,8
FUN_005760e0,0x005760E0,0x00576108,40
FUN_00576110,0x00576110,0x0057611C,12
FUN_00576120,0x00576120,0x00576150,48
FUN_00576150,0x00576150,0x005761B8,104
FUN_005761c0,0x005761C0,0x0057634C,396
FUN_00576350,0x00576350,0x005763BC,108
FUN_005763c0,0x005763C0,0x005763C8,8
FUN_005763d0,0x005763D0,0x005764BC,236
FUN_005764c0,0x005764C0,0x00576508,72
FUN_00576510,0x00576510,0x005766A8,408
FUN_005766b0,0x005766B0,0x005767DC,296
FUN_005767e0,0x005767E0,0x00576864,132
FUN_00576870,0x00576870,0x00576E64,1508
FUN_00576e70,0x00576E70,0x00576ED0,96
FUN_00576ed0,0x00576ED0,0x00577544,1640
FUN_00577550,0x00577550,0x005775FC,172
FUN_00577600,0x00577600,0x005776C4,196
FUN_005776d0,0x005776D0,0x005776E8,24
FUN_005776f0,0x005776F0,0x00577C40,1336
FUN_00577c40,0x00577C40,0x00577DA8,352
FUN_00577db0,0x00577DB0,0x005780F0,824
FUN_005780f0,0x005780F0,0x0057812C,60
FUN_00578130,0x00578130,0x00578358,552
FUN_00578360,0x00578360,0x005784C4,356
FUN_005784d0,0x005784D0,0x005784F0,32
FUN_005784f0,0x005784F0,0x00578F3C,2608
FUN_00578f40,0x00578F40,0x00578F8C,76
FUN_00578f90,0x00578F90,0x005790D4,324
FUN_005790e0,0x005790E0,0x00579214,296
FUN_00579220,0x00579220,0x005792D8,184
FUN_005792e0,0x005792E0,0x00579338,88
FUN_00579340,0x00579340,0x005793B0,112
FUN_005793b0,0x005793B0,0x00579438,136
FUN_00579440,0x00579440,0x00579780,832
FUN_00579780,0x00579780,0x00579AE4,820
FUN_00579af0,0x00579AF0,0x00579BB4,184
FUN_00579bc0,0x00579BC0,0x00579BF0,48
FUN_00579bf0,0x00579BF0,0x00579E94,668
FUN_00579ea0,0x00579EA0,0x00579EF0,80
FUN_00579ef0,0x00579EF0,0x00579F60,112
FUN_00579f60,0x00579F60,0x00579F84,36
FUN_00579f90,0x00579F90,0x00579FE4,84
FUN_00579ff0,0x00579FF0,0x0057A2B8,708
FUN_0057a2c0,0x0057A2C0,0x0057A468,408
FUN_0057a470,0x0057A470,0x0057A47C,12
FUN_0057a480,0x0057A480,0x0057A48C,12
FUN_0057a490,0x0057A490,0x0057A4A0,16
FUN_0057a4a0,0x0057A4A0,0x0057A4CC,44
FUN_0057a4d0,0x0057A4D0,0x0057A5D8,240
FUN_0057a5e0,0x0057A5E0,0x0057A678,132
FUN_0057a680,0x0057A680,0x0057A7D8,308
FUN_0057a7e0,0x0057A7E0,0x0057A858,120
FUN_0057a860,0x0057A860,0x0057AA78,416
FUN_0057aa80,0x0057AA80,0x0057AB60,208
FUN_0057ab60,0x0057AB60,0x0057ACA0,280
FUN_0057aca0,0x0057ACA0,0x0057AD18,120
FUN_0057ad20,0x0057AD20,0x0057AD34,20
FUN_0057ad40,0x0057AD40,0x0057AD54,20
FUN_0057ad60,0x0057AD60,0x0057AD68,8
FUN_0057ad70,0x0057AD70,0x0057AD78,8
FUN_0057ad80,0x0057AD80,0x0057AE78,248
FUN_0057ae80,0x0057AE80,0x0057AE88,8
FUN_0057ae90,0x0057AE90,0x0057AF08,120
FUN_0057af10,0x0057AF10,0x0057AF18,8
FUN_0057af20,0x0057AF20,0x0057AF28,8
FUN_0057af30,0x0057AF30,0x0057AFA8,120
FUN_0057afb0,0x0057AFB0,0x0057AFB8,8
FUN_0057afc0,0x0057AFC0,0x0057AFC8,8
FUN_0057afd0,0x0057AFD0,0x0057AFD8,8
FUN_0057afe0,0x0057AFE0,0x0057AFE8,8
FUN_0057aff0,0x0057AFF0,0x0057AFF8,8
FUN_0057b000,0x0057B000,0x0057B008,8
FUN_0057b010,0x0057B010,0x0057B018,8
FUN_0057b020,0x0057B020,0x0057B028,8
FUN_0057b030,0x0057B030,0x0057B05C,44
FUN_0057b060,0x0057B060,0x0057B08C,44
FUN_0057b090,0x0057B090,0x0057B0C8,56
FUN_0057b0d0,0x0057B0D0,0x0057B18C,184
FUN_0057b190,0x0057B190,0x0057B204,116
FUN_0057b210,0x0057B210,0x0057B320,272
FUN_0057b320,0x0057B320,0x0057B3DC,184
FUN_0057b3e0,0x0057B3E0,0x0057B4F8,280
FUN_0057b500,0x0057B500,0x0057B584,132
FUN_0057b590,0x0057B590,0x0057B6B8,296
FUN_0057b6c0,0x0057B6C0,0x0057B7BC,252
FUN_0057b7c0,0x0057B7C0,0x0057B9C8,496
FUN_0057b9d0,0x0057B9D0,0x0057BAE0,272
FUN_0057bae0,0x0057BAE0,0x0057BC40,352
FUN_0057bc40,0x0057BC40,0x0057BF84,816
FUN_0057bf90,0x0057BF90,0x0057C210,636
FUN_0057c210,0x0057C210,0x0057C3DC,452
FUN_0057c3e0,0x0057C3E0,0x0057CAE0,1780
FUN_0057cae0,0x0057CAE0,0x0057CBAC,204
FUN_0057cbb0,0x0057CBB0,0x0057CF74,960
FUN_0057cf80,0x0057CF80,0x0057D1CC,588
FUN_0057d1d0,0x0057D1D0,0x0057D21C,76
FUN_0057d220,0x0057D220,0x0057D274,84
FUN_0057d280,0x0057D280,0x0057D4B8,568
FUN_0057d4c0,0x0057D4C0,0x0057D4E8,40
FUN_0057d4f0,0x0057D4F0,0x0057D530,64
FUN_0057d530,0x0057D530,0x0057D588,88
FUN_0057d590,0x0057D590,0x0057D598,8
FUN_0057d5a0,0x0057D5A0,0x0057D874,720
FUN_0057d880,0x0057D880,0x0057DBDC,852
FUN_0057dbe0,0x0057DBE0,0x0057DF5C,888
FUN_0057df60,0x0057DF60,0x0057E1E0,640
FUN_0057e1e0,0x0057E1E0,0x0057E45C,628
FUN_0057e460,0x0057E460,0x0057E470,16
FUN_0057e470,0x0057E470,0x0057E71C,680
FUN_0057e720,0x0057E720,0x0057E964,572
FUN_0057e970,0x0057E970,0x0057EC7C,768
FUN_0057ec80,0x0057EC80,0x0057EFF0,872
FUN_0057eff0,0x0057EFF0,0x0057F0E0,240
FUN_0057f0e0,0x0057F0E0,0x0057F0F0,16
FUN_0057f0f0,0x0057F0F0,0x0057F134,68
FUN_0057f140,0x0057F140,0x0057F254,272
FUN_0057f260,0x0057F260,0x0057F580,776
FUN_0057f580,0x0057F580,0x005806E8,4396
FUN_005806f0,0x005806F0,0x00580728,56
FUN_00580730,0x00580730,0x005826E8,8096
FUN_005826f0,0x005826F0,0x00582720,48
FUN_00582720,0x00582720,0x005827C0,160
FUN_005827c0,0x005827C0,0x005828E4,288
FUN_005828f0,0x005828F0,0x005829E8,248
FUN_005829f0,0x005829F0,0x00582D88,912
FUN_00582d90,0x00582D90,0x00582DF8,104
FUN_00582e00,0x00582E00,0x00582E58,88
FUN_00582e60,0x00582E60,0x00582E9C,60
FUN_00582ea0,0x00582EA0,0x00582FC4,292
FUN_00582fd0,0x00582FD0,0x0058317C,424
FUN_00583180,0x00583180,0x0058318C,12
FUN_00583190,0x00583190,0x00583250,192
FUN_00583250,0x00583250,0x005832C0,108
FUN_005832c0,0x005832C0,0x00583400,320
FUN_00583400,0x00583400,0x00583490,144
FUN_00583490,0x00583490,0x00583894,1016
FUN_005838a0,0x005838A0,0x00583AC8,544
FUN_00583ad0,0x00583AD0,0x0058422C,1868
FUN_00584230,0x00584230,0x00584314,228
FUN_00584320,0x00584320,0x00584500,476
FUN_00584500,0x00584500,0x00584668,360
FUN_00584670,0x00584670,0x005847C0,336
FUN_005847c0,0x005847C0,0x00584830,112
FUN_00584830,0x00584830,0x005848F4,192
FUN_00584900,0x00584900,0x00584A4C,328
FUN_00584a50,0x00584A50,0x00584AC8,116
FUN_00584ad0,0x00584AD0,0x00584BA8,216
FUN_00584bb0,0x00584BB0,0x00584CE4,304
FUN_00584cf0,0x00584CF0,0x00584DD8,224
FUN_00584de0,0x00584DE0,0x00584F14,304
FUN_00584f20,0x00584F20,0x00585008,224
FUN_00585010,0x00585010,0x00585280,604
FUN_00585280,0x00585280,0x0058584C,1476
FUN_00585850,0x00585850,0x005858FC,172
FUN_00585900,0x00585900,0x00585A74,372
FUN_00585a80,0x00585A80,0x00585B48,196
FUN_00585b50,0x00585B50,0x00585D68,528
FUN_00585d70,0x00585D70,0x00586020,684
FUN_00586020,0x00586020,0x00586108,228
FUN_00586110,0x00586110,0x005866B4,1376
FUN_005866c0,0x005866C0,0x00586868,420
FUN_00586870,0x00586870,0x005869D8,356
FUN_005869e0,0x005869E0,0x00586AE4,256
FUN_00586af0,0x00586AF0,0x00586C08,272
FUN_00586c10,0x00586C10,0x00586D7C,356
FUN_00586d80,0x00586D80,0x00586F8C,520
FUN_00586f90,0x00586F90,0x00587210,632
FUN_00587210,0x00587210,0x005873BC,416
FUN_005873c0,0x005873C0,0x005874C4,260
FUN_005874d0,0x005874D0,0x00587AF8,1560
FUN_00587b00,0x00587B00,0x00587B38,56
FUN_00587b40,0x00587B40,0x0058830C,1960
FUN_00588310,0x00588310,0x00588624,776
FUN_00588630,0x00588630,0x00588948,788
FUN_00588950,0x00588950,0x00588AF4,412
FUN_00588b00,0x00588B00,0x00588F5C,1096
FUN_00588f60,0x00588F60,0x005890EC,396
FUN_005890f0,0x005890F0,0x00589464,880
FUN_00589470,0x00589470,0x00589838,960
FUN_00589840,0x00589840,0x00589984,324
FUN_00589990,0x00589990,0x00589BB4,544
FUN_00589bc0,0x00589BC0,0x0058A0FC,1320
FUN_0058a100,0x0058A100,0x0058A238,292
FUN_0058a240,0x0058A240,0x0058A288,72
FUN_0058a290,0x0058A290,0x0058AE10,2904
FUN_0058ae10,0x0058AE10,0x0058AEC8,176
FUN_0058aed0,0x0058AED0,0x0058B2FC,1040
FUN_0058b300,0x0058B300,0x0058B61C,796
FUN_0058b620,0x0058B620,0x0058B680,96
FUN_0058b680,0x0058B680,0x0058B868,480
FUN_0058b870,0x0058B870,0x0058BBA0,796
FUN_0058bba0,0x0058BBA0,0x0058C234,1664
FUN_0058c240,0x0058C240,0x0058C52C,744
FUN_0058c530,0x0058C530,0x0058C704,460
FUN_0058c710,0x0058C710,0x0058CC94,1380
FUN_0058cca0,0x0058CCA0,0x0058CCE0,64
FUN_0058cce0,0x0058CCE0,0x0058CD6C,140
FUN_0058cd70,0x0058CD70,0x0058CD90,32
FUN_0058cd90,0x0058CD90,0x0058CDB0,32
FUN_0058cdb0,0x0058CDB0,0x0058D060,680
FUN_0058d060,0x0058D060,0x0058D168,264
FUN_0058d170,0x0058D170,0x0058D248,216
FUN_0058d250,0x0058D250,0x0058D42C,460
FUN_0058d430,0x0058D430,0x0058D4A4,116
FUN_0058d4b0,0x0058D4B0,0x0058D540,144
FUN_0058d540,0x0058D540,0x0058D580,64
FUN_0058d580,0x0058D580,0x0058D5C0,64
FUN_0058d5c0,0x0058D5C0,0x0058D608,72
FUN_0058d610,0x0058D610,0x0058D658,72
FUN_0058d660,0x0058D660,0x0058D6A8,72
FUN_0058d6b0,0x0058D6B0,0x0058D704,84
FUN_0058d710,0x0058D710,0x0058E048,2324
FUN_0058e050,0x0058E050,0x0058E0D8,136
FUN_0058e0e0,0x0058E0E0,0x0058E15C,124
FUN_0058e160,0x0058E160,0x0058EEA0,3288
FUN_0058eea0,0x0058EEA0,0x0058F03C,408
FUN_0058f040,0x0058F040,0x0058FA64,2548
FUN_0058fa70,0x0058FA70,0x0058FAC8,88
FUN_0058fad0,0x0058FAD0,0x0058FBDC,264
FUN_0058fbe0,0x0058FBE0,0x0058FCA8,196
FUN_0058fcb0,0x0058FCB0,0x0058FD10,96
FUN_0058fd10,0x0058FD10,0x0058FD18,8
FUN_0058fd20,0x0058FD20,0x0058FE20,252
FUN_0058fe20,0x0058FE20,0x0058FEB8,144
FUN_0058fec0,0x0058FEC0,0x0058FF18,84
FUN_0058ff20,0x0058FF20,0x0058FF48,40
FUN_0058ff50,0x0058FF50,0x0058FF98,72
FUN_0058ffa0,0x0058FFA0,0x0058FFE4,68
FUN_0058fff0,0x0058FFF0,0x005900A0,176
FUN_005900a0,0x005900A0,0x005900C0,32
FUN_005900c0,0x005900C0,0x00590128,104
FUN_00590130,0x00590130,0x00590244,276
FUN_00590250,0x00590250,0x00590290,64
FUN_00590290,0x00590290,0x00590298,8
FUN_005902a0,0x005902A0,0x005902B4,20
FUN_005902c0,0x005902C0,0x00590640,876
FUN_00590640,0x00590640,0x005906E4,164
FUN_005906f0,0x005906F0,0x0059079C,172
FUN_005907a0,0x005907A0,0x00590C24,1124
FUN_00590c30,0x00590C30,0x00590D90,352
FUN_00590d90,0x00590D90,0x00590F5C,456
FUN_00590f60,0x00590F60,0x005910A8,328
FUN_005910b0,0x005910B0,0x00591148,152
FUN_00591150,0x00591150,0x005911F8,152
FUN_00591200,0x00591200,0x005912A8,152
FUN_005912b0,0x005912B0,0x005913EC,308
FUN_005913f0,0x005913F0,0x005918B0,1208
FUN_005918b0,0x005918B0,0x005918E8,56
FUN_005918f0,0x005918F0,0x00591950,96
FUN_00591950,0x00591950,0x00591AB4,356
FUN_00591ac0,0x00591AC0,0x00591AD0,16
FUN_00591ad0,0x00591AD0,0x00591BEC,280
FUN_00591bf0,0x00591BF0,0x00591C08,24
FUN_00591c10,0x00591C10,0x00591C28,24
FUN_00591c30,0x00591C30,0x00591C44,20
FUN_00591c50,0x00591C50,0x00591C6C,28
FUN_00591c70,0x00591C70,0x00591C78,8
FUN_00591c80,0x00591C80,0x00591C88,8
FUN_00591c90,0x00591C90,0x00591CA0,16
FUN_00591ca0,0x00591CA0,0x00591CAC,12
FUN_00591cb0,0x00591CB0,0x00591CB8,8
FUN_00591cc0,0x00591CC0,0x00591CE8,40
FUN_00591cf0,0x00591CF0,0x00591F0C,536
FUN_00591f10,0x00591F10,0x00592048,304
FUN_00592050,0x00592050,0x00592058,8
FUN_00592060,0x00592060,0x005920CC,100
FUN_005920d0,0x005920D0,0x00592150,124
FUN_00592150,0x00592150,0x00592220,208
FUN_00592220,0x00592220,0x00592314,244
FUN_00592320,0x00592320,0x00592544,548
FUN_00592550,0x00592550,0x0059255C,12
FUN_00592560,0x00592560,0x005925D8,120
FUN_005925e0,0x005925E0,0x00592708,292
FUN_00592710,0x00592710,0x00592780,112
FUN_00592780,0x00592780,0x00592840,188
FUN_00592840,0x00592840,0x00592880,64
FUN_00592880,0x00592880,0x00592940,184
FUN_00592940,0x00592940,0x005929A0,96
FUN_005929a0,0x005929A0,0x00592B34,400
FUN_00592b40,0x00592B40,0x00592DBC,636
FUN_00592dc0,0x00592DC0,0x00592DC8,8
FUN_00592dd0,0x00592DD0,0x00592DD8,8
FUN_00592de0,0x00592DE0,0x00592E1C,60
FUN_00592e20,0x00592E20,0x00592E28,8
FUN_00592e30,0x00592E30,0x00592F54,284
FUN_00592f60,0x00592F60,0x00593180,532
FUN_00593180,0x00593180,0x00593210,144
FUN_00593210,0x00593210,0x005932A0,144
FUN_005932a0,0x005932A0,0x00593458,372
FUN_00593460,0x00593460,0x005935A0,272
FUN_005935a0,0x005935A0,0x00593610,112
FUN_00593610,0x00593610,0x00593688,116
FUN_00593690,0x00593690,0x0059370C,120
FUN_00593710,0x00593710,0x00593788,120
FUN_00593790,0x00593790,0x00593808,120
FUN_00593810,0x00593810,0x00593A44,440
FUN_00593a50,0x00593A50,0x00593BB4,304
FUN_00593bc0,0x00593BC0,0x00593E34,488
FUN_00593e40,0x00593E40,0x00593FE4,332
FUN_00593ff0,0x00593FF0,0x00594034,60
FUN_00594040,0x00594040,0x005941E4,332
FUN_005941f0,0x005941F0,0x00594450,472
FUN_00594450,0x00594450,0x00594670,420
FUN_00594670,0x00594670,0x00594878,404
FUN_00594880,0x00594880,0x00594920,160
FUN_00594920,0x00594920,0x00594DC8,1188
FUN_00594dd0,0x00594DD0,0x00594F4C,376
FUN_00594f50,0x00594F50,0x0059510C,440
FUN_00595110,0x00595110,0x005951CC,184
FUN_005951d0,0x005951D0,0x005952DC,260
FUN_005952e0,0x005952E0,0x00595444,352
FUN_00595450,0x00595450,0x00596314,3728
FUN_00596320,0x00596320,0x00596328,8
FUN_00596330,0x00596330,0x00596424,236
FUN_00596430,0x00596430,0x005969A0,1372
FUN_005969a0,0x005969A0,0x00596A50,176
FUN_00596a50,0x00596A50,0x00596A58,8
FUN_00596a60,0x00596A60,0x00596BEC,388
FUN_00596bf0,0x00596BF0,0x00596D90,416
FUN_00596d90,0x00596D90,0x00596FE0,588
FUN_00596fe0,0x00596FE0,0x0059731C,824
FUN_00597320,0x00597320,0x00597628,772
FUN_00597630,0x00597630,0x005977E8,440
FUN_005977f0,0x005977F0,0x005977F8,8
FUN_00597800,0x00597800,0x0059781C,28
FUN_00597820,0x00597820,0x0059783C,28
FUN_00597840,0x00597840,0x0059785C,28
FUN_00597860,0x00597860,0x00597880,32
FUN_00597880,0x00597880,0x005978C8,72
FUN_005978d0,0x005978D0,0x005978F0,32
FUN_005978f0,0x005978F0,0x00597A8C,408
FUN_00597a90,0x00597A90,0x00597C30,412
FUN_00597c30,0x00597C30,0x00597CD4,164
FUN_00597ce0,0x00597CE0,0x00597D8C,168
FUN_00597d90,0x00597D90,0x005980B0,800
FUN_005980b0,0x005980B0,0x00598138,128
FUN_00598140,0x00598140,0x005981C8,128
FUN_005981d0,0x005981D0,0x005982F0,284
FUN_005982f0,0x005982F0,0x00598368,120
FUN_00598370,0x00598370,0x005983D0,96
FUN_005983d0,0x005983D0,0x00598400,48
FUN_00598400,0x00598400,0x0059840C,12
FUN_00598410,0x00598410,0x0059841C,12
FUN_00598420,0x00598420,0x00598440,32
FUN_00598440,0x00598440,0x00598460,32
FUN_00598460,0x00598460,0x005984A0,64
FUN_005984a0,0x005984A0,0x005984C4,36
FUN_005984d0,0x005984D0,0x00598568,152
FUN_00598570,0x00598570,0x00598578,8
FUN_00598580,0x00598580,0x00598D30,1916
FUN_00598d30,0x00598D30,0x0059904C,788
FUN_00599050,0x00599050,0x005994F0,1160
FUN_005994f0,0x005994F0,0x0059958C,156
FUN_00599590,0x00599590,0x005998C0,796
FUN_005998c0,0x005998C0,0x00599B38,624
FUN_00599b40,0x00599B40,0x00599CC4,380
FUN_00599cd0,0x00599CD0,0x00599E64,400
FUN_00599e70,0x00599E70,0x00599FEC,380
FUN_00599ff0,0x00599FF0,0x0059A55C,1344
FUN_0059a560,0x0059A560,0x0059A67C,280
FUN_0059a680,0x0059A680,0x0059A6DC,92
FUN_0059a6e0,0x0059A6E0,0x0059C140,6652
FUN_0059c140,0x0059C140,0x0059C800,1704
FUN_0059c800,0x0059C800,0x0059CA10,512
FUN_0059ca10,0x0059CA10,0x0059CBB0,416
FUN_0059cbb0,0x0059CBB0,0x0059CFEC,1084
FUN_0059cff0,0x0059CFF0,0x0059D02C,60
FUN_0059d030,0x0059D030,0x0059D0AC,124
FUN_0059d0b0,0x0059D0B0,0x0059D0C4,20
FUN_0059d0d0,0x0059D0D0,0x0059D124,84
FUN_0059d130,0x0059D130,0x0059D14C,28
FUN_0059d150,0x0059D150,0x0059D19C,76
FUN_0059d1a0,0x0059D1A0,0x0059D1E0,64
FUN_0059d1e0,0x0059D1E0,0x0059D240,96
FUN_0059d240,0x0059D240,0x0059D288,72
FUN_0059d290,0x0059D290,0x0059D308,104
FUN_0059d310,0x0059D310,0x0059D388,108
FUN_0059d390,0x0059D390,0x0059D398,8
FUN_0059d3a0,0x0059D3A0,0x0059D498,248
FUN_0059d4a0,0x0059D4A0,0x0059D600,352
FUN_0059d600,0x0059D600,0x0059D6F8,248
FUN_0059d700,0x0059D700,0x0059D940,568
FUN_0059d940,0x0059D940,0x0059D980,64
FUN_0059d980,0x0059D980,0x0059D9A4,36
FUN_0059d9b0,0x0059D9B0,0x0059DA48,152
FUN_0059da50,0x0059DA50,0x0059DAEC,156
FUN_0059daf0,0x0059DAF0,0x0059DAF8,8
FUN_0059db00,0x0059DB00,0x0059DD18,532
FUN_0059dd20,0x0059DD20,0x0059DD80,96
FUN_0059dd80,0x0059DD80,0x0059E338,1460
FUN_0059e340,0x0059E340,0x0059E360,32
FUN_0059e360,0x0059E360,0x0059E68C,812
FUN_0059e690,0x0059E690,0x0059EFA0,2300
FUN_0059efa0,0x0059EFA0,0x0059F18C,492
FUN_0059f190,0x0059F190,0x0059F308,376
FUN_0059f310,0x0059F310,0x0059F318,8
FUN_0059f320,0x0059F320,0x0059F3B0,144
FUN_0059f3b0,0x0059F3B0,0x0059F4D4,292
FUN_0059f4e0,0x0059F4E0,0x0059F660,380
FUN_0059f660,0x0059F660,0x0059FA1C,952
FUN_0059fa20,0x0059FA20,0x0059FF68,1340
FUN_0059ff70,0x0059FF70,0x005A014C,476
FUN_005a0150,0x005A0150,0x005A0164,20
FUN_005a0170,0x005A0170,0x005A0184,20
FUN_005a0190,0x005A0190,0x005A01A0,16
FUN_005a01a0,0x005A01A0,0x005A01B8,24
FUN_005a01c0,0x005A01C0,0x005A01D8,24
FUN_005a01e0,0x005A01E0,0x005A01F4,20
FUN_005a0200,0x005A0200,0x005A0208,8
FUN_005a0210,0x005A0210,0x005A0220,16
FUN_005a0220,0x005A0220,0x005A0228,8
FUN_005a0230,0x005A0230,0x005A0238,8
FUN_005a0240,0x005A0240,0x005A024C,12
FUN_005a0250,0x005A0250,0x005A0308,180
FUN_005a0310,0x005A0310,0x005A0400,236
FUN_005a0400,0x005A0400,0x005A0578,368
FUN_005a0580,0x005A0580,0x005A0648,200
FUN_005a0650,0x005A0650,0x005A06D8,132
FUN_005a06e0,0x005A06E0,0x005A0778,152
FUN_005a0780,0x005A0780,0x005A07F0,112
FUN_005a07f0,0x005A07F0,0x005A0844,80
FUN_005a0850,0x005A0850,0x005A0AE8,660
FUN_005a0af0,0x005A0AF0,0x005A0F60,1124
FUN_005a0f60,0x005A0F60,0x005A138C,1068
FUN_005a1390,0x005A1390,0x005A1598,512
FUN_005a15a0,0x005A15A0,0x005A2A2C,5260
FUN_005a2a30,0x005A2A30,0x005A2FAC,1392
FUN_005a2fb0,0x005A2FB0,0x005A3158,424
FUN_005a3160,0x005A3160,0x005A31C8,104
FUN_005a31d0,0x005A31D0,0x005A31D8,8
FUN_005a31e0,0x005A31E0,0x005A3270,144
FUN_005a3270,0x005A3270,0x005A3348,216
FUN_005a3350,0x005A3350,0x005A33F8,168
FUN_005a3400,0x005A3400,0x005A3468,104
FUN_005a3470,0x005A3470,0x005A34E0,112
FUN_005a34e0,0x005A34E0,0x005A34E8,8
FUN_005a34f0,0x005A34F0,0x005A34F8,8
FUN_005a3500,0x005A3500,0x005A3530,48
FUN_005a3530,0x005A3530,0x005A378C,596
FUN_005a3790,0x005A3790,0x005A37D8,72
FUN_005a37e0,0x005A37E0,0x005A3858,120
FUN_005a3860,0x005A3860,0x005A39A0,320
FUN_005a39a0,0x005A39A0,0x005A3A08,104
FUN_005a3a10,0x005A3A10,0x005A3A60,80
FUN_005a3a60,0x005A3A60,0x005A4024,1440
FUN_005a4030,0x005A4030,0x005A42E0,664
FUN_005a42e0,0x005A42E0,0x005A448C,424
FUN_005a4490,0x005A4490,0x005A4710,640
FUN_005a4710,0x005A4710,0x005A48C4,436
FUN_005a48d0,0x005A48D0,0x005A4B64,644
FUN_005a4b70,0x005A4B70,0x005A50B8,1340
FUN_005a50c0,0x005A50C0,0x005A519C,220
FUN_005a51a0,0x005A51A0,0x005A51D4,52
FUN_005a51e0,0x005A51E0,0x005A5568,896
FUN_005a5570,0x005A5570,0x005A57F4,644
FUN_005a5800,0x005A5800,0x005A5AE8,740
FUN_005a5af0,0x005A5AF0,0x005A5D18,552
FUN_005a5d20,0x005A5D20,0x005A61A4,1132
FUN_005a61b0,0x005A61B0,0x005A63F4,572
FUN_005a6400,0x005A6400,0x005A6610,528
FUN_005a6610,0x005A6610,0x005A6658,72
FUN_005a6660,0x005A6660,0x005A66A8,72
FUN_005a66b0,0x005A66B0,0x005A6778,200
FUN_005a6780,0x005A6780,0x005A6848,200
FUN_005a6850,0x005A6850,0x005A6918,200
FUN_005a6920,0x005A6920,0x005A7100,1992
FUN_005a7100,0x005A7100,0x005A7384,632
FUN_005a7390,0x005A7390,0x005A7650,688
FUN_005a7650,0x005A7650,0x005A7660,16
FUN_005a7660,0x005A7660,0x005A7B1C,1200
FUN_005a7b20,0x005A7B20,0x005A7B3C,28
FUN_005a7b40,0x005A7B40,0x005A7D14,468
FUN_005a7d20,0x005A7D20,0x005A7EFC,476
FUN_005a7f00,0x005A7F00,0x005A7FF8,244
FUN_005a8000,0x005A8000,0x005A81F0,496
FUN_005a81f0,0x005A81F0,0x005A8200,16
FUN_005a8200,0x005A8200,0x005A8B00,2276
FUN_005a8b00,0x005A8B00,0x005A8BD4,212
FUN_005a8be0,0x005A8BE0,0x005A8CD0,240
FUN_005a8cd0,0x005A8CD0,0x005A8D28,88
FUN_005a8d30,0x005A8D30,0x005A8D88,88
FUN_005a8d90,0x005A8D90,0x005A8DE8,88
FUN_005a8df0,0x005A8DF0,0x005A8F1C,300
FUN_005a8f20,0x005A8F20,0x005A90D8,440
FUN_005a90e0,0x005A90E0,0x005A9514,1068
FUN_005a9520,0x005A9520,0x005A96B8,404
FUN_005a96c0,0x005A96C0,0x005A9718,88
FUN_005a9720,0x005A9720,0x005A97C8,168
FUN_005a97d0,0x005A97D0,0x005A9830,96
FUN_005a9830,0x005A9830,0x005A9870,64
thunk_FUN_005bde70,0x005A9870,0x005A9878,8
FUN_005a9880,0x005A9880,0x005A9894,20
FUN_005a98a0,0x005A98A0,0x005A9A00,352
FUN_005a9a00,0x005A9A00,0x005A9B60,352
FUN_005a9b60,0x005A9B60,0x005A9CC0,352
FUN_005a9cc0,0x005A9CC0,0x005A9E88,456
FUN_005a9e90,0x005A9E90,0x005AA058,456
FUN_005aa060,0x005AA060,0x005AA228,456
FUN_005aa230,0x005AA230,0x005AA3B0,384
FUN_005aa3b0,0x005AA3B0,0x005AA558,424
FUN_005aa560,0x005AA560,0x005AA848,744
thunk_FUN_005aa560,0x005AA850,0x005AA858,8
FUN_005aa860,0x005AA860,0x005AAAD8,632
FUN_005aaae0,0x005AAAE0,0x005AAAF0,16
FUN_005aaaf0,0x005AAAF0,0x005AAC10,288
FUN_005aac10,0x005AAC10,0x005AADB4,416
FUN_005aadc0,0x005AADC0,0x005AAF34,372
FUN_005aaf40,0x005AAF40,0x005AAF9C,92
FUN_005aafa0,0x005AAFA0,0x005AAFBC,28
FUN_005aafc0,0x005AAFC0,0x005AAFF8,56
FUN_005ab000,0x005AB000,0x005AB040,64
FUN_005ab040,0x005AB040,0x005AB238,500
FUN_005ab240,0x005AB240,0x005AB300,192
FUN_005ab300,0x005AB300,0x005AB39C,152
FUN_005ab3a0,0x005AB3A0,0x005AB5F0,588
FUN_005ab5f0,0x005AB5F0,0x005AB930,820
FUN_005ab930,0x005AB930,0x005ABC5C,792
FUN_005abc60,0x005ABC60,0x005AC044,996
FUN_005ac050,0x005AC050,0x005AC72C,1688
FUN_005ac730,0x005AC730,0x005AC8EC,420
FUN_005ac8f0,0x005AC8F0,0x005ACA70,380
FUN_005aca70,0x005ACA70,0x005ACBAC,308
FUN_005acbb0,0x005ACBB0,0x005ACDCC,536
FUN_005acdd0,0x005ACDD0,0x005ACF38,360
FUN_005acf40,0x005ACF40,0x005AD098,344
FUN_005ad0a0,0x005AD0A0,0x005AD15C,188
FUN_005ad160,0x005AD160,0x005AD200,160
FUN_005ad200,0x005AD200,0x005AD2AC,172
FUN_005ad2b0,0x005AD2B0,0x005AD36C,188
FUN_005ad370,0x005AD370,0x005AD410,160
FUN_005ad410,0x005AD410,0x005AD4BC,172
FUN_005ad4c0,0x005AD4C0,0x005AD598,212
FUN_005ad5a0,0x005AD5A0,0x005AD5B0,16
FUN_005ad5b0,0x005AD5B0,0x005AD658,168
FUN_005ad660,0x005AD660,0x005AD790,304
FUN_005ad790,0x005AD790,0x005AD9F0,608
FUN_005ad9f0,0x005AD9F0,0x005ADAD8,232
FUN_005adae0,0x005ADAE0,0x005ADEE8,1008
FUN_005adef0,0x005ADEF0,0x005ADFF8,260
FUN_005ae000,0x005AE000,0x005AE4B0,1144
FUN_005ae4b0,0x005AE4B0,0x005AE570,184
FUN_005ae570,0x005AE570,0x005AE5E0,112
FUN_005ae5e0,0x005AE5E0,0x005AE6D8,248
FUN_005ae6e0,0x005AE6E0,0x005AE9C4,716
FUN_005ae9d0,0x005AE9D0,0x005AEAC0,224
FUN_005aeac0,0x005AEAC0,0x005AED38,612
FUN_005aed40,0x005AED40,0x005AF0B0,856
FUN_005af0b0,0x005AF0B0,0x005AF188,216
FUN_005af190,0x005AF190,0x005AF540,920
FUN_005af540,0x005AF540,0x005AF8F8,944
FUN_005af900,0x005AF900,0x005AFBC8,708
FUN_005afbd0,0x005AFBD0,0x005AFD98,456
FUN_005afda0,0x005AFDA0,0x005AFED0,300
FUN_005afed0,0x005AFED0,0x005B0100,552
FUN_005b0100,0x005B0100,0x005B0284,388
FUN_005b0290,0x005B0290,0x005B0298,8
FUN_005b02a0,0x005B02A0,0x005B02A8,8
FUN_005b02b0,0x005B02B0,0x005B0320,108
FUN_005b0320,0x005B0320,0x005B0354,52
FUN_005b0360,0x005B0360,0x005B0368,8
FUN_005b0370,0x005B0370,0x005B0E44,2744
FUN_005b0e50,0x005B0E50,0x005B121C,964
FUN_005b1220,0x005B1220,0x005B14D4,692
FUN_005b14e0,0x005B14E0,0x005B1844,860
FUN_005b1850,0x005B1850,0x005B1D00,1172
FUN_005b1d00,0x005B1D00,0x005B1E7C,380
FUN_005b1e80,0x005B1E80,0x005B230C,1128
FUN_005b2310,0x005B2310,0x005B2350,64
FUN_005b2350,0x005B2350,0x005B235C,12
FUN_005b2360,0x005B2360,0x005B2724,944
FUN_005b2730,0x005B2730,0x005B278C,92
FUN_005b2790,0x005B2790,0x005B311C,2436
FUN_005b3120,0x005B3120,0x005B31E8,200
FUN_005b31f0,0x005B31F0,0x005B32B8,200
FUN_005b32c0,0x005B32C0,0x005B32C8,8
FUN_005b32d0,0x005B32D0,0x005B3448,376
FUN_005b3450,0x005B3450,0x005B3590,320
FUN_005b3590,0x005B3590,0x005B363C,172
FUN_005b3640,0x005B3640,0x005B36E8,168
FUN_005b36f0,0x005B36F0,0x005B398C,656
FUN_005b3990,0x005B3990,0x005B3D54,956
FUN_005b3d60,0x005B3D60,0x005B40CC,864
FUN_005b40d0,0x005B40D0,0x005B416C,156
FUN_005b4170,0x005B4170,0x005B41CC,92
FUN_005b41d0,0x005B41D0,0x005B435C,392
FUN_005b4360,0x005B4360,0x005B43C0,96
FUN_005b43c0,0x005B43C0,0x005B4444,132
FUN_005b4450,0x005B4450,0x005B469C,576
FUN_005b46a0,0x005B46A0,0x005B5188,2792
FUN_005b5190,0x005B5190,0x005B5220,140
FUN_005b5220,0x005B5220,0x005B52B0,144
FUN_005b52b0,0x005B52B0,0x005B565C,928
FUN_005b5660,0x005B5660,0x005B61E4,2900
FUN_005b61f0,0x005B61F0,0x005B61FC,12
FUN_005b6200,0x005B6200,0x005B65E0,980
FUN_005b65e0,0x005B65E0,0x005B661C,60
FUN_005b6620,0x005B6620,0x005B69D4,936
FUN_005b69e0,0x005B69E0,0x005B6A58,112
FUN_005b6a60,0x005B6A60,0x005B6AD8,112
FUN_005b6ae0,0x005B6AE0,0x005B6B40,92
FUN_005b6b40,0x005B6B40,0x005B6B98,84
FUN_005b6ba0,0x005B6BA0,0x005B6C74,212
FUN_005b6c80,0x005B6C80,0x005B6D5C,220
FUN_005b6d60,0x005B6D60,0x005B6F5C,508
FUN_005b6f60,0x005B6F60,0x005B6FD8,120
FUN_005b6fe0,0x005B6FE0,0x005B7200,524
FUN_005b7200,0x005B7200,0x005B7640,1044
FUN_005b7640,0x005B7640,0x005B76C8,136
FUN_005b76d0,0x005B76D0,0x005B7A00,800
FUN_005b7a00,0x005B7A00,0x005B7B3C,316
FUN_005b7b40,0x005B7B40,0x005B7CBC,380
FUN_005b7cc0,0x005B7CC0,0x005B7F7C,688
FUN_005b7f80,0x005B7F80,0x005B8914,2440
FUN_005b8920,0x005B8920,0x005B9030,1776
FUN_005b9030,0x005B9030,0x005B964C,1544
FUN_005b9650,0x005B9650,0x005B9B94,1336
FUN_005b9ba0,0x005B9BA0,0x005B9D68,456
FUN_005b9d70,0x005B9D70,0x005B9FEC,632
FUN_005b9ff0,0x005B9FF0,0x005BA680,1632
FUN_005ba680,0x005BA680,0x005BAF74,2236
FUN_005baf80,0x005BAF80,0x005BB370,988
FUN_005bb370,0x005BB370,0x005BB490,288
FUN_005bb490,0x005BB490,0x005BB6F0,608
FUN_005bb6f0,0x005BB6F0,0x005BBAF4,1016
FUN_005bbb00,0x005BBB00,0x005BC174,1620
FUN_005bc180,0x005BC180,0x005BC5DC,1112
FUN_005bc5e0,0x005BC5E0,0x005BC67C,156
FUN_005bc680,0x005BC680,0x005BC8D0,592
FUN_005bc8d0,0x005BC8D0,0x005BC9E8,280
FUN_005bc9f0,0x005BC9F0,0x005BCD50,864
FUN_005bcd50,0x005BCD50,0x005BCDF0,160
FUN_005bcdf0,0x005BCDF0,0x005BCE3C,76
FUN_005bce40,0x005BCE40,0x005BD128,740
FUN_005bd130,0x005BD130,0x005BD240,272
FUN_005bd240,0x005BD240,0x005BD704,1208
FUN_005bd710,0x005BD710,0x005BD8A8,408
FUN_005bd8b0,0x005BD8B0,0x005BDE6C,1456
FUN_005bde70,0x005BDE70,0x005BDE78,8
FUN_005bde80,0x005BDE80,0x005BDEE8,104
FUN_005bdef0,0x005BDEF0,0x005BE080,400
FUN_005be080,0x005BE080,0x005BE0F4,116
FUN_005be100,0x005BE100,0x005BE754,1612
FUN_005be760,0x005BE760,0x005BE828,196
FUN_005be830,0x005BE830,0x005BE840,16
FUN_005be840,0x005BE840,0x005BE8A0,96
FUN_005be8a0,0x005BE8A0,0x005BE8A8,8
FUN_005be8b0,0x005BE8B0,0x005BEB68,684
FUN_005beb70,0x005BEB70,0x005BEBFC,140
FUN_005bec00,0x005BEC00,0x005BED24,284
FUN_005bed30,0x005BED30,0x005BEDE8,180
FUN_005bedf0,0x005BEDF0,0x005BEE90,156
FUN_005bee90,0x005BEE90,0x005BEEEC,92
FUN_005beef0,0x005BEEF0,0x005BF4E4,1516
FUN_005bf4f0,0x005BF4F0,0x005BF690,404
FUN_005bf690,0x005BF690,0x005BF730,160
FUN_005bf730,0x005BF730,0x005BF760,48
FUN_005bf760,0x005BF760,0x005BF78C,44
FUN_005bf790,0x005BF790,0x005BF79C,12
FUN_005bf7a0,0x005BF7A0,0x005BF82C,140
FUN_005bf830,0x005BF830,0x005BF840,16
FUN_005bf840,0x005BF840,0x005BF848,8
FUN_005bf850,0x005BF850,0x005BF858,8
FUN_005bf860,0x005BF860,0x005BF874,20
FUN_005bf880,0x005BF880,0x005BF8F0,112
FUN_005bf8f0,0x005BF8F0,0x005BF924,52
FUN_005bf930,0x005BF930,0x005BF9E4,180
FUN_005bf9f0,0x005BF9F0,0x005BFF08,1292
FUN_005bff10,0x005BFF10,0x005C0030,288
FUN_005c0030,0x005C0030,0x005C00F4,196
FUN_005c0100,0x005C0100,0x005C0114,20
FUN_005c0120,0x005C0120,0x005C013C,28
FUN_005c0140,0x005C0140,0x005C0164,36
FUN_005c0170,0x005C0170,0x005C0328,436
FUN_005c0330,0x005C0330,0x005C0588,600
FUN_005c0590,0x005C0590,0x005C067C,232
FUN_005c0680,0x005C0680,0x005C07B4,308
FUN_005c07c0,0x005C07C0,0x005C0C18,1108
FUN_005c0c20,0x005C0C20,0x005C0E38,528
FUN_005c0e40,0x005C0E40,0x005C1034,496
FUN_005c1040,0x005C1040,0x005C1278,568
FUN_005c1280,0x005C1280,0x005C1760,1212
FUN_005c1760,0x005C1760,0x005C1988,536
FUN_005c1990,0x005C1990,0x005C1B24,392
FUN_005c1b30,0x005C1B30,0x005C24BC,2388
FUN_005c24c0,0x005C24C0,0x005C2A38,1392
FUN_005c2a40,0x005C2A40,0x005C2D88,836
FUN_005c2d90,0x005C2D90,0x005C2E30,160
FUN_005c2e30,0x005C2E30,0x005C2E38,8
FUN_005c2e40,0x005C2E40,0x005C2E48,8
FUN_005c2e50,0x005C2E50,0x005C2E64,20
FUN_005c2e70,0x005C2E70,0x005C2EB0,64
FUN_005c2eb0,0x005C2EB0,0x005C2FC0,264
FUN_005c2fc0,0x005C2FC0,0x005C3180,448
FUN_005c3180,0x005C3180,0x005C324C,204
FUN_005c3250,0x005C3250,0x005C32DC,140
FUN_005c32e0,0x005C32E0,0x005C3BE0,2292
FUN_005c3be0,0x005C3BE0,0x005C3CA8,200
FUN_005c3cb0,0x005C3CB0,0x005C40D4,1052
FUN_005c40e0,0x005C40E0,0x005C4278,404
FUN_005c4280,0x005C4280,0x005C4384,248
FUN_005c4390,0x005C4390,0x005C4398,8
FUN_005c43a0,0x005C43A0,0x005C4494,240
FUN_005c44a0,0x005C44A0,0x005C45A8,264
FUN_005c45b0,0x005C45B0,0x005C45B8,8
FUN_005c45c0,0x005C45C0,0x005C4618,84
FUN_005c4620,0x005C4620,0x005C46B0,140
FUN_005c46b0,0x005C46B0,0x005C46C4,20
FUN_005c46d0,0x005C46D0,0x005C47E0,264
FUN_005c47e0,0x005C47E0,0x005C49C4,472
FUN_005c49d0,0x005C49D0,0x005C4A64,148
FUN_005c4a70,0x005C4A70,0x005C4B54,228
FUN_005c4b60,0x005C4B60,0x005C4BCC,104
FUN_005c4bd0,0x005C4BD0,0x005C4BD8,8
FUN_005c4be0,0x005C4BE0,0x005C4BE8,8
FUN_005c4bf0,0x005C4BF0,0x005C4BF8,8
FUN_005c4c00,0x005C4C00,0x005C4CC0,184
FUN_005c4cc0,0x005C4CC0,0x005C4D78,180
FUN_005c4d80,0x005C4D80,0x005C4DE8,100
FUN_005c4df0,0x005C4DF0,0x005C4E98,168
FUN_005c4ea0,0x005C4EA0,0x005C4EA8,8
FUN_005c4eb0,0x005C4EB0,0x005C5108,560
FUN_005c5110,0x005C5110,0x005C5118,8
FUN_005c5120,0x005C5120,0x005C5194,116
FUN_005c51a0,0x005C51A0,0x005C51FC,92
FUN_005c5200,0x005C5200,0x005C5208,8
FUN_005c5210,0x005C5210,0x005C526C,92
FUN_005c5270,0x005C5270,0x005C52A0,48
FUN_005c52a0,0x005C52A0,0x005C5538,664
FUN_005c5540,0x005C5540,0x005C5548,8
FUN_005c5550,0x005C5550,0x005C6488,3860
FUN_005c6490,0x005C6490,0x005C66AC,540
FUN_005c66b0,0x005C66B0,0x005C6A28,884
FUN_005c6a30,0x005C6A30,0x005C6A50,32
FUN_005c6a50,0x005C6A50,0x005C6C10,444
FUN_005c6c10,0x005C6C10,0x005C6D18,256
FUN_005c6d20,0x005C6D20,0x005C6E3C,284
FUN_005c6e40,0x005C6E40,0x005C7634,2020
FUN_005c7640,0x005C7640,0x005C76E8,160
FUN_005c76f0,0x005C76F0,0x005C77D8,220
FUN_005c77e0,0x005C77E0,0x005C77E8,8
FUN_005c77f0,0x005C77F0,0x005C7CDC,1240
FUN_005c7ce0,0x005C7CE0,0x005C84B8,1996
FUN_005c84c0,0x005C84C0,0x005C8660,412
FUN_005c8660,0x005C8660,0x005C8860,508
FUN_005c8860,0x005C8860,0x005C98CC,4148
FUN_005c98d0,0x005C98D0,0x005C98F4,36
FUN_005c9900,0x005C9900,0x005C9B40,576
FUN_005c9b40,0x005C9B40,0x005C9F54,1028
FUN_005c9f60,0x005C9F60,0x005CA4C8,1356
FUN_005ca4d0,0x005CA4D0,0x005CA780,668
FUN_005ca780,0x005CA780,0x005CA830,176
FUN_005ca830,0x005CA830,0x005CAC10,984
FUN_005cac10,0x005CAC10,0x005CAC44,52
FUN_005cac50,0x005CAC50,0x005CAC58,8
FUN_005cac60,0x005CAC60,0x005CAC74,20
FUN_005cac80,0x005CAC80,0x005CAEDC,596
FUN_005caee0,0x005CAEE0,0x005CAEE8,8
FUN_005caef0,0x005CAEF0,0x005CB25C,864
FUN_005cb260,0x005CB260,0x005CB330,208
FUN_005cb330,0x005CB330,0x005CB338,8
FUN_005cb340,0x005CB340,0x005CB524,476
FUN_005cb530,0x005CB530,0x005CBACC,1396
FUN_005cbad0,0x005CBAD0,0x005CBC04,304
FUN_005cbc10,0x005CBC10,0x005CBC50,64
FUN_005cbc50,0x005CBC50,0x005CBED8,644
FUN_005cbee0,0x005CBEE0,0x005CBEE8,8
FUN_005cbef0,0x005CBEF0,0x005CBEF8,8
FUN_005cbf00,0x005CBF00,0x005CBFA8,168
FUN_005cbfb0,0x005CBFB0,0x005CBFB8,8
FUN_005cbfc0,0x005CBFC0,0x005CC000,64
FUN_005cc000,0x005CC000,0x005CC154,336
FUN_005cc160,0x005CC160,0x005CC648,1252
FUN_005cc650,0x005CC650,0x005CC6B0,96
FUN_005cc6b0,0x005CC6B0,0x005CC730,128
FUN_005cc730,0x005CC730,0x005CC9C8,656
FUN_005cc9d0,0x005CC9D0,0x005CDC18,4612
FUN_005cdc20,0x005CDC20,0x005CDC38,24
FUN_005cdc40,0x005CDC40,0x005CDD08,196
FUN_005cdd10,0x005CDD10,0x005CDED4,448
FUN_005cdee0,0x005CDEE0,0x005CE024,316
FUN_005ce030,0x005CE030,0x005CE078,72
FUN_005ce080,0x005CE080,0x005CE088,8
FUN_005ce090,0x005CE090,0x005CE150,192
FUN_005ce150,0x005CE150,0x005CE4A8,844
FUN_005ce4b0,0x005CE4B0,0x005CE818,860
FUN_005ce820,0x005CE820,0x005CE8B0,140
FUN_005ce8b0,0x005CE8B0,0x005CE940,140
FUN_005ce940,0x005CE940,0x005CE9D0,140
FUN_005ce9d0,0x005CE9D0,0x005CEB5C,396
FUN_005ceb60,0x005CEB60,0x005CEBE4,132
FUN_005cebf0,0x005CEBF0,0x005CED00,272
FUN_005ced00,0x005CED00,0x005CEEB4,436
FUN_005ceec0,0x005CEEC0,0x005CEF40,128
thunk_FUN_005ceec0,0x005CEF40,0x005CEF48,8
FUN_005cef50,0x005CEF50,0x005CF3E8,1156
FUN_005cf3f0,0x005CF3F0,0x005CF510,288
FUN_005cf510,0x005CF510,0x005CF748,568
FUN_005cf750,0x005CF750,0x005CF784,52
FUN_005cf790,0x005CF790,0x005CF7F8,100
FUN_005cf800,0x005CF800,0x005CF814,20
FUN_005cf820,0x005CF820,0x005CF8A0,128
FUN_005cf8a0,0x005CF8A0,0x005CFCD8,1076
FUN_005cfce0,0x005CFCE0,0x005CFD50,112
FUN_005cfd50,0x005CFD50,0x005CFE00,172
FUN_005cfe00,0x005CFE00,0x005CFE60,96
FUN_005cfe60,0x005CFE60,0x005CFF80,288
FUN_005cff80,0x005CFF80,0x005D0038,180
FUN_005d0040,0x005D0040,0x005D008C,76
FUN_005d0090,0x005D0090,0x005D00DC,76
FUN_005d00e0,0x005D00E0,0x005D012C,76
FUN_005d0130,0x005D0130,0x005D0908,1988
FUN_005d0910,0x005D0910,0x005D091C,12
FUN_005d0920,0x005D0920,0x005D0978,88
FUN_005d0980,0x005D0980,0x005D09FC,124
FUN_005d0a00,0x005D0A00,0x005D0A20,32
FUN_005d0a20,0x005D0A20,0x005D0A38,24
FUN_005d0a40,0x005D0A40,0x005D0B0C,200
FUN_005d0b10,0x005D0B10,0x005D0B84,116
FUN_005d0b90,0x005D0B90,0x005D0BC8,56
FUN_005d0bd0,0x005D0BD0,0x005D0CE8,280
FUN_005d0cf0,0x005D0CF0,0x005D0EF0,508
FUN_005d0ef0,0x005D0EF0,0x005D0F68,120
FUN_005d0f70,0x005D0F70,0x005D0FA0,48
FUN_005d0fa0,0x005D0FA0,0x005D0FF8,88
FUN_005d1000,0x005D1000,0x005D1074,116
FUN_005d1080,0x005D1080,0x005D10FC,124
FUN_005d1100,0x005D1100,0x005D12CC,452
FUN_005d12d0,0x005D12D0,0x005D12D8,8
FUN_005d12e0,0x005D12E0,0x005D1300,32
FUN_005d1300,0x005D1300,0x005D193C,1572
FUN_005d1940,0x005D1940,0x005D1C24,720
FUN_005d1c30,0x005D1C30,0x005D1C38,8
FUN_005d1c40,0x005D1C40,0x005D21C0,1396
FUN_005d21c0,0x005D21C0,0x005D23D0,528
FUN_005d23d0,0x005D23D0,0x005D2C18,2064
FUN_005d2c20,0x005D2C20,0x005D2DF4,460
FUN_005d2e00,0x005D2E00,0x005D3034,556
FUN_005d3040,0x005D3040,0x005D31EC,420
FUN_005d31f0,0x005D31F0,0x005D389C,1700
FUN_005d38a0,0x005D38A0,0x005D38D0,48
FUN_005d38d0,0x005D38D0,0x005D38EC,28
FUN_005d38f0,0x005D38F0,0x005D3DC0,1208
FUN_005d3dc0,0x005D3DC0,0x005D3E84,196
FUN_005d3e90,0x005D3E90,0x005D3F34,164
FUN_005d3f40,0x005D3F40,0x005D3F78,56
FUN_005d3f80,0x005D3F80,0x005D3F94,20
FUN_005d3fa0,0x005D3FA0,0x005D3FAC,12
FUN_005d3fb0,0x005D3FB0,0x005D3FC4,20
FUN_005d3fd0,0x005D3FD0,0x005D4014,68
FUN_005d4020,0x005D4020,0x005D402C,12
FUN_005d4030,0x005D4030,0x005D4040,16
FUN_005d4040,0x005D4040,0x005D404C,12
FUN_005d4050,0x005D4050,0x005D4058,8
FUN_005d4060,0x005D4060,0x005D4068,8
FUN_005d4070,0x005D4070,0x005D4200,400
FUN_005d4200,0x005D4200,0x005D44A0,672
FUN_005d44a0,0x005D44A0,0x005D503C,2948
FUN_005d5040,0x005D5040,0x005D5070,48
FUN_005d5070,0x005D5070,0x005D5084,20
FUN_005d5090,0x005D5090,0x005D509C,12
FUN_005d50a0,0x005D50A0,0x005D50B4,20
FUN_005d50c0,0x005D50C0,0x005D50E4,36
FUN_005d50f0,0x005D50F0,0x005D5100,16
FUN_005d5100,0x005D5100,0x005D5110,16
FUN_005d5110,0x005D5110,0x005D511C,12
FUN_005d5120,0x005D5120,0x005D512C,12
FUN_005d5130,0x005D5130,0x005D51EC,184
FUN_005d51f0,0x005D51F0,0x005D5264,116
FUN_005d5270,0x005D5270,0x005D5378,264
FUN_005d5380,0x005D5380,0x005D5398,24
FUN_005d53a0,0x005D53A0,0x005D556C,456
FUN_005d5570,0x005D5570,0x005D56C4,332
FUN_005d56d0,0x005D56D0,0x005D5810,316
FUN_005d5810,0x005D5810,0x005D5964,328
FUN_005d5970,0x005D5970,0x005D5E24,1188
FUN_005d5e30,0x005D5E30,0x005D60AC,616
FUN_005d60b0,0x005D60B0,0x005D6210,352
FUN_005d6210,0x005D6210,0x005D6404,488
FUN_005d6410,0x005D6410,0x005D6528,276
FUN_005d6530,0x005D6530,0x005D6A54,1296
FUN_005d6a60,0x005D6A60,0x005D6C4C,480
FUN_005d6c50,0x005D6C50,0x005D6EB4,600
FUN_005d6ec0,0x005D6EC0,0x005D6FC8,264
FUN_005d6fd0,0x005D6FD0,0x005D7024,84
FUN_005d7030,0x005D7030,0x005D7100,208
FUN_005d7100,0x005D7100,0x005D79BC,2188
FUN_005d79c0,0x005D79C0,0x005D7EF8,1272
FUN_005d7f00,0x005D7F00,0x005D8064,344
FUN_005d8070,0x005D8070,0x005D81B8,316
FUN_005d81c0,0x005D81C0,0x005D8308,316
FUN_005d8310,0x005D8310,0x005D8458,328
FUN_005d8460,0x005D8460,0x005D89E0,1384
FUN_005d89e0,0x005D89E0,0x005D8A1C,60
FUN_005d8a20,0x005D8A20,0x005D8A60,64
FUN_005d8a60,0x005D8A60,0x005D8EAC,1100
FUN_005d8eb0,0x005D8EB0,0x005D933C,1132
FUN_005d9340,0x005D9340,0x005D95C8,620
FUN_005d95d0,0x005D95D0,0x005D9AD4,1248
FUN_005d9ae0,0x005D9AE0,0x005D9C44,352
FUN_005d9c50,0x005D9C50,0x005D9DFC,416
FUN_005d9e00,0x005D9E00,0x005DA05C,600
FUN_005da060,0x005DA060,0x005DA070,16
FUN_005da070,0x005DA070,0x005DA1C0,320
FUN_005da1c0,0x005DA1C0,0x005DA270,176
FUN_005da270,0x005DA270,0x005DA6F8,1128
FUN_005da700,0x005DA700,0x005DAF08,2000
FUN_005daf10,0x005DAF10,0x005DB450,1308
FUN_005db450,0x005DB450,0x005DB6CC,632
FUN_005db6d0,0x005DB6D0,0x005DB850,384
FUN_005db850,0x005DB850,0x005DB954,248
FUN_005db960,0x005DB960,0x005DBAC8,348
FUN_005dbad0,0x005DBAD0,0x005DBC50,372
FUN_005dbc50,0x005DBC50,0x005DBCD4,132
FUN_005dbce0,0x005DBCE0,0x005DBF34,580
FUN_005dbf40,0x005DBF40,0x005DC910,2416
FUN_005dc910,0x005DC910,0x005DCEC4,1444
FUN_005dced0,0x005DCED0,0x005DCF84,176
FUN_005dcf90,0x005DCF90,0x005DD1F0,572
FUN_005dd1f0,0x005DD1F0,0x005DD304,268
FUN_005dd310,0x005DD310,0x005DD4C4,428
FUN_005dd4d0,0x005DD4D0,0x005DDC80,1928
FUN_005ddc80,0x005DDC80,0x005DDF34,692
FUN_005ddf40,0x005DDF40,0x005DE1B8,616
FUN_005de1c0,0x005DE1C0,0x005DE58C,936
FUN_005de590,0x005DE590,0x005DE804,608
FUN_005de810,0x005DE810,0x005DE940,292
FUN_005de940,0x005DE940,0x005DEA54,272
FUN_005dea60,0x005DEA60,0x005DEBA0,312
FUN_005deba0,0x005DEBA0,0x005DF01C,1128
FUN_005df020,0x005DF020,0x005DF1C0,408
FUN_005df1c0,0x005DF1C0,0x005DF63C,1140
FUN_005df640,0x005DF640,0x005DF7A0,352
FUN_005df7a0,0x005DF7A0,0x005DFE5C,1696
FUN_005dfe60,0x005DFE60,0x005E0004,416
FUN_005e0010,0x005E0010,0x005E034C,804
FUN_005e0350,0x005E0350,0x005E0490,320
FUN_005e0490,0x005E0490,0x005E05F0,352
FUN_005e05f0,0x005E05F0,0x005E0730,308
FUN_005e0730,0x005E0730,0x005E08A4,360
FUN_005e08b0,0x005E08B0,0x005E0A38,380
FUN_005e0a40,0x005E0A40,0x005E0BF8,432
FUN_005e0c00,0x005E0C00,0x005E0D04,252
FUN_005e0d10,0x005E0D10,0x005E0DF8,232
FUN_005e0e00,0x005E0E00,0x005E0E70,112
FUN_005e0e70,0x005E0E70,0x005E0EB0,64
FUN_005e0eb0,0x005E0EB0,0x005E0EB8,8
FUN_005e0ec0,0x005E0EC0,0x005E0ED4,20
FUN_005e0ee0,0x005E0EE0,0x005E100C,296
FUN_005e1010,0x005E1010,0x005E1634,1552
FUN_005e1640,0x005E1640,0x005E2714,4208
FUN_005e2720,0x005E2720,0x005E2B20,996
FUN_005e2b20,0x005E2B20,0x005E2CD8,428
FUN_005e2ce0,0x005E2CE0,0x005E2EFC,520
FUN_005e2f00,0x005E2F00,0x005E30B8,428
FUN_005e30c0,0x005E30C0,0x005E3734,1636
FUN_005e3740,0x005E3740,0x005E3B90,1104
FUN_005e3b90,0x005E3B90,0x005E3E7C,728
FUN_005e3e80,0x005E3E80,0x005E3FC8,316
FUN_005e3fd0,0x005E3FD0,0x005E406C,156
FUN_005e4070,0x005E4070,0x005E41A0,292
FUN_005e41a0,0x005E41A0,0x005E43D0,544
FUN_005e43d0,0x005E43D0,0x005E4640,620
FUN_005e4640,0x005E4640,0x005E48A0,600
FUN_005e48a0,0x005E48A0,0x005E48B0,16
FUN_005e48b0,0x005E48B0,0x005E4A70,448
FUN_005e4a70,0x005E4A70,0x005E4B84,268
FUN_005e4b90,0x005E4B90,0x005E4CB8,288
FUN_005e4cc0,0x005E4CC0,0x005E4DD4,268
FUN_005e4de0,0x005E4DE0,0x005E4DF0,16
FUN_005e4df0,0x005E4DF0,0x005E4F8C,400
FUN_005e4f90,0x005E4F90,0x005E5158,448
FUN_005e5160,0x005E5160,0x005E552C,944
FUN_005e5530,0x005E5530,0x005E5770,572
FUN_005e5770,0x005E5770,0x005E5A1C,664
FUN_005e5a20,0x005E5A20,0x005E5AEC,204
FUN_005e5af0,0x005E5AF0,0x005E62DC,2028
FUN_005e62e0,0x005E62E0,0x005E6478,320
FUN_005e6480,0x005E6480,0x005E6538,168
FUN_005e6540,0x005E6540,0x005E6640,252
FUN_005e6640,0x005E6640,0x005E6658,24
FUN_005e6660,0x005E6660,0x005E668C,44
FUN_005e6690,0x005E6690,0x005E6B38,1168
FUN_005e6b40,0x005E6B40,0x005E6BA4,96
FUN_005e6bb0,0x005E6BB0,0x005E6C14,96
FUN_005e6c20,0x005E6C20,0x005E6CB0,144
FUN_005e6cb0,0x005E6CB0,0x005E6DCC,280
FUN_005e6dd0,0x005E6DD0,0x005E707C,656
FUN_005e7080,0x005E7080,0x005E70F4,116
FUN_005e7100,0x005E7100,0x005E7298,404
FUN_005e72a0,0x005E72A0,0x005E7334,148
FUN_005e7340,0x005E7340,0x005E7448,264
FUN_005e7450,0x005E7450,0x005E75FC,424
FUN_005e7600,0x005E7600,0x005E7788,392
FUN_005e7790,0x005E7790,0x005E77BC,44
FUN_005e77c0,0x005E77C0,0x005E77D4,20
FUN_005e77e0,0x005E77E0,0x005E77F4,20
FUN_005e7800,0x005E7800,0x005E7C20,1052
FUN_005e7c20,0x005E7C20,0x005E7E60,576
FUN_005e7e60,0x005E7E60,0x005E916C,4876
FUN_005e9170,0x005E9170,0x005E9198,40
FUN_005e91a0,0x005E91A0,0x005E91E0,64
FUN_005e91e0,0x005E91E0,0x005E9220,64
FUN_005e9220,0x005E9220,0x005E9260,64
FUN_005e9260,0x005E9260,0x005E92C0,92
FUN_005e92c0,0x005E92C0,0x005E93C0,256
FUN_005e93c0,0x005E93C0,0x005E94C0,256
FUN_005e94c0,0x005E94C0,0x005E95C0,256
FUN_005e95c0,0x005E95C0,0x005EA8BC,4860
FUN_005ea8c0,0x005EA8C0,0x005EAEE4,1572
FUN_005eaef0,0x005EAEF0,0x005EAF08,24
FUN_005eaf10,0x005EAF10,0x005EB110,512
FUN_005eb110,0x005EB110,0x005EB290,380
FUN_005eb290,0x005EB290,0x005EB2F0,92
FUN_005eb2f0,0x005EB2F0,0x005EB3EC,244
FUN_005eb3f0,0x005EB3F0,0x005EB55C,348
FUN_005eb560,0x005EB560,0x005EB568,8
FUN_005eb570,0x005EB570,0x005EB5D4,100
FUN_005eb5e0,0x005EB5E0,0x005EB644,96
FUN_005eb650,0x005EB650,0x005EB6B0,92
FUN_005eb6b0,0x005EB6B0,0x005EB74C,156
FUN_005eb750,0x005EB750,0x005EB7C0,112
FUN_005eb7c0,0x005EB7C0,0x005EC6E8,3860
FUN_005ec6f0,0x005EC6F0,0x005EC75C,104
FUN_005ec760,0x005EC760,0x005EC7CC,104
FUN_005ec7d0,0x005EC7D0,0x005EC83C,104
FUN_005ec840,0x005EC840,0x005EC8B0,104
FUN_005ec8b0,0x005EC8B0,0x005ECB14,612
FUN_005ecb20,0x005ECB20,0x005ECCD0,432
FUN_005eccd0,0x005ECCD0,0x005ECDD0,252
FUN_005ecdd0,0x005ECDD0,0x005ECE98,196
FUN_005ecea0,0x005ECEA0,0x005ECF60,180
FUN_005ecf60,0x005ECF60,0x005ED050,224
FUN_005ed050,0x005ED050,0x005ED140,232
FUN_005ed140,0x005ED140,0x005ED278,304
FUN_005ed280,0x005ED280,0x005ED2D8,84
FUN_005ed2e0,0x005ED2E0,0x005ED3BC,220
FUN_005ed3c0,0x005ED3C0,0x005ED484,196
FUN_005ed490,0x005ED490,0x005ED8F0,1108
FUN_005ed8f0,0x005ED8F0,0x005ED958,104
FUN_005ed960,0x005ED960,0x005ED9F4,148
FUN_005eda00,0x005EDA00,0x005EDA08,8
FUN_005eda10,0x005EDA10,0x005EDA18,8
FUN_005eda20,0x005EDA20,0x005EDA28,8
FUN_005eda30,0x005EDA30,0x005EDA38,8
FUN_005eda40,0x005EDA40,0x005EDA48,8
FUN_005eda50,0x005EDA50,0x005EDA58,8
FUN_005eda60,0x005EDA60,0x005EDACC,108
FUN_005edad0,0x005EDAD0,0x005EDAD8,8
FUN_005edae0,0x005EDAE0,0x005EDBC4,228
FUN_005edbd0,0x005EDBD0,0x005EE148,1392
FUN_005ee150,0x005EE150,0x005EE170,32
FUN_005ee170,0x005EE170,0x005EE1CC,88
FUN_005ee1d0,0x005EE1D0,0x005EE21C,76
FUN_005ee220,0x005EE220,0x005EE26C,76
FUN_005ee270,0x005EE270,0x005EE280,16
FUN_005ee280,0x005EE280,0x005EE454,468
FUN_005ee460,0x005EE460,0x005EE530,208
FUN_005ee530,0x005EE530,0x005EE594,100
FUN_005ee5a0,0x005EE5A0,0x005EE610,112
FUN_005ee610,0x005EE610,0x005EE7F8,460
FUN_005ee800,0x005EE800,0x005EE9F8,504
FUN_005eea00,0x005EEA00,0x005EEB5C,348
FUN_005eeb60,0x005EEB60,0x005EED50,492
FUN_005eed50,0x005EED50,0x005EEE28,212
FUN_005eee30,0x005EEE30,0x005EEE54,36
FUN_005eee60,0x005EEE60,0x005EEE98,56
FUN_005eeea0,0x005EEEA0,0x005EF000,352
FUN_005ef000,0x005EF000,0x005EF130,304
FUN_005ef130,0x005EF130,0x005EF6EC,1440
FUN_005ef6f0,0x005EF6F0,0x005EF774,128
FUN_005ef780,0x005EF780,0x005EF78C,12
FUN_005ef790,0x005EF790,0x005EF79C,12
FUN_005ef7a0,0x005EF7A0,0x005EF824,132
FUN_005ef830,0x005EF830,0x005F0020,2012
FUN_005f0020,0x005F0020,0x005F0208,488
FUN_005f0210,0x005F0210,0x005F021C,12
FUN_005f0220,0x005F0220,0x005F022C,12
FUN_005f0230,0x005F0230,0x005F0240,16
FUN_005f0240,0x005F0240,0x005F024C,12
FUN_005f0250,0x005F0250,0x005F0258,8
FUN_005f0260,0x005F0260,0x005F0410,416
FUN_005f0410,0x005F0410,0x005F041C,12
FUN_005f0420,0x005F0420,0x005F042C,12
FUN_005f0430,0x005F0430,0x005F043C,12
FUN_005f0440,0x005F0440,0x005F0448,8
FUN_005f0450,0x005F0450,0x005F0458,8
FUN_005f0460,0x005F0460,0x005F0468,8
FUN_005f0470,0x005F0470,0x005F05D8,352
FUN_005f05e0,0x005F05E0,0x005F1C20,5616
FUN_005f1c20,0x005F1C20,0x005F1C88,104
FUN_005f1c90,0x005F1C90,0x005F1C98,8
FUN_005f1ca0,0x005F1CA0,0x005F1D18,120
FUN_005f1d20,0x005F1D20,0x005F1DA0,128
FUN_005f1da0,0x005F1DA0,0x005F1F4C,428
FUN_005f1f50,0x005F1F50,0x005F1F88,56
FUN_005f1f90,0x005F1F90,0x005F1FA4,20
FUN_005f1fb0,0x005F1FB0,0x005F2038,136
FUN_005f2040,0x005F2040,0x005F2048,8
FUN_005f2050,0x005F2050,0x005F2084,52
FUN_005f2090,0x005F2090,0x005F2240,432
FUN_005f2240,0x005F2240,0x005F2368,296
FUN_005f2370,0x005F2370,0x005F2534,448
FUN_005f2540,0x005F2540,0x005F267C,312
FUN_005f2680,0x005F2680,0x005F26E8,100
FUN_005f26f0,0x005F26F0,0x005F2960,616
FUN_005f2960,0x005F2960,0x005F2D48,988
FUN_005f2d50,0x005F2D50,0x005F2E98,328
FUN_005f2ea0,0x005F2EA0,0x005F306C,460
FUN_005f3070,0x005F3070,0x005F30E0,108
FUN_005f30e0,0x005F30E0,0x005F3320,576
FUN_005f3320,0x005F3320,0x005F3570,588
FUN_005f3570,0x005F3570,0x005F3590,32
FUN_005f3590,0x005F3590,0x005F36D0,320
FUN_005f36d0,0x005F36D0,0x005F39F4,800
FUN_005f3a00,0x005F3A00,0x005F3CA4,668
FUN_005f3cb0,0x005F3CB0,0x005F3E68,432
FUN_005f3e70,0x005F3E70,0x005F41B8,840
FUN_005f41c0,0x005F41C0,0x005F4494,724
FUN_005f44a0,0x005F44A0,0x005F46B4,532
FUN_005f46c0,0x005F46C0,0x005F475C,156
FUN_005f4760,0x005F4760,0x005F490C,420
FUN_005f4910,0x005F4910,0x005F4CB8,924
FUN_005f4cc0,0x005F4CC0,0x005F4EB0,496
FUN_005f4eb0,0x005F4EB0,0x005F4EC4,20
FUN_005f4ed0,0x005F4ED0,0x005F4EE4,20
FUN_005f4ef0,0x005F4EF0,0x005F4F00,16
FUN_005f4f00,0x005F4F00,0x005F4F14,20
FUN_005f4f20,0x005F4F20,0x005F4F2C,12
FUN_005f4f30,0x005F4F30,0x005F4F44,20
FUN_005f4f50,0x005F4F50,0x005F4F5C,12
FUN_005f4f60,0x005F4F60,0x005F4F6C,12
FUN_005f4f70,0x005F4F70,0x005F4F80,16
FUN_005f4f80,0x005F4F80,0x005F5048,192
FUN_005f5050,0x005F5050,0x005F5064,20
FUN_005f5070,0x005F5070,0x005F5084,20
FUN_005f5090,0x005F5090,0x005F50A0,16
FUN_005f50a0,0x005F50A0,0x005F50B4,20
FUN_005f50c0,0x005F50C0,0x005F50EC,44
FUN_005f50f0,0x005F50F0,0x005F5104,20
FUN_005f5110,0x005F5110,0x005F511C,12
FUN_005f5120,0x005F5120,0x005F514C,44
FUN_005f5150,0x005F5150,0x005F516C,28
FUN_005f5170,0x005F5170,0x005F517C,12
FUN_005f5180,0x005F5180,0x005F5378,504
FUN_005f5380,0x005F5380,0x005F5488,260
FUN_005f5490,0x005F5490,0x005F5588,236
FUN_005f5590,0x005F5590,0x005F55A0,16
FUN_005f55a0,0x005F55A0,0x005F5610,112
FUN_005f5610,0x005F5610,0x005F5760,336
FUN_005f5760,0x005F5760,0x005F5930,464
FUN_005f5930,0x005F5930,0x005F5A18,232
FUN_005f5a20,0x005F5A20,0x005F5C98,632
FUN_005f5ca0,0x005F5CA0,0x005F5EC0,544
FUN_005f5ec0,0x005F5EC0,0x005F5FB4,244
FUN_005f5fc0,0x005F5FC0,0x005F657C,1436
FUN_005f6580,0x005F6580,0x005F6744,448
FUN_005f6750,0x005F6750,0x005F6998,572
FUN_005f69a0,0x005F69A0,0x005F69E4,68
FUN_005f69f0,0x005F69F0,0x005F6AB8,196
FUN_005f6ac0,0x005F6AC0,0x005F6B10,80
FUN_005f6b10,0x005F6B10,0x005F6B50,64
FUN_005f6b50,0x005F6B50,0x005F6C3C,232
FUN_005f6c40,0x005F6C40,0x005F6DD8,408
FUN_005f6de0,0x005F6DE0,0x005F6E9C,184
FUN_005f6ea0,0x005F6EA0,0x005F6FA0,256
FUN_005f6fa0,0x005F6FA0,0x005F6FB8,24
FUN_005f6fc0,0x005F6FC0,0x005F70A0,212
FUN_005f70a0,0x005F70A0,0x005F7118,120
FUN_005f7120,0x005F7120,0x005F7178,88
FUN_005f7180,0x005F7180,0x005F7198,24
FUN_005f71a0,0x005F71A0,0x005F7218,120
FUN_005f7220,0x005F7220,0x005F7958,1828
FUN_005f7960,0x005F7960,0x005F7B64,516
FUN_005f7b70,0x005F7B70,0x005F7C48,176
FUN_005f7c50,0x005F7C50,0x005F7E90,564
FUN_005f7e90,0x005F7E90,0x005F7F20,140
FUN_005f7f20,0x005F7F20,0x005F7F80,96
FUN_005f7f80,0x005F7F80,0x005F7F8C,12
FUN_005f7f90,0x005F7F90,0x005F7FA0,16
FUN_005f7fa0,0x005F7FA0,0x005F7FA8,8
FUN_005f7fb0,0x005F7FB0,0x005F7FC0,16
FUN_005f7fc0,0x005F7FC0,0x005F8008,68
FUN_005f8010,0x005F8010,0x005F816C,348
FUN_005f8170,0x005F8170,0x005F8308,408
FUN_005f8310,0x005F8310,0x005F84A8,408
FUN_005f84b0,0x005F84B0,0x005F893C,1156
FUN_005f8940,0x005F8940,0x005F8D80,1080
FUN_005f8d80,0x005F8D80,0x005F8F34,432
FUN_005f8f40,0x005F8F40,0x005F8FDC,156
FUN_005f8fe0,0x005F8FE0,0x005F912C,324
FUN_005f9130,0x005F9130,0x005F913C,12
FUN_005f9140,0x005F9140,0x005F92B0,364
FUN_005f92b0,0x005F92B0,0x005F9330,120
FUN_005f9330,0x005F9330,0x005F93CC,156
FUN_005f93d0,0x005F93D0,0x005F9450,124
FUN_005f9450,0x005F9450,0x005F961C,460
FUN_005f9620,0x005F9620,0x005F9900,716
FUN_005f9900,0x005F9900,0x005FA8E0,4016
FUN_005fa8e0,0x005FA8E0,0x005FAA50,364
FUN_005faa50,0x005FAA50,0x005FAB7C,300
FUN_005fab80,0x005FAB80,0x005FACA8,236
FUN_005facb0,0x005FACB0,0x005FACF8,68
FUN_005fad00,0x005FAD00,0x005FADFC,248
FUN_005fae00,0x005FAE00,0x005FAFA0,412
FUN_005fafa0,0x005FAFA0,0x005FB374,956
FUN_005fb380,0x005FB380,0x005FB794,1032
FUN_005fb7a0,0x005FB7A0,0x005FB7C8,40
FUN_005fb7d0,0x005FB7D0,0x005FB860,140
FUN_005fb860,0x005FB860,0x005FB868,8
FUN_005fb870,0x005FB870,0x005FB8D0,96
FUN_005fb8d0,0x005FB8D0,0x005FB950,128
FUN_005fb950,0x005FB950,0x005FB9D0,128
FUN_005fb9d0,0x005FB9D0,0x005FBB3C,360
FUN_005fbb40,0x005FBB40,0x005FBB84,68
FUN_005fbb90,0x005FBB90,0x005FBC4C,188
FUN_005fbc50,0x005FBC50,0x005FC7EC,2932
FUN_005fc7f0,0x005FC7F0,0x005FC97C,388
FUN_005fc980,0x005FC980,0x005FCAB0,304
FUN_005fcab0,0x005FCAB0,0x005FCCF4,564
FUN_005fcd00,0x005FCD00,0x005FCD68,104
FUN_005fcd70,0x005FCD70,0x005FCDC0,76
FUN_005fcdc0,0x005FCDC0,0x005FD2A8,1256
FUN_005fd2b0,0x005FD2B0,0x005FD2E4,52
FUN_005fd2f0,0x005FD2F0,0x005FD2F8,8
FUN_005fd300,0x005FD300,0x005FD380,124
FUN_005fd380,0x005FD380,0x005FD3E0,96
FUN_005fd3e0,0x005FD3E0,0x005FD440,96
FUN_005fd440,0x005FD440,0x005FD458,24
FUN_005fd460,0x005FD460,0x005FD478,24
FUN_005fd480,0x005FD480,0x005FD48C,12
FUN_005fd490,0x005FD490,0x005FD4A4,20
FUN_005fd4b0,0x005FD4B0,0x005FD700,580
FUN_005fd700,0x005FD700,0x005FD798,152
FUN_005fd7a0,0x005FD7A0,0x005FD7A8,8
FUN_005fd7b0,0x005FD7B0,0x005FD7E8,56
FUN_005fd7f0,0x005FD7F0,0x005FD828,56
FUN_005fd830,0x005FD830,0x005FD8D8,168
FUN_005fd8e0,0x005FD8E0,0x005FD96C,140
FUN_005fd970,0x005FD970,0x005FD9B8,72
FUN_005fd9c0,0x005FD9C0,0x005FDA48,136
FUN_005fda50,0x005FDA50,0x005FDA94,68
FUN_005fdaa0,0x005FDAA0,0x005FDB30,144
FUN_005fdb30,0x005FDB30,0x005FDD2C,504
FUN_005fdd30,0x005FDD30,0x005FE518,2020
FUN_005fe520,0x005FE520,0x005FE6A4,388
FUN_005fe6b0,0x005FE6B0,0x005FE6D8,40
FUN_005fe6e0,0x005FE6E0,0x005FE6F0,16
FUN_005fe6f0,0x005FE6F0,0x005FE6FC,12
FUN_005fe700,0x005FE700,0x005FE710,16
FUN_005fe710,0x005FE710,0x005FE720,16
FUN_005fe720,0x005FE720,0x005FE748,40
FUN_005fe750,0x005FE750,0x005FE778,40
FUN_005fe780,0x005FE780,0x005FEBF8,1132
FUN_005fec00,0x005FEC00,0x005FEC4C,76
FUN_005fec50,0x005FEC50,0x005FF100,1080
FUN_005ff100,0x005FF100,0x005FF164,100
FUN_005ff170,0x005FF170,0x005FF21C,168
FUN_005ff220,0x005FF220,0x005FF2E4,188
FUN_005ff2f0,0x005FF2F0,0x005FF420,296
FUN_005ff420,0x005FF420,0x005FF558,312
FUN_005ff560,0x005FF560,0x005FF6BC,344
FUN_005ff6c0,0x005FF6C0,0x005FF804,324
FUN_005ff810,0x005FF810,0x005FF9B0,412
FUN_005ff9b0,0x005FF9B0,0x005FF9B8,8
FUN_005ff9c0,0x005FF9C0,0x005FFA4C,140
FUN_005ffa50,0x005FFA50,0x005FFB10,188
FUN_005ffb10,0x005FFB10,0x005FFB34,36
FUN_005ffb40,0x005FFB40,0x005FFB64,36
FUN_005ffb70,0x005FFB70,0x005FFC64,244
FUN_005ffc70,0x005FFC70,0x005FFD00,144
FUN_005ffd00,0x005FFD00,0x005FFD38,56
FUN_005ffd40,0x005FFD40,0x005FFD4C,12
FUN_005ffd50,0x005FFD50,0x005FFE88,312
FUN_005ffe90,0x005FFE90,0x005FFE98,8
FUN_005ffea0,0x005FFEA0,0x005FFF48,168
FUN_005fff50,0x005FFF50,0x005FFFC8,120
FUN_005fffd0,0x005FFFD0,0x005FFFD8,8
FUN_005fffe0,0x005FFFE0,0x00600058,120
FUN_00600060,0x00600060,0x006000D8,120
FUN_006000e0,0x006000E0,0x006000E8,8
FUN_006000f0,0x006000F0,0x006000F8,8
FUN_00600100,0x00600100,0x00600108,8
FUN_00600110,0x00600110,0x00600118,8
FUN_00600120,0x00600120,0x00600198,120
FUN_006001a0,0x006001A0,0x00600218,120
FUN_00600220,0x00600220,0x00600228,8
FUN_00600230,0x00600230,0x00600244,20
FUN_00600250,0x00600250,0x006002C8,120
FUN_006002d0,0x006002D0,0x006003E0,272
FUN_006003e0,0x006003E0,0x006003F8,24
FUN_00600400,0x00600400,0x00600418,24
FUN_00600420,0x00600420,0x00600520,248
FUN_00600520,0x00600520,0x00600DA4,2128
FUN_00600db0,0x00600DB0,0x006022B4,5256
FUN_006022c0,0x006022C0,0x006024D8,536
FUN_006024e0,0x006024E0,0x0060252C,76
FUN_00602530,0x00602530,0x006025C8,148
FUN_006025d0,0x006025D0,0x00602648,120
FUN_00602650,0x00602650,0x00602998,820
FUN_006029a0,0x006029A0,0x00603D4C,5000
FUN_00603d50,0x00603D50,0x00603D88,56
FUN_00603d90,0x00603D90,0x00603FC8,552
FUN_00603fd0,0x00603FD0,0x00604110,320
FUN_00604110,0x00604110,0x00604168,84
FUN_00604170,0x00604170,0x00604438,712
FUN_00604440,0x00604440,0x00604528,232
FUN_00604530,0x00604530,0x006046FC,460
FUN_00604700,0x00604700,0x00604708,8
FUN_00604710,0x00604710,0x0060480C,252
FUN_00604810,0x00604810,0x00604850,64
FUN_00604850,0x00604850,0x006048D4,132
FUN_006048e0,0x006048E0,0x00604944,100
FUN_00604950,0x00604950,0x00604BD8,636
FUN_00604be0,0x00604BE0,0x00604C5C,124
FUN_00604c60,0x00604C60,0x00604E20,440
FUN_00604e20,0x00604E20,0x00604EE8,192
FUN_00604ef0,0x00604EF0,0x00604F84,144
FUN_00604f90,0x00604F90,0x006052CC,812
FUN_006052d0,0x006052D0,0x006054F4,536
FUN_00605500,0x00605500,0x00605538,56
FUN_00605540,0x00605540,0x006056C0,380
FUN_006056c0,0x006056C0,0x00605778,152
FUN_00605780,0x00605780,0x006059F0,616
FUN_006059f0,0x006059F0,0x00605CB8,712
FUN_00605cc0,0x00605CC0,0x00606024,864
FUN_00606030,0x00606030,0x00606038,8
FUN_00606040,0x00606040,0x00606048,8
FUN_00606050,0x00606050,0x00606074,36
FUN_00606080,0x00606080,0x00606710,1648
FUN_00606710,0x00606710,0x00606718,8
FUN_00606720,0x00606720,0x00606728,8
FUN_00606730,0x00606730,0x00606738,8
FUN_00606740,0x00606740,0x00606748,8
FUN_00606750,0x00606750,0x00606758,8
FUN_00606760,0x00606760,0x00606888,288
FUN_00606890,0x00606890,0x006068F0,96
FUN_006068f0,0x006068F0,0x006069F4,260
FUN_00606a00,0x00606A00,0x00606AEC,228
FUN_00606af0,0x00606AF0,0x006075A8,2744
FUN_006075b0,0x006075B0,0x006075BC,12
FUN_006075c0,0x006075C0,0x006075C8,8
FUN_006075d0,0x006075D0,0x006075E8,24
FUN_006075f0,0x006075F0,0x00607708,280
FUN_00607710,0x00607710,0x00607734,36
FUN_00607740,0x00607740,0x00607864,292
FUN_00607870,0x00607870,0x00607898,40
FUN_006078a0,0x006078A0,0x006078E8,72
FUN_006078f0,0x006078F0,0x00607904,20
FUN_00607910,0x00607910,0x0060791C,12
FUN_00607920,0x00607920,0x00607944,36
FUN_00607950,0x00607950,0x00607984,52
FUN_00607990,0x00607990,0x006079EC,92
FUN_006079f0,0x006079F0,0x00607A88,152
FUN_00607a90,0x00607A90,0x00607C38,408
FUN_00607c40,0x00607C40,0x00607D28,228
FUN_00607d30,0x00607D30,0x00607D50,32
FUN_00607d50,0x00607D50,0x006084EC,1936
FUN_006084f0,0x006084F0,0x00608540,80
FUN_00608540,0x00608540,0x006085CC,140
FUN_006085d0,0x006085D0,0x006086D0,252
FUN_006086d0,0x006086D0,0x0060876C,156
FUN_00608770,0x00608770,0x00608870,252
FUN_00608870,0x00608870,0x006089F8,392
FUN_00608a00,0x00608A00,0x00608B28,292
FUN_00608b30,0x00608B30,0x00608C00,208
FUN_00608c00,0x00608C00,0x00609004,996
FUN_00609010,0x00609010,0x00609020,16
FUN_00609020,0x00609020,0x00609028,8
FUN_00609030,0x00609030,0x00609050,32
FUN_00609050,0x00609050,0x00609058,8
FUN_00609060,0x00609060,0x00609068,8
FUN_00609070,0x00609070,0x0060907C,12
FUN_00609080,0x00609080,0x006090F8,120
FUN_00609100,0x00609100,0x00609108,8
FUN_00609110,0x00609110,0x00609648,1304
FUN_00609650,0x00609650,0x006096A8,88
FUN_006096b0,0x006096B0,0x006096B8,8
FUN_006096c0,0x006096C0,0x00609718,88
FUN_00609720,0x00609720,0x00609780,92
FUN_00609780,0x00609780,0x00609A6C,740
FUN_00609a70,0x00609A70,0x0060A314,2192
FUN_0060a320,0x0060A320,0x0060A510,492
FUN_0060a510,0x0060A510,0x0060A624,264
FUN_0060a630,0x0060A630,0x0060AE90,2108
FUN_0060ae90,0x0060AE90,0x0060AEAC,28
FUN_0060aeb0,0x0060AEB0,0x0060B14C,660
FUN_0060b150,0x0060B150,0x0060BB38,2508
FUN_0060bb40,0x0060BB40,0x0060BB84,68
FUN_0060bb90,0x0060BB90,0x0060BBEC,92
FUN_0060bbf0,0x0060BBF0,0x0060BC88,128
FUN_0060bc90,0x0060BC90,0x0060BDAC,280
FUN_0060bdb0,0x0060BDB0,0x0060C020,616
FUN_0060c020,0x0060C020,0x0060C028,8
FUN_0060c030,0x0060C030,0x0060C078,72
FUN_0060c080,0x0060C080,0x0060C3E4,860
FUN_0060c3f0,0x0060C3F0,0x0060C460,112
FUN_0060c460,0x0060C460,0x0060C4D4,112
FUN_0060c4e0,0x0060C4E0,0x0060CDA8,2200
FUN_0060cdb0,0x0060CDB0,0x0060CF70,436
FUN_0060cf70,0x0060CF70,0x0060CFF8,136
FUN_0060d000,0x0060D000,0x0060D14C,332
FUN_0060d150,0x0060D150,0x0060D1FC,164
FUN_0060d200,0x0060D200,0x0060D208,8
FUN_0060d210,0x0060D210,0x0060D244,52
FUN_0060d250,0x0060D250,0x0060D258,8
FUN_0060d260,0x0060D260,0x0060D274,20
FUN_0060d280,0x0060D280,0x0060D45C,468
FUN_0060d460,0x0060D460,0x0060D784,788
FUN_0060d790,0x0060D790,0x0060D8B4,288
FUN_0060d8c0,0x0060D8C0,0x0060DF98,1716
FUN_0060dfa0,0x0060DFA0,0x0060E5A4,1504
FUN_0060e5b0,0x0060E5B0,0x0060E6BC,264
FUN_0060e6c0,0x0060E6C0,0x0060ED60,1648
FUN_0060ed60,0x0060ED60,0x0060EDB4,84
FUN_0060edc0,0x0060EDC0,0x0060EE44,132
FUN_0060ee50,0x0060EE50,0x0060F028,464
FUN_0060f030,0x0060F030,0x0060F09C,108
FUN_0060f0a0,0x0060F0A0,0x0060F504,1120
FUN_0060f510,0x0060F510,0x0060F570,96
FUN_0060f570,0x0060F570,0x0060F850,724
FUN_0060f850,0x0060F850,0x0060F860,16
FUN_0060f860,0x0060F860,0x0060FA90,552
FUN_0060fa90,0x0060FA90,0x0060FAE0,76
FUN_0060fae0,0x0060FAE0,0x0060FCAC,460
FUN_0060fcb0,0x0060FCB0,0x0060FDBC,268
FUN_0060fdc0,0x0060FDC0,0x0061003C,632
FUN_00610040,0x00610040,0x006101D8,400
FUN_006101e0,0x006101E0,0x006101E8,8
FUN_006101f0,0x006101F0,0x00610988,1928
FUN_00610990,0x00610990,0x00610B34,412
FUN_00610b40,0x00610B40,0x00610BE4,164
FUN_00610bf0,0x00610BF0,0x00610D2C,312
FUN_00610d30,0x00610D30,0x00610F0C,472
FUN_00610f10,0x00610F10,0x00610F88,120
FUN_00610f90,0x00610F90,0x00611008,120
FUN_00611010,0x00611010,0x006110B0,160
FUN_006110b0,0x006110B0,0x006110B8,8
FUN_006110c0,0x006110C0,0x006110C8,8
FUN_006110d0,0x006110D0,0x00611148,120
FUN_00611150,0x00611150,0x00611158,8
FUN_00611160,0x00611160,0x00611168,8
FUN_00611170,0x00611170,0x006111E8,120
FUN_006111f0,0x006111F0,0x00611268,120
FUN_00611270,0x00611270,0x006112E8,120
FUN_006112f0,0x006112F0,0x006112F8,8
FUN_00611300,0x00611300,0x00611378,120
FUN_00611380,0x00611380,0x00611394,20
FUN_006113a0,0x006113A0,0x00611418,120
FUN_00611420,0x00611420,0x00611428,8
FUN_00611430,0x00611430,0x0061143C,12
FUN_00611440,0x00611440,0x006114B8,120
FUN_006114c0,0x006114C0,0x006114C8,8
FUN_006114d0,0x006114D0,0x00611548,120
FUN_00611550,0x00611550,0x00611558,8
FUN_00611560,0x00611560,0x006115D8,120
FUN_006115e0,0x006115E0,0x006115E8,8
FUN_006115f0,0x006115F0,0x006117FC,524
FUN_00611800,0x00611800,0x00611AC8,696
FUN_00611ad0,0x00611AD0,0x00611AE8,24
FUN_00611af0,0x00611AF0,0x00611C5C,356
FUN_00611c60,0x00611C60,0x00611D8C,296
FUN_00611d90,0x00611D90,0x00611DA4,20
FUN_00611db0,0x00611DB0,0x00611DF0,64
FUN_00611df0,0x00611DF0,0x00611E9C,172
FUN_00611ea0,0x00611EA0,0x00612048,416
FUN_00612050,0x00612050,0x00612138,228
FUN_00612140,0x00612140,0x0061221C,220
FUN_00612220,0x00612220,0x0061279C,1392
FUN_006127a0,0x006127A0,0x00612914,368
FUN_00612920,0x00612920,0x00612C64,832
FUN_00612c70,0x00612C70,0x00612FEC,884
FUN_00612ff0,0x00612FF0,0x006130E8,248
FUN_006130f0,0x006130F0,0x006132EC,500
FUN_006132f0,0x006132F0,0x00613378,136
FUN_00613380,0x00613380,0x00613390,16
FUN_00613390,0x00613390,0x006133D8,72
FUN_006133e0,0x006133E0,0x006133F4,20
FUN_00613400,0x00613400,0x00613410,16
FUN_00613410,0x00613410,0x00613438,40
FUN_00613440,0x00613440,0x0061370C,708
FUN_00613710,0x00613710,0x0061372C,28
FUN_00613730,0x00613730,0x0061373C,12
FUN_00613740,0x00613740,0x00613964,548
FUN_00613970,0x00613970,0x00613988,24
FUN_00613990,0x00613990,0x00613A08,120
FUN_00613a10,0x00613A10,0x00613A1C,12
FUN_00613a20,0x00613A20,0x00613BC4,416
FUN_00613bd0,0x00613BD0,0x00613BE0,16
FUN_00613be0,0x00613BE0,0x006142C4,1752
FUN_006142d0,0x006142D0,0x006143C4,244
FUN_006143d0,0x006143D0,0x00614534,356
FUN_00614540,0x00614540,0x006145B8,120
FUN_006145c0,0x006145C0,0x006145C8,8
FUN_006145d0,0x006145D0,0x0061463C,108
FUN_00614640,0x00614640,0x00614820,476
FUN_00614820,0x00614820,0x00614A7C,596
FUN_00614a80,0x00614A80,0x00614B04,132
FUN_00614b10,0x00614B10,0x00614BF8,232
FUN_00614c00,0x00614C00,0x00614CA8,168
FUN_00614cb0,0x00614CB0,0x00614D38,136
FUN_00614d40,0x00614D40,0x00614D50,16
FUN_00614d50,0x00614D50,0x00614D64,20
FUN_00614d70,0x00614D70,0x00614D84,20
FUN_00614d90,0x00614D90,0x00614DE4,84
FUN_00614df0,0x00614DF0,0x00614DFC,12
FUN_00614e00,0x00614E00,0x00614EC8,200
FUN_00614ed0,0x00614ED0,0x00614F38,104
FUN_00614f40,0x00614F40,0x00615038,248
FUN_00615040,0x00615040,0x006150EC,172
FUN_006150f0,0x006150F0,0x006151A0,176
FUN_006151a0,0x006151A0,0x00615250,176
FUN_00615250,0x00615250,0x00615354,260
FUN_00615360,0x00615360,0x006154EC,392
FUN_006154f0,0x006154F0,0x00615628,312
FUN_00615630,0x00615630,0x00615740,268
FUN_00615740,0x00615740,0x006157B4,112
FUN_006157c0,0x006157C0,0x00615800,64
FUN_00615800,0x00615800,0x0061591C,280
FUN_00615920,0x00615920,0x00615968,72
FUN_00615970,0x00615970,0x00615A74,244
FUN_00615a80,0x00615A80,0x00615BC8,328
FUN_00615bd0,0x00615BD0,0x00615BD8,8
FUN_00615be0,0x00615BE0,0x00615C10,48
FUN_00615c10,0x00615C10,0x00615C58,72
FUN_00615c60,0x00615C60,0x00615CD8,116
FUN_00615ce0,0x00615CE0,0x00615D74,148
FUN_00615d80,0x00615D80,0x00615D90,16
FUN_00615d90,0x00615D90,0x00615E08,120
FUN_00615e10,0x00615E10,0x00615ED8,196
FUN_00615ee0,0x00615EE0,0x00615EEC,12
FUN_00615ef0,0x00615EF0,0x00615FA0,172
FUN_00615fa0,0x00615FA0,0x00615FA8,8
FUN_00615fb0,0x00615FB0,0x00616028,120
FUN_00616030,0x00616030,0x006160A8,120
FUN_006160b0,0x006160B0,0x00616128,120
FUN_00616130,0x00616130,0x0061619C,108
FUN_006161a0,0x006161A0,0x00616284,224
FUN_00616290,0x00616290,0x0061635C,200
FUN_00616360,0x00616360,0x006163EC,140
FUN_006163f0,0x006163F0,0x00616518,296
FUN_00616520,0x00616520,0x00616538,24
FUN_00616540,0x00616540,0x006165F8,184
FUN_00616600,0x00616600,0x00616678,120
FUN_00616680,0x00616680,0x00616C6C,1508
FUN_00616c70,0x00616C70,0x00616DBC,328
FUN_00616dc0,0x00616DC0,0x00616DCC,12
FUN_00616dd0,0x00616DD0,0x00616DD8,8
FUN_00616de0,0x00616DE0,0x00616EB8,216
FUN_00616ec0,0x00616EC0,0x00616F54,148
FUN_00616f60,0x00616F60,0x006171A0,568
FUN_006171a0,0x006171A0,0x006171B0,16
FUN_006171b0,0x006171B0,0x006171E8,56
FUN_006171f0,0x006171F0,0x00617288,152
FUN_00617290,0x00617290,0x0061732C,152
FUN_00617330,0x00617330,0x00617350,32
FUN_00617350,0x00617350,0x00617374,36
FUN_00617378,0x00617378,0x006173A0,40
FUN_006173a0,0x006173A0,0x006173BC,28
FUN_006173c0,0x006173C0,0x006173DC,28
FUN_006173e0,0x006173E0,0x0061748C,172
FUN_00617490,0x00617490,0x00617594,260
FUN_00617598,0x00617598,0x006176B8,284
FUN_006176b8,0x006176B8,0x006176FC,68
FUN_00617700,0x00617700,0x0061776C,108
FUN_00617770,0x00617770,0x006177B0,64
FUN_006177b0,0x006177B0,0x006177B8,8
FUN_006177b8,0x006177B8,0x006177C0,8
FUN_006177c0,0x006177C0,0x006177C8,8
FUN_006177c8,0x006177C8,0x006177E0,24
FUN_006177e0,0x006177E0,0x006177F8,24
FUN_006177f8,0x006177F8,0x0061780C,20
FUN_00617810,0x00617810,0x00617B14,764
FUN_00617b18,0x00617B18,0x00617C88,364
FUN_00617c88,0x00617C88,0x00617D98,268
FUN_00617d98,0x00617D98,0x00617DF0,88
FUN_00617df0,0x00617DF0,0x00617E68,120
FUN_00617e68,0x00617E68,0x00617F88,284
FUN_00617f88,0x00617F88,0x00618110,392
FUN_00618110,0x00618110,0x00618228,272
FUN_00618228,0x00618228,0x0061839C,368
FUN_006183a0,0x006183A0,0x00618704,844
FUN_00618708,0x00618708,0x00618840,312
FUN_00618840,0x00618840,0x006188E4,160
FUN_006188e8,0x006188E8,0x006189B4,204
FUN_006189b8,0x006189B8,0x00618AB0,248
FUN_00618ab0,0x00618AB0,0x00618AF0,64
FUN_00618af0,0x00618AF0,0x00618B08,24
FUN_00618b08,0x00618B08,0x00618B4C,68
FUN_00618b50,0x00618B50,0x00618B58,8
FUN_00618b58,0x00618B58,0x00618B60,8
FUN_00618b60,0x00618B60,0x00618B78,24
FUN_00618b78,0x00618B78,0x00618B88,16
FUN_00618b88,0x00618B88,0x00618B9C,20
FUN_00618ba0,0x00618BA0,0x00618D28,384
FUN_00618d28,0x00618D28,0x00618F64,560
FUN_00618f68,0x00618F68,0x0061900C,164
FUN_00619010,0x00619010,0x00619078,104
FUN_00619078,0x00619078,0x006190AC,52
FUN_006190b0,0x006190B0,0x006191B4,260
FUN_006191b8,0x006191B8,0x00619280,196
FUN_00619280,0x00619280,0x00619318,152
FUN_00619318,0x00619318,0x00619428,268
FUN_00619428,0x00619428,0x00619558,292
FUN_00619558,0x00619558,0x006195BC,100
FUN_006195c0,0x006195C0,0x006195D4,20
FUN_006195d8,0x006195D8,0x006195E8,16
FUN_006195e8,0x006195E8,0x006195F0,8
FUN_006195f0,0x006195F0,0x006195F8,8
FUN_006195f8,0x006195F8,0x00619680,132
FUN_00619680,0x00619680,0x00619724,160
FUN_00619728,0x00619728,0x00619788,96
FUN_00619788,0x00619788,0x006198B0,296
FUN_006198b0,0x006198B0,0x00619988,216
FUN_00619988,0x00619988,0x006199E8,92
FUN_006199e8,0x006199E8,0x00619BD8,496
FUN_00619bd8,0x00619BD8,0x00619C90,184
FUN_00619c90,0x00619C90,0x00619CD0,64
FUN_00619cc8,0x00619CC8,0x00619CD8,16
FUN_00619cd8,0x00619CD8,0x00619CE8,16
FUN_00619ce8,0x00619CE8,0x00619CF8,16
FUN_00619cf8,0x00619CF8,0x00619D08,16
FUN_00619d08,0x00619D08,0x00619D18,16
FUN_00619d18,0x00619D18,0x00619D28,16
FUN_00619d28,0x00619D28,0x00619D38,16
FUN_00619d38,0x00619D38,0x00619D3C,4
FUN_00619d3c,0x00619D3C,0x00619D48,12
FUN_00619d48,0x00619D48,0x00619DA8,96
FUN_00619da8,0x00619DA8,0x00619E18,112
FUN_00619e18,0x00619E18,0x00619E5C,68
FUN_00619e60,0x00619E60,0x00619EC4,100
FUN_00619ec8,0x00619EC8,0x00619F44,124
FUN_00619f48,0x00619F48,0x00619FF4,168
FUN_00619ff8,0x00619FF8,0x0061A060,104
FUN_0061a060,0x0061A060,0x0061A0C4,100
FUN_0061a0c8,0x0061A0C8,0x0061A114,76
FUN_0061a118,0x0061A118,0x0061A148,44
FUN_0061a148,0x0061A148,0x0061A224,220
FUN_0061a228,0x0061A228,0x0061A360,312
FUN_0061a360,0x0061A360,0x0061A3F8,152
FUN_0061a3f8,0x0061A3F8,0x0061A4F8,256
FUN_0061a4f8,0x0061A4F8,0x0061A5BC,196
FUN_0061a5c0,0x0061A5C0,0x0061A8D0,780
FUN_0061a8d0,0x0061A8D0,0x0061AA30,352
FUN_0061aa30,0x0061AA30,0x0061AEC8,1148
FUN_0061aec8,0x0061AEC8,0x0061AF04,60
FUN_0061af08,0x0061AF08,0x0061AF5C,84
FUN_0061af60,0x0061AF60,0x0061AF68,8
FUN_0061af68,0x0061AF68,0x0061AF70,8
FUN_0061af70,0x0061AF70,0x0061AF78,8
FUN_0061af78,0x0061AF78,0x0061AF80,8
FUN_0061af80,0x0061AF80,0x0061B2F4,868
FUN_0061b2f8,0x0061B2F8,0x0061B710,1032
FUN_0061b710,0x0061B710,0x0061B728,24
FUN_0061b728,0x0061B728,0x0061B730,8
FUN_0061b730,0x0061B730,0x0061B738,8
FUN_0061b738,0x0061B738,0x0061B740,8
FUN_0061b740,0x0061B740,0x0061B748,8
FUN_0061b748,0x0061B748,0x0061B8DC,400
FUN_0061b8e0,0x0061B8E0,0x0061B9D4,244
FUN_0061b9d8,0x0061B9D8,0x0061B9F8,28
FUN_0061b9f8,0x0061B9F8,0x0061BA08,16
FUN_0061ba08,0x0061BA08,0x0061BA20,24
FUN_0061ba20,0x0061BA20,0x0061BAF8,212
FUN_0061baf8,0x0061BAF8,0x0061BC14,280
FUN_0061bc18,0x0061BC18,0x0061BD04,236
FUN_0061bd08,0x0061BD08,0x0061BDC4,184
FUN_0061bdc8,0x0061BDC8,0x0061BE50,136
FUN_0061be50,0x0061BE50,0x0061BECC,124
FUN_0061bed0,0x0061BED0,0x0061BF40,112
FUN_0061bf40,0x0061BF40,0x0061BF58,24
FUN_0061bf58,0x0061BF58,0x0061BFB0,84
FUN_0061bfb0,0x0061BFB0,0x0061BFBC,12
FUN_0061bfc0,0x0061BFC0,0x0061C000,64
FUN_0061c000,0x0061C000,0x0061C02C,40
FUN_0061c030,0x0061C030,0x0061C058,40
FUN_0061c058,0x0061C058,0x0061C118,188
FUN_0061c118,0x0061C118,0x0061C160,72
FUN_0061c160,0x0061C160,0x0061C1C0,96
FUN_0061c1c0,0x0061C1C0,0x0061C28C,204
FUN_0061c290,0x0061C290,0x0061C580,752
FUN_0061c580,0x0061C580,0x0061C610,144
FUN_0061c610,0x0061C610,0x0061C63C,44
FUN_0061c640,0x0061C640,0x0061C684,64
FUN_0061c688,0x0061C688,0x0061C6CC,68
FUN_0061c6d0,0x0061C6D0,0x0061C79C,204
FUN_0061c7a0,0x0061C7A0,0x0061C7E0,64
FUN_0061c7e0,0x0061C7E0,0x0061C804,36
FUN_0061c808,0x0061C808,0x0061C86C,100
FUN_0061c870,0x0061C870,0x0061C8D8,104
FUN_0061c8d8,0x0061C8D8,0x0061C978,160
FUN_0061c978,0x0061C978,0x0061CA28,176
FUN_0061ca28,0x0061CA28,0x0061CAA4,124
FUN_0061caa8,0x0061CAA8,0x0061CB04,92
FUN_0061cb08,0x0061CB08,0x0061CC30,296
FUN_0061cc30,0x0061CC30,0x0061CCD0,160
FUN_0061ccd0,0x0061CCD0,0x0061CDD4,260
FUN_0061cdd8,0x0061CDD8,0x0061CF54,376
FUN_0061cf58,0x0061CF58,0x0061D06C,276
FUN_0061d070,0x0061D070,0x0061D2BC,588
FUN_0061d2c0,0x0061D2C0,0x0061D448,392
FUN_0061d448,0x0061D448,0x0061D4FC,180
FUN_0061d500,0x0061D500,0x0061D554,80
FUN_0061d558,0x0061D558,0x0061D5AC,80
FUN_0061d5b0,0x0061D5B0,0x0061D628,120
FUN_0061d628,0x0061D628,0x0061D6C4,156
FUN_0061d6c8,0x0061D6C8,0x0061D740,120
FUN_0061d740,0x0061D740,0x0061D8B8,376
FUN_0061d8b8,0x0061D8B8,0x0061D934,124
FUN_0061d938,0x0061D938,0x0061D9F8,188
FUN_0061d9f8,0x0061D9F8,0x0061DB04,264
FUN_0061db08,0x0061DB08,0x0061DBE0,212
FUN_0061dbe0,0x0061DBE0,0x0061DC44,100
FUN_0061dc48,0x0061DC48,0x0061DE88,576
FUN_0061de88,0x0061DE88,0x0061DF60,212
FUN_0061df60,0x0061DF60,0x0061E350,992
FUN_0061e350,0x0061E350,0x0061E3D8,136
FUN_0061e3d8,0x0061E3D8,0x0061E4F4,280
FUN_0061e4f8,0x0061E4F8,0x0061E5B8,188
FUN_0061e5b8,0x0061E5B8,0x0061E628,112
FUN_0061e628,0x0061E628,0x0061E6D4,168
FUN_0061e6d8,0x0061E6D8,0x0061E704,44
FUN_0061e708,0x0061E708,0x0061E710,8
FUN_0061e710,0x0061E710,0x0061E71C,12
FUN_0061e720,0x0061E720,0x0061E72C,12
FUN_0061e730,0x0061E730,0x0061E73C,12
FUN_0061e740,0x0061E740,0x0061E74C,12
FUN_0061e750,0x0061E750,0x0061E75C,12
FUN_0061e760,0x0061E760,0x0061E76C,12
FUN_0061e770,0x0061E770,0x0061E77C,12
FUN_0061e780,0x0061E780,0x0061E78C,12
FUN_0061e790,0x0061E790,0x0061E79C,12
FUN_0061e7a0,0x0061E7A0,0x0061E7A8,8
FUN_0061e7a8,0x0061E7A8,0x0061E7AC,4
FUN_0061e7ac,0x0061E7AC,0x0061E7B4,8
FUN_0061e7b8,0x0061E7B8,0x0061E9A8,492
FUN_0061e9a8,0x0061E9A8,0x0061ECB0,772
FUN_0061ecb0,0x0061ECB0,0x0061ED60,176
FUN_0061ed60,0x0061ED60,0x0061EDE0,128
FUN_0061ede0,0x0061EDE0,0x0061EED4,228
FUN_0061eed8,0x0061EED8,0x0061F428,1340
FUN_0061f428,0x0061F428,0x0061F8A4,1144
FUN_0061f8a8,0x0061F8A8,0x0061F908,96
FUN_0061f908,0x0061F908,0x0061FBA4,660
FUN_0061fba8,0x0061FBA8,0x0061FBF4,76
FUN_0061fbf8,0x0061FBF8,0x0061FC38,64
FUN_0061fc38,0x0061FC38,0x0061FDBC,384
FUN_0061fdc0,0x0061FDC0,0x0061FE00,64
FUN_0061fe00,0x0061FE00,0x0061FEEC,224
FUN_0061fef0,0x0061FEF0,0x00620118,540
FUN_00620118,0x00620118,0x006201A4,140
FUN_006201a8,0x006201A8,0x0062021C,116
FUN_00620220,0x00620220,0x00620288,104
FUN_00620288,0x00620288,0x006206D4,1100
FUN_006206d8,0x006206D8,0x00620858,384
FUN_00620858,0x00620858,0x006208A0,72
FUN_006208a0,0x006208A0,0x00620A08,360
FUN_00620a08,0x00620A08,0x00620B5C,340
FUN_00620b60,0x00620B60,0x00620D48,484
FUN_00620d48,0x00620D48,0x00620F08,448
FUN_00620f08,0x00620F08,0x00621138,560
FUN_00621138,0x00621138,0x0062152C,1008
FUN_00621530,0x00621530,0x006217CC,656
FUN_006217d0,0x006217D0,0x0062186C,156
FUN_00621870,0x00621870,0x00621998,296
FUN_00621998,0x00621998,0x00621A88,240
FUN_00621a88,0x00621A88,0x00621BE8,352
FUN_00621be8,0x00621BE8,0x00621E84,668
FUN_00621e88,0x00621E88,0x00621FF4,360
FUN_00621ff8,0x00621FF8,0x006223C4,968
FUN_006223c8,0x006223C8,0x006224E0,280
FUN_006224e0,0x006224E0,0x00622A8C,1420
FUN_00622a90,0x00622A90,0x00622BCC,312
FUN_00622bd0,0x00622BD0,0x00622D28,340
FUN_00622d28,0x00622D28,0x00622E40,280
FUN_00622e40,0x00622E40,0x00622ED8,152
FUN_00622ed8,0x00622ED8,0x0062320C,816
FUN_00623210,0x00623210,0x0062346C,604
FUN_00623470,0x00623470,0x006236BC,584
FUN_006236c0,0x006236C0,0x006236EC,44
FUN_006236f0,0x006236F0,0x006238F8,520
FUN_006238f8,0x006238F8,0x00623958,96
FUN_00623958,0x00623958,0x00623AB0,344
FUN_00623ab0,0x00623AB0,0x00623C0C,348
FUN_00623c10,0x00623C10,0x00623C34,36
FUN_00623c38,0x00623C38,0x00623C40,8
FUN_00623c40,0x00623C40,0x00623C48,8
FUN_00623c48,0x00623C48,0x00623C50,8
FUN_00623c50,0x00623C50,0x00623C58,8
FUN_00623c58,0x00623C58,0x00623C60,8
FUN_00623c60,0x00623C60,0x00623C68,8
FUN_00623c68,0x00623C68,0x00623C70,8
FUN_00623c70,0x00623C70,0x00623C78,8
FUN_00623c78,0x00623C78,0x00623C80,8
FUN_00623c80,0x00623C80,0x00623C88,8
FUN_00623c88,0x00623C88,0x00623C90,8
FUN_00623c90,0x00623C90,0x00623C98,8
FUN_00623c98,0x00623C98,0x00623CA0,8
FUN_00623ca0,0x00623CA0,0x00623CA8,8
FUN_00623ca8,0x00623CA8,0x00623CB0,8
FUN_00623cb0,0x00623CB0,0x00623CB8,8
FUN_00623cb8,0x00623CB8,0x00623CC0,8
FUN_00623cc0,0x00623CC0,0x00623CC4,4
FUN_00623cc4,0x00623CC4,0x00623CCC,8
FUN_00623cd0,0x00623CD0,0x00623D60,144
FUN_00623d60,0x00623D60,0x00623DC0,96
FUN_00623dc0,0x00623DC0,0x00623DF8,56
FUN_00623df8,0x00623DF8,0x00623E88,144
FUN_00623e88,0x00623E88,0x00623EDC,84
FUN_00623ee0,0x00623EE0,0x00623F68,132
FUN_00623f68,0x00623F68,0x00624024,188
FUN_00624028,0x00624028,0x006240A8,128
FUN_006240a8,0x006240A8,0x006240EC,68
FUN_006240f0,0x006240F0,0x00624154,100
FUN_00624158,0x00624158,0x006241A8,80
FUN_006241a8,0x006241A8,0x006242D8,304
FUN_006242d8,0x006242D8,0x00624374,152
FUN_00624378,0x00624378,0x00624468,240
FUN_00624468,0x00624468,0x006246B0,576
FUN_006246b0,0x006246B0,0x006247B0,256
FUN_006247b0,0x006247B0,0x006248C8,280
FUN_006248c8,0x006248C8,0x0062496C,164
FUN_00624970,0x00624970,0x00624AE0,368
FUN_00624ae0,0x00624AE0,0x00624B84,164
FUN_00624b88,0x00624B88,0x00624C00,120
FUN_00624c00,0x00624C00,0x00624C08,8
FUN_00624c08,0x00624C08,0x00624C10,8
FUN_00624c10,0x00624C10,0x00624C18,8
FUN_00624c18,0x00624C18,0x00624C38,32
FUN_00624c38,0x00624C38,0x00624C98,96
FUN_00624c98,0x00624C98,0x00624CF0,84
FUN_00624cf0,0x00624CF0,0x00624DA8,184
FUN_00624da8,0x00624DA8,0x00624E10,104
FUN_00624e10,0x00624E10,0x00624F68,344
FUN_00624f68,0x00624F68,0x00625058,236
FUN_00625058,0x00625058,0x00625104,172
FUN_00625108,0x00625108,0x00625178,112
FUN_00625178,0x00625178,0x006251B4,60
FUN_006251b8,0x006251B8,0x00625264,172
FUN_00625268,0x00625268,0x0062527C,20
FUN_00625280,0x00625280,0x0062535C,220
FUN_00625360,0x00625360,0x0062537C,28
FUN_00625380,0x00625380,0x00625474,240
FUN_00625478,0x00625478,0x00625564,236
FUN_00625568,0x00625568,0x00625680,272
FUN_00625680,0x00625680,0x006256F0,112
FUN_006256f0,0x006256F0,0x00625738,72
FUN_00625738,0x00625738,0x00625888,336
FUN_00625888,0x00625888,0x00625998,268
FUN_00625998,0x00625998,0x006259FC,100
FUN_00625a00,0x00625A00,0x00625BD4,464
FUN_00625bd8,0x00625BD8,0x00625DE4,516
FUN_00625de8,0x00625DE8,0x00625F80,404
FUN_00625f80,0x00625F80,0x00625FA8,40
FUN_00625fa8,0x00625FA8,0x006260C8,288
FUN_006260c8,0x006260C8,0x0062612C,100
FUN_00626130,0x00626130,0x00626190,96
FUN_00626190,0x00626190,0x0062661C,1156
FUN_00626620,0x00626620,0x00626888,612
FUN_00626888,0x00626888,0x00626B8C,760
FUN_00626b90,0x00626B90,0x00626CE8,344
FUN_00626ce8,0x00626CE8,0x00626DF4,268
FUN_00626df8,0x00626DF8,0x00627078,628
FUN_00627078,0x00627078,0x00627164,236
FUN_00627168,0x00627168,0x006271F0,136
FUN_006271f0,0x006271F0,0x006274B8,712
FUN_006274b8,0x006274B8,0x00627704,588
FUN_00627708,0x00627708,0x006278F4,492
FUN_006278f8,0x006278F8,0x006279BC,196
FUN_006279c0,0x006279C0,0x00627CB4,752
FUN_00627cb8,0x00627CB8,0x00627DA4,236
FUN_00627da8,0x00627DA8,0x00627DD4,44
FUN_00627dd8,0x00627DD8,0x00627E04,44
FUN_00627e08,0x00627E08,0x00627F34,300
FUN_00627f38,0x00627F38,0x00627F98,96
FUN_00627f98,0x00627F98,0x006280FC,340
FUN_00628100,0x00628100,0x006281F8,244
FUN_006281f8,0x006281F8,0x0062829C,164
FUN_006282a0,0x006282A0,0x00628378,212
FUN_00628378,0x00628378,0x00628430,180
FUN_00628430,0x00628430,0x006284C8,148
FUN_006284c8,0x006284C8,0x00628550,136
FUN_00628550,0x00628550,0x00628614,196
FUN_00628618,0x00628618,0x006286A0,136
FUN_006286a0,0x006286A0,0x00628784,228
FUN_00628788,0x00628788,0x00628840,180
FUN_00628840,0x00628840,0x00628904,196
FUN_00628908,0x00628908,0x006289C0,180
FUN_006289c0,0x006289C0,0x00628A64,164
FUN_00628a68,0x00628A68,0x00628B54,232
FUN_00628b58,0x00628B58,0x00628C50,248
FUN_00628c50,0x00628C50,0x00628D48,248
FUN_00628d48,0x00628D48,0x00628E34,232
FUN_00628e38,0x00628E38,0x00628EFC,196
FUN_00628f00,0x00628F00,0x00628FA4,164
FUN_00628fa8,0x00628FA8,0x00628FBC,20
FUN_00628fc0,0x00628FC0,0x00629018,88
FUN_00629018,0x00629018,0x00629064,76
FUN_00629068,0x00629068,0x00629100,148
FUN_00629100,0x00629100,0x006291A4,164
FUN_006291a8,0x006291A8,0x00629240,148
FUN_00629240,0x00629240,0x006292E4,164
FUN_006292e8,0x006292E8,0x00629380,148
FUN_00629380,0x00629380,0x00629418,148
FUN_00629418,0x00629418,0x006294BC,164
FUN_006294c0,0x006294C0,0x00629558,148
FUN_00629558,0x00629558,0x006295FC,164
FUN_00629600,0x00629600,0x006296A4,164
FUN_006296a8,0x006296A8,0x00629740,148
FUN_00629740,0x00629740,0x006297E4,164
FUN_006297e8,0x006297E8,0x00629880,148
FUN_00629880,0x00629880,0x00629938,180
FUN_00629938,0x00629938,0x006299DC,164
FUN_006299e0,0x006299E0,0x00629AF0,272
FUN_00629af0,0x00629AF0,0x00629C08,280
FUN_00629c08,0x00629C08,0x00629D18,272
FUN_00629d18,0x00629D18,0x00629DD0,180
FUN_00629dd0,0x00629DD0,0x00629E68,148
FUN_00629e68,0x00629E68,0x00629F0C,164
FUN_00629f10,0x00629F10,0x00629FB4,164
FUN_00629fb8,0x00629FB8,0x0062A05C,164
FUN_0062a060,0x0062A060,0x0062A104,164
FUN_0062a108,0x0062A108,0x0062A1AC,164
FUN_0062a1b0,0x0062A1B0,0x0062A254,164
FUN_0062a258,0x0062A258,0x0062A310,180
FUN_0062a310,0x0062A310,0x0062A3C8,180
FUN_0062a3c8,0x0062A3C8,0x0062A460,148
FUN_0062a460,0x0062A460,0x0062A518,180
FUN_0062a518,0x0062A518,0x0062A5B0,148
FUN_0062a5b0,0x0062A5B0,0x0062A654,164
FUN_0062a658,0x0062A658,0x0062A6FC,164
FUN_0062a700,0x0062A700,0x0062A798,148
FUN_0062a798,0x0062A798,0x0062A830,148
FUN_0062a830,0x0062A830,0x0062A8D4,164
FUN_0062a8d8,0x0062A8D8,0x0062A97C,164
FUN_0062a980,0x0062A980,0x0062AA24,164
FUN_0062aa28,0x0062AA28,0x0062AACC,164
FUN_0062aad0,0x0062AAD0,0x0062AB74,164
FUN_0062ab78,0x0062AB78,0x0062AC1C,164
FUN_0062ac20,0x0062AC20,0x0062ACC4,164
FUN_0062acc8,0x0062ACC8,0x0062AD60,148
FUN_0062ad60,0x0062AD60,0x0062ADF8,148
FUN_0062adf8,0x0062ADF8,0x0062AE80,136
FUN_0062ae80,0x0062AE80,0x0062AF18,148
FUN_0062af18,0x0062AF18,0x0062AFB0,148
FUN_0062afb0,0x0062AFB0,0x0062B038,136
FUN_0062b038,0x0062B038,0x0062B0D0,148
FUN_0062b0d0,0x0062B0D0,0x0062B158,136
FUN_0062b158,0x0062B158,0x0062B1F0,148
FUN_0062b1f0,0x0062B1F0,0x0062B288,148
FUN_0062b288,0x0062B288,0x0062B32C,164
FUN_0062b330,0x0062B330,0x0062B3D4,164
FUN_0062b3d8,0x0062B3D8,0x0062B490,180
FUN_0062b490,0x0062B490,0x0062B548,180
FUN_0062b548,0x0062B548,0x0062B5EC,164
FUN_0062b5f0,0x0062B5F0,0x0062B694,164
FUN_0062b698,0x0062B698,0x0062B74C,180
FUN_0062b750,0x0062B750,0x0062B7E8,148
FUN_0062b7e8,0x0062B7E8,0x0062B880,148
FUN_0062b880,0x0062B880,0x0062B924,164
FUN_0062b928,0x0062B928,0x0062B9C0,148
FUN_0062b9c0,0x0062B9C0,0x0062B9C8,8
FUN_0062b9c8,0x0062B9C8,0x0062B9D0,8
FUN_0062b9d0,0x0062B9D0,0x0062B9F4,36
FUN_0062b9f8,0x0062B9F8,0x0062BB38,320
FUN_0062bb38,0x0062BB38,0x0062BC50,276
FUN_0062bc50,0x0062BC50,0x0062BE18,452
FUN_0062be18,0x0062BE18,0x0062BE9C,132
FUN_0062bea0,0x0062BEA0,0x0062BEF8,88
FUN_0062bef8,0x0062BEF8,0x0062BF20,40
FUN_0062bf20,0x0062BF20,0x0062BF40,32
FUN_0062bf40,0x0062BF40,0x0062BF90,80
FUN_0062bf90,0x0062BF90,0x0062BFEC,92
FUN_0062bff0,0x0062BFF0,0x0062C00C,28
FUN_0062c010,0x0062C010,0x0062C050,64
FUN_0062c050,0x0062C050,0x0062C208,436
FUN_0062c208,0x0062C208,0x0062C260,88
FUN_0062c260,0x0062C260,0x0062C268,8
FUN_0062c268,0x0062C268,0x0062C270,8
FUN_0062c270,0x0062C270,0x0062C2A4,52
FUN_0062c2a8,0x0062C2A8,0x0062C2C4,28
FUN_0062c2c8,0x0062C2C8,0x0062C2D0,8
FUN_0062c2d0,0x0062C2D0,0x0062C300,48
FUN_0062c300,0x0062C300,0x0062C308,8
FUN_0062c308,0x0062C308,0x0062C310,8
FUN_0062c310,0x0062C310,0x0062C630,788
FUN_0062c630,0x0062C630,0x0062C680,80
FUN_0062c680,0x0062C680,0x0062C6D4,84
FUN_0062c6d8,0x0062C6D8,0x0062C758,128
FUN_0062c758,0x0062C758,0x0062C8B8,348
FUN_0062c8b8,0x0062C8B8,0x0062CBAC,748
FUN_0062cbb0,0x0062CBB0,0x0062CE98,720
FUN_0062ce98,0x0062CE98,0x0062D168,708
FUN_0062d168,0x0062D168,0x0062DBCC,2588
FUN_0062dbd0,0x0062DBD0,0x0062DC00,48
FUN_0062dc00,0x0062DC00,0x0062DCFC,248
FUN_0062dd00,0x0062DD00,0x0062DE10,272
FUN_0062de10,0x0062DE10,0x0062DE58,72
FUN_0062de58,0x0062DE58,0x0062DECC,116
FUN_0062ded0,0x0062DED0,0x0062DF80,176
FUN_0062df80,0x0062DF80,0x0062E0AC,296
FUN_0062e0b0,0x0062E0B0,0x0062E118,104
FUN_0062e118,0x0062E118,0x0062E244,300
FUN_0062e248,0x0062E248,0x0062E2EC,164
FUN_0062e2f0,0x0062E2F0,0x0062E308,24
FUN_0062e308,0x0062E308,0x0062E404,252
FUN_0062e408,0x0062E408,0x0062E468,96
FUN_0062e468,0x0062E468,0x0062E4F4,136
FUN_0062e4f8,0x0062E4F8,0x0062E5CC,212
FUN_0062e5d0,0x0062E5D0,0x0062E68C,188
FUN_0062e690,0x0062E690,0x0062E6A0,16
FUN_0062e6a0,0x0062E6A0,0x0062E6D8,56
FUN_0062e6d8,0x0062E6D8,0x0062E728,80
FUN_0062e728,0x0062E728,0x0062E76C,68
FUN_0062e770,0x0062E770,0x0062E794,36
FUN_0062e798,0x0062E798,0x0062E7BC,36
FUN_0062e7c0,0x0062E7C0,0x0062E7E8,40
FUN_0062e7e8,0x0062E7E8,0x0062E838,80
FUN_0062e838,0x0062E838,0x0062E8AC,112
FUN_0062e8b0,0x0062E8B0,0x0062EA30,376
FUN_0062ea30,0x0062EA30,0x0062EBB0,376
FUN_0062ebb0,0x0062EBB0,0x0062ED30,376
FUN_0062ed30,0x0062ED30,0x0062F040,780
FUN_0062f040,0x0062F040,0x0062F2A8,608
FUN_0062f2a8,0x0062F2A8,0x0062F5B0,768
FUN_0062f5b0,0x0062F5B0,0x0062F830,636
FUN_0062f830,0x0062F830,0x0062FA28,500
FUN_0062fa28,0x0062FA28,0x0062FB78,336
FUN_0062fb78,0x0062FB78,0x0062FC78,256
FUN_0062fc78,0x0062FC78,0x0062FE50,472
FUN_0062fe50,0x0062FE50,0x0062FEB4,100
FUN_0062feb8,0x0062FEB8,0x00630604,1856
FUN_00630608,0x00630608,0x00630688,128
FUN_00630688,0x00630688,0x006306FC,116
FUN_006306fc,0x006306FC,0x00630770,116
FUN_00630770,0x00630770,0x006307F0,128
FUN_006307f0,0x006307F0,0x00630870,128
FUN_00630870,0x00630870,0x006309A8,312
FUN_006309a8,0x006309A8,0x00630AF4,332
FUN_00630af4,0x00630AF4,0x00630B78,132
FUN_00630b78,0x00630B78,0x00630C14,156
FUN_00630c14,0x00630C14,0x00630C98,132
FUN_00630c98,0x00630C98,0x00630D34,156
FUN_00630d34,0x00630D34,0x00631160,1068
FUN_00631160,0x00631160,0x00631328,456
FUN_00631328,0x00631328,0x00631504,476
FUN_00631508,0x00631508,0x00631564,92
FUN_00631568,0x00631568,0x006315F8,144
FUN_006315f8,0x006315F8,0x00631634,60
FUN_00631638,0x00631638,0x00631794,348
FUN_00631798,0x00631798,0x00631860,200
FUN_00631860,0x00631860,0x006318D8,120
FUN_006318d8,0x006318D8,0x006318FC,36
FUN_00631900,0x00631900,0x00631978,116
FUN_00631978,0x00631978,0x006319A4,44
FUN_006319a8,0x006319A8,0x006319E0,56
FUN_006319e0,0x006319E0,0x00631A38,88
FUN_00631a38,0x00631A38,0x00631AAC,116
FUN_00631ab0,0x00631AB0,0x00631B64,180
FUN_00631b68,0x00631B68,0x00631BEC,132
FUN_00631bf0,0x00631BF0,0x00631BF8,8
FUN_00631bf8,0x00631BF8,0x00631C08,16
FUN_00631c08,0x00631C08,0x00631C1C,20
FUN_00631c20,0x00631C20,0x00631C64,68
FUN_00631c68,0x00631C68,0x00631CA4,60
FUN_00631ca8,0x00631CA8,0x00631CD4,44
FUN_00631cd8,0x00631CD8,0x00631D58,128
FUN_00631d58,0x00631D58,0x00631DA0,72
FUN_00631da0,0x00631DA0,0x00631DA8,8
FUN_00631da8,0x00631DA8,0x00631DB0,8
FUN_00631db0,0x00631DB0,0x00631E20,112
FUN_00631e20,0x00631E20,0x00631E6C,76
FUN_00631e70,0x00631E70,0x00632064,492
FUN_00632068,0x00632068,0x006320F4,140
FUN_006320f8,0x006320F8,0x006321E0,232
FUN_006321e0,0x006321E0,0x00632284,164
FUN_00632288,0x00632288,0x00632330,168
FUN_00632330,0x00632330,0x00632388,88
FUN_00632388,0x00632388,0x006325B4,552
FUN_006325b8,0x006325B8,0x006325C0,8
FUN_006325c0,0x006325C0,0x006325C8,8
FUN_006325c8,0x006325C8,0x006325D0,8
FUN_006325d0,0x006325D0,0x0063269C,204
FUN_006326a0,0x006326A0,0x006328D0,552
FUN_006328d0,0x006328D0,0x00632A00,296
FUN_00632a00,0x00632A00,0x00632B4C,320
FUN_00632b50,0x00632B50,0x00632C28,212
FUN_00632c28,0x00632C28,0x00633004,988
FUN_00633008,0x00633008,0x006333DC,976
FUN_006333e0,0x006333E0,0x00633408,40
FUN_00633408,0x00633408,0x006336A0,664
FUN_006336a0,0x006336A0,0x006336CC,44
FUN_006336d0,0x006336D0,0x00633764,148
FUN_00633768,0x00633768,0x00633778,16
FUN_00633778,0x00633778,0x006337EC,116
FUN_006337f0,0x006337F0,0x006338B0,192
FUN_006338b0,0x006338B0,0x006338FC,76
FUN_00633900,0x00633900,0x00633914,20
FUN_00633918,0x00633918,0x0063392C,20
FUN_00633930,0x00633930,0x00633944,20
FUN_00633948,0x00633948,0x0063395C,20
FUN_00633960,0x00633960,0x0063397C,28
FUN_00633980,0x00633980,0x00633994,20
FUN_00633998,0x00633998,0x006339C0,40
FUN_006339c0,0x006339C0,0x006339D4,20
FUN_006339d8,0x006339D8,0x006339EC,20
FUN_006339f0,0x006339F0,0x00633A04,20
FUN_00633a08,0x00633A08,0x00633A1C,20
FUN_00633a20,0x00633A20,0x00633A34,20
FUN_00633a38,0x00633A38,0x00633A4C,20
FUN_00633a50,0x00633A50,0x00633A64,20
FUN_00633a68,0x00633A68,0x00633A8C,36
FUN_00633a90,0x00633A90,0x00633AA4,20
FUN_00633aa8,0x00633AA8,0x00633ABC,20
FUN_00633b20,0x00633B20,0x00633B30,16
FUN_00633b30,0x00633B30,0x00633C24,236
FUN_00633c28,0x00633C28,0x00633C40,24
FUN_00633c40,0x00633C40,0x00633C78,56
FUN_00633c78,0x00633C78,0x00633D14,152
FUN_00633d18,0x00633D18,0x00633D68,80
FUN_00633d68,0x00633D68,0x00633D88,32
FUN_00633d88,0x00633D88,0x00633E2C,164
FUN_00633e30,0x00633E30,0x00633ED4,164
FUN_00633ed8,0x00633ED8,0x00633FE8,272
FUN_00633fe8,0x00633FE8,0x006340C8,224
FUN_006340c8,0x006340C8,0x00634114,68
FUN_00634118,0x00634118,0x006341E8,208
FUN_006341e8,0x006341E8,0x0063420C,36
FUN_00634210,0x00634210,0x00634264,84
FUN_00634268,0x00634268,0x00634298,48
FUN_00634298,0x00634298,0x006342E8,80
FUN_006342e8,0x006342E8,0x00634358,112
FUN_00634358,0x00634358,0x006343C8,112
FUN_006343c8,0x006343C8,0x00634414,76
FUN_00634418,0x00634418,0x00634428,16
FUN_00634428,0x00634428,0x00634580,344
FUN_00634580,0x00634580,0x006345DC,92
FUN_006345e0,0x006345E0,0x00634628,72
FUN_00634628,0x00634628,0x00634664,60
FUN_00634668,0x00634668,0x0063477C,268
FUN_00634780,0x00634780,0x006347E0,96
FUN_006347e0,0x006347E0,0x006348EC,264
FUN_006348f0,0x006348F0,0x006349B8,200
FUN_006349b8,0x006349B8,0x00634A5C,164
FUN_00634a60,0x00634A60,0x00634B6C,264
FUN_00634b70,0x00634B70,0x00634C38,200
FUN_00634c38,0x00634C38,0x00634D00,200
FUN_00634d00,0x00634D00,0x00634DB4,180
FUN_00634db8,0x00634DB8,0x00634DCC,20
FUN_00634dd0,0x00634DD0,0x00634DE4,20
FUN_00634de8,0x00634DE8,0x00634DFC,20
FUN_00634e00,0x00634E00,0x00634E70,112
FUN_00634e70,0x00634E70,0x00634F20,176
FUN_00634f20,0x00634F20,0x00634F34,20
FUN_00634f38,0x00634F38,0x00634F94,88
FUN_00634f98,0x00634F98,0x00634FF4,88
FUN_00634ff8,0x00634FF8,0x00635088,144
FUN_00635088,0x00635088,0x006350F4,104
FUN_006350f8,0x006350F8,0x00635124,44
FUN_00635128,0x00635128,0x00635140,24
FUN_00635140,0x00635140,0x0063518C,76
FUN_00635190,0x00635190,0x006351C0,48
FUN_006351c0,0x006351C0,0x00635244,128
FUN_00635248,0x00635248,0x006352BC,116
FUN_006352c0,0x006352C0,0x00635368,168
FUN_00635368,0x00635368,0x00635414,172
FUN_00635418,0x00635418,0x00635550,312
FUN_00635550,0x00635550,0x00635614,196
FUN_00635618,0x00635618,0x00635698,128
FUN_00635698,0x00635698,0x00635A10,884
FUN_00635a10,0x00635A10,0x00635A60,80
FUN_00635a60,0x00635A60,0x00635AF4,148
FUN_00635af8,0x00635AF8,0x00635BE8,240
FUN_00635be8,0x00635BE8,0x00635CA8,192
FUN_00635ca8,0x00635CA8,0x00635D74,200
FUN_00635d78,0x00635D78,0x00635E8C,276
FUN_00635e90,0x00635E90,0x00635F60,208
FUN_00635f60,0x00635F60,0x00635FF4,148
FUN_00635ff8,0x00635FF8,0x0063603C,68
FUN_00636040,0x00636040,0x00636084,68
FUN_00636088,0x00636088,0x00636134,172
FUN_00636138,0x00636138,0x006361E8,176
FUN_006361e8,0x006361E8,0x00636220,56
FUN_00636220,0x00636220,0x0063629C,120
FUN_006362a0,0x006362A0,0x006363FC,340
FUN_00636400,0x00636400,0x0063647C,124
FUN_00636480,0x00636480,0x00636518,152
FUN_00636518,0x00636518,0x0063652C,20
FUN_00636530,0x00636530,0x00636544,20
FUN_00636548,0x00636548,0x0063655C,20
FUN_00636560,0x00636560,0x00636574,20
FUN_00636578,0x00636578,0x00636590,24
FUN_00636590,0x00636590,0x006365AC,28
FUN_006365b0,0x006365B0,0x006365C8,24
FUN_006365c8,0x006365C8,0x006365E0,24
FUN_006365e0,0x006365E0,0x006365F8,24
FUN_006365f8,0x006365F8,0x0063660C,20
FUN_00636610,0x00636610,0x00636624,20
FUN_00636628,0x00636628,0x0063663C,20
FUN_00636640,0x00636640,0x00636654,20
FUN_00636658,0x00636658,0x0063666C,20
FUN_00636688,0x00636688,0x0063669C,20
FUN_006366a0,0x006366A0,0x006366B4,20
FUN_006366b8,0x006366B8,0x006366F8,64
FUN_006366f8,0x006366F8,0x00636738,64
FUN_00636738,0x00636738,0x00636784,76
FUN_00636788,0x00636788,0x006367EC,100
FUN_006367f0,0x006367F0,0x00636870,128
FUN_00636870,0x00636870,0x006368A8,56
FUN_006368a8,0x006368A8,0x006368DC,52
FUN_006368e0,0x006368E0,0x0063692C,72
FUN_00636930,0x00636930,0x00636970,60
FUN_00636970,0x00636970,0x00636980,16
FUN_00636980,0x00636980,0x006369EC,108
FUN_006369f0,0x006369F0,0x00636A90,160
FUN_00636a90,0x00636A90,0x00636D38,672
FUN_00636d38,0x00636D38,0x00636E70,304
FUN_00636e70,0x00636E70,0x00636E9C,44
FUN_00636ea0,0x00636EA0,0x00636FF8,340
FUN_00636ff8,0x00636FF8,0x006370FC,256
FUN_00637100,0x00637100,0x006372D8,472
FUN_006372d8,0x006372D8,0x006373F4,280
FUN_006373f8,0x006373F8,0x00637538,320
FUN_00637538,0x00637538,0x0063761C,228
FUN_00637620,0x00637620,0x00637798,376
FUN_00637798,0x00637798,0x00637898,256
FUN_00637898,0x00637898,0x00637940,164
FUN_00637940,0x00637940,0x006379CC,140
FUN_006379d0,0x006379D0,0x00637C48,632
FUN_00637c48,0x00637C48,0x00637D34,232
FUN_00637d38,0x00637D38,0x00637E2C,240
FUN_00637e30,0x00637E30,0x00637E9C,108
FUN_00637ea0,0x00637EA0,0x00637FC4,292
FUN_00637fc8,0x00637FC8,0x00638084,188
FUN_00638088,0x00638088,0x006380C0,56
FUN_006380c0,0x006380C0,0x006380F8,56
FUN_006380f8,0x006380F8,0x00638150,88
FUN_00638150,0x00638150,0x006383F8,668
FUN_006383f8,0x006383F8,0x00638650,588
FUN_00638650,0x00638650,0x006388B0,596
FUN_006388b0,0x006388B0,0x00638AC4,528
FUN_00638ac8,0x00638AC8,0x00638CA4,476
FUN_00638ca8,0x00638CA8,0x00638E44,412
FUN_00638e48,0x00638E48,0x00638E50,8
FUN_00638e50,0x00638E50,0x00638E98,72
FUN_00638e98,0x00638E98,0x00638F20,136
FUN_00638f20,0x00638F20,0x00638F7C,88
FUN_00638f80,0x00638F80,0x00638FC8,68
FUN_00638fc8,0x00638FC8,0x00639128,348
FUN_00639128,0x00639128,0x00639200,216
FUN_00639200,0x00639200,0x006392FC,248
FUN_00639300,0x00639300,0x006395A0,668
FUN_006395a0,0x006395A0,0x006395EC,72
FUN_006395f0,0x006395F0,0x00639650,92
FUN_00639650,0x00639650,0x00639784,300
FUN_00639784,0x00639784,0x00639788,4
FUN_00639788,0x00639788,0x006398A0,276
FUN_006398a0,0x006398A0,0x006398B4,20
FUN_006398b8,0x006398B8,0x006398CC,20
FUN_006398d0,0x006398D0,0x006398E4,20
FUN_006398e8,0x006398E8,0x00639918,48
FUN_00639918,0x00639918,0x00639950,56
FUN_00639950,0x00639950,0x00639980,48
FUN_00639980,0x00639980,0x006399CC,76
FUN_006399d0,0x006399D0,0x00639A24,80
FUN_00639a28,0x00639A28,0x00639AF4,204
FUN_00639af8,0x00639AF8,0x00639B90,148
FUN_00639b90,0x00639B90,0x00639C04,116
FUN_00639c08,0x00639C08,0x00639CA8,160
FUN_00639ca8,0x00639CA8,0x00639D1C,112
FUN_00639d20,0x00639D20,0x00639D90,108
FUN_00639d90,0x00639D90,0x00639DE8,88
FUN_00639de8,0x00639DE8,0x00639E78,140
FUN_00639e78,0x00639E78,0x00639EE8,112
FUN_00639ee8,0x00639EE8,0x00639F38,80
FUN_00639f38,0x00639F38,0x00639F50,24
FUN_00639f50,0x00639F50,0x00639F98,72
FUN_00639f98,0x00639F98,0x00639FEC,84
FUN_00639ff0,0x00639FF0,0x0063A000,16
FUN_0063a000,0x0063A000,0x0063A158,344
FUN_0063a158,0x0063A158,0x0063A218,192
FUN_0063a218,0x0063A218,0x0063A2C8,176
FUN_0063a2c8,0x0063A2C8,0x0063A340,120
FUN_0063a340,0x0063A340,0x0063A3CC,140
FUN_0063a3d0,0x0063A3D0,0x0063A470,156
FUN_0063a470,0x0063A470,0x0063A4FC,140
FUN_0063a500,0x0063A500,0x0063A578,120
FUN_0063a578,0x0063A578,0x0063A618,156
FUN_0063a618,0x0063A618,0x0063A690,120
FUN_0063a690,0x0063A690,0x0063A71C,140
FUN_0063a720,0x0063A720,0x0063A7EC,204
FUN_0063a7f0,0x0063A7F0,0x0063A8DC,236
FUN_0063a8e0,0x0063A8E0,0x0063A98C,172
FUN_0063a990,0x0063A990,0x0063AA5C,204
FUN_0063aa60,0x0063AA60,0x0063AAEC,140
FUN_0063aaf0,0x0063AAF0,0x0063AB7C,140
FUN_0063ab80,0x0063AB80,0x0063AC20,156
FUN_0063ac20,0x0063AC20,0x0063ACC0,156
FUN_0063acc0,0x0063ACC0,0x0063AD60,156
FUN_0063ad60,0x0063AD60,0x0063AE00,156
FUN_0063ae00,0x0063AE00,0x0063AEA0,156
FUN_0063aea0,0x0063AEA0,0x0063AF40,156
FUN_0063af40,0x0063AF40,0x0063AFCC,140
FUN_0063afd0,0x0063AFD0,0x0063B05C,140
FUN_0063b060,0x0063B060,0x0063B0D8,120
FUN_0063b0d8,0x0063B0D8,0x0063B178,156
FUN_0063b178,0x0063B178,0x0063B300,388
FUN_0063b300,0x0063B300,0x0063B344,68
FUN_0063b348,0x0063B348,0x0063B3F0,168
FUN_0063b3f0,0x0063B3F0,0x0063B708,792
FUN_0063b708,0x0063B708,0x0063B85C,340
FUN_0063b860,0x0063B860,0x0063B9C0,352
FUN_0063b9c0,0x0063B9C0,0x0063BA5C,156
FUN_0063ba60,0x0063BA60,0x0063BA80,32
FUN_0063ba80,0x0063BA80,0x0063BB58,216
FUN_0063bb58,0x0063BB58,0x0063BC58,256
FUN_0063bc58,0x0063BC58,0x0063BC60,8
FUN_0063bc60,0x0063BC60,0x0063BD0C,172
FUN_0063bd10,0x0063BD10,0x0063BD38,40
FUN_0063bd38,0x0063BD38,0x0063BEEC,436
FUN_0063bef0,0x0063BEF0,0x0063BF34,68
FUN_0063bf38,0x0063BF38,0x0063BF7C,68
FUN_0063bf80,0x0063BF80,0x0063BFD0,80
FUN_0063bfd0,0x0063BFD0,0x0063C044,116
FUN_0063c048,0x0063C048,0x0063C0EC,160
FUN_0063c0f0,0x0063C0F0,0x0063C1AC,188
FUN_0063c1b0,0x0063C1B0,0x0063C230,128
FUN_0063c230,0x0063C230,0x0063C2BC,136
FUN_0063c2c0,0x0063C2C0,0x0063C334,116
FUN_0063c338,0x0063C338,0x0063C350,24
FUN_0063c350,0x0063C350,0x0063C388,56
FUN_0063c388,0x0063C388,0x0063C3E4,92
FUN_0063c3e8,0x0063C3E8,0x0063C4B4,204
FUN_0063c4b8,0x0063C4B8,0x0063C628,368
FUN_0063c628,0x0063C628,0x0063C7B8,400
FUN_0063c7b8,0x0063C7B8,0x0063CA54,668
FUN_0063ca58,0x0063CA58,0x0063CB2C,212
FUN_0063cb30,0x0063CB30,0x0063CC04,212
FUN_0063cc08,0x0063CC08,0x0063CF6C,864
FUN_0063cf70,0x0063CF70,0x0063D0E4,372
FUN_0063d0e8,0x0063D0E8,0x0063D188,160
FUN_0063d188,0x0063D188,0x0063D1D4,76
FUN_0063d1d8,0x0063D1D8,0x0063D228,80
FUN_0063d228,0x0063D228,0x0063D278,80
FUN_0063d278,0x0063D278,0x0063D2A0,40
FUN_0063d2a0,0x0063D2A0,0x0063D320,124
FUN_0063d320,0x0063D320,0x0063D450,304
FUN_0063d450,0x0063D450,0x0063D6AC,600
FUN_0063d6b0,0x0063D6B0,0x0063D6D0,32
FUN_0063d6d0,0x0063D6D0,0x0063D6EC,28
FUN_0063d6f0,0x0063D6F0,0x0063D774,132
FUN_0063d778,0x0063D778,0x0063D83C,196
FUN_0063d840,0x0063D840,0x0063DA20,480
FUN_0063da20,0x0063DA20,0x0063DBE8,452
FUN_0063dbe8,0x0063DBE8,0x0063DCD0,232
FUN_0063dcd0,0x0063DCD0,0x0063DE9C,452
FUN_0063dea0,0x0063DEA0,0x0063E230,868
FUN_0063e230,0x0063E230,0x0063E510,724
FUN_0063e510,0x0063E510,0x0063E738,548
FUN_0063e738,0x0063E738,0x0063E844,260
FUN_0063e848,0x0063E848,0x0063EA44,492
FUN_0063ea48,0x0063EA48,0x0063EB48,252
FUN_0063eb48,0x0063EB48,0x0063EC28,220
FUN_0063ec28,0x0063EC28,0x0063ED10,232
FUN_0063ed10,0x0063ED10,0x0063EE2C,280
FUN_0063ee30,0x0063EE30,0x0063EF04,212
FUN_0063ef08,0x0063EF08,0x0063F784,2124
FUN_0063f788,0x0063F788,0x0063F838,176
FUN_0063f838,0x0063F838,0x0063F8C8,144
FUN_0063f8c8,0x0063F8C8,0x0063F958,140
FUN_0063f958,0x0063F958,0x0063FA44,236
FUN_0063fa48,0x0063FA48,0x0063FBD4,396
FUN_0063fbd8,0x0063FBD8,0x0063FDF0,536
FUN_0063fdf0,0x0063FDF0,0x0063FEA8,184
FUN_0063fea8,0x0063FEA8,0x0063FECC,36
FUN_0063fed0,0x0063FED0,0x0063FF38,104
FUN_0063ff38,0x0063FF38,0x0063FF44,12
FUN_0063ff48,0x0063FF48,0x0063FFFC,152
FUN_00640000,0x00640000,0x0064008C,124
FUN_00640090,0x00640090,0x0064011C,140
FUN_00640120,0x00640120,0x00640388,612
FUN_00640388,0x00640388,0x00640478,240
FUN_00640478,0x00640478,0x00640580,264
FUN_00640580,0x00640580,0x006405C4,68
FUN_006405c8,0x006405C8,0x0064061C,84
FUN_00640620,0x00640620,0x00640664,68
FUN_00640668,0x00640668,0x006406B0,72
FUN_006406b0,0x006406B0,0x0064074C,156
FUN_00640750,0x00640750,0x00640770,32
FUN_00640770,0x00640770,0x0064090C,412
FUN_00640910,0x00640910,0x0064097C,108
FUN_00640980,0x00640980,0x00640A20,160
FUN_00640a20,0x00640A20,0x00640A3C,28
FUN_00640a40,0x00640A40,0x00640A64,36
FUN_00640a68,0x00640A68,0x00640AC8,96
FUN_00640ac8,0x00640AC8,0x00640AEC,36
FUN_00640af0,0x00640AF0,0x00640B28,56
FUN_00640b28,0x00640B28,0x00640BC0,152
FUN_00640bc0,0x00640BC0,0x00640BF8,56
FUN_00640bf8,0x00640BF8,0x00640C58,96
FUN_00640c58,0x00640C58,0x00640E98,576
FUN_00640e98,0x00640E98,0x00640F08,112
FUN_00640f08,0x00640F08,0x00641080,376
FUN_00641080,0x00641080,0x00641134,180
FUN_00641138,0x00641138,0x006411C8,144
FUN_006411c8,0x006411C8,0x006411E4,28
FUN_006411e8,0x006411E8,0x00641270,136
FUN_00641270,0x00641270,0x0064130C,156
FUN_00641310,0x00641310,0x00641358,72
FUN_00641358,0x00641358,0x006413A0,72
FUN_006413a0,0x006413A0,0x00641448,168
FUN_00641448,0x00641448,0x00641514,204
FUN_00641518,0x00641518,0x006415BC,164
FUN_006415c0,0x006415C0,0x006415DC,28
FUN_006415e0,0x006415E0,0x006415FC,28
FUN_00641600,0x00641600,0x00641658,88
FUN_00641658,0x00641658,0x00641684,44
FUN_00641688,0x00641688,0x006416B4,44
FUN_006416b8,0x006416B8,0x0064171C,100
FUN_00641720,0x00641720,0x0064174C,44
FUN_00641750,0x00641750,0x00641788,56
FUN_00641788,0x00641788,0x006417B0,40
FUN_006417b0,0x006417B0,0x006417D8,40
FUN_006417d8,0x006417D8,0x00641A24,584
FUN_00641a28,0x00641A28,0x00641AA8,128
FUN_00641aa8,0x00641AA8,0x00641AF8,80
FUN_00641af8,0x00641AF8,0x00641B74,116
FUN_00641b78,0x00641B78,0x00641C68,236
FUN_00641c68,0x00641C68,0x00641CC8,96
FUN_00641cc8,0x00641CC8,0x00641D3C,116
FUN_00641d40,0x00641D40,0x00641FA8,616
FUN_00641fa8,0x00641FA8,0x006421BC,532
FUN_006421c0,0x006421C0,0x006421F0,48
FUN_006421f0,0x006421F0,0x00642270,128
FUN_00642270,0x00642270,0x00642488,536
FUN_00642488,0x00642488,0x006426D8,592
FUN_006426d8,0x006426D8,0x006427C8,240
FUN_006427c8,0x006427C8,0x006427F8,48
FUN_006427f8,0x006427F8,0x00642850,88
FUN_00642850,0x00642850,0x00642998,328
FUN_00642998,0x00642998,0x00642A70,216
FUN_00642a70,0x00642A70,0x00642AA8,56
FUN_00642aa8,0x00642AA8,0x00642AD0,40
FUN_00642ad0,0x00642AD0,0x00642AF4,36
FUN_00642af8,0x00642AF8,0x00642BDC,224
FUN_00642be0,0x00642BE0,0x00642C70,144
FUN_00642c70,0x00642C70,0x00642CF8,132
FUN_00642cf8,0x00642CF8,0x00642ED0,460
FUN_00642ed0,0x00642ED0,0x00642ED8,8
FUN_00642ed8,0x00642ED8,0x0064327C,908
FUN_00643280,0x00643280,0x006432F0,108
FUN_006432f0,0x006432F0,0x006434C8,460
FUN_006434c8,0x006434C8,0x006434E4,28
FUN_006434e8,0x006434E8,0x00643504,28
FUN_00643508,0x00643508,0x00643524,28
FUN_00643528,0x00643528,0x00643648,288
FUN_00643648,0x00643648,0x006436B8,112
FUN_006436b8,0x006436B8,0x00643758,160
FUN_00643758,0x00643758,0x00643804,172
FUN_00643808,0x00643808,0x0064393C,308
FUN_00643940,0x00643940,0x00643B00,448
FUN_00643b00,0x00643B00,0x00643BD8,216
FUN_00643bd8,0x00643BD8,0x00644108,1316
FUN_00644108,0x00644108,0x006442B0,420
FUN_006442b0,0x006442B0,0x00644370,188
FUN_00644370,0x00644370,0x006443A8,56
FUN_006443a8,0x006443A8,0x00644568,440
FUN_00644568,0x00644568,0x00644610,168
FUN_00644610,0x00644610,0x00644730,288
FUN_00644730,0x00644730,0x00644940,524
FUN_00644940,0x00644940,0x00644A50,268
FUN_00644a50,0x00644A50,0x00644AE0,144
FUN_00644ae0,0x00644AE0,0x00644B8C,172
FUN_00644b90,0x00644B90,0x00644D84,496
FUN_00644d88,0x00644D88,0x00644E10,136
FUN_00644e10,0x00644E10,0x00644EA0,144
FUN_00644ea0,0x00644EA0,0x00644F58,184
FUN_00644f58,0x00644F58,0x00644FDC,132
FUN_00644fe0,0x00644FE0,0x00645078,152
FUN_00645078,0x00645078,0x00645160,232
FUN_00645160,0x00645160,0x00645174,20
FUN_00645178,0x00645178,0x006451C0,72
FUN_006451c0,0x006451C0,0x00645208,72
FUN_00645208,0x00645208,0x0064521C,20
FUN_00645220,0x00645220,0x00645234,20
FUN_00645238,0x00645238,0x0064524C,20
FUN_00645250,0x00645250,0x0064529C,76
FUN_006452a0,0x006452A0,0x006452EC,76
FUN_006452f0,0x006452F0,0x0064533C,76
FUN_00645340,0x00645340,0x0064539C,88
FUN_006453a0,0x006453A0,0x006453F0,80
FUN_006453f0,0x006453F0,0x006454C4,208
FUN_006454c8,0x006454C8,0x00645514,76
FUN_00645518,0x00645518,0x00645584,108
FUN_00645588,0x00645588,0x006455CC,68
FUN_006455d0,0x006455D0,0x00645628,88
FUN_00645628,0x00645628,0x00645684,92
FUN_00645688,0x00645688,0x0064569C,20
FUN_006456a0,0x006456A0,0x00645708,104
FUN_00645708,0x00645708,0x0064571C,20
FUN_00645720,0x00645720,0x00645778,84
FUN_00645778,0x00645778,0x00645884,264
FUN_00645888,0x00645888,0x006459B4,300
FUN_006459b8,0x006459B8,0x00645B28,364
FUN_00645b28,0x00645B28,0x00645D04,476
FUN_00645d08,0x00645D08,0x00645D1C,20
FUN_00645d38,0x00645D38,0x00645D48,16
FUN_00645d48,0x00645D48,0x00645D98,80
FUN_00645d98,0x00645D98,0x00645DA4,12
FUN_00645da8,0x00645DA8,0x00645EB8,272
FUN_00645eb8,0x00645EB8,0x00645ED0,24
FUN_00645ed0,0x00645ED0,0x00645F24,84
FUN_00645f28,0x00645F28,0x00645F48,32
FUN_00645f48,0x00645F48,0x00645F58,16
FUN_00645f58,0x00645F58,0x006460DC,384
FUN_006460e0,0x006460E0,0x006461CC,236
FUN_006461d0,0x006461D0,0x0064626C,148
FUN_00646270,0x00646270,0x00646288,24
FUN_00646288,0x00646288,0x00646330,168
FUN_00646330,0x00646330,0x0064646C,312
FUN_00646470,0x00646470,0x006465CC,344
FUN_006465d0,0x006465D0,0x00646678,160
FUN_00646678,0x00646678,0x006466E0,100
FUN_006466e0,0x006466E0,0x006467FC,284
FUN_00646800,0x00646800,0x00646828,40
FUN_00646828,0x00646828,0x00646A78,580
FUN_00646a78,0x00646A78,0x00646B3C,196
FUN_00646b40,0x00646B40,0x00646B7C,60
FUN_00646b80,0x00646B80,0x00646E10,648
FUN_00646e10,0x00646E10,0x00646F38,296
FUN_00646f38,0x00646F38,0x00647228,744
FUN_00647228,0x00647228,0x00647434,520
FUN_00647438,0x00647438,0x00647458,32
FUN_00647458,0x00647458,0x00647564,264
FUN_00647568,0x00647568,0x006475D0,104
FUN_006475d0,0x006475D0,0x006476A0,208
FUN_006476a0,0x006476A0,0x006477C4,292
FUN_006477c8,0x006477C8,0x00647BA0,944
FUN_00647ba0,0x00647BA0,0x00647C44,156
FUN_00647c48,0x00647C48,0x00647D28,220
FUN_00647d28,0x00647D28,0x00647E60,312
FUN_00647e60,0x00647E60,0x00648068,516
FUN_00648068,0x00648068,0x006480E8,128
FUN_006480e8,0x006480E8,0x00648144,92
FUN_00648148,0x00648148,0x006481A4,92
FUN_006481a8,0x006481A8,0x00648204,92
FUN_00648208,0x00648208,0x00648298,144
FUN_00648298,0x00648298,0x0064830C,116
FUN_00648310,0x00648310,0x006483A4,148
FUN_006483a8,0x006483A8,0x00648700,844
FUN_00648700,0x00648700,0x006487D0,208
FUN_006487d0,0x006487D0,0x00648C34,1092
FUN_00648c38,0x00648C38,0x00648E90,592
FUN_00648e90,0x00648E90,0x0064905C,456
FUN_00649060,0x00649060,0x006491C8,356
FUN_006491c8,0x006491C8,0x0064940C,576
FUN_00649410,0x00649410,0x006494F8,232
FUN_006494f8,0x006494F8,0x00649560,104
FUN_00649560,0x00649560,0x0064958C,44
FUN_0064958c,0x0064958C,0x00649634,168
FUN_00649638,0x00649638,0x006497BC,380
FUN_006497c0,0x006497C0,0x00649AE0,796
FUN_00649ae0,0x00649AE0,0x00649C04,288
FUN_00649c08,0x00649C08,0x00649D4C,320
FUN_00649d50,0x00649D50,0x00649DD8,136
FUN_00649dd8,0x00649DD8,0x00649E70,152
FUN_00649e70,0x00649E70,0x00649F08,152
FUN_00649f08,0x00649F08,0x0064A0B4,416
FUN_0064a0b8,0x0064A0B8,0x0064A194,220
FUN_0064a198,0x0064A198,0x0064A44C,684
FUN_0064a450,0x0064A450,0x0064A568,280
FUN_0064a568,0x0064A568,0x0064A698,300
FUN_0064a698,0x0064A698,0x0064A6A8,16
FUN_0064a6a8,0x0064A6A8,0x0064A748,156
FUN_0064a748,0x0064A748,0x0064A77C,52
FUN_0064a780,0x0064A780,0x0064A7C8,72
FUN_0064a7c8,0x0064A7C8,0x0064A8C8,256
FUN_0064a8c8,0x0064A8C8,0x0064A930,104
FUN_0064a930,0x0064A930,0x0064A958,40
FUN_0064a958,0x0064A958,0x0064A9AC,80
FUN_0064a9b0,0x0064A9B0,0x0064AA14,96
FUN_0064aa18,0x0064AA18,0x0064AA20,8
FUN_0064aa20,0x0064AA20,0x0064AA50,48
FUN_0064aa50,0x0064AA50,0x0064AAD0,128
FUN_0064aad0,0x0064AAD0,0x0064ACCC,504
FUN_0064acd0,0x0064ACD0,0x0064AD50,128
FUN_0064ad50,0x0064AD50,0x0064AD74,36
FUN_0064ad78,0x0064AD78,0x0064ADC0,72
FUN_0064adc0,0x0064ADC0,0x0064AF5C,404
FUN_0064af60,0x0064AF60,0x0064AFB0,80
FUN_0064afb0,0x0064AFB0,0x0064B10C,344
FUN_0064b110,0x0064B110,0x0064B1D8,200
FUN_0064b1d8,0x0064B1D8,0x0064B370,404
FUN_0064b370,0x0064B370,0x0064B47C,268
FUN_0064b480,0x0064B480,0x0064B4A8,40
FUN_0064b4a8,0x0064B4A8,0x0064B560,184
FUN_0064b560,0x0064B560,0x0064B604,164
FUN_0064b608,0x0064B608,0x0064B714,268
FUN_0064b718,0x0064B718,0x0064B870,344
FUN_0064b870,0x0064B870,0x0064B8F8,136
FUN_0064b8f8,0x0064B8F8,0x0064B990,152
FUN_0064b990,0x0064B990,0x0064BA6C,216
FUN_0064ba70,0x0064BA70,0x0064BAD0,96
FUN_0064bad0,0x0064BAD0,0x0064BB1C,76
FUN_0064bb20,0x0064BB20,0x0064BBB8,152
FUN_0064bbb8,0x0064BBB8,0x0064BC3C,132
FUN_0064bc40,0x0064BC40,0x0064C184,1336
FUN_0064c188,0x0064C188,0x0064C22C,164
FUN_0064c230,0x0064C230,0x0064C39C,364
FUN_0064c3a0,0x0064C3A0,0x0064C43C,156
FUN_0064c440,0x0064C440,0x0064C598,340
FUN_0064c598,0x0064C598,0x0064C644,172
FUN_0064c648,0x0064C648,0x0064C6CC,132
FUN_0064c6d0,0x0064C6D0,0x0064C714,68
FUN_0064c718,0x0064C718,0x0064C7BC,164
FUN_0064c7c0,0x0064C7C0,0x0064C880,192
FUN_0064c880,0x0064C880,0x0064C8C8,72
FUN_0064c8c8,0x0064C8C8,0x0064C94C,132
FUN_0064c950,0x0064C950,0x0064C9D4,132
FUN_0064c9d8,0x0064C9D8,0x0064CAFC,292
FUN_0064cb00,0x0064CB00,0x0064CBE0,224
FUN_0064cbe0,0x0064CBE0,0x0064CCF8,280
FUN_0064ccf8,0x0064CCF8,0x0064CD24,44
FUN_0064cd28,0x0064CD28,0x0064CD34,12
FUN_0064cd38,0x0064CD38,0x0064CD44,12
FUN_0064cd48,0x0064CD48,0x0064CD54,12
FUN_0064cd58,0x0064CD58,0x0064CD64,12
FUN_0064cd68,0x0064CD68,0x0064CD74,12
FUN_0064cd78,0x0064CD78,0x0064CD80,8
FUN_0064cd80,0x0064CD80,0x0064CD84,4
FUN_0064cd84,0x0064CD84,0x0064CD8C,8
FUN_0064cd90,0x0064CD90,0x0064CE1C,124
FUN_0064ce20,0x0064CE20,0x0064CE58,52
FUN_0064ce58,0x0064CE58,0x0064CF04,168
FUN_0064cf08,0x0064CF08,0x0064CFC4,188
FUN_0064cfc8,0x0064CFC8,0x0064D054,136
FUN_0064d058,0x0064D058,0x0064D118,188
FUN_0064d118,0x0064D118,0x0064D1D4,188
FUN_0064d1d8,0x0064D1D8,0x0064D2A0,200
FUN_0064d2a0,0x0064D2A0,0x0064D350,176
FUN_0064d350,0x0064D350,0x0064D3E4,148
FUN_0064d3e8,0x0064D3E8,0x0064D518,304
FUN_0064d518,0x0064D518,0x0064D524,12
FUN_0064d528,0x0064D528,0x0064D5A0,120
FUN_0064d5a0,0x0064D5A0,0x0064D5C4,36
FUN_0064d5c8,0x0064D5C8,0x0064D6B8,240
FUN_0064d6b8,0x0064D6B8,0x0064D85C,400
FUN_0064d860,0x0064D860,0x0064D9F8,400
FUN_0064d9f8,0x0064D9F8,0x0064DA00,8
FUN_0064da00,0x0064DA00,0x0064DA08,8
FUN_0064da08,0x0064DA08,0x0064DA10,8
FUN_0064da10,0x0064DA10,0x0064DA18,8
FUN_0064da18,0x0064DA18,0x0064DA30,24
FUN_0064da30,0x0064DA30,0x0064DA38,8
FUN_0064da38,0x0064DA38,0x0064DA40,8
FUN_0064da40,0x0064DA40,0x0064DA48,8
FUN_0064da48,0x0064DA48,0x0064DAE8,160
FUN_0064dae8,0x0064DAE8,0x0064DAF0,8
FUN_0064daf0,0x0064DAF0,0x0064DAF8,8
FUN_0064daf8,0x0064DAF8,0x0064DB00,8
FUN_0064db00,0x0064DB00,0x0064DB08,8
FUN_0064db08,0x0064DB08,0x0064DB10,8
FUN_0064db10,0x0064DB10,0x0064DB18,8
FUN_0064db18,0x0064DB18,0x0064DB20,8
FUN_0064db20,0x0064DB20,0x0064DB28,8
FUN_0064db28,0x0064DB28,0x0064DB30,8
FUN_0064db30,0x0064DB30,0x0064DB38,8
FUN_0064db38,0x0064DB38,0x0064DB40,8
FUN_0064db40,0x0064DB40,0x0064DB48,8
FUN_0064db48,0x0064DB48,0x0064DB50,8
FUN_0064db50,0x0064DB50,0x0064DB58,8
FUN_0064db58,0x0064DB58,0x0064DB60,8
FUN_0064db60,0x0064DB60,0x0064DB6C,12
FUN_0064db6c,0x0064DB6C,0x0064DC84,280
FUN_0064dd18,0x0064DD18,0x0064DE70,344
FUN_0064de70,0x0064DE70,0x0064DE78,8
FUN_0064de78,0x0064DE78,0x0064DE94,28
FUN_0064de94,0x0064DE94,0x0064DEF0,92
FUN_0064def0,0x0064DEF0,0x0064DF10,32
FUN_0064df10,0x0064DF10,0x0064DF70,96
FUN_0064df70,0x0064DF70,0x0064DFC0,80
FUN_0064dfc0,0x0064DFC0,0x0064E1A0,480
FUN_0064e1a0,0x0064E1A0,0x0064E1B0,16
FUN_0064e1b0,0x0064E1B0,0x0064E1D8,40
FUN_0064e1d8,0x0064E1D8,0x0064E1E8,16
FUN_0064e1e8,0x0064E1E8,0x0064E320,312
FUN_0064e320,0x0064E320,0x0064E338,24
FUN_0064e338,0x0064E338,0x0064E3A0,104
FUN_0064e3a0,0x0064E3A0,0x0064E420,128
FUN_0064e420,0x0064E420,0x0064E458,56
FUN_0064e458,0x0064E458,0x0064E460,8
FUN_0064e460,0x0064E460,0x0064E478,24
FUN_0064e478,0x0064E478,0x0064E488,16
FUN_0064e488,0x0064E488,0x0064E510,136
FUN_0064e510,0x0064E510,0x0064E520,16
FUN_0064e520,0x0064E520,0x0064E5D8,184
FUN_0064e5d8,0x0064E5D8,0x0064E5E0,8
FUN_0064e5e0,0x0064E5E0,0x0064E5F0,16
FUN_0064e5f0,0x0064E5F0,0x0064E5FC,12
FUN_0064e5fc,0x0064E5FC,0x0064E750,340
FUN_0064e750,0x0064E750,0x0064E850,256
FUN_0064e850,0x0064E850,0x0064E950,256
FUN_0064e950,0x0064E950,0x0064E968,24
FUN_0064e968,0x0064E968,0x0064EA30,200
FUN_0064ea30,0x0064EA30,0x0064EA80,80
FUN_0064ea80,0x0064EA80,0x0064EA90,16
FUN_0064ea90,0x0064EA90,0x0064EAA8,24
FUN_0064eaa8,0x0064EAA8,0x0064EB08,96
FUN_0064eb08,0x0064EB08,0x0064EB10,8
FUN_0064eb10,0x0064EB10,0x0064EB28,24
FUN_0064eb28,0x0064EB28,0x0064EB80,88
FUN_0064eb80,0x0064EB80,0x0064EC18,152
FUN_0064ec18,0x0064EC18,0x0064ED90,376
FUN_0064ed90,0x0064ED90,0x0064EDC0,48
FUN_0064edc0,0x0064EDC0,0x0064EE30,112
FUN_0064ee30,0x0064EE30,0x0064EE40,16
FUN_0064ee40,0x0064EE40,0x0064EE50,16
FUN_0064ee50,0x0064EE50,0x0064EF30,224
FUN_0064ef30,0x0064EF30,0x0064EFA0,112
FUN_0064efa0,0x0064EFA0,0x0064F018,120
FUN_0064f018,0x0064F018,0x0064F050,56
FUN_0064f050,0x0064F050,0x0064F060,16
FUN_0064f060,0x0064F060,0x0064F078,24
FUN_0064f078,0x0064F078,0x0064F080,8
FUN_0064f080,0x0064F080,0x0064F1C8,328
FUN_0064f1c8,0x0064F1C8,0x0064F1E8,32
FUN_0064f1e8,0x0064F1E8,0x0064F1F0,8
FUN_0064f1f0,0x0064F1F0,0x0064F220,48
FUN_0064f220,0x0064F220,0x0064F248,40
FUN_0064f248,0x0064F248,0x0064F250,8
FUN_0064f250,0x0064F250,0x0064F2A8,88
FUN_0064f2a8,0x0064F2A8,0x0064F388,224
FUN_0064f388,0x0064F388,0x0064F418,144
FUN_0064f418,0x0064F418,0x0064F488,112
FUN_0064f488,0x0064F488,0x0064F490,8
FUN_0064f490,0x0064F490,0x0064F4C8,56
FUN_0064f4c8,0x0064F4C8,0x0064F4E8,32
FUN_0064f4e8,0x0064F4E8,0x0064F4F8,16
FUN_0064f4f8,0x0064F4F8,0x0064F708,528
FUN_0064f708,0x0064F708,0x0064F820,280
FUN_0064f820,0x0064F820,0x0064F848,40
FUN_0064f848,0x0064F848,0x0064F858,16
FUN_0064f858,0x0064F858,0x0064F880,40
FUN_0064f880,0x0064F880,0x0064FBE8,872
FUN_0064fbe8,0x0064FBE8,0x0064FCA8,192
FUN_0064fca8,0x0064FCA8,0x00650018,880
FUN_00650018,0x00650018,0x00650019,1
FUN_00650218,0x00650218,0x00650238,32
FUN_00650238,0x00650238,0x00650490,600
FUN_00650490,0x00650490,0x006505B4,292
FUN_006505b4,0x006505B4,0x00650790,476
FUN_00650790,0x00650790,0x00650814,132
FUN_00650814,0x00650814,0x00650840,44
FUN_00650840,0x00650840,0x00650A90,592
FUN_00650a90,0x00650A90,0x00650B14,132
FUN_00650b14,0x00650B14,0x00650CDC,456
FUN_00650cdc,0x00650CDC,0x00651018,828
FUN_00651018,0x00651018,0x00651019,1
FUN_00651024,0x00651024,0x00651025,1
FUN_006512ec,0x006512EC,0x00651804,1304
FUN_00651804,0x00651804,0x00651808,4
FUN_00651818,0x00651818,0x00651819,1
FUN_00651824,0x00651824,0x00651825,1
FUN_006519f4,0x006519F4,0x00652024,1584
FUN_00652024,0x00652024,0x00652028,4
FUN_0065252c,0x0065252C,0x006526E8,444
FUN_006526e8,0x006526E8,0x00652754,108
FUN_00652754,0x00652754,0x00652818,196
FUN_00652818,0x00652818,0x00652819,1
FUN_00652824,0x00652824,0x00652825,1
FUN_00653188,0x00653188,0x0065390C,1924
FUN_0065390c,0x0065390C,0x00653D7C,1136
FUN_00653d7c,0x00653D7C,0x00653DAC,48
FUN_00653dac,0x00653DAC,0x00653DD0,36
FUN_00653dd0,0x00653DD0,0x00654784,2484
FUN_00654784,0x00654784,0x00654788,4
FUN_00654788,0x00654788,0x00654874,236
FUN_00654874,0x00654874,0x00654880,12
FUN_00654880,0x00654880,0x006548DC,92
FUN_006548dc,0x006548DC,0x00654E38,1372
FUN_00654e38,0x00654E38,0x00654E80,72
FUN_00654e80,0x00654E80,0x00654EC0,64
FUN_00654ec0,0x00654EC0,0x00654FD0,272
FUN_00654fd0,0x00654FD0,0x00655390,960
FUN_00655390,0x00655390,0x00655658,712
FUN_00655658,0x00655658,0x00655670,24
FUN_006556c8,0x006556C8,0x006556D0,8
FUN_00655700,0x00655700,0x00655708,8
FUN_00655760,0x00655760,0x00655774,20
FUN_00655780,0x00655780,0x00655810,148
FUN_00655810,0x00655810,0x00655820,16
FUN_00655820,0x00655820,0x00655830,16
FUN_00655830,0x00655830,0x0065584C,28
FUN_00655858,0x00655858,0x00655874,28
FUN_00655880,0x00655880,0x0065589C,28
FUN_006558a8,0x006558A8,0x006558B4,12
FUN_006558b8,0x006558B8,0x006558C0,8
FUN_006558c8,0x006558C8,0x00655904,60
FUN_00655920,0x00655920,0x0065592C,12
FUN_00655948,0x00655948,0x00655950,8
FUN_00655958,0x00655958,0x00655964,12
FUN_00655968,0x00655968,0x00655980,24
FUN_00655988,0x00655988,0x00655990,8
FUN_00655998,0x00655998,0x006559A0,8
FUN_006559a8,0x006559A8,0x006559B0,8
FUN_006559b8,0x006559B8,0x006559C0,8
FUN_006559c8,0x006559C8,0x006559D0,8
FUN_006559d8,0x006559D8,0x006559F0,24
FUN_006559f8,0x006559F8,0x00655A00,8
FUN_00655a08,0x00655A08,0x00655A10,8
FUN_00655a18,0x00655A18,0x00655A20,8
FUN_00655a28,0x00655A28,0x00655A40,24
FUN_00655a48,0x00655A48,0x00655A50,8
FUN_00655a90,0x00655A90,0x00655AC8,56
FUN_00655ad0,0x00655AD0,0x00655AD8,8
FUN_00655ae0,0x00655AE0,0x00655AE8,8
FUN_00655b08,0x00655B08,0x00655B28,32
FUN_00655b30,0x00655B30,0x00655B34,4
FUN_00655b50,0x00655B50,0x00655B54,4
FUN_00655b80,0x00655B80,0x00655B90,16
FUN_00655bd0,0x00655BD0,0x00655BD8,8
FUN_00655be0,0x00655BE0,0x00655BE8,8
FUN_00655bf0,0x00655BF0,0x00655BF8,8
FUN_00655c00,0x00655C00,0x00655C20,32
FUN_00655c30,0x00655C30,0x00655C58,48
FUN_00655c60,0x00655C60,0x00655C68,8
FUN_00655c70,0x00655C70,0x00655C88,24
FUN_00655c90,0x00655C90,0x00655CE8,88
FUN_00655cf0,0x00655CF0,0x00655CF4,4
FUN_00655d10,0x00655D10,0x00655D14,4
FUN_00655d30,0x00655D30,0x00655D34,4
FUN_00655d50,0x00655D50,0x00655D64,20
FUN_00655d80,0x00655D80,0x00655D94,20
FUN_00655db8,0x00655DB8,0x00655DBC,4
FUN_00655dc8,0x00655DC8,0x00655DCC,4
FUN_00655dd8,0x00655DD8,0x00655DDC,4
FUN_00655de8,0x00655DE8,0x00655DEC,4
FUN_00655df8,0x00655DF8,0x00655E0C,20
FUN_00655e30,0x00655E30,0x00655E54,36
FUN_00655e80,0x00655E80,0x00655E84,4
FUN_00655e90,0x00655E90,0x00655E94,4
FUN_00655ea0,0x00655EA0,0x00655EA4,4
FUN_00655eb0,0x00655EB0,0x00655EB4,4
FUN_00655ed8,0x00655ED8,0x00655EDC,4
FUN_00655ee8,0x00655EE8,0x00655EF8,16
FUN_00655f00,0x00655F00,0x00655F10,16
FUN_00655f18,0x00655F18,0x00655F50,56
FUN_00655f58,0x00655F58,0x00655F60,8
FUN_00655f68,0x00655F68,0x00655F70,8
FUN_00655f78,0x00655F78,0x00655F88,16
FUN_00656140,0x00656140,0x00656141,1
FUN_006561d8,0x006561D8,0x006561D9,1
FUN_00656398,0x00656398,0x0065639C,4
FUN_006563a8,0x006563A8,0x006563A9,1
FUN_006563b8,0x006563B8,0x006563B9,1
FUN_006563c8,0x006563C8,0x006563C9,1
FUN_006563d8,0x006563D8,0x006563D9,1
FUN_006563e8,0x006563E8,0x006563E9,1
FUN_006563f8,0x006563F8,0x006563F9,1
FUN_00656408,0x00656408,0x00656409,1
FUN_00656418,0x00656418,0x00656419,1
FUN_00656420,0x00656420,0x00656421,1
FUN_00656430,0x00656430,0x00656431,1
FUN_00656438,0x00656438,0x00656439,1
FUN_00656448,0x00656448,0x00656449,1
FUN_00656458,0x00656458,0x00656459,1
FUN_00656468,0x00656468,0x00656469,1
FUN_00656478,0x00656478,0x00656480,8
FUN_00656480,0x00656480,0x00656481,1
FUN_00656488,0x00656488,0x00656489,1
FUN_00656ad0,0x00656AD0,0x00657208,1848
FUN_00657208,0x00657208,0x00657218,16
FUN_00657218,0x00657218,0x00657474,604
FUN_00657474,0x00657474,0x006575FC,392
FUN_00657c80,0x00657C80,0x00657DF0,368
FUN_00657df0,0x00657DF0,0x006583B0,1472
FUN_006583b0,0x006583B0,0x006583B1,1
FUN_006585d0,0x006585D0,0x006585D1,1
FUN_006587f0,0x006587F0,0x006587F1,1
FUN_00658810,0x00658810,0x00658811,1
FUN_00658b58,0x00658B58,0x00658B59,1
FUN_00658ea0,0x00658EA0,0x00658EA1,1
FUN_00659340,0x00659340,0x00659370,48
FUN_00659370,0x00659370,0x00659388,24
FUN_00659388,0x00659388,0x00659398,16
FUN_00659398,0x00659398,0x006593B0,24
FUN_006593b0,0x006593B0,0x006593D0,32
FUN_006593d0,0x006593D0,0x00659528,344
FUN_00659528,0x00659528,0x00659538,16
FUN_00659550,0x00659550,0x00659560,16
FUN_00659578,0x00659578,0x00659588,16
FUN_006596c0,0x006596C0,0x00659740,128
FUN_00659740,0x00659740,0x006599D0,656
FUN_006599d0,0x006599D0,0x00659A08,56
FUN_00659a08,0x00659A08,0x00659A18,16
FUN_00659a18,0x00659A18,0x00659AB0,152
FUN_00659ab0,0x00659AB0,0x0065AFD8,5416
FUN_0065afd8,0x0065AFD8,0x0065AFE0,8
FUN_0065afe0,0x0065AFE0,0x0065AFE8,8
FUN_0065afe8,0x0065AFE8,0x0065B018,48
FUN_0065b018,0x0065B018,0x0065B020,8
FUN_0065b020,0x0065B020,0x0065B028,8
FUN_0065b028,0x0065B028,0x0065B030,8
FUN_0065b030,0x0065B030,0x0065B0D0,160
FUN_0065b0d0,0x0065B0D0,0x0065B0E0,16
FUN_0065b118,0x0065B118,0x0065B2B8,416
FUN_0065b2b8,0x0065B2B8,0x0065B2C8,16
FUN_0065b378,0x0065B378,0x0065B3D0,88
FUN_0065b3d0,0x0065B3D0,0x0065B3D8,8
FUN_0065b3d8,0x0065B3D8,0x0065C050,3192
FUN_0065c050,0x0065C050,0x0065C080,48
FUN_0065c080,0x0065C080,0x0065C100,128
FUN_0065c100,0x0065C100,0x0065C288,392
FUN_0065c288,0x0065C288,0x0065C289,1
FUN_0065c2b8,0x0065C2B8,0x0065C2C0,8
FUN_0065c2c8,0x0065C2C8,0x0065C2C9,1
FUN_0065c2d0,0x0065C2D0,0x0065C2D1,1
FUN_0065c308,0x0065C308,0x0065C318,16
FUN_0065c318,0x0065C318,0x0065C370,88
FUN_0065c370,0x0065C370,0x0065C380,16
FUN_0065c380,0x0065C380,0x0065C410,144
FUN_0065c410,0x0065C410,0x0065C688,632
FUN_0065c688,0x0065C688,0x0065C689,1
FUN_0065c6c0,0x0065C6C0,0x0065C6C8,8
FUN_0065c6d8,0x0065C6D8,0x0065C6D9,1
FUN_0065c6f0,0x0065C6F0,0x0065C6F1,1
FUN_0065c710,0x0065C710,0x0065C711,1
FUN_0065c760,0x0065C760,0x0065C7A0,64
FUN_0065c7a0,0x0065C7A0,0x0065C7A1,1
FUN_0065c910,0x0065C910,0x0065C950,64
FUN_0065c950,0x0065C950,0x0065C998,72
FUN_0065c998,0x0065C998,0x0065C9F0,88
FUN_0065c9f0,0x0065C9F0,0x0065CA48,88
FUN_0065ca48,0x0065CA48,0x0065CA50,8
FUN_0065ca50,0x0065CA50,0x0065CB00,176
FUN_0065cb00,0x0065CB00,0x0065CB08,8
FUN_0065cb08,0x0065CB08,0x0065CB28,32
FUN_0065cb28,0x0065CB28,0x0065CBA0,120
FUN_0065cba0,0x0065CBA0,0x0065CBC8,40
FUN_0065cbc8,0x0065CBC8,0x0065CBF0,40
FUN_0065cbf0,0x0065CBF0,0x0065CDB8,456
FUN_0065cdb8,0x0065CDB8,0x0065CE80,200
FUN_0065ce80,0x0065CE80,0x0065CF78,248
FUN_0065cf78,0x0065CF78,0x0065CF79,1
FUN_0065cfa0,0x0065CFA0,0x0065CFA1,1
FUN_0065cfc8,0x0065CFC8,0x0065CFC9,1
FUN_0065cff0,0x0065CFF0,0x0065CFF1,1
FUN_0065d078,0x0065D078,0x0065D0E8,112
FUN_0065d0e8,0x0065D0E8,0x0065D140,88
FUN_0065d140,0x0065D140,0x0065D398,600
FUN_0065d398,0x0065D398,0x0065D3A8,16
FUN_0065d3a8,0x0065D3A8,0x0065D3C8,32
FUN_0065d3c8,0x0065D3C8,0x0065D400,56
FUN_0065d400,0x0065D400,0x0065D798,920
FUN_0065d798,0x0065D798,0x0065D7A0,8
FUN_0065d7a0,0x0065D7A0,0x0065D7B8,24
FUN_0065d7b8,0x0065D7B8,0x0065D7F8,64
FUN_0065d7f8,0x0065D7F8,0x0065D808,16
FUN_0065d808,0x0065D808,0x0065D818,16
FUN_0065d818,0x0065D818,0x0065D828,16
FUN_0065d828,0x0065D828,0x0065D830,8
FUN_0065d830,0x0065D830,0x0065D838,8
FUN_0065d838,0x0065D838,0x0065D840,8
FUN_0065d840,0x0065D840,0x0065D850,16
FUN_0065d850,0x0065D850,0x0065D858,8
FUN_0065d858,0x0065D858,0x0065D860,8
FUN_0065d860,0x0065D860,0x0065D868,8
FUN_0065d868,0x0065D868,0x0065D870,8
FUN_0065d870,0x0065D870,0x0065D888,24
FUN_0065d888,0x0065D888,0x0065D8D0,72
FUN_0065d8d0,0x0065D8D0,0x0065D8D8,8
FUN_0065d8d8,0x0065D8D8,0x0065D900,40
FUN_0065d900,0x0065D900,0x0065D910,16
FUN_0065d910,0x0065D910,0x0065D920,16
FUN_0065d920,0x0065D920,0x0065DB80,608
FUN_0065db80,0x0065DB80,0x0065DCE0,352
FUN_0065dce0,0x0065DCE0,0x0065DD18,56
FUN_0065dd18,0x0065DD18,0x0065DD40,40
FUN_0065dd40,0x0065DD40,0x0065DD68,40
FUN_0065dd68,0x0065DD68,0x0065DD88,32
FUN_0065dd88,0x0065DD88,0x0065DD98,16
FUN_0065dd98,0x0065DD98,0x0065DDA8,16
FUN_0065dda8,0x0065DDA8,0x0065DDB0,8
FUN_0065ddb0,0x0065DDB0,0x0065DE80,208
FUN_0065de80,0x0065DE80,0x0065DEB0,48
FUN_0065deb0,0x0065DEB0,0x0065E558,1704
FUN_0065e558,0x0065E558,0x0065E678,288
FUN_0065e678,0x0065E678,0x0065E770,248
FUN_0065e770,0x0065E770,0x0065E998,552
FUN_0065e998,0x0065E998,0x0065E9A4,12
FUN_0065e9a4,0x0065E9A4,0x0065EACC,296
FUN_0065eacc,0x0065EACC,0x0065EC58,396
FUN_0065ec58,0x0065EC58,0x0065EE64,524
FUN_0065ee64,0x0065EE64,0x0065F03C,472
FUN_0065f03c,0x0065F03C,0x0065F0F0,180
FUN_0065f0f0,0x0065F0F0,0x0065F0F1,1
FUN_0065f16c,0x0065F16C,0x0065F18C,32
FUN_0065f18c,0x0065F18C,0x0065F1AC,32
FUN_0065f1ac,0x0065F1AC,0x0065F1B0,4
FUN_0065f1b0,0x0065F1B0,0x0065F1F0,64
FUN_0065f1f0,0x0065F1F0,0x0065F240,80
FUN_0065f240,0x0065F240,0x0065F2C0,128
FUN_0065f2c0,0x0065F2C0,0x0065F2E0,32
FUN_0065f2e0,0x0065F2E0,0x0065F3C0,224
FUN_0065f3c0,0x0065F3C0,0x0065F440,128
FUN_0065f440,0x0065F440,0x0065F460,32
FUN_0065f460,0x0065F460,0x0065F598,312
FUN_0065f598,0x0065F598,0x0065F5B8,32
FUN_0065f5b8,0x0065F5B8,0x0065F620,104
FUN_0065f620,0x0065F620,0x0065F6A0,128
FUN_0065f6a0,0x0065F6A0,0x0065F82C,396
FUN_0065f82c,0x0065F82C,0x0065F928,252
FUN_0065f928,0x0065F928,0x0065FAB8,400
FUN_0065fab8,0x0065FAB8,0x0065FAF0,56
FUN_0065faf0,0x0065FAF0,0x0065FB40,80
FUN_0065fb40,0x0065FB40,0x0065FB58,24
FUN_0065fb58,0x0065FB58,0x0065FB70,24
FUN_0065fb70,0x0065FB70,0x0065FB90,32
FUN_0065fb90,0x0065FB90,0x0065FBA8,24
FUN_0065fba8,0x0065FBA8,0x0065FBB8,16
FUN_0065fbb8,0x0065FBB8,0x0065FBC8,16
FUN_0065fbc8,0x0065FBC8,0x0065FBE0,24
FUN_0065fbe0,0x0065FBE0,0x0065FDF0,528
FUN_0065fdf0,0x0065FDF0,0x0065FE40,80
FUN_0065fe40,0x0065FE40,0x00660030,496
FUN_00660030,0x00660030,0x006601D0,416
FUN_006601d0,0x006601D0,0x006603E0,528
FUN_006603e0,0x006603E0,0x00660420,64
FUN_00660420,0x00660420,0x006604A8,136
FUN_006604a8,0x006604A8,0x006604A9,1
FUN_006610c0,0x006610C0,0x00661DE0,3360
FUN_00661de0,0x00661DE0,0x00662790,2480
FUN_00662790,0x00662790,0x00662791,1
FUN_00662808,0x00662808,0x00662900,248
FUN_00662900,0x00662900,0x00662901,1
FUN_00662958,0x00662958,0x00662978,32
FUN_00662978,0x00662978,0x00662988,16
FUN_00662988,0x00662988,0x00662A00,120
FUN_00662a00,0x00662A00,0x00662A48,72
FUN_00662a48,0x00662A48,0x00662A50,8
FUN_00662a50,0x00662A50,0x00662A70,32
FUN_00662a70,0x00662A70,0x00662A78,8
FUN_00662a78,0x00662A78,0x00662A90,24
FUN_00662a90,0x00662A90,0x00662A98,8
FUN_00662a98,0x00662A98,0x00662B48,176
FUN_00662b48,0x00662B48,0x00662B50,8
FUN_00662b50,0x00662B50,0x00662B70,32
FUN_00662b70,0x00662B70,0x00662C78,264
FUN_00662c78,0x00662C78,0x00662C88,16
FUN_00662ca0,0x00662CA0,0x00662CA1,1
FUN_00662cc8,0x00662CC8,0x00662CC9,1
FUN_00662cf0,0x00662CF0,0x00662CF1,1
FUN_00662d18,0x00662D18,0x00662D19,1
FUN_00662d40,0x00662D40,0x00662D41,1
FUN_00662d68,0x00662D68,0x00662D69,1
FUN_00662d90,0x00662D90,0x00662D91,1
FUN_00662e18,0x00662E18,0x00662E19,1
FUN_00662e40,0x00662E40,0x00662E80,64
FUN_00662e80,0x00662E80,0x00662E88,8
FUN_00662e88,0x00662E88,0x00662E98,16
FUN_00662e98,0x00662E98,0x00662EA8,16
FUN_00662ea8,0x00662EA8,0x00662EB8,16
FUN_00662eb8,0x00662EB8,0x00662F30,120
FUN_00662f30,0x00662F30,0x00662F31,1
FUN_00662f40,0x00662F40,0x00663138,504
FUN_00663138,0x00663138,0x0066324C,276
FUN_0066324c,0x0066324C,0x00663330,228
FUN_00663330,0x00663330,0x00663358,40
FUN_00663358,0x00663358,0x00663368,16
FUN_00663368,0x00663368,0x00663370,8
FUN_00663370,0x00663370,0x006633C0,80
FUN_006633c0,0x006633C0,0x00663440,128
FUN_00663440,0x00663440,0x00663490,80
FUN_00663490,0x00663490,0x00663491,1
FUN_006634b8,0x006634B8,0x006634B9,1
FUN_006634e0,0x006634E0,0x006634E1,1
FUN_00663508,0x00663508,0x00663509,1
FUN_00663530,0x00663530,0x00663531,1
FUN_00663558,0x00663558,0x00663559,1
FUN_00663588,0x00663588,0x00663589,1
FUN_006635b0,0x006635B0,0x006635B1,1
FUN_006635d8,0x006635D8,0x006635D9,1
FUN_00663600,0x00663600,0x00663601,1
FUN_00663628,0x00663628,0x00663629,1
FUN_00663650,0x00663650,0x00663651,1
FUN_006636c0,0x006636C0,0x006636C1,1
FUN_006636f8,0x006636F8,0x006636F9,1
FUN_00663728,0x00663728,0x00663729,1
FUN_00663758,0x00663758,0x00663759,1
FUN_006637a0,0x006637A0,0x006637A1,1
FUN_00663bc0,0x00663BC0,0x00663C68,168
FUN_00663c68,0x00663C68,0x00663F10,680
FUN_00663f10,0x00663F10,0x00663F3C,44
FUN_00663f3c,0x00663F3C,0x00664220,740
FUN_00664220,0x00664220,0x00664FC8,3496
FUN_00664fd0,0x00664FD0,0x0066502C,92
FUN_00665208,0x00665208,0x00665438,560
FUN_00665438,0x00665438,0x00665518,224
FUN_00665518,0x00665518,0x00665720,520
FUN_00665720,0x00665720,0x00665870,336
FUN_00665870,0x00665870,0x006658D4,100
FUN_006658d4,0x006658D4,0x00665AB8,484
FUN_00665ab8,0x00665AB8,0x00665C50,408
FUN_00665c50,0x00665C50,0x00665E58,520
FUN_00665e58,0x00665E58,0x00667B98,7488
FUN_00667ba0,0x00667BA0,0x00667BCC,44
FUN_00667bd0,0x00667BD0,0x00667C44,116
FUN_00667d20,0x00667D20,0x00667E00,224
FUN_00667e00,0x00667E00,0x00667EB4,180
FUN_00667ec0,0x00667EC0,0x00667FA4,228
FUN_00667fb0,0x00667FB0,0x00667FF4,68
FUN_00668000,0x00668000,0x0066808C,140
FUN_00668090,0x00668090,0x00668144,180
FUN_00668150,0x00668150,0x00668158,8
FUN_00668160,0x00668160,0x006682B8,344
FUN_006682c0,0x006682C0,0x0066855C,668
FUN_00668560,0x00668560,0x00668590,48
FUN_00668590,0x00668590,0x00668724,404
FUN_00668730,0x00668730,0x006687C4,148
FUN_006687d0,0x006687D0,0x006688B0,224
FUN_006688b0,0x006688B0,0x006688D4,36
FUN_006688e0,0x006688E0,0x00668930,80
FUN_00668930,0x00668930,0x00668A40,272
FUN_00668a40,0x00668A40,0x00668A60,32
FUN_00668b00,0x00668B00,0x00668BC0,192
FUN_00668bc0,0x00668BC0,0x00668C00,64
FUN_00668c30,0x00668C30,0x00668D20,240
FUN_00668d20,0x00668D20,0x00668D30,16
FUN_00668e30,0x00668E30,0x00668F30,256
FUN_00669030,0x00669030,0x006690F0,192
FUN_006690f0,0x006690F0,0x00669130,64
FUN_00669280,0x00669280,0x00669370,240
FUN_00669370,0x00669370,0x00669380,16
FUN_006694d0,0x006694D0,0x006695C0,240
FUN_006695c0,0x006695C0,0x006695D0,16
FUN_006696b0,0x006696B0,0x006697B0,256
FUN_00669880,0x00669880,0x00669980,256
FUN_00669990,0x00669990,0x006699A4,20
FUN_006699a4,0x006699A4,0x006699A8,4
FUN_006699a8,0x006699A8,0x00669A90,232
