Name,Start,End,Size
entry,0x00180008,0x001801C8,448
FUN_001801c8,0x001801C8,0x001801D0,8
FUN_001801d0,0x001801D0,0x001801E0,16
FUN_001801e0,0x001801E0,0x0018027C,156
FUN_00180280,0x00180280,0x00180594,764
FUN_001805a0,0x001805A0,0x00180AA0,1280
FUN_00180aa0,0x00180AA0,0x00180ACC,44
FUN_00180ad0,0x00180AD0,0x00180DF4,776
FUN_00180e00,0x00180E00,0x00180E10,16
FUN_00180e10,0x00180E10,0x00181318,1288
FUN_00181320,0x00181320,0x00181368,72
FUN_00181370,0x00181370,0x0018141C,172
FUN_00181420,0x00181420,0x00181468,72
FUN_00181470,0x00181470,0x0018151C,172
FUN_00181520,0x00181520,0x00181568,72
FUN_00181570,0x00181570,0x00181624,180
FUN_00181630,0x00181630,0x00181678,72
FUN_00181680,0x00181680,0x0018172C,172
FUN_00181730,0x00181730,0x00181778,72
FUN_00181780,0x00181780,0x0018183C,188
FUN_00181840,0x00181840,0x00181888,72
FUN_00181890,0x00181890,0x00181944,180
FUN_00181950,0x00181950,0x001819CC,124
FUN_001819d0,0x001819D0,0x00181A40,112
FUN_00181a40,0x00181A40,0x00181AA0,96
FUN_00181aa0,0x00181AA0,0x00181B00,96
FUN_00181b00,0x00181B00,0x00181B40,64
FUN_00181b40,0x00181B40,0x00181BA0,96
FUN_00181ba0,0x00181BA0,0x00181BD4,52
FUN_00181be0,0x00181BE0,0x00181C14,52
FUN_00181c20,0x00181C20,0x00181C44,36
FUN_00181c50,0x00181C50,0x00181C70,32
FUN_00181c70,0x00181C70,0x00181C90,32
FUN_00181c90,0x00181C90,0x00181D80,240
FUN_00181d80,0x00181D80,0x00181E00,128
FUN_00181e00,0x00181E00,0x00181E24,36
FUN_00181e30,0x00181E30,0x00181ECC,156
FUN_00181ed0,0x00181ED0,0x00181F3C,108
FUN_00181f40,0x00181F40,0x0018206C,300
FUN_00182070,0x00182070,0x001821C4,340
FUN_001821d0,0x001821D0,0x0018240C,564
FUN_00182410,0x00182410,0x0018245C,76
FUN_00182460,0x00182460,0x001824BC,92
FUN_001824c0,0x001824C0,0x001824CC,12
FUN_001824d0,0x001824D0,0x001824DC,12
FUN_001824e0,0x001824E0,0x00182758,608
FUN_00182760,0x00182760,0x00182784,36
FUN_00182790,0x00182790,0x001827B4,36
FUN_001827c0,0x001827C0,0x001827E4,36
FUN_001827f0,0x001827F0,0x0018280C,28
FUN_00182810,0x00182810,0x00182834,36
FUN_00182840,0x00182840,0x00182894,84
FUN_001828a0,0x001828A0,0x001828D4,52
FUN_001828e0,0x001828E0,0x0018292C,76
FUN_00182930,0x00182930,0x001829D8,160
FUN_001829e0,0x001829E0,0x00182A88,160
FUN_00182a90,0x00182A90,0x00182ACC,60
FUN_00182ad0,0x00182AD0,0x00182C74,416
FUN_00182c80,0x00182C80,0x00182FBC,816
FUN_00182fc0,0x00182FC0,0x00183024,100
FUN_00183024,0x00183024,0x001831D0,428
FUN_001831d0,0x001831D0,0x0018322C,92
FUN_00183230,0x00183230,0x001833A4,372
FUN_001833b0,0x001833B0,0x00183BF4,2088
FUN_00183c00,0x00183C00,0x00183F44,804
FUN_00183f50,0x00183F50,0x00184110,448
FUN_00184110,0x00184110,0x0018411C,12
FUN_00184120,0x00184120,0x00184184,100
FUN_00184190,0x00184190,0x00184210,128
FUN_00184210,0x00184210,0x00184260,80
FUN_00184260,0x00184260,0x00184280,32
FUN_00184280,0x00184280,0x00184334,180
FUN_00184340,0x00184340,0x001845F8,692
FUN_00184600,0x00184600,0x00184658,88
FUN_00184660,0x00184660,0x001846D8,120
FUN_001846e0,0x001846E0,0x001847B4,212
FUN_001847c0,0x001847C0,0x001847C8,8
FUN_001847d0,0x001847D0,0x001847D8,8
FUN_001847e0,0x001847E0,0x001848B0,200
FUN_001848b0,0x001848B0,0x001848B8,8
FUN_001848c0,0x001848C0,0x001848F0,48
FUN_001848f0,0x001848F0,0x00184968,120
FUN_00184970,0x00184970,0x001849FC,108
FUN_00184a00,0x00184A00,0x00184A80,128
FUN_00184a80,0x00184A80,0x00184BC0,280
FUN_00184bc0,0x00184BC0,0x00184C0C,76
FUN_00184c10,0x00184C10,0x00184C78,104
FUN_00184c80,0x00184C80,0x00184F1C,588
FUN_00184f20,0x00184F20,0x00184F98,120
FUN_00184fa0,0x00184FA0,0x00185080,224
FUN_00185080,0x00185080,0x00185118,152
FUN_00185120,0x00185120,0x001851B8,152
FUN_001851c0,0x001851C0,0x0018545C,588
FUN_00185460,0x00185460,0x001854D8,120
FUN_001854e0,0x001854E0,0x001855C0,224
FUN_001855c0,0x001855C0,0x00185658,152
FUN_00185660,0x00185660,0x001856F8,152
FUN_00185700,0x00185700,0x00185760,96
FUN_00185760,0x00185760,0x001857C8,104
FUN_001857d0,0x001857D0,0x00185830,96
FUN_00185830,0x00185830,0x00185898,104
FUN_001858a0,0x001858A0,0x001858B0,16
FUN_001858b0,0x001858B0,0x001858C0,16
FUN_001858c0,0x001858C0,0x001858C8,8
FUN_001858d0,0x001858D0,0x001858D8,8
FUN_001858e0,0x001858E0,0x001858E8,8
FUN_001858f0,0x001858F0,0x001858F8,8
FUN_00185900,0x00185900,0x00185908,8
FUN_00185910,0x00185910,0x00185960,80
FUN_00185960,0x00185960,0x00185968,8
FUN_00185970,0x00185970,0x00185978,8
FUN_00185980,0x00185980,0x00185AAC,292
FUN_00185ab0,0x00185AB0,0x00185BCC,280
FUN_00185bd0,0x00185BD0,0x00185BE0,16
FUN_00185be0,0x00185BE0,0x00185BF0,16
FUN_00185bf0,0x00185BF0,0x00185C0C,28
FUN_00185c10,0x00185C10,0x00185C18,8
FUN_00185c20,0x00185C20,0x00185E3C,532
FUN_00185e40,0x00185E40,0x00185E48,8
FUN_00185e50,0x00185E50,0x00185EA0,80
FUN_00185ea0,0x00185EA0,0x00185EA8,8
FUN_00185eb0,0x00185EB0,0x001860C4,528
FUN_001860d0,0x001860D0,0x001860E0,16
FUN_001860e0,0x001860E0,0x001860F0,16
FUN_001860f0,0x001860F0,0x0018610C,28
FUN_00186110,0x00186110,0x00186238,296
FUN_00186240,0x00186240,0x0018625C,28
FUN_00186260,0x00186260,0x00186380,288
FUN_00186380,0x00186380,0x00186390,16
FUN_00186390,0x00186390,0x00186408,120
FUN_0018643c,0x0018643C,0x00186550,276
FUN_00186550,0x00186550,0x00186670,288
FUN_00186670,0x00186670,0x00186830,392
FUN_00186830,0x00186830,0x00186950,288
FUN_00186950,0x00186950,0x00186A30,180
FUN_00186a30,0x00186A30,0x00186A38,8
FUN_00186a40,0x00186A40,0x00186A5C,28
FUN_00186a60,0x00186A60,0x00186B14,180
FUN_00186b20,0x00186B20,0x00186CE8,404
FUN_00186cf0,0x00186CF0,0x00186CF8,8
FUN_00186d00,0x00186D00,0x00186F68,568
FUN_00186f70,0x00186F70,0x001873E4,1088
FUN_001873f0,0x001873F0,0x001874D0,212
FUN_001874d0,0x001874D0,0x00187694,400
FUN_001876a0,0x001876A0,0x001878AC,472
FUN_001878b0,0x001878B0,0x001878C8,24
FUN_001878d0,0x001878D0,0x00187A04,264
FUN_00187a10,0x00187A10,0x00187AF0,180
FUN_00187af0,0x00187AF0,0x00187AF8,8
FUN_00187b00,0x00187B00,0x00187B1C,28
FUN_00187b20,0x00187B20,0x00187BD4,180
FUN_00187be0,0x00187BE0,0x00187DA8,404
FUN_00187db0,0x00187DB0,0x00187DB8,8
FUN_00187dc0,0x00187DC0,0x00188038,584
FUN_00188040,0x00188040,0x00188504,1168
FUN_00188510,0x00188510,0x001885F0,212
FUN_001885f0,0x001885F0,0x001887B4,400
FUN_001887c0,0x001887C0,0x001889DC,488
FUN_001889e0,0x001889E0,0x00188A08,40
FUN_00188a10,0x00188A10,0x00188B44,264
FUN_00188b50,0x00188B50,0x00188BE8,152
FUN_00188bf0,0x00188BF0,0x00188CA8,180
FUN_00188cb0,0x00188CB0,0x00188E64,432
FUN_00188e70,0x00188E70,0x00188F28,180
FUN_00188f30,0x00188F30,0x001890C0,392
FUN_001890c0,0x001890C0,0x001892A0,468
FUN_001892a0,0x001892A0,0x00189464,436
FUN_00189470,0x00189470,0x00189550,224
FUN_00189550,0x00189550,0x00189628,216
FUN_00189630,0x00189630,0x0018970C,220
FUN_00189710,0x00189710,0x001897EC,220
FUN_001897f0,0x001897F0,0x00189800,16
FUN_00189800,0x00189800,0x00189810,16
FUN_00189810,0x00189810,0x0018981C,12
FUN_00189820,0x00189820,0x001899E4,436
FUN_001899f0,0x001899F0,0x00189BD0,468
FUN_00189bd0,0x00189BD0,0x00189D60,392
FUN_00189d60,0x00189D60,0x00189F14,432
FUN_00189f20,0x00189F20,0x00189F2C,12
FUN_00189f30,0x00189F30,0x0018A204,564
FUN_0018a210,0x0018A210,0x0018A4E4,564
FUN_0018a4f0,0x0018A4F0,0x0018A4F8,8
FUN_0018a500,0x0018A500,0x0018A530,48
FUN_0018a530,0x0018A530,0x0018A548,24
FUN_0018a550,0x0018A550,0x0018A5AC,92
FUN_0018a5b0,0x0018A5B0,0x0018A60C,92
FUN_0018a610,0x0018A610,0x0018A6B0,156
FUN_0018a6b0,0x0018A6B0,0x0018A750,156
FUN_0018a750,0x0018A750,0x0018A78C,60
FUN_0018a790,0x0018A790,0x0018A798,8
FUN_0018a7a0,0x0018A7A0,0x0018AA30,656
FUN_0018aa30,0x0018AA30,0x0018AB3C,188
FUN_0018ab40,0x0018AB40,0x0018AC50,272
FUN_0018ac50,0x0018AC50,0x0018AC94,68
FUN_0018aca0,0x0018ACA0,0x0018AD10,112
FUN_0018ad10,0x0018AD10,0x0018AD90,128
FUN_0018ad90,0x0018AD90,0x0018AE10,128
FUN_0018ae10,0x0018AE10,0x0018AE34,36
FUN_0018ae40,0x0018AE40,0x0018AEA4,100
FUN_0018aeb0,0x0018AEB0,0x0018AED4,36
FUN_0018aee0,0x0018AEE0,0x0018AF44,100
FUN_0018af50,0x0018AF50,0x0018AF88,56
FUN_0018af90,0x0018AF90,0x0018AFB8,40
FUN_0018afc0,0x0018AFC0,0x0018B04C,140
FUN_0018b050,0x0018B050,0x0018B0BC,108
FUN_0018b0c0,0x0018B0C0,0x0018B320,600
FUN_0018b320,0x0018B320,0x0018B560,572
FUN_0018b560,0x0018B560,0x0018B618,184
FUN_0018b620,0x0018B620,0x0018B6F0,208
FUN_0018b6f0,0x0018B6F0,0x0018B810,288
FUN_0018b810,0x0018B810,0x0018BC98,1124
FUN_0018bca0,0x0018BCA0,0x0018BD48,168
FUN_0018bd50,0x0018BD50,0x0018BE08,184
FUN_0018be10,0x0018BE10,0x0018C508,1748
FUN_0018c510,0x0018C510,0x0018CB68,1588
FUN_0018cb70,0x0018CB70,0x0018CC5C,236
FUN_0018cc60,0x0018CC60,0x0018CD3C,220
FUN_0018cd40,0x0018CD40,0x0018CD48,8
FUN_0018cd50,0x0018CD50,0x0018CE08,184
FUN_0018ce10,0x0018CE10,0x0018CEE0,208
FUN_0018cee0,0x0018CEE0,0x0018CEF0,16
FUN_0018cef0,0x0018CEF0,0x0018CF00,16
FUN_0018cf00,0x0018CF00,0x0018CF10,16
FUN_0018cf10,0x0018CF10,0x0018CF20,16
FUN_0018cf20,0x0018CF20,0x0018CFB4,108
FUN_0018cfc0,0x0018CFC0,0x0018D098,176
FUN_0018d0a0,0x0018D0A0,0x0018D100,96
FUN_0018d100,0x0018D100,0x0018D180,128
FUN_0018d180,0x0018D180,0x0018D194,20
FUN_0018d1a0,0x0018D1A0,0x0018D1E0,64
FUN_0018d1e0,0x0018D1E0,0x0018D1F4,20
FUN_0018d200,0x0018D200,0x0018D240,64
FUN_0018d240,0x0018D240,0x0018D248,8
FUN_0018d250,0x0018D250,0x0018D280,48
FUN_0018d280,0x0018D280,0x0018D288,8
FUN_0018d290,0x0018D290,0x0018D2C0,48
FUN_0018d2c0,0x0018D2C0,0x0018D338,120
FUN_0018d340,0x0018D340,0x0018D3D4,108
FUN_0018d3e0,0x0018D3E0,0x0018D830,1092
FUN_0018d830,0x0018D830,0x0018D8B8,136
FUN_0018d8c0,0x0018D8C0,0x0018DB38,596
FUN_0018db40,0x0018DB40,0x0018DB8C,76
FUN_0018db90,0x0018DB90,0x0018DBB4,36
FUN_0018dbb8,0x0018DBB8,0x0018DC20,104
FUN_0018dc20,0x0018DC20,0x0018DC88,104
FUN_0018dc88,0x0018DC88,0x0018DD28,160
FUN_0018dd28,0x0018DD28,0x0018DDF8,208
FUN_0018dec8,0x0018DEC8,0x0018DF80,184
FUN_0018df80,0x0018DF80,0x0018E038,184
FUN_0018e038,0x0018E038,0x0018E0D8,160
FUN_0018e0d8,0x0018E0D8,0x0018E158,128
FUN_0018e158,0x0018E158,0x0018E1AC,84
FUN_0018e1b0,0x0018E1B0,0x0018E228,120
FUN_0018e228,0x0018E228,0x0018E53C,784
FUN_0018e540,0x0018E540,0x0018E55C,28
FUN_0018e560,0x0018E560,0x0018E6D0,364
FUN_0018e6d0,0x0018E6D0,0x0018E768,152
FUN_0018e768,0x0018E768,0x0018E808,160
FUN_0018e808,0x0018E808,0x0018E874,108
FUN_0018e878,0x0018E878,0x0018E9E8,364
FUN_0018ea98,0x0018EA98,0x0018ED78,736
FUN_0018ed78,0x0018ED78,0x0018EF70,500
FUN_0018ef70,0x0018EF70,0x0018F174,516
FUN_0018f178,0x0018F178,0x0018F358,480
FUN_0018f358,0x0018F358,0x0018F424,204
FUN_0018f428,0x0018F428,0x0018F4C0,152
FUN_0018f4c0,0x0018F4C0,0x0018F558,152
FUN_0018f558,0x0018F558,0x0018F60C,180
FUN_0018f610,0x0018F610,0x0018F6E0,208
FUN_0018f6e0,0x0018F6E0,0x0018F7D8,248
FUN_0018f7d8,0x0018F7D8,0x0018F804,44
FUN_0018f808,0x0018F808,0x0018F83C,52
FUN_0018f840,0x0018F840,0x0018F86C,44
FUN_0018f870,0x0018F870,0x0018F89C,44
FUN_0018f8a0,0x0018F8A0,0x0018F8D8,56
FUN_0018f8d8,0x0018F8D8,0x0018FA60,392
FUN_0018fa60,0x0018FA60,0x0018FAB0,80
FUN_0018fab0,0x0018FAB0,0x0018FB04,84
FUN_0018fb08,0x0018FB08,0x0018FB50,72
FUN_0018fb50,0x0018FB50,0x0018FCB8,360
FUN_0018fcb8,0x0018FCB8,0x0018FD0C,84
FUN_0018fd10,0x0018FD10,0x0018FF4C,572
FUN_0018ff50,0x0018FF50,0x0018FF98,72
FUN_0018ff98,0x0018FF98,0x00190004,108
FUN_00190008,0x00190008,0x001900E0,216
FUN_001900e0,0x001900E0,0x00190168,136
FUN_00190168,0x00190168,0x001902B0,328
FUN_001902b0,0x001902B0,0x001903A4,244
FUN_001903a8,0x001903A8,0x00190418,112
FUN_00190418,0x00190418,0x00190488,112
FUN_00190488,0x00190488,0x001904F8,112
FUN_001904f8,0x001904F8,0x00190580,136
FUN_00190580,0x00190580,0x001906C8,328
FUN_001906c8,0x001906C8,0x001907F4,300
FUN_001907f8,0x001907F8,0x00190954,348
FUN_00190958,0x00190958,0x00190AB0,344
FUN_00190ab0,0x00190AB0,0x00190B9C,236
FUN_00190ba0,0x00190BA0,0x00190BC8,40
FUN_00190bc8,0x00190BC8,0x00190C38,112
FUN_00190c38,0x00190C38,0x00190CBC,132
FUN_00190cc0,0x00190CC0,0x00190CE8,40
FUN_00190ce8,0x00190CE8,0x00190D1C,52
FUN_00190d20,0x00190D20,0x00190D48,40
FUN_00190d48,0x00190D48,0x00190E24,220
FUN_00190e28,0x00190E28,0x00191000,472
FUN_00191050,0x00191050,0x001910B8,104
FUN_001910b8,0x001910B8,0x0019112C,116
FUN_00191130,0x00191130,0x001911A4,116
FUN_001911a8,0x001911A8,0x001911F0,72
FUN_001911f0,0x001911F0,0x0019126C,124
FUN_00191270,0x00191270,0x001912F0,128
FUN_001912f0,0x001912F0,0x00191328,56
FUN_00191328,0x00191328,0x0019135C,52
FUN_00191360,0x00191360,0x001913F8,152
FUN_001913f8,0x001913F8,0x00191410,24
FUN_00191410,0x00191410,0x00191428,24
FUN_00191428,0x00191428,0x0019143C,20
FUN_00191440,0x00191440,0x00191474,52
FUN_00191478,0x00191478,0x00191490,24
FUN_00191490,0x00191490,0x001914B8,40
FUN_001914b8,0x001914B8,0x001914D4,28
FUN_001914d8,0x001914D8,0x001914F8,32
FUN_001914f8,0x001914F8,0x001915C4,200
FUN_001915c8,0x001915C8,0x0019162C,100
FUN_00191630,0x00191630,0x001916E4,176
FUN_001916e8,0x001916E8,0x00191740,88
FUN_00191740,0x00191740,0x0019196C,552
FUN_00191970,0x00191970,0x00192BD4,4632
FUN_00192bd8,0x00192BD8,0x00192BE0,8
FUN_00192be0,0x00192BE0,0x00192BE8,8
FUN_00192be8,0x00192BE8,0x00192BF4,12
FUN_00192bf8,0x00192BF8,0x00192CA4,172
FUN_00192da8,0x00192DA8,0x00192EBC,268
FUN_00192ec0,0x00192EC0,0x00192FF8,300
FUN_00192ff8,0x00192FF8,0x00193054,92
FUN_00193058,0x00193058,0x001930D0,120
FUN_001930d0,0x001930D0,0x001931C8,248
FUN_001931c8,0x001931C8,0x001931E4,28
FUN_00193208,0x00193208,0x00193294,140
FUN_00193298,0x00193298,0x001932EC,84
FUN_001932f0,0x001932F0,0x001933A8,168
FUN_001933a8,0x001933A8,0x00193484,220
FUN_00193488,0x00193488,0x001934AC,36
FUN_001934b0,0x001934B0,0x00193504,84
FUN_00193508,0x00193508,0x00193624,284
FUN_00193628,0x00193628,0x0019391C,744
FUN_00193920,0x00193920,0x00193A8C,364
FUN_00193a90,0x00193A90,0x00193F3C,1164
FUN_00193f40,0x00193F40,0x00193F9C,92
FUN_00193fa0,0x00193FA0,0x001940A4,252
FUN_001940a8,0x001940A8,0x00194488,972
FUN_00194488,0x00194488,0x0019451C,148
FUN_00194520,0x00194520,0x001945A4,132
FUN_001945a8,0x001945A8,0x001945CC,36
FUN_001945f8,0x001945F8,0x00194740,324
FUN_00194740,0x00194740,0x0019475C,28
FUN_00194760,0x00194760,0x001947EC,136
FUN_001947f0,0x001947F0,0x001947FC,12
FUN_00194800,0x00194800,0x00194824,36
FUN_00194828,0x00194828,0x00194844,28
FUN_00194848,0x00194848,0x001948A8,96
FUN_001948a8,0x001948A8,0x001949FC,332
FUN_00194a00,0x00194A00,0x00194A64,100
FUN_00194a68,0x00194A68,0x00194C30,448
FUN_00194c30,0x00194C30,0x00194C84,84
FUN_00194c88,0x00194C88,0x00194CD0,72
FUN_00194cd0,0x00194CD0,0x00194F28,584
FUN_00194f28,0x00194F28,0x00195650,1788
FUN_00195650,0x00195650,0x00195684,52
FUN_00195688,0x00195688,0x00195768,224
FUN_00195768,0x00195768,0x001957FC,148
FUN_00195800,0x00195800,0x001958B0,176
FUN_001958b0,0x001958B0,0x001959B4,260
FUN_001959b8,0x001959B8,0x00195A78,192
FUN_00195a78,0x00195A78,0x00195AF4,124
FUN_00195af8,0x00195AF8,0x00195B44,76
FUN_00195b48,0x00195B48,0x00195BEC,164
FUN_00195bf0,0x00195BF0,0x00195C1C,44
FUN_00195c20,0x00195C20,0x00195D28,264
FUN_00195d28,0x00195D28,0x00195E58,304
FUN_00195e58,0x00195E58,0x00195ED8,128
FUN_00195ed8,0x00195ED8,0x00195F94,188
FUN_00195f98,0x00195F98,0x00195FD0,56
FUN_00195fd0,0x00195FD0,0x001961DC,524
FUN_001961e0,0x001961E0,0x001962DC,248
FUN_001962e0,0x001962E0,0x00196438,344
FUN_00196438,0x00196438,0x001964A0,104
FUN_001964a0,0x001964A0,0x00196630,400
FUN_00196630,0x00196630,0x00196700,200
FUN_00196700,0x00196700,0x00196898,408
FUN_00196898,0x00196898,0x00196A1C,380
FUN_00196a20,0x00196A20,0x00196AEC,200
FUN_00196af0,0x00196AF0,0x00196B60,112
FUN_00196b60,0x00196B60,0x00196BC0,96
FUN_00196bc0,0x00196BC0,0x00196C1C,92
FUN_00196c20,0x00196C20,0x00196C90,112
FUN_00196c90,0x00196C90,0x00196D14,132
FUN_00196d18,0x00196D18,0x00196D38,32
FUN_00196d38,0x00196D38,0x00197724,2472
FUN_00197728,0x00197728,0x00197740,24
FUN_00197740,0x00197740,0x001977A4,100
FUN_001977a8,0x001977A8,0x00197808,96
FUN_00197808,0x00197808,0x0019786C,100
FUN_00197870,0x00197870,0x00197E10,1408
FUN_00197e10,0x00197E10,0x00197E44,48
FUN_00197e48,0x00197E48,0x00197FC4,372
FUN_00197fc8,0x00197FC8,0x00198010,72
FUN_00198010,0x00198010,0x00198054,68
FUN_00198058,0x00198058,0x001980A0,72
FUN_001980a0,0x001980A0,0x001980DC,60
FUN_001980e0,0x001980E0,0x001982C4,464
FUN_001982c8,0x001982C8,0x00198320,88
FUN_00198320,0x00198320,0x00198378,88
FUN_00198378,0x00198378,0x001983DC,100
FUN_001983e0,0x001983E0,0x0019841C,60
FUN_00198420,0x00198420,0x001984E8,200
FUN_001984e8,0x001984E8,0x00198558,112
FUN_00198558,0x00198558,0x001985D8,128
FUN_001985d8,0x001985D8,0x001986B0,208
FUN_001986b0,0x001986B0,0x00198748,152
FUN_00198748,0x00198748,0x00198768,32
FUN_00198768,0x00198768,0x0019878C,36
FUN_001987d0,0x001987D0,0x0019882C,92
FUN_00198830,0x00198830,0x0019884C,28
FUN_0019884c,0x0019884C,0x001988D0,132
FUN_001988d0,0x001988D0,0x00198960,144
FUN_00198960,0x00198960,0x00198968,8
FUN_00198968,0x00198968,0x00198A10,168
FUN_00198a10,0x00198A10,0x00198A74,96
FUN_00198a78,0x00198A78,0x00198AF8,128
FUN_00198af8,0x00198AF8,0x00198B5C,96
FUN_00198b60,0x00198B60,0x00198B7C,28
FUN_00198b80,0x00198B80,0x00198C58,216
FUN_00198c58,0x00198C58,0x00198D84,300
FUN_00198d88,0x00198D88,0x00198F18,400
FUN_00198f18,0x00198F18,0x0019905C,324
FUN_00199060,0x00199060,0x00199174,276
FUN_001991f8,0x001991F8,0x00199218,32
FUN_00199218,0x00199218,0x00199284,108
FUN_00199288,0x00199288,0x001993C0,312
FUN_001993c0,0x001993C0,0x00199498,216
FUN_00199498,0x00199498,0x00199644,428
FUN_00199648,0x00199648,0x00199800,436
FUN_00199800,0x00199800,0x001999BC,444
FUN_001999c0,0x001999C0,0x00199A10,80
FUN_00199a10,0x00199A10,0x00199A94,132
FUN_00199a98,0x00199A98,0x0019A9AC,3796
FUN_0019a9b0,0x0019A9B0,0x0019A9D4,36
FUN_0019aa00,0x0019AA00,0x0019AAE8,228
FUN_0019aae8,0x0019AAE8,0x0019AD20,560
FUN_0019ad20,0x0019AD20,0x0019AD4C,44
FUN_0019ad50,0x0019AD50,0x0019AF7C,540
FUN_0019af80,0x0019AF80,0x0019AFAC,44
FUN_0019afb0,0x0019AFB0,0x0019AFD0,32
FUN_0019afd0,0x0019AFD0,0x0019AFF0,32
FUN_0019aff0,0x0019AFF0,0x0019B0D8,232
FUN_0019b0d8,0x0019B0D8,0x0019B260,384
FUN_0019b260,0x0019B260,0x0019B2A8,68
FUN_0019b2a8,0x0019B2A8,0x0019B35C,180
FUN_0019b360,0x0019B360,0x0019BFD0,3120
FUN_0019bfd0,0x0019BFD0,0x0019C018,68
FUN_0019c018,0x0019C018,0x0019C0CC,180
FUN_0019c0d0,0x0019C0D0,0x0019C144,116
FUN_0019c148,0x0019C148,0x0019D7B8,5652
FUN_0019d7b8,0x0019D7B8,0x0019D978,444
FUN_0019d978,0x0019D978,0x0019DA54,212
FUN_0019da58,0x0019DA58,0x0019DE30,940
FUN_0019de30,0x0019DE30,0x0019DEEC,184
FUN_0019def0,0x0019DEF0,0x0019E004,276
FUN_0019e008,0x0019E008,0x0019E11C,272
FUN_0019e120,0x0019E120,0x0019E1E4,148
caseD_30,0x0019E178,0x0019E19C,36
caseD_41,0x0019E1E8,0x0019E1FC,20
caseD_2b,0x0019E200,0x0019E214,20
caseD_58,0x0019E218,0x0019E3A4,392
FUN_0019e3a8,0x0019E3A8,0x0019E6E4,808
FUN_0019e6e8,0x0019E6E8,0x0019E7E8,252
FUN_0019e7e8,0x0019E7E8,0x0019E83C,84
FUN_0019e840,0x0019E840,0x0019E894,84
FUN_0019e898,0x0019E898,0x0019E9A8,272
FUN_0019e9a8,0x0019E9A8,0x0019EA08,96
FUN_0019ea08,0x0019EA08,0x0019EB14,264
FUN_0019eb18,0x0019EB18,0x0019EB8C,116
FUN_0019eb90,0x0019EB90,0x0019F224,1664
FUN_0019f228,0x0019F228,0x0019F8B8,1664
FUN_0019f8b8,0x0019F8B8,0x0019FE34,1388
FUN_0019fe38,0x0019FE38,0x001A03A0,1368
FUN_001a03a0,0x001A03A0,0x001A0448,168
FUN_001a0448,0x001A0448,0x001A0560,280
FUN_001a0560,0x001A0560,0x001A05D8,116
FUN_001a05d8,0x001A05D8,0x001A068C,176
FUN_001a0690,0x001A0690,0x001A06EC,88
FUN_001a06f0,0x001A06F0,0x001A071C,44
FUN_001a0720,0x001A0720,0x001A075C,60
FUN_001a0760,0x001A0760,0x001A0838,212
FUN_001a0838,0x001A0838,0x001A08F4,176
FUN_001a08f8,0x001A08F8,0x001A0B54,592
FUN_001a0b58,0x001A0B58,0x001A0BB0,88
FUN_001a0bb0,0x001A0BB0,0x001A0C14,100
FUN_001a0c18,0x001A0C18,0x001A0E9C,632
FUN_001a0ea0,0x001A0EA0,0x001A0FE0,316
FUN_001a0fe0,0x001A0FE0,0x001A1100,280
FUN_001a1100,0x001A1100,0x001A114C,76
FUN_001a1150,0x001A1150,0x001A1208,180
FUN_001a1208,0x001A1208,0x001A12A4,156
FUN_001a12a8,0x001A12A8,0x001A12D4,44
FUN_001a12d8,0x001A12D8,0x001A132C,84
FUN_001a1330,0x001A1330,0x001A13D0,156
FUN_001a13d0,0x001A13D0,0x001A1560,400
FUN_001a1560,0x001A1560,0x001A156C,12
FUN_001a1570,0x001A1570,0x001A15D8,104
FUN_001a15d8,0x001A15D8,0x001A1678,160
FUN_001a1678,0x001A1678,0x001A1688,16
FUN_001a1688,0x001A1688,0x001A19FC,884
FUN_001a1a00,0x001A1A00,0x001A1ABC,188
FUN_001a1ac0,0x001A1AC0,0x001A1B88,200
FUN_001a1b88,0x001A1B88,0x001A1D6C,484
FUN_001a1d70,0x001A1D70,0x001A1E74,260
FUN_001a1e78,0x001A1E78,0x001A2110,664
FUN_001a2110,0x001A2110,0x001A21A4,148
FUN_001a21a8,0x001A21A8,0x001A24BC,788
FUN_001a24c0,0x001A24C0,0x001A251C,92
FUN_001a2520,0x001A2520,0x001A2704,484
FUN_001a2708,0x001A2708,0x001A2848,320
FUN_001a2848,0x001A2848,0x001A29C4,380
FUN_001a29c8,0x001A29C8,0x001A3054,1676
FUN_001a3058,0x001A3058,0x001A3094,60
FUN_001a3098,0x001A3098,0x001A30B4,28
FUN_001a30b8,0x001A30B8,0x001A312C,116
FUN_001a3130,0x001A3130,0x001A31A4,116
FUN_001a31a8,0x001A31A8,0x001A328C,228
FUN_001a3290,0x001A3290,0x001A33E0,336
FUN_001a33e0,0x001A33E0,0x001A3448,104
FUN_001a3448,0x001A3448,0x001A34AC,100
FUN_001a34b0,0x001A34B0,0x001A36E8,568
FUN_001a3700,0x001A3700,0x001A3720,32
SetGsCrt,0x001A3720,0x001A3730,16
FUN_001a3730,0x001A3730,0x001A3740,16
_Exit,0x001A3740,0x001A3750,16
FUN_001a3750,0x001A3750,0x001A3760,16
_LoadExecPS2,0x001A3760,0x001A3770,16
FUN_001a3770,0x001A3770,0x001A37D0,96
SetVTLBRefillHandler,0x001A37D0,0x001A37E0,16
FUN_001a37e0,0x001A37E0,0x001A3800,32
AddIntcHandler,0x001A3800,0x001A3810,16
FUN_001a3810,0x001A3810,0x001A3820,16
RemoveIntcHandler,0x001A3820,0x001A3830,16
AddDmacHandler,0x001A3830,0x001A3840,16
AddDmacHandler,0x001A3840,0x001A3850,16
RemoveDmacHandler,0x001A3850,0x001A3860,16
_EnableIntc,0x001A3860,0x001A3870,16
_DisableIntc,0x001A3870,0x001A3880,16
_EnableDmac,0x001A3880,0x001A3890,16
_DisableDmac,0x001A3890,0x001A38A0,16
SetAlarm,0x001A38A0,0x001A38B0,16
FUN_001a38b0,0x001A38B0,0x001A38C0,16
_iEnableIntc,0x001A38C0,0x001A38D0,16
_iDisableIntc,0x001A38D0,0x001A38E0,16
_iEnableDmac,0x001A38E0,0x001A38F0,16
_iDisableDmac,0x001A38F0,0x001A3900,16
iSetAlarm,0x001A3900,0x001A3910,16
FUN_001a3910,0x001A3910,0x001A3920,16
CreateThread,0x001A3920,0x001A3930,16
DeleteThread,0x001A3930,0x001A3940,16
_StartThread,0x001A3940,0x001A3950,16
FUN_001a3950,0x001A3950,0x001A3960,16
ExitDeleteThread,0x001A3960,0x001A3970,16
TerminateThread,0x001A3970,0x001A3980,16
FUN_001a3980,0x001A3980,0x001A39B0,48
ChangeThreadPriority,0x001A39B0,0x001A39C0,16
FUN_001a39c0,0x001A39C0,0x001A39D0,16
RotateThreadReadyQueue,0x001A39D0,0x001A39E0,16
FUN_001a39e0,0x001A39E0,0x001A3A10,48
GetThreadId,0x001A3A10,0x001A3A20,16
ReferThreadStatus,0x001A3A20,0x001A3A30,16
FUN_001a3a30,0x001A3A30,0x001A3A40,16
SleepThread,0x001A3A40,0x001A3A50,16
WakeupThread,0x001A3A50,0x001A3A60,16
_iWakeupThread,0x001A3A60,0x001A3A70,16
FUN_001a3a70,0x001A3A70,0x001A3A90,32
SuspendThread,0x001A3A90,0x001A3AA0,16
_iSuspendThread,0x001A3AA0,0x001A3AB0,16
ResumeThread,0x001A3AB0,0x001A3AC0,16
FUN_001a3ac0,0x001A3AC0,0x001A3B00,64
EndOfHeap,0x001A3B00,0x001A3B10,16
FUN_001a3b10,0x001A3B10,0x001A3B20,16
CreateSema,0x001A3B20,0x001A3B30,16
DeleteSema,0x001A3B30,0x001A3B40,16
SignalSema,0x001A3B40,0x001A3B50,16
iSignalSema,0x001A3B50,0x001A3B60,16
WaitSema,0x001A3B60,0x001A3B70,16
PollSema,0x001A3B70,0x001A3B80,16
FUN_001a3b80,0x001A3B80,0x001A3BC0,64
SetOsdConfigParam,0x001A3BC0,0x001A3BD0,16
GetOsdConfigParam,0x001A3BD0,0x001A3BE0,16
FUN_001a3be0,0x001A3BE0,0x001A3DA0,448
FlushCache,0x001A3DA0,0x001A3DB0,16
FUN_001a3db0,0x001A3DB0,0x001A3DF0,64
sceSifStopDma,0x001A3DF0,0x001A3E00,16
FUN_001a3e00,0x001A3E00,0x001A3E30,48
GetOsdConfigParam2,0x001A3E30,0x001A3E40,16
GsGetIMR,0x001A3E40,0x001A3E50,16
FUN_001a3e50,0x001A3E50,0x001A3E60,16
GsPutIMR,0x001A3E60,0x001A3E70,16
FUN_001a3e70,0x001A3E70,0x001A3E90,32
SetVSyncFlag,0x001A3E90,0x001A3EA0,16
FUN_001a3ea0,0x001A3EA0,0x001A3EC0,32
sceSifDmaStat,0x001A3EC0,0x001A3ED0,16
FUN_001a3ed0,0x001A3ED0,0x001A3EE0,16
sceSifSetDma,0x001A3EE0,0x001A3EF0,16
isceSifSetDma,0x001A3EF0,0x001A3F00,16
sceSifSetDChain,0x001A3F00,0x001A3F10,16
isceSifSetDChain,0x001A3F10,0x001A3F20,16
sceSifSetReg,0x001A3F20,0x001A3F30,16
sceSifGetReg,0x001A3F30,0x001A3F40,16
_ExecOSD,0x001A3F40,0x001A3F50,16
Deci2Call,0x001A3F50,0x001A3F60,16
FUN_001a3f60,0x001A3F60,0x001A3F80,32
GetMemorySize,0x001A3F80,0x001A3F90,16
_InitTLB,0x001A3F90,0x001A3FA0,16
FUN_001a3fa0,0x001A3FA0,0x001A3FAC,12
FUN_001a3fb0,0x001A3FB0,0x001A4040,144
FUN_001a4040,0x001A4040,0x001A40E4,164
FUN_001a40e8,0x001A40E8,0x001A4164,124
FUN_001a4168,0x001A4168,0x001A41DC,116
FUN_001a41e0,0x001A41E0,0x001A4208,40
FUN_001a4208,0x001A4208,0x001A4210,8
FUN_001a4210,0x001A4210,0x001A4218,8
FUN_001a4218,0x001A4218,0x001A4220,8
FUN_001a4220,0x001A4220,0x001A42CC,172
FUN_001a42d0,0x001A42D0,0x001A42D8,8
FUN_001a42d8,0x001A42D8,0x001A42EC,20
FUN_001a42f0,0x001A42F0,0x001A42F8,8
FUN_001a42f8,0x001A42F8,0x001A4320,40
FUN_001a4320,0x001A4320,0x001A4348,40
FUN_001a4348,0x001A4348,0x001A4370,40
FUN_001a4370,0x001A4370,0x001A4414,164
FUN_001a4418,0x001A4418,0x001A4494,124
FUN_001a44b0,0x001A44B0,0x001A4554,164
FUN_001a4558,0x001A4558,0x001A45D4,124
FUN_001a45d8,0x001A45D8,0x001A4600,40
FUN_001a4600,0x001A4600,0x001A4668,104
FUN_001a4668,0x001A4668,0x001A46D0,104
FUN_001a46d0,0x001A46D0,0x001A4738,104
FUN_001a4738,0x001A4738,0x001A47A0,104
FUN_001a47a0,0x001A47A0,0x001A47C0,32
FUN_001a47c0,0x001A47C0,0x001A47E0,32
FUN_001a47e0,0x001A47E0,0x001A4800,32
FUN_001a4800,0x001A4800,0x001A4820,32
FUN_001a4820,0x001A4820,0x001A48F8,216
FUN_001a48f8,0x001A48F8,0x001A49CC,212
FUN_001a49d0,0x001A49D0,0x001A4A64,148
FUN_001a4a68,0x001A4A68,0x001A4AE4,124
FUN_001a4ae8,0x001A4AE8,0x001A4B80,152
FUN_001a4b80,0x001A4B80,0x001A4BC4,68
FUN_001a4bc8,0x001A4BC8,0x001A4BEC,36
FUN_001a4bf0,0x001A4BF0,0x001A4C20,48
FUN_001a4c20,0x001A4C20,0x001A4C44,36
FUN_001a4c48,0x001A4C48,0x001A4C7C,52
FUN_001a4c80,0x001A4C80,0x001A4CB4,52
FUN_001a4ce8,0x001A4CE8,0x001A4D0C,36
FUN_001a4d10,0x001A4D10,0x001A4D34,36
FUN_001a4d38,0x001A4D38,0x001A4D5C,36
FUN_001a4d60,0x001A4D60,0x001A4D84,36
FUN_001a4d88,0x001A4D88,0x001A4DC4,60
FUN_001a4dc8,0x001A4DC8,0x001A4E04,60
FUN_001a4e08,0x001A4E08,0x001A4F9C,400
FUN_001a4fa0,0x001A4FA0,0x001A50F0,336
FUN_001a50f0,0x001A50F0,0x001A51C0,208
FUN_001a51c0,0x001A51C0,0x001A527C,188
FUN_001a5280,0x001A5280,0x001A52B8,56
FUN_001a52b8,0x001A52B8,0x001A5368,176
FUN_001a5368,0x001A5368,0x001A539C,52
FUN_001a53a0,0x001A53A0,0x001A5430,144
FUN_001a5430,0x001A5430,0x001A5598,352
FUN_001a5598,0x001A5598,0x001A5B84,1516
FUN_001a5b88,0x001A5B88,0x001A5BC0,56
FUN_001a5bc0,0x001A5BC0,0x001A5C20,96
FUN_001a5c20,0x001A5C20,0x001A5C50,48
FUN_001a5c40,0x001A5C40,0x001A5C50,16
FUN_001a5c50,0x001A5C50,0x001A5C68,24
FUN_001a5c68,0x001A5C68,0x001A5C98,48
FUN_001a5c98,0x001A5C98,0x001A5F18,640
FUN_001a5f18,0x001A5F18,0x001A5F4C,52
FUN_001a5f50,0x001A5F50,0x001A5F80,48
FUN_001a5f80,0x001A5F80,0x001A5FAC,44
FUN_001a5fb0,0x001A5FB0,0x001A5FD8,40
FUN_001a5fd8,0x001A5FD8,0x001A610C,308
FUN_001a6110,0x001A6110,0x001A614C,60
FUN_001a6150,0x001A6150,0x001A618C,60
FUN_001a6190,0x001A6190,0x001A62B8,296
FUN_001a62b8,0x001A62B8,0x001A6364,172
FUN_001a6364,0x001A6364,0x001A6368,4
FUN_001a6368,0x001A6368,0x001A6504,412
FUN_001a6508,0x001A6508,0x001A652C,36
FUN_001a6530,0x001A6530,0x001A65D8,168
FUN_001a65d8,0x001A65D8,0x001A65F4,28
FUN_001a65f8,0x001A65F8,0x001A6628,48
FUN_001a6628,0x001A6628,0x001A6668,64
FUN_001a6668,0x001A6668,0x001A671C,180
FUN_001a6720,0x001A6720,0x001A6780,96
FUN_001a6780,0x001A6780,0x001A6850,208
FUN_001a6850,0x001A6850,0x001A69A8,344
FUN_001a69a8,0x001A69A8,0x001A69F4,76
FUN_001a69f8,0x001A69F8,0x001A6AA8,176
FUN_001a6aa8,0x001A6AA8,0x001A6BE8,320
FUN_001a6be8,0x001A6BE8,0x001A6C78,144
FUN_001a6c78,0x001A6C78,0x001A6E64,492
FUN_001a6e68,0x001A6E68,0x001A6EA4,60
FUN_001a6ea8,0x001A6EA8,0x001A6F3C,148
FUN_001a7010,0x001A7010,0x001A70A4,148
FUN_001a70a8,0x001A70A8,0x001A7138,144
FUN_001a7138,0x001A7138,0x001A7190,88
FUN_001a7190,0x001A7190,0x001A7354,452
FUN_001a7358,0x001A7358,0x001A7398,60
FUN_001a7398,0x001A7398,0x001A73F4,92
FUN_001a73f8,0x001A73F8,0x001A7480,136
FUN_001a7480,0x001A7480,0x001A74EC,108
FUN_001a74f0,0x001A74F0,0x001A7894,928
FUN_001a7898,0x001A7898,0x001A78E4,76
FUN_001a78e8,0x001A78E8,0x001A7914,44
FUN_001a7918,0x001A7918,0x001A7924,12
FUN_001a79c0,0x001A79C0,0x001A79EC,44
FUN_001a79f0,0x001A79F0,0x001A7BF4,516
FUN_001a7bf8,0x001A7BF8,0x001A7C84,140
FUN_001a7c88,0x001A7C88,0x001A7CBC,52
FUN_001a7cc0,0x001A7CC0,0x001A7F44,644
FUN_001a7f48,0x001A7F48,0x001A80C4,380
FUN_001a80c8,0x001A80C8,0x001A8300,564
FUN_001a8300,0x001A8300,0x001A8560,608
FUN_001a8560,0x001A8560,0x001A8820,700
FUN_001a8820,0x001A8820,0x001A8B94,884
FUN_001a8b98,0x001A8B98,0x001A8D74,476
FUN_001a8d78,0x001A8D78,0x001A8F1C,420
FUN_001a8f20,0x001A8F20,0x001A8F3C,28
FUN_001a8f40,0x001A8F40,0x001A90EC,428
FUN_001a90f0,0x001A90F0,0x001A910C,28
FUN_001a9110,0x001A9110,0x001A937C,620
FUN_001a9380,0x001A9380,0x001A94A0,288
FUN_001a94a0,0x001A94A0,0x001A94BC,28
FUN_001a94c0,0x001A94C0,0x001A9588,200
FUN_001a9588,0x001A9588,0x001A96F0,360
FUN_001a96f0,0x001A96F0,0x001A9848,344
FUN_001a9848,0x001A9848,0x001A99E8,416
FUN_001a99e8,0x001A99E8,0x001A9C24,572
FUN_001a9c28,0x001A9C28,0x001A9E18,496
FUN_001a9e18,0x001A9E18,0x001A9E34,28
FUN_001a9e38,0x001A9E38,0x001A9FD0,408
FUN_001a9fd0,0x001A9FD0,0x001AA23C,620
FUN_001aa240,0x001AA240,0x001AA25C,28
FUN_001aa260,0x001AA260,0x001AA498,564
FUN_001aa498,0x001AA498,0x001AA6D0,568
FUN_001aa6d0,0x001AA6D0,0x001AA8B0,480
FUN_001aa8b0,0x001AA8B0,0x001AAA78,456
FUN_001aaa78,0x001AAA78,0x001AAB00,136
FUN_001aab00,0x001AAB00,0x001AAB70,112
FUN_001aab70,0x001AAB70,0x001AABF0,128
FUN_001aabf0,0x001AABF0,0x001AAC68,120
FUN_001aac68,0x001AAC68,0x001AAC84,28
FUN_001aac88,0x001AAC88,0x001AAD78,240
FUN_001aad78,0x001AAD78,0x001AADE8,112
FUN_001aade8,0x001AADE8,0x001AAE58,112
FUN_001aae58,0x001AAE58,0x001AAEC8,112
FUN_001aaec8,0x001AAEC8,0x001AAF44,124
FUN_001aaf48,0x001AAF48,0x001AAFC4,124
FUN_001aafc8,0x001AAFC8,0x001AB0C8,256
FUN_001ab0c8,0x001AB0C8,0x001AB154,140
FUN_001ab158,0x001AB158,0x001AB190,56
FUN_001ab190,0x001AB190,0x001AB398,520
FUN_001ab398,0x001AB398,0x001AB5A0,520
FUN_001ab5a0,0x001AB5A0,0x001AB630,144
FUN_001ab630,0x001AB630,0x001AB6D0,160
FUN_001ab6d0,0x001AB6D0,0x001AB760,144
FUN_001ab760,0x001AB760,0x001AB77C,28
FUN_001ab780,0x001AB780,0x001AB79C,28
FUN_001ab7a0,0x001AB7A0,0x001AB9C4,548
FUN_001ab9c8,0x001AB9C8,0x001AB9E8,32
FUN_001ab9e8,0x001AB9E8,0x001ABA04,28
FUN_001aba08,0x001ABA08,0x001ABB0C,260
FUN_001abb10,0x001ABB10,0x001ABB2C,28
FUN_001abb58,0x001ABB58,0x001ABC44,236
FUN_001abc48,0x001ABC48,0x001ABD24,220
FUN_001abd28,0x001ABD28,0x001ABE64,316
FUN_001abe68,0x001ABE68,0x001ABE90,40
FUN_001abe90,0x001ABE90,0x001ABEC8,56
FUN_001abec8,0x001ABEC8,0x001ABFD8,272
FUN_001abfd8,0x001ABFD8,0x001AC038,96
FUN_001ac0c0,0x001AC0C0,0x001AC0D0,16
RFU091,0x001AC108,0x001AC118,16
RFU116_SetSyscall,0x001AC118,0x001AC128,16
FUN_001ac128,0x001AC128,0x001AC1EC,196
FUN_001ac1f0,0x001AC1F0,0x001AC210,32
RFU086_WaitEvnetFlag,0x001AC210,0x001AC220,16
FUN_001ac220,0x001AC220,0x001AC250,48
FUN_001ac250,0x001AC250,0x001AC2B0,96
FUN_001ac2b0,0x001AC2B0,0x001AC2F0,64
FUN_001ac2f0,0x001AC2F0,0x001AC4E4,500
FUN_001ac500,0x001AC500,0x001AC860,864
FUN_001ac600,0x001AC600,0x001AC860,608
FUN_001ac740,0x001AC740,0x001AC860,288
FUN_001ac83c,0x001AC83C,0x001AC860,36
FUN_001ac860,0x001AC860,0x001AC8A8,72
FUN_001ac8a8,0x001AC8A8,0x001AC8C0,24
FUN_001ac8c0,0x001AC8C0,0x001AC908,72
FUN_001ac908,0x001AC908,0x001AC918,16
FUN_001ac950,0x001AC950,0x001AC990,64
FUN_001ac990,0x001AC990,0x001AC9A0,16
FUN_001ac9a0,0x001AC9A0,0x001AC9D4,52
FUN_001ac9d8,0x001AC9D8,0x001ACAD4,252
RFU116_SetSyscall,0x001ACAD8,0x001ACAE8,16
FUN_001acae8,0x001ACAE8,0x001ACB24,60
RFU116_SetSyscall,0x001ACB28,0x001ACB38,16
FUN_001acb38,0x001ACB38,0x001ACB48,16
RFU091,0x001ACB80,0x001ACB90,16
FUN_001acb90,0x001ACB90,0x001ACBF8,104
FUN_001acbf8,0x001ACBF8,0x001ACCA4,172
FUN_001acca8,0x001ACCA8,0x001ACCB8,16
FUN_001accb8,0x001ACCB8,0x001ACCE8,48
RFU116_SetSyscall,0x001ACCE8,0x001ACCF8,16
FUN_001accf8,0x001ACCF8,0x001ACE10,280
thunk_FUN_001ac2b0,0x001ACE10,0x001ACE18,8
FUN_001ace88,0x001ACE88,0x001ACED0,72
FUN_001aced0,0x001ACED0,0x001ACEF8,40
FUN_001acef8,0x001ACEF8,0x001ACF44,76
RFU116_SetSyscall,0x001ACF48,0x001ACF58,16
FUN_001acf58,0x001ACF58,0x001ACF68,16
RFU091,0x001ACFA0,0x001ACFB0,16
FUN_001acfb0,0x001ACFB0,0x001AD084,212
FUN_001ad088,0x001AD088,0x001AD524,1164
FUN_001ad528,0x001AD528,0x001AE474,3856
FUN_001ae478,0x001AE478,0x001AEA30,1448
FUN_001aea30,0x001AEA30,0x001AED4C,796
FUN_001aed50,0x001AED50,0x001AF174,1052
FUN_001af178,0x001AF178,0x001AF518,908
FUN_001af518,0x001AF518,0x001AF6F8,468
FUN_001af6f8,0x001AF6F8,0x001AF94C,584
FUN_001af950,0x001AF950,0x001AFC30,720
FUN_001afc30,0x001AFC30,0x001AFD14,220
FUN_001afd18,0x001AFD18,0x001B04F8,2000
FUN_001b04f8,0x001B04F8,0x001B08A8,928
FUN_001b08a8,0x001B08A8,0x001B0974,204
FUN_001b0978,0x001B0978,0x001B0C4C,720
FUN_001b0c50,0x001B0C50,0x001B179C,2852
FUN_001b17a0,0x001B17A0,0x001B19D8,564
FUN_001b19d8,0x001B19D8,0x001B1F40,1376
FUN_001b1f40,0x001B1F40,0x001B2090,336
FUN_001b2090,0x001B2090,0x001B28F4,2116
FUN_001b28f8,0x001B28F8,0x001B29FC,260
FUN_001b2a00,0x001B2A00,0x001B2C84,636
FUN_001b2c88,0x001B2C88,0x001B2DAC,284
FUN_001b2db0,0x001B2DB0,0x001B2DE4,52
FUN_001b2de8,0x001B2DE8,0x001B2FFC,524
FUN_001b3000,0x001B3000,0x001B3134,300
FUN_001b3138,0x001B3138,0x001B31E0,160
FUN_001b31e0,0x001B31E0,0x001B346C,640
FUN_001b3470,0x001B3470,0x001B3548,216
FUN_001b3548,0x001B3548,0x001B361C,212
FUN_001b3620,0x001B3620,0x001B3648,40
FUN_001b3648,0x001B3648,0x001B3720,216
FUN_001b3720,0x001B3720,0x001B3808,220
FUN_001b3808,0x001B3808,0x001B3880,120
FUN_001b3880,0x001B3880,0x001B3894,20
FUN_001b3898,0x001B3898,0x001B38AC,20
FUN_001b38b0,0x001B38B0,0x001B38C4,20
FUN_001b38c8,0x001B38C8,0x001B38DC,20
FUN_001b38e0,0x001B38E0,0x001B38F4,20
FUN_001b38f8,0x001B38F8,0x001B390C,20
FUN_001b3910,0x001B3910,0x001B3924,20
FUN_001b3928,0x001B3928,0x001B393C,20
FUN_001b3940,0x001B3940,0x001B3954,20
FUN_001b3958,0x001B3958,0x001B396C,20
FUN_001b3970,0x001B3970,0x001B3B3C,460
FUN_001b3b40,0x001B3B40,0x001B3B8C,76
FUN_001b3b90,0x001B3B90,0x001B3BC0,48
FUN_001b3bc0,0x001B3BC0,0x001B3C78,184
FUN_001b3c78,0x001B3C78,0x001B3D3C,196
FUN_001b3d40,0x001B3D40,0x001B3E64,292
FUN_001b3e68,0x001B3E68,0x001B3E9C,52
FUN_001b3ea0,0x001B3EA0,0x001B3F58,184
FUN_001b3f58,0x001B3F58,0x001B4030,216
FUN_001b4030,0x001B4030,0x001B40C0,144
FUN_001b40c0,0x001B40C0,0x001B41D4,276
FUN_001b41d8,0x001B41D8,0x001B434C,372
FUN_001b4350,0x001B4350,0x001B4358,8
FUN_001b4358,0x001B4358,0x001B4390,56
FUN_001b4390,0x001B4390,0x001B4470,220
FUN_001b4470,0x001B4470,0x001B44C8,88
FUN_001b44c8,0x001B44C8,0x001B4644,380
FUN_001b4648,0x001B4648,0x001B46B4,108
FUN_001b46b8,0x001B46B8,0x001B4800,328
FUN_001b4800,0x001B4800,0x001B4884,132
FUN_001b4888,0x001B4888,0x001B49C8,320
FUN_001b49c8,0x001B49C8,0x001B4A94,204
FUN_001b4a98,0x001B4A98,0x001B4BB0,280
FUN_001b4bb0,0x001B4BB0,0x001B4C68,184
FUN_001b4c68,0x001B4C68,0x001B4E30,456
FUN_001b4e30,0x001B4E30,0x001B4F88,344
FUN_001b4f88,0x001B4F88,0x001B5054,204
FUN_001b5058,0x001B5058,0x001B5160,264
FUN_001b5160,0x001B5160,0x001B53B0,592
FUN_001b53b0,0x001B53B0,0x001B5AB4,1796
FUN_001b5ab8,0x001B5AB8,0x001B5ED4,1052
FUN_001b5ed8,0x001B5ED8,0x001B60F4,540
FUN_001b60f8,0x001B60F8,0x001B616C,116
FUN_001b6170,0x001B6170,0x001B6204,148
FUN_001b66f0,0x001B66F0,0x001B678C,156
FUN_001b6790,0x001B6790,0x001B683C,172
FUN_001b6de8,0x001B6DE8,0x001B6E44,92
FUN_001b6e48,0x001B6E48,0x001B6EA8,96
FUN_001b6ea8,0x001B6EA8,0x001B6ED0,40
FUN_001b6ed0,0x001B6ED0,0x001B716C,668
FUN_001b7170,0x001B7170,0x001B718C,28
FUN_001b7190,0x001B7190,0x001B7314,388
FUN_001b7318,0x001B7318,0x001B7428,272
FUN_001b7428,0x001B7428,0x001B7548,288
FUN_001b7548,0x001B7548,0x001B7674,300
FUN_001b7678,0x001B7678,0x001B7870,504
FUN_001b7870,0x001B7870,0x001B792C,188
FUN_001b7930,0x001B7930,0x001B7DD8,1192
FUN_001b7dd8,0x001B7DD8,0x001B7E60,136
FUN_001b7e60,0x001B7E60,0x001B7FFC,412
FUN_001b8000,0x001B8000,0x001B814C,332
FUN_001b8150,0x001B8150,0x001B817C,44
FUN_001b8180,0x001B8180,0x001B8224,164
FUN_001b8228,0x001B8228,0x001B82D8,176
FUN_001b82d8,0x001B82D8,0x001B8450,376
FUN_001b8450,0x001B8450,0x001B8558,264
FUN_001b8558,0x001B8558,0x001B8648,240
FUN_001b8648,0x001B8648,0x001B8798,336
FUN_001b8798,0x001B8798,0x001B8814,124
FUN_001b8818,0x001B8818,0x001B887C,100
FUN_001b8880,0x001B8880,0x001B898C,268
FUN_001b8990,0x001B8990,0x001B8A54,196
FUN_001b8a58,0x001B8A58,0x001B8B80,292
FUN_001b8b80,0x001B8B80,0x001B8D70,496
FUN_001b8d70,0x001B8D70,0x001B8DB8,68
FUN_001b8db8,0x001B8DB8,0x001B8E2C,116
FUN_001b8e30,0x001B8E30,0x001B8ED0,160
FUN_001b8ed0,0x001B8ED0,0x001B8F94,196
FUN_001b8f98,0x001B8F98,0x001B908C,244
FUN_001b9090,0x001B9090,0x001B9120,144
FUN_001b9120,0x001B9120,0x001B91EC,204
FUN_001b91f0,0x001B91F0,0x001B9280,144
FUN_001b9280,0x001B9280,0x001B9534,692
FUN_001b9538,0x001B9538,0x001B95D8,160
FUN_001b95d8,0x001B95D8,0x001B9868,656
FUN_001b9890,0x001B9890,0x001B9A1C,396
FUN_001b9a20,0x001B9A20,0x001B9B30,312
FUN_001b9b30,0x001B9B30,0x001B9CE8,440
FUN_001b9ce8,0x001B9CE8,0x001B9E54,364
FUN_001b9e58,0x001B9E58,0x001B9EDC,132
FUN_001b9ee0,0x001B9EE0,0x001BA008,296
FUN_001ba008,0x001BA008,0x001BA150,328
FUN_001ba150,0x001BA150,0x001BA310,448
FUN_001ba310,0x001BA310,0x001BA3E8,216
FUN_001ba3e8,0x001BA3E8,0x001BA670,648
FUN_001ba670,0x001BA670,0x001BA6A4,52
FUN_001ba6a8,0x001BA6A8,0x001BA6C4,28
FUN_001ba6c8,0x001BA6C8,0x001BA760,152
FUN_001ba760,0x001BA760,0x001BA7AC,76
FUN_001ba7b0,0x001BA7B0,0x001BA7F4,68
FUN_001ba7f8,0x001BA7F8,0x001BA84C,84
FUN_001ba850,0x001BA850,0x001BA87C,44
FUN_001ba880,0x001BA880,0x001BA908,136
FUN_001ba908,0x001BA908,0x001BAB04,508
FUN_001bab08,0x001BAB08,0x001BAE00,756
FUN_001bae00,0x001BAE00,0x001BAE20,32
FUN_001bae20,0x001BAE20,0x001BAF14,244
FUN_001baf18,0x001BAF18,0x001BB068,336
FUN_001bb068,0x001BB068,0x001BB0D4,104
FUN_001bb0d8,0x001BB0D8,0x001BB688,1456
FUN_001bb688,0x001BB688,0x001BB738,176
FUN_001bb738,0x001BB738,0x001BB944,524
FUN_001bb948,0x001BB948,0x001BB950,8
FUN_001bb990,0x001BB990,0x001BB9D8,72
FUN_001bb9d8,0x001BB9D8,0x001BBA1C,68
FUN_001bba20,0x001BBA20,0x001BBA70,80
FUN_001bba70,0x001BBA70,0x001BBAB8,72
FUN_001bbab8,0x001BBAB8,0x001BBAC4,12
FUN_001bbac8,0x001BBAC8,0x001BBAD8,16
FUN_001bbad8,0x001BBAD8,0x001BBB30,88
FUN_001bbb30,0x001BBB30,0x001BBB84,84
FUN_001bbb88,0x001BBB88,0x001BBBAC,36
FUN_001bbbb0,0x001BBBB0,0x001BBC00,80
FUN_001bbc00,0x001BBC00,0x001BBC28,40
FUN_001bbc28,0x001BBC28,0x001BBCD0,168
FUN_001bbcd0,0x001BBCD0,0x001BBCE4,20
FUN_001bbce8,0x001BBCE8,0x001BBCF4,12
FUN_001bbcf8,0x001BBCF8,0x001BBD04,12
FUN_001bbd08,0x001BBD08,0x001BBD74,108
FUN_001bbd78,0x001BBD78,0x001BBD90,24
FUN_001bbd90,0x001BBD90,0x001BBE40,176
FUN_001bbe40,0x001BBE40,0x001BBE54,20
FUN_001bbe54,0x001BBE54,0x001BBE84,48
FUN_001bbe84,0x001BBE84,0x001BBEA8,36
FUN_001bbea8,0x001BBEA8,0x001BBF00,88
FUN_001bbf00,0x001BBF00,0x001BC014,276
FUN_001bc018,0x001BC018,0x001BC05C,68
FUN_001bc060,0x001BC060,0x001BC1BC,348
FUN_001bc1c0,0x001BC1C0,0x001BC228,104
FUN_001bc228,0x001BC228,0x001BC234,12
FUN_001bc238,0x001BC238,0x001BC2B4,124
FUN_001bc2b8,0x001BC2B8,0x001BC318,96
FUN_001bc318,0x001BC318,0x001BC3E0,200
FUN_001bc3e0,0x001BC3E0,0x001BC3F0,16
FUN_001bc3f0,0x001BC3F0,0x001BC424,52
FUN_001bc428,0x001BC428,0x001BC47C,84
FUN_001bc480,0x001BC480,0x001BC580,256
FUN_001bc580,0x001BC580,0x001BC5A0,32
FUN_001bc5a0,0x001BC5A0,0x001BC970,972
FUN_001bc970,0x001BC970,0x001BCA50,224
FUN_001bca50,0x001BCA50,0x001BCB30,224
FUN_001bcb30,0x001BCB30,0x001BCC60,304
FUN_001bcc60,0x001BCC60,0x001BCCEC,140
FUN_001bccf0,0x001BCCF0,0x001BCCFC,12
FUN_001bcd00,0x001BCD00,0x001BCD0C,12
FUN_001bcd10,0x001BCD10,0x001BCD1C,12
FUN_001bcd20,0x001BCD20,0x001BCD2C,12
FUN_001bcd30,0x001BCD30,0x001BCD58,40
FUN_001bcd58,0x001BCD58,0x001BCD7C,36
FUN_001bcd80,0x001BCD80,0x001BCE44,196
FUN_001bce48,0x001BCE48,0x001BCE54,12
FUN_001bce58,0x001BCE58,0x001BCF00,168
FUN_001bcf00,0x001BCF00,0x001BCF1C,28
FUN_001bcf20,0x001BCF20,0x001BD028,264
FUN_001bd028,0x001BD028,0x001BD04C,36
FUN_001bd050,0x001BD050,0x001BD1FC,428
FUN_001bd200,0x001BD200,0x001BD31C,284
FUN_001bd320,0x001BD320,0x001BD584,612
FUN_001bd588,0x001BD588,0x001BD5C8,64
FUN_001bd5c8,0x001BD5C8,0x001BD630,104
FUN_001bd630,0x001BD630,0x001BD738,264
FUN_001bd738,0x001BD738,0x001BD78C,84
FUN_001bd790,0x001BD790,0x001BD864,212
FUN_001bd868,0x001BD868,0x001BD938,208
FUN_001bd938,0x001BD938,0x001BDA78,320
FUN_001bda78,0x001BDA78,0x001BDB58,224
FUN_001bdb58,0x001BDB58,0x001BDBD0,120
FUN_001bdbd0,0x001BDBD0,0x001BDC24,84
FUN_001bdc28,0x001BDC28,0x001BDC8C,100
FUN_001bdc90,0x001BDC90,0x001BDCF4,100
FUN_001bdcf8,0x001BDCF8,0x001BDD54,92
FUN_001bdd58,0x001BDD58,0x001BDE08,176
FUN_001bde08,0x001BDE08,0x001BDE40,56
FUN_001bde40,0x001BDE40,0x001BDEB0,112
FUN_001bdeb0,0x001BDEB0,0x001BDEF0,64
FUN_001bdef0,0x001BDEF0,0x001BDF50,96
FUN_001bdf50,0x001BDF50,0x001BDF70,32
FUN_001bdf70,0x001BDF70,0x001BDFB0,64
FUN_001bdfb0,0x001BDFB0,0x001BDFEC,60
FUN_001bdff0,0x001BDFF0,0x001BE03C,76
FUN_001be040,0x001BE040,0x001BE0A4,100
FUN_001be0a8,0x001BE0A8,0x001BE110,104
FUN_001be110,0x001BE110,0x001BE178,104
FUN_001be178,0x001BE178,0x001BE1A4,44
FUN_001be1a8,0x001BE1A8,0x001BE1C8,32
FUN_001be1c8,0x001BE1C8,0x001BE230,104
FUN_001be230,0x001BE230,0x001BE298,104
FUN_001be298,0x001BE298,0x001BE34C,180
FUN_001be350,0x001BE350,0x001BE3F4,164
FUN_001be3f8,0x001BE3F8,0x001BE428,48
FUN_001be428,0x001BE428,0x001BE44C,36
FUN_001be450,0x001BE450,0x001BE4DC,136
FUN_001be4e8,0x001BE4E8,0x001BE530,72
FUN_001be530,0x001BE530,0x001BE5B0,128
FUN_001be5b0,0x001BE5B0,0x001BE69C,236
FUN_001be6a0,0x001BE6A0,0x001BE898,504
FUN_001be898,0x001BE898,0x001BE960,200
FUN_001be960,0x001BE960,0x001BEA08,168
FUN_001bea08,0x001BEA08,0x001BEAE4,220
FUN_001beae8,0x001BEAE8,0x001BEBC4,220
FUN_001bebc8,0x001BEBC8,0x001BECA0,216
FUN_001beca0,0x001BECA0,0x001BED9C,252
FUN_001beda0,0x001BEDA0,0x001BEDE4,68
FUN_001bede8,0x001BEDE8,0x001BEE34,76
FUN_001bee88,0x001BEE88,0x001BEF28,160
FUN_001bef28,0x001BEF28,0x001BEF38,16
FUN_001bef38,0x001BEF38,0x001BEF9C,100
FUN_001befa0,0x001BEFA0,0x001BEFF8,88
FUN_001beff8,0x001BEFF8,0x001BF56C,1396
FUN_001bf570,0x001BF570,0x001BF5BC,76
FUN_001bf5c0,0x001BF5C0,0x001BF5E0,32
FUN_001bf5e0,0x001BF5E0,0x001BF600,32
FUN_001bf600,0x001BF600,0x001BF688,136
FUN_001bf688,0x001BF688,0x001BF6B8,48
FUN_001bf6b8,0x001BF6B8,0x001BF724,108
FUN_001bf728,0x001BF728,0x001BF790,104
FUN_001bf790,0x001BF790,0x001BF8DC,332
FUN_001bf8e0,0x001BF8E0,0x001BFA38,344
FUN_001bfa38,0x001BFA38,0x001BFAA8,112
FUN_001bfb18,0x001BFB18,0x001BFC00,232
FUN_001bfc00,0x001BFC00,0x001BFC2C,44
FUN_001bfc30,0x001BFC30,0x001BFC74,68
FUN_001bfc78,0x001BFC78,0x001BFC94,28
FUN_001bfc98,0x001BFC98,0x001BFCBC,36
FUN_001bfcc0,0x001BFCC0,0x001BFCFC,60
FUN_001bfd00,0x001BFD00,0x001BFD44,68
FUN_001bfd48,0x001BFD48,0x001BFDB4,108
FUN_001bfdb8,0x001BFDB8,0x001BFDD8,32
FUN_001bfdd8,0x001BFDD8,0x001BFDF8,32
FUN_001bfdf8,0x001BFDF8,0x001BFE20,40
FUN_001bfe20,0x001BFE20,0x001BFE34,20
FUN_001bfe38,0x001BFE38,0x001BFE4C,20
FUN_001bfe50,0x001BFE50,0x001BFE64,20
FUN_001bfe68,0x001BFE68,0x001BFE80,24
FUN_001bfe80,0x001BFE80,0x001BFEAC,44
FUN_001bfeb0,0x001BFEB0,0x001BFEBC,12
FUN_001bfec0,0x001BFEC0,0x001BFEE4,36
FUN_001bfee8,0x001BFEE8,0x001BFEF8,16
FUN_001bfef8,0x001BFEF8,0x001BFF08,16
FUN_001bff08,0x001BFF08,0x001BFF18,16
FUN_001bff18,0x001BFF18,0x001BFF28,16
FUN_001bff28,0x001BFF28,0x001BFF50,40
FUN_001bff50,0x001BFF50,0x001BFFC4,116
FUN_001bffc8,0x001BFFC8,0x001C006C,164
FUN_001c0070,0x001C0070,0x001C0118,168
FUN_001c0118,0x001C0118,0x001C01C0,168
FUN_001c01c0,0x001C01C0,0x001C0210,80
FUN_001c0210,0x001C0210,0x001C0238,40
FUN_001c0238,0x001C0238,0x001C02E8,176
FUN_001c02e8,0x001C02E8,0x001C03A8,192
FUN_001c03a8,0x001C03A8,0x001C0410,104
FUN_001c0410,0x001C0410,0x001C0514,260
FUN_001c0518,0x001C0518,0x001C06A8,400
FUN_001c06a8,0x001C06A8,0x001C0700,88
FUN_001c0700,0x001C0700,0x001C0744,68
FUN_001c0748,0x001C0748,0x001C0768,32
FUN_001c0768,0x001C0768,0x001C0794,44
FUN_001c0798,0x001C0798,0x001C07B0,24
FUN_001c07b0,0x001C07B0,0x001C07F8,72
FUN_001c07f8,0x001C07F8,0x001C0858,96
FUN_001c0858,0x001C0858,0x001C0948,240
FUN_001c0948,0x001C0948,0x001C097C,52
FUN_001c0980,0x001C0980,0x001C09B4,52
FUN_001c09b8,0x001C09B8,0x001C09F8,64
FUN_001c09f8,0x001C09F8,0x001C0A40,72
FUN_001c0a40,0x001C0A40,0x001C0A68,40
FUN_001c0a68,0x001C0A68,0x001C0AA4,60
FUN_001c0aa8,0x001C0AA8,0x001C0AF4,76
FUN_001c0af8,0x001C0AF8,0x001C0B34,60
FUN_001c0b38,0x001C0B38,0x001C0B74,60
FUN_001c0b78,0x001C0B78,0x001C0BBC,68
FUN_001c0bc0,0x001C0BC0,0x001C0C04,68
FUN_001c0c08,0x001C0C08,0x001C0C58,80
FUN_001c0c58,0x001C0C58,0x001C0C9C,68
FUN_001c0ca0,0x001C0CA0,0x001C0CDC,60
FUN_001c0ce0,0x001C0CE0,0x001C0D24,68
FUN_001c0d28,0x001C0D28,0x001C0D64,60
FUN_001c0d68,0x001C0D68,0x001C0DAC,68
FUN_001c0db0,0x001C0DB0,0x001C0DEC,60
FUN_001c0df0,0x001C0DF0,0x001C0E34,68
FUN_001c0e38,0x001C0E38,0x001C0E84,76
FUN_001c0e88,0x001C0E88,0x001C0ED4,76
FUN_001c0ed8,0x001C0ED8,0x001C0F24,76
FUN_001c0f28,0x001C0F28,0x001C0F74,76
FUN_001c0f78,0x001C0F78,0x001C0FC4,76
FUN_001c0fc8,0x001C0FC8,0x001C1024,92
FUN_001c1028,0x001C1028,0x001C106C,68
FUN_001c1070,0x001C1070,0x001C10D4,100
FUN_001c10d8,0x001C10D8,0x001C114C,116
FUN_001c1150,0x001C1150,0x001C11A4,84
FUN_001c11a8,0x001C11A8,0x001C120C,100
FUN_001c1210,0x001C1210,0x001C126C,92
FUN_001c1270,0x001C1270,0x001C12B4,68
FUN_001c12b8,0x001C12B8,0x001C1304,76
FUN_001c1308,0x001C1308,0x001C1330,40
FUN_001c1330,0x001C1330,0x001C1348,24
FUN_001c1348,0x001C1348,0x001C1374,44
FUN_001c1378,0x001C1378,0x001C1590,536
FUN_001c1590,0x001C1590,0x001C15DC,76
FUN_001c15e0,0x001C15E0,0x001C1658,120
FUN_001c1658,0x001C1658,0x001C1698,64
FUN_001c1698,0x001C1698,0x001C1854,444
FUN_001c1858,0x001C1858,0x001C18B8,96
FUN_001c18b8,0x001C18B8,0x001C191C,100
FUN_001c1920,0x001C1920,0x001C199C,124
FUN_001c19a0,0x001C19A0,0x001C1CD0,816
FUN_001c1cd0,0x001C1CD0,0x001C1D08,56
FUN_001c1d08,0x001C1D08,0x001C1D3C,52
FUN_001c1d40,0x001C1D40,0x001C20D8,920
FUN_001c1e90,0x001C1E90,0x001C20D8,584
FUN_001c20d8,0x001C20D8,0x001C2140,104
FUN_001c2140,0x001C2140,0x001C2160,32
FUN_001c2160,0x001C2160,0x001C230C,428
FUN_001c2310,0x001C2310,0x001C2348,56
FUN_001c2348,0x001C2348,0x001C238C,68
FUN_001c2390,0x001C2390,0x001C23D4,68
FUN_001c23d8,0x001C23D8,0x001C2410,56
FUN_001c2410,0x001C2410,0x001C2454,68
FUN_001c2458,0x001C2458,0x001C2484,44
FUN_001c2488,0x001C2488,0x001C24B0,40
FUN_001c24b0,0x001C24B0,0x001C24CC,28
FUN_001c24d0,0x001C24D0,0x001C25D0,256
FUN_001c25d0,0x001C25D0,0x001C2644,116
FUN_001c2648,0x001C2648,0x001C2774,300
FUN_001c2778,0x001C2778,0x001C27F4,124
FUN_001c27f8,0x001C27F8,0x001C2874,124
FUN_001c2878,0x001C2878,0x001C28F4,124
FUN_001c28f8,0x001C28F8,0x001C2A94,412
FUN_001c2a98,0x001C2A98,0x001C2B90,248
FUN_001c2b90,0x001C2B90,0x001C2CD8,328
FUN_001c2cd8,0x001C2CD8,0x001C2DCC,244
FUN_001c2dd0,0x001C2DD0,0x001C2F34,356
FUN_001c2f38,0x001C2F38,0x001C3120,488
FUN_001c3120,0x001C3120,0x001C32A8,392
FUN_001c32a8,0x001C32A8,0x001C359C,756
FUN_001c35a0,0x001C35A0,0x001C3660,192
FUN_001c3660,0x001C3660,0x001C380C,428
FUN_001c3810,0x001C3810,0x001C39B0,416
FUN_001c39b0,0x001C39B0,0x001C3B1C,364
FUN_001c3b20,0x001C3B20,0x001C3CE8,456
FUN_001c3ce8,0x001C3CE8,0x001C3E60,372
FUN_001c3e60,0x001C3E60,0x001C4084,548
FUN_001c4088,0x001C4088,0x001C4140,184
FUN_001c4140,0x001C4140,0x001C43D0,656
FUN_001c43d0,0x001C43D0,0x001C46D0,768
FUN_001c46d0,0x001C46D0,0x001C485C,396
FUN_001c4860,0x001C4860,0x001C487C,28
FUN_001c4880,0x001C4880,0x001C489C,28
FUN_001c48a0,0x001C48A0,0x001C4A20,384
FUN_001c4a20,0x001C4A20,0x001C4C1C,508
FUN_001c4c20,0x001C4C20,0x001C4C94,116
FUN_001c4c98,0x001C4C98,0x001C4CB4,28
FUN_001c4cc0,0x001C4CC0,0x001C59B8,3316
FUN_001c59c0,0x001C59C0,0x001C5B24,356
FUN_001c5b30,0x001C5B30,0x001C5D9C,612
FUN_001c5da0,0x001C5DA0,0x001C5EB4,276
FUN_001c5ec0,0x001C5EC0,0x001C60AC,488
FUN_001c60b0,0x001C60B0,0x001C619C,236
FUN_001c61a0,0x001C61A0,0x001C6388,484
FUN_001c6390,0x001C6390,0x001C6570,476
FUN_001c6570,0x001C6570,0x001C67C0,592
FUN_001c67c0,0x001C67C0,0x001C692C,364
FUN_001c6930,0x001C6930,0x001C6ACC,412
FUN_001c6ad0,0x001C6AD0,0x001C6BB0,224
FUN_001c6bb0,0x001C6BB0,0x001C7B08,3888
FUN_001c7b10,0x001C7B10,0x001C7C94,380
FUN_001c7ca0,0x001C7CA0,0x001C7D5C,188
FUN_001c7d60,0x001C7D60,0x001C7D78,24
FUN_001c7d80,0x001C7D80,0x001C87F4,2620
FUN_001c8800,0x001C8800,0x001C8874,116
FUN_001c8880,0x001C8880,0x001C8E40,1440
FUN_001c8e40,0x001C8E40,0x001C9468,1504
FUN_001c9470,0x001C9470,0x001C96D4,596
FUN_001c96e0,0x001C96E0,0x001C9758,120
FUN_001c9760,0x001C9760,0x001C9798,56
FUN_001c97a0,0x001C97A0,0x001C99C0,540
FUN_001c99c0,0x001C99C0,0x001C9AD4,272
FUN_001c9ae0,0x001C9AE0,0x001CA0DC,1520
FUN_001ca0e0,0x001CA0E0,0x001CA2A0,448
FUN_001ca2a0,0x001CA2A0,0x001CA38C,232
FUN_001ca390,0x001CA390,0x001CA3B8,40
FUN_001ca3c0,0x001CA3C0,0x001CA3CC,12
FUN_001ca610,0x001CA610,0x001CCF20,10512
FUN_001ca710,0x001CA710,0x001CCF20,10256
FUN_001cc428,0x001CC428,0x001CCF20,2808
FUN_001ccbb8,0x001CCBB8,0x001CCF20,872
FUN_001ccc00,0x001CCC00,0x001CCF20,800
FUN_001ccc20,0x001CCC20,0x001CCF20,768
FUN_001ccc70,0x001CCC70,0x001CCF20,688
FUN_001ccc9c,0x001CCC9C,0x001CCF20,644
FUN_001ccd78,0x001CCD78,0x001CCF20,424
FUN_001ccf20,0x001CCF20,0x001CD050,304
FUN_001cd3e8,0x001CD3E8,0x001CD5D0,488
FUN_001cd5d0,0x001CD5D0,0x001CD690,192
FUN_001cd690,0x001CD690,0x001CD7B0,288
FUN_001cd7b0,0x001CD7B0,0x001CD880,208
FUN_001cd880,0x001CD880,0x001CDA64,484
FUN_001cdbb0,0x001CDBB0,0x001CDC08,88
FUN_001cdc08,0x001CDC08,0x001CDD0C,260
FUN_001cdd10,0x001CDD10,0x001CDE4C,316
FUN_001cde50,0x001CDE50,0x001CDFF0,416
FUN_001cdff0,0x001CDFF0,0x001CE010,32
FUN_001ce010,0x001CE010,0x001CE038,40
FUN_001ce038,0x001CE038,0x001CE218,480
FUN_001ce230,0x001CE230,0x001CE2F0,192
FUN_001ce2f0,0x001CE2F0,0x001D20B8,15816
FUN_001ce4c0,0x001CE4C0,0x001D20B8,15352
FUN_001ce500,0x001CE500,0x001D20B8,15288
FUN_001ce578,0x001CE578,0x001D20B8,15168
FUN_001ce5e0,0x001CE5E0,0x001D20B8,15064
FUN_001ce63c,0x001CE63C,0x001D20B8,14972
FUN_001ce680,0x001CE680,0x001D20B8,14904
FUN_001cf9e0,0x001CF9E0,0x001D20B8,9944
FUN_001d0630,0x001D0630,0x001D20B8,6792
FUN_001d0650,0x001D0650,0x001D20B8,6760
FUN_001d0670,0x001D0670,0x001D20B8,6728
FUN_001d0690,0x001D0690,0x001D20B8,6696
FUN_001d06b0,0x001D06B0,0x001D20B8,6664
FUN_001d06d0,0x001D06D0,0x001D20B8,6632
FUN_001d06f0,0x001D06F0,0x001D20B8,6600
FUN_001d0718,0x001D0718,0x001D20B8,6560
FUN_001d0738,0x001D0738,0x001D20B8,6528
FUN_001d07a8,0x001D07A8,0x001D20B8,6416
FUN_001d0810,0x001D0810,0x001D20B8,6312
FUN_001d0870,0x001D0870,0x001D20B8,6216
FUN_001d0880,0x001D0880,0x001D20B8,6200
FUN_001d0890,0x001D0890,0x001D20B8,6184
FUN_001d0b60,0x001D0B60,0x001D20B8,5464
FUN_001d0b88,0x001D0B88,0x001D20B8,5424
FUN_001d0cd0,0x001D0CD0,0x001D20B8,5096
FUN_001d0ce0,0x001D0CE0,0x001D20B8,5080
FUN_001d0d00,0x001D0D00,0x001D20B8,5048
FUN_001d0ec0,0x001D0EC0,0x001D20B8,4600
FUN_001d0ed0,0x001D0ED0,0x001D20B8,4584
FUN_001d0ee0,0x001D0EE0,0x001D20B8,4568
FUN_001d0f00,0x001D0F00,0x001D20B8,4536
FUN_001d1948,0x001D1948,0x001D20B8,1904
FUN_001d1990,0x001D1990,0x001D20B8,1832
FUN_001d19c0,0x001D19C0,0x001D20B8,1784
FUN_001d1a00,0x001D1A00,0x001D20B8,1720
FUN_001d1a40,0x001D1A40,0x001D20B8,1656
FUN_001d1a70,0x001D1A70,0x001D20B8,1608
FUN_001d1aa0,0x001D1AA0,0x001D20B8,1560
FUN_001d1ad0,0x001D1AD0,0x001D20B8,1512
FUN_001d1af8,0x001D1AF8,0x001D20B8,1472
FUN_001d1b20,0x001D1B20,0x001D20B8,1432
FUN_001d1c40,0x001D1C40,0x001D20B8,1144
FUN_001d1c80,0x001D1C80,0x001D20B8,1080
FUN_001d1cb8,0x001D1CB8,0x001D20B8,1024
FUN_001d1ce8,0x001D1CE8,0x001D20B8,976
FUN_001d1d28,0x001D1D28,0x001D20B8,912
FUN_001d1d60,0x001D1D60,0x001D20B8,856
FUN_001d1e78,0x001D1E78,0x001D20B8,576
FUN_001d1ea0,0x001D1EA0,0x001D20B8,536
FUN_001d1eb8,0x001D1EB8,0x001D20B8,512
FUN_001d1ed0,0x001D1ED0,0x001D20B8,488
FUN_001d1f00,0x001D1F00,0x001D20B8,440
FUN_001d20b8,0x001D20B8,0x001D20C8,16
FUN_001d20c8,0x001D20C8,0x001D4B00,10808
FUN_001d2bd8,0x001D2BD8,0x001D4B00,7976
FUN_001d2d48,0x001D2D48,0x001D4B00,7608
FUN_001d2d98,0x001D2D98,0x001D4B00,7528
FUN_001d2e00,0x001D2E00,0x001D4B00,7424
FUN_001d3270,0x001D3270,0x001D4B00,6288
FUN_001d32a8,0x001D32A8,0x001D4B00,6232
FUN_001d34d8,0x001D34D8,0x001D4B00,5672
FUN_001d34e8,0x001D34E8,0x001D4B00,5656
FUN_001d3680,0x001D3680,0x001D4B00,5248
FUN_001d3a80,0x001D3A80,0x001D4B00,4224
FUN_001d3e80,0x001D3E80,0x001D4B00,3200
FUN_001d4280,0x001D4280,0x001D4B00,2176
FUN_001d4340,0x001D4340,0x001D4B00,1984
FUN_001d4398,0x001D4398,0x001D4B00,1896
FUN_001d43a8,0x001D43A8,0x001D4B00,1880
FUN_001d43d8,0x001D43D8,0x001D4B00,1832
FUN_001d4418,0x001D4418,0x001D4B00,1768
FUN_001d4458,0x001D4458,0x001D4B00,1704
FUN_001d44f0,0x001D44F0,0x001D4B00,1552
FUN_001d4ae8,0x001D4AE8,0x001D4B00,24
FUN_001d4b00,0x001D4B00,0x001D4B74,116
FUN_001d4b80,0x001D4B80,0x001D4BE4,100
FUN_001d4bf0,0x001D4BF0,0x001D4C18,40
FUN_001d4c20,0x001D4C20,0x001D4F90,880
FUN_001d4f90,0x001D4F90,0x001E7000,73840
FUN_001d4fc0,0x001D4FC0,0x001E7000,73792
FUN_001d4ff0,0x001D4FF0,0x001E7000,73744
FUN_001e7000,0x001E7000,0x001E7004,4
FUN_001e7040,0x001E7040,0x001E70F4,180
FUN_001e7100,0x001E7100,0x001E73D8,608
thunk_FUN_002d04c0,0x001E73E0,0x001E73E8,8
thunk_FUN_002d04d0,0x001E73F0,0x001E73F8,8
FUN_001e7400,0x001E7400,0x001E7428,40
FUN_001e7430,0x001E7430,0x001E7524,244
FUN_001e7530,0x001E7530,0x001E769C,364
FUN_001e76a0,0x001E76A0,0x001E7748,144
FUN_001e7750,0x001E7750,0x001E77F8,144
FUN_001e7800,0x001E7800,0x001E78C0,168
FUN_001e78c0,0x001E78C0,0x001E7980,168
FUN_001e7980,0x001E7980,0x001E7A50,184
FUN_001e7a50,0x001E7A50,0x001E7AA8,88
FUN_001e7ab0,0x001E7AB0,0x001E7B48,128
FUN_001e7b50,0x001E7B50,0x001E7B5C,12
FUN_001e7b60,0x001E7B60,0x001E7B74,20
FUN_001e7b80,0x001E7B80,0x001E7C00,128
FUN_001e7c00,0x001E7C00,0x001E7C08,8
FUN_001e7c10,0x001E7C10,0x001E7C18,8
FUN_001e7c20,0x001E7C20,0x001E7C28,8
FUN_001e7c30,0x001E7C30,0x001E7C38,8
FUN_001e7c40,0x001E7C40,0x001E7C48,8
FUN_001e7c50,0x001E7C50,0x001E7C58,8
FUN_001e7c60,0x001E7C60,0x001E7C68,8
FUN_001e7c70,0x001E7C70,0x001E7C78,8
FUN_001e7c80,0x001E7C80,0x001E7C88,8
FUN_001e7c90,0x001E7C90,0x001E7EE8,588
FUN_001e7ef0,0x001E7EF0,0x001E7F58,104
FUN_001e7f58,0x001E7F58,0x001E7F94,60
FUN_001e7f98,0x001E7F98,0x001E8098,256
FUN_001e8098,0x001E8098,0x001E80F0,88
FUN_001e80f0,0x001E80F0,0x001E822C,316
FUN_001e8230,0x001E8230,0x001E82A8,120
FUN_001e82a8,0x001E82A8,0x001E831C,116
FUN_001e8320,0x001E8320,0x001E83B8,148
FUN_001e83b8,0x001E83B8,0x001E83C0,8
FUN_001e83c0,0x001E83C0,0x001E8404,68
FUN_001e8408,0x001E8408,0x001E8428,32
FUN_001e8428,0x001E8428,0x001E8448,32
FUN_001e8448,0x001E8448,0x001E84A4,92
FUN_001e84a8,0x001E84A8,0x001E84C4,28
FUN_001e84c8,0x001E84C8,0x001E8530,104
FUN_001e8530,0x001E8530,0x001E85F8,200
FUN_001e85f8,0x001E85F8,0x001E8680,136
FUN_001e8680,0x001E8680,0x001E873C,188
FUN_001e8740,0x001E8740,0x001E880C,204
FUN_001e8810,0x001E8810,0x001E888C,124
FUN_001e8890,0x001E8890,0x001E890C,116
FUN_001e8910,0x001E8910,0x001E89E4,212
FUN_001e89e8,0x001E89E8,0x001E8AB0,200
FUN_001e8ab0,0x001E8AB0,0x001E8B38,136
FUN_001e8b38,0x001E8B38,0x001E8C58,288
FUN_001e8c58,0x001E8C58,0x001E8D1C,196
FUN_001e8d20,0x001E8D20,0x001E8DC0,160
FUN_001e8dc0,0x001E8DC0,0x001E8E38,120
FUN_001e8e38,0x001E8E38,0x001E8EAC,116
FUN_001e8eb0,0x001E8EB0,0x001E8F24,116
FUN_001e8f28,0x001E8F28,0x001E8FD4,172
FUN_001e8fe0,0x001E8FE0,0x001E9118,312
FUN_001e9120,0x001E9120,0x001E91B4,148
FUN_001e91c0,0x001E91C0,0x001EA250,4204
FUN_001ea250,0x001EA250,0x001EA2C8,120
FUN_001ea2d0,0x001EA2D0,0x001EA340,112
FUN_001ea340,0x001EA340,0x001EA3B8,120
FUN_001ea3c0,0x001EA3C0,0x001EA430,112
FUN_001ea430,0x001EA430,0x001EA4B0,128
FUN_001ea4b0,0x001EA4B0,0x001EA580,208
FUN_001ea580,0x001EA580,0x001EA5B8,56
FUN_001ea5c0,0x001EA5C0,0x001EA620,96
FUN_001ea620,0x001EA620,0x001EA634,20
FUN_001ea640,0x001EA640,0x001EA64C,12
FUN_001ea650,0x001EA650,0x001EA664,20
FUN_001ea670,0x001EA670,0x001EA67C,12
FUN_001ea680,0x001EA680,0x001EA688,8
FUN_001ea690,0x001EA690,0x001EA698,8
FUN_001ea6a0,0x001EA6A0,0x001EA6AC,12
FUN_001ea6b0,0x001EA6B0,0x001EA6C0,16
FUN_001ea6c0,0x001EA6C0,0x001EA6CC,12
FUN_001ea6d0,0x001EA6D0,0x001EA6D8,8
FUN_001ea6e0,0x001EA6E0,0x001EA718,56
FUN_001ea720,0x001EA720,0x001EA7D8,184
FUN_001ea7e0,0x001EA7E0,0x001EA7F4,20
FUN_001ea800,0x001EA800,0x001EA818,24
FUN_001ea820,0x001EA820,0x001EA834,20
FUN_001ea840,0x001EA840,0x001EA848,8
FUN_001ea850,0x001EA850,0x001EA868,24
FUN_001ea870,0x001EA870,0x001EA87C,12
FUN_001ea880,0x001EA880,0x001EA888,8
FUN_001ea890,0x001EA890,0x001EA8A4,20
FUN_001ea8b0,0x001EA8B0,0x001EA8BC,12
FUN_001ea8c0,0x001EA8C0,0x001EA8C8,8
FUN_001ea8d0,0x001EA8D0,0x001EAA68,408
FUN_001eaa70,0x001EAA70,0x001EAA78,8
FUN_001eaa80,0x001EAA80,0x001EAAE8,104
FUN_001eaaf0,0x001EAAF0,0x001EABAC,184
FUN_001eabb0,0x001EABB0,0x001EABC8,24
FUN_001eabd0,0x001EABD0,0x001EAC74,164
FUN_001eac80,0x001EAC80,0x001EACE0,96
FUN_001eace0,0x001EACE0,0x001EAD10,48
FUN_001ead10,0x001EAD10,0x001EAF7C,620
FUN_001eaf80,0x001EAF80,0x001EAFE0,96
FUN_001eafe0,0x001EAFE0,0x001EAFE8,8
FUN_001eaff0,0x001EAFF0,0x001EAFF8,8
FUN_001eb000,0x001EB000,0x001EB02C,44
FUN_001eb030,0x001EB030,0x001EB038,8
FUN_001eb040,0x001EB040,0x001EB048,8
FUN_001eb050,0x001EB050,0x001EB058,8
FUN_001eb060,0x001EB060,0x001EB068,8
FUN_001eb070,0x001EB070,0x001EB8B8,2120
FUN_001eb8c0,0x001EB8C0,0x001EBB90,720
FUN_001ebb90,0x001EBB90,0x001EBB9C,12
FUN_001ebba0,0x001EBBA0,0x001EBC54,180
FUN_001ebc60,0x001EBC60,0x001EBC9C,60
FUN_001ebca0,0x001EBCA0,0x001EBD98,248
FUN_001ebda0,0x001EBDA0,0x001EBE30,144
FUN_001ebe30,0x001EBE30,0x001EBEC8,152
FUN_001ebed0,0x001EBED0,0x001EC448,1388
FUN_001ec450,0x001EC450,0x001EC474,36
FUN_001ec480,0x001EC480,0x001EC938,1208
FUN_001ec940,0x001EC940,0x001EC950,16
FUN_001ec950,0x001EC950,0x001ECA48,200
FUN_001eca50,0x001ECA50,0x001ECB08,184
FUN_001ecb10,0x001ECB10,0x001ECBF4,228
FUN_001ecc00,0x001ECC00,0x001ECC38,56
FUN_001ecc40,0x001ECC40,0x001ECCE8,164
FUN_001eccf0,0x001ECCF0,0x001ECF54,604
FUN_001ecf60,0x001ECF60,0x001ECFF4,148
thunk_FUN_001ef310,0x001ED000,0x001ED008,8
FUN_001ed010,0x001ED010,0x001ED55C,1344
FUN_001ed560,0x001ED560,0x001EDA54,1240
FUN_001eda60,0x001EDA60,0x001EDE68,1032
FUN_001ede70,0x001EDE70,0x001EDE88,24
FUN_001ede90,0x001EDE90,0x001EDE9C,12
FUN_001edea0,0x001EDEA0,0x001EDEBC,28
FUN_001edec0,0x001EDEC0,0x001EDED0,16
FUN_001eded0,0x001EDED0,0x001EDF0C,60
thunk_FUN_001ef190,0x001EDF10,0x001EDF18,8
FUN_001edf20,0x001EDF20,0x001EDF3C,28
FUN_001edf40,0x001EDF40,0x001EE000,168
FUN_001ee000,0x001EE000,0x001EE77C,1904
FUN_001ee780,0x001EE780,0x001EEB3C,944
FUN_001eeb40,0x001EEB40,0x001EEB70,48
FUN_001eeb70,0x001EEB70,0x001EEBA0,48
FUN_001eeba0,0x001EEBA0,0x001EED38,408
FUN_001eed40,0x001EED40,0x001EF184,1080
FUN_001ef190,0x001EF190,0x001EF310,384
FUN_001ef310,0x001EF310,0x001EF318,8
FUN_001ef320,0x001EF320,0x001EF388,104
FUN_001ef390,0x001EF390,0x001EF3F8,104
FUN_001ef400,0x001EF400,0x001EF44C,76
FUN_001ef450,0x001EF450,0x001EF6F8,680
FUN_001ef700,0x001EF700,0x001EF8C0,440
FUN_001ef8c0,0x001EF8C0,0x001EF940,128
FUN_001ef940,0x001EF940,0x001EFA4C,268
FUN_001efa50,0x001EFA50,0x001EFC30,480
FUN_001efc30,0x001EFC30,0x001EFE80,592
FUN_001efe80,0x001EFE80,0x001EFE8C,12
FUN_001efe90,0x001EFE90,0x001EFE9C,12
FUN_001efea0,0x001EFEA0,0x001EFF88,232
FUN_001eff90,0x001EFF90,0x001F002C,156
FUN_001f0030,0x001F0030,0x001F0490,1120
FUN_001f0490,0x001F0490,0x001F0608,368
FUN_001f0610,0x001F0610,0x001F0744,304
FUN_001f0750,0x001F0750,0x001F146C,3316
FUN_001f1470,0x001F1470,0x001F1608,408
FUN_001f1610,0x001F1610,0x001F1814,512
FUN_001f1820,0x001F1820,0x001F1838,24
FUN_001f1840,0x001F1840,0x001F1864,36
FUN_001f1870,0x001F1870,0x001F187C,12
FUN_001f1880,0x001F1880,0x001F19FC,380
FUN_001f1a00,0x001F1A00,0x001F1AD4,212
FUN_001f1ae0,0x001F1AE0,0x001F1B40,96
FUN_001f1b40,0x001F1B40,0x001F1BA8,104
FUN_001f1bb0,0x001F1BB0,0x001F1D64,432
FUN_001f1d70,0x001F1D70,0x001F1E10,160
FUN_001f1e10,0x001F1E10,0x001F1E3C,44
FUN_001f1e40,0x001F1E40,0x001F1ED4,144
FUN_001f1ee0,0x001F1EE0,0x001F1F28,68
FUN_001f1f30,0x001F1F30,0x001F1FA8,120
FUN_001f1fb0,0x001F1FB0,0x001F21A8,504
FUN_001f21b0,0x001F21B0,0x001F27B8,1544
FUN_001f27c0,0x001F27C0,0x001F2E40,1648
FUN_001f2e40,0x001F2E40,0x001F3290,1104
FUN_001f3290,0x001F3290,0x001F3548,696
FUN_001f3550,0x001F3550,0x001F38E4,916
FUN_001f38f0,0x001F38F0,0x001F3AFC,508
FUN_001f3b00,0x001F3B00,0x001F3B0C,12
FUN_001f3b10,0x001F3B10,0x001F3B18,8
FUN_001f3b20,0x001F3B20,0x001F3B28,8
FUN_001f3b30,0x001F3B30,0x001F3B38,8
FUN_001f3b40,0x001F3B40,0x001F3BA8,104
FUN_001f3bb0,0x001F3BB0,0x001F3BC8,24
FUN_001f3bd0,0x001F3BD0,0x001F3BD8,8
FUN_001f3be0,0x001F3BE0,0x001F3BE8,8
FUN_001f3bf0,0x001F3BF0,0x001F4440,2128
FUN_001f4440,0x001F4440,0x001F4580,320
FUN_001f4580,0x001F4580,0x001F45E0,96
FUN_001f45e0,0x001F45E0,0x001F4628,72
FUN_001f4630,0x001F4630,0x001F4638,8
FUN_001f4640,0x001F4640,0x001F4860,544
FUN_001f4860,0x001F4860,0x001F4D1C,1212
FUN_001f4d20,0x001F4D20,0x001F4DE4,184
FUN_001f4df0,0x001F4DF0,0x001F5014,536
FUN_001f5020,0x001F5020,0x001F53CC,940
FUN_001f53d0,0x001F53D0,0x001F561C,576
FUN_001f5620,0x001F5620,0x001F562C,12
FUN_001f5630,0x001F5630,0x001F5638,8
FUN_001f5640,0x001F5640,0x001F5C24,1496
FUN_001f5c30,0x001F5C30,0x001F5C98,104
FUN_001f5ca0,0x001F5CA0,0x001F5CA8,8
FUN_001f5cb0,0x001F5CB0,0x001F5CB8,8
FUN_001f5cc0,0x001F5CC0,0x001F5CC8,8
FUN_001f5cd0,0x001F5CD0,0x001F5CD8,8
FUN_001f5ce0,0x001F5CE0,0x001F5CE8,8
FUN_001f5cf0,0x001F5CF0,0x001F5CF8,8
FUN_001f5d00,0x001F5D00,0x001F5D38,56
FUN_001f5d40,0x001F5D40,0x001F5E0C,204
FUN_001f5e10,0x001F5E10,0x001F5E70,96
FUN_001f5e70,0x001F5E70,0x001F6660,2008
FUN_001f6660,0x001F6660,0x001F691C,696
FUN_001f6920,0x001F6920,0x001F69F0,184
FUN_001f69f0,0x001F69F0,0x001F6A6C,124
FUN_001f6a70,0x001F6A70,0x001F6A7C,12
FUN_001f6a80,0x001F6A80,0x001F6A88,8
FUN_001f6a90,0x001F6A90,0x001F6ACC,60
FUN_001f6ad0,0x001F6AD0,0x001F6AE0,16
FUN_001f6ae0,0x001F6AE0,0x001F6AFC,28
FUN_001f6b00,0x001F6B00,0x001F6B60,96
FUN_001f6b60,0x001F6B60,0x001F6CDC,376
FUN_001f6ce0,0x001F6CE0,0x001F6E08,292
FUN_001f6e10,0x001F6E10,0x001F6FC8,432
FUN_001f6fd0,0x001F6FD0,0x001F7030,96
FUN_001f7030,0x001F7030,0x001F71C0,396
FUN_001f71c0,0x001F71C0,0x001F7358,408
FUN_001f7360,0x001F7360,0x001F755C,508
FUN_001f7560,0x001F7560,0x001F77A0,576
FUN_001f77a0,0x001F77A0,0x001F77BC,28
FUN_001f77c0,0x001F77C0,0x001F7A84,708
FUN_001f7a90,0x001F7A90,0x001F7E50,956
FUN_001f7e50,0x001F7E50,0x001F7E6C,28
FUN_001f7e70,0x001F7E70,0x001F7E80,16
FUN_001f7e80,0x001F7E80,0x001F7F78,248
FUN_001f7f80,0x001F7F80,0x001F7FF0,112
FUN_001f7ff0,0x001F7FF0,0x001F9148,4408
FUN_001f9150,0x001F9150,0x001F9158,8
FUN_001f9160,0x001F9160,0x001F93C0,604
FUN_001f93c0,0x001F93C0,0x001F97A4,988
FUN_001f97b0,0x001F97B0,0x001F9F14,1864
FUN_001f9f20,0x001F9F20,0x001FA2F8,976
FUN_001fa300,0x001FA300,0x001FA35C,92
FUN_001fa360,0x001FA360,0x001FB2F8,3992
FUN_001fb300,0x001FB300,0x001FB370,112
FUN_001fb370,0x001FB370,0x001FB3B4,68
FUN_001fb3c0,0x001FB3C0,0x001FB3C8,8
FUN_001fb3d0,0x001FB3D0,0x001FB3E4,20
FUN_001fb3f0,0x001FB3F0,0x001FB420,48
FUN_001fb420,0x001FB420,0x001FB78C,868
FUN_001fb790,0x001FB790,0x001FBA30,672
FUN_001fba30,0x001FBA30,0x001FBA64,52
FUN_001fba70,0x001FBA70,0x001FBAD4,100
FUN_001fbae0,0x001FBAE0,0x001FC520,2624
FUN_001fc520,0x001FC520,0x001FC598,120
FUN_001fc5a0,0x001FC5A0,0x001FC618,120
FUN_001fc620,0x001FC620,0x001FC680,96
FUN_001fc680,0x001FC680,0x001FC700,128
FUN_001fc700,0x001FC700,0x001FC808,264
FUN_001fc810,0x001FC810,0x001FC8B0,160
FUN_001fc8b0,0x001FC8B0,0x001FC910,96
FUN_001fc910,0x001FC910,0x001FC990,128
FUN_001fc990,0x001FC990,0x001FC9F0,96
FUN_001fc9f0,0x001FC9F0,0x001FCB10,288
FUN_001fcb10,0x001FCB10,0x001FCB70,96
FUN_001fcb70,0x001FCB70,0x001FCD00,392
FUN_001fcd00,0x001FCD00,0x001FCD6C,108
FUN_001fcd70,0x001FCD70,0x001FCD80,16
FUN_001fcd80,0x001FCD80,0x001FD294,1300
FUN_001fd2a0,0x001FD2A0,0x001FD310,112
FUN_001fd310,0x001FD310,0x001FD390,128
FUN_001fd390,0x001FD390,0x001FD520,400
FUN_001fd520,0x001FD520,0x001FD590,112
FUN_001fd590,0x001FD590,0x001FD600,112
FUN_001fd600,0x001FD600,0x001FD6C0,192
FUN_001fd6c0,0x001FD6C0,0x001FD730,112
FUN_001fd730,0x001FD730,0x001FD838,264
FUN_001fd840,0x001FD840,0x001FD8C0,128
FUN_001fd8c0,0x001FD8C0,0x001FDA08,328
FUN_001fda10,0x001FDA10,0x001FDBE0,464
FUN_001fdbe0,0x001FDBE0,0x001FDC80,160
FUN_001fdc80,0x001FDC80,0x001FDCE0,96
FUN_001fdce0,0x001FDCE0,0x001FDDA0,192
FUN_001fdda0,0x001FDDA0,0x001FDE10,112
FUN_001fde10,0x001FDE10,0x001FDE30,32
FUN_001fde30,0x001FDE30,0x001FDEA4,116
FUN_001fdeb0,0x001FDEB0,0x001FDED8,40
FUN_001fdee0,0x001FDEE0,0x001FE120,564
FUN_001fe120,0x001FE120,0x001FE18C,108
FUN_001fe190,0x001FE190,0x001FE198,8
FUN_001fe1a0,0x001FE1A0,0x001FE1AC,12
FUN_001fe1b0,0x001FE1B0,0x001FE1D0,32
FUN_001fe1d0,0x001FE1D0,0x001FE1F0,32
FUN_001fe1f0,0x001FE1F0,0x001FE210,32
FUN_001fe210,0x001FE210,0x001FE230,32
FUN_001fe230,0x001FE230,0x001FE238,8
FUN_001fe240,0x001FE240,0x001FE248,8
FUN_001fe250,0x001FE250,0x001FE258,8
FUN_001fe260,0x001FE260,0x001FE268,8
FUN_001fe270,0x001FE270,0x001FE284,20
FUN_001fe290,0x001FE290,0x001FE298,8
FUN_001fe2a0,0x001FE2A0,0x001FE2A8,8
FUN_001fe2b0,0x001FE2B0,0x001FE2D0,32
FUN_001fe2d0,0x001FE2D0,0x001FE2D8,8
FUN_001fe2e0,0x001FE2E0,0x001FE2E8,8
FUN_001fe2f0,0x001FE2F0,0x001FE2F8,8
FUN_001fe300,0x001FE300,0x001FE308,8
FUN_001fe310,0x001FE310,0x001FE318,8
FUN_001fe320,0x001FE320,0x001FE328,8
FUN_001fe330,0x001FE330,0x001FE338,8
FUN_001fe340,0x001FE340,0x001FE760,1052
FUN_001fe760,0x001FE760,0x001FE9DC,636
FUN_001fe9e0,0x001FE9E0,0x001FEA50,112
FUN_001fea50,0x001FEA50,0x001FEA58,8
FUN_001fea60,0x001FEA60,0x001FEA68,8
FUN_001fea70,0x001FEA70,0x001FEAAC,60
FUN_001feab0,0x001FEAB0,0x001FEAB8,8
FUN_001feac0,0x001FEAC0,0x001FEAE0,32
FUN_001feae0,0x001FEAE0,0x001FEBE0,256
FUN_001febe0,0x001FEBE0,0x001FEC48,104
FUN_001fec50,0x001FEC50,0x001FEC58,8
FUN_001fec60,0x001FEC60,0x001FEC6C,12
FUN_001fec70,0x001FEC70,0x001FECB8,72
FUN_001fecc0,0x001FECC0,0x001FEE90,456
FUN_001fee90,0x001FEE90,0x001FEF0C,124
FUN_001fef10,0x001FEF10,0x001FF054,324
FUN_001ff060,0x001FF060,0x001FF0F4,148
FUN_001ff100,0x001FF100,0x001FF254,336
FUN_001ff260,0x001FF260,0x001FF324,196
FUN_001ff330,0x001FF330,0x001FF370,64
FUN_001ff370,0x001FF370,0x001FF454,228
FUN_001ff460,0x001FF460,0x001FF4EC,140
FUN_001ff4f0,0x001FF4F0,0x001FF630,316
FUN_001ff630,0x001FF630,0x001FF8A0,624
FUN_001ff8a0,0x001FF8A0,0x001FFF3C,1684
FUN_001fff40,0x001FFF40,0x00200860,2328
FUN_00200860,0x00200860,0x00200970,272
FUN_00200970,0x00200970,0x00200AC0,336
FUN_00200ac0,0x00200AC0,0x00200C10,336
FUN_00200c10,0x00200C10,0x00200D54,324
FUN_00200d60,0x00200D60,0x00200F28,456
FUN_00200f30,0x00200F30,0x00201048,280
FUN_00201050,0x00201050,0x002011F0,412
FUN_002011f0,0x002011F0,0x00201574,896
FUN_00201580,0x00201580,0x0020158C,12
FUN_00201590,0x00201590,0x00201598,8
FUN_002015a0,0x002015A0,0x00201690,236
FUN_00201690,0x00201690,0x00202208,2924
FUN_00202210,0x00202210,0x00202364,340
FUN_00202370,0x00202370,0x00202520,432
FUN_00202520,0x00202520,0x00204140,7200
FUN_00204140,0x00204140,0x00204190,80
FUN_00204190,0x00204190,0x002041E0,80
FUN_002041e0,0x002041E0,0x00204A34,2100
FUN_00204a40,0x00204A40,0x002051F4,1952
FUN_00205200,0x00205200,0x00205478,632
FUN_00205480,0x00205480,0x00205798,792
FUN_002057a0,0x002057A0,0x002057F8,88
FUN_00205800,0x00205800,0x00205970,368
FUN_00205970,0x00205970,0x00205A68,248
FUN_00205a70,0x00205A70,0x00205C40,448
FUN_00205c40,0x00205C40,0x00205E00,448
FUN_00205e00,0x00205E00,0x00206790,2444
FUN_00206790,0x00206790,0x002067A8,24
FUN_002067b0,0x002067B0,0x002068C8,280
FUN_002068d0,0x002068D0,0x002068D8,8
FUN_002068e0,0x002068E0,0x002069A8,200
FUN_002069b0,0x002069B0,0x00206A5C,172
FUN_00206a60,0x00206A60,0x00206BA0,320
FUN_00206ba0,0x00206BA0,0x00206C70,208
FUN_00206c70,0x00206C70,0x00206DAC,316
FUN_00206db0,0x00206DB0,0x00206E50,160
FUN_00206e50,0x00206E50,0x00206F8C,316
FUN_00206f90,0x00206F90,0x00207028,152
FUN_00207030,0x00207030,0x00207338,776
FUN_00207340,0x00207340,0x002073A0,96
FUN_002073a0,0x002073A0,0x00207410,112
FUN_00207410,0x00207410,0x00207450,64
FUN_00207450,0x00207450,0x00207458,8
FUN_00207460,0x00207460,0x00207474,20
FUN_00207480,0x00207480,0x002074F0,112
FUN_002074f0,0x002074F0,0x00207530,64
FUN_00207530,0x00207530,0x00207538,8
FUN_00207540,0x00207540,0x00207554,20
FUN_00207560,0x00207560,0x00207568,8
FUN_00207570,0x00207570,0x00207870,768
FUN_00207870,0x00207870,0x002079A8,312
FUN_002079b0,0x002079B0,0x00207A00,80
FUN_00207a00,0x00207A00,0x00207E60,1108
FUN_00207e60,0x00207E60,0x00207F58,248
FUN_00207f60,0x00207F60,0x00207F8C,44
FUN_00207f90,0x00207F90,0x00207FD0,64
FUN_00207fd0,0x00207FD0,0x0020803C,108
FUN_00208040,0x00208040,0x00208254,524
FUN_00208260,0x00208260,0x00208268,8
FUN_00208270,0x00208270,0x00208508,656
FUN_00208510,0x00208510,0x00208600,240
FUN_00208600,0x00208600,0x00208A8C,1160
FUN_00208a90,0x00208A90,0x00208AD0,64
FUN_00208ab0,0x00208AB0,0x00208AD0,32
FUN_00208ad0,0x00208AD0,0x00208B80,176
FUN_00208b80,0x00208B80,0x00208B88,8
FUN_00208b90,0x00208B90,0x00208B98,8
FUN_00208ba0,0x00208BA0,0x00208BB4,20
FUN_00208bc0,0x00208BC0,0x00208EE0,800
FUN_00208ee0,0x00208EE0,0x00208F58,120
FUN_00208f60,0x00208F60,0x00208FAC,76
FUN_00208fb0,0x00208FB0,0x00208FB8,8
FUN_00208fc0,0x00208FC0,0x00208FC8,8
FUN_00208fd0,0x00208FD0,0x0020904C,124
FUN_00209050,0x00209050,0x002090FC,172
FUN_00209100,0x00209100,0x002091A8,164
FUN_002091b0,0x002091B0,0x00209228,120
FUN_00209230,0x00209230,0x0020934C,284
FUN_00209350,0x00209350,0x00209784,1072
FUN_00209790,0x00209790,0x00209AD8,840
FUN_00209ae0,0x00209AE0,0x00209ED8,1004
FUN_00209ee0,0x00209EE0,0x0020A114,552
FUN_0020a120,0x0020A120,0x0020A328,520
FUN_0020a330,0x0020A330,0x0020A46C,308
FUN_0020a470,0x0020A470,0x0020A774,772
FUN_0020a780,0x0020A780,0x0020AABC,828
FUN_0020aac0,0x0020AAC0,0x0020AE4C,884
FUN_0020ae50,0x0020AE50,0x0020AFF8,420
FUN_0020b000,0x0020B000,0x0020B018,24
FUN_0020b020,0x0020B020,0x0020B050,48
FUN_0020b050,0x0020B050,0x0020B0D0,128
FUN_0020b0d0,0x0020B0D0,0x0020B1F0,288
FUN_0020b1f0,0x0020B1F0,0x0020B21C,44
FUN_0020b220,0x0020B220,0x0020B2BC,156
FUN_0020b2c0,0x0020B2C0,0x0020B7E0,1312
FUN_0020b7e0,0x0020B7E0,0x0020B7F8,24
FUN_0020b800,0x0020B800,0x0020B9FC,508
FUN_0020ba00,0x0020BA00,0x0020BC18,536
FUN_0020bc20,0x0020BC20,0x0020BDF4,468
FUN_0020be00,0x0020BE00,0x0020C074,628
FUN_0020c080,0x0020C080,0x0020CB44,2756
FUN_0020cb50,0x0020CB50,0x0020CC48,248
FUN_0020cc50,0x0020CC50,0x0020CCC4,116
FUN_0020ccd0,0x0020CCD0,0x0020CD30,96
FUN_0020cd30,0x0020CD30,0x0020CD50,32
FUN_0020cd50,0x0020CD50,0x0020CE04,180
FUN_0020ce10,0x0020CE10,0x0020CE70,96
FUN_0020ce30,0x0020CE30,0x0020CE70,64
FUN_0020ce50,0x0020CE50,0x0020CE70,32
FUN_0020ce70,0x0020CE70,0x0020CEE0,112
FUN_0020cee0,0x0020CEE0,0x0020CF34,84
FUN_0020cf40,0x0020CF40,0x0020CFF0,176
FUN_0020cff0,0x0020CFF0,0x0020D004,20
FUN_0020d010,0x0020D010,0x0020D310,764
FUN_0020d310,0x0020D310,0x0020D390,128
FUN_0020d390,0x0020D390,0x0020D5D8,576
thunk_FUN_00364a30,0x0020D5E0,0x0020D5E8,8
FUN_0020d5f0,0x0020D5F0,0x0020DAC0,1216
FUN_0020dac0,0x0020DAC0,0x0020DF70,1188
FUN_0020df70,0x0020DF70,0x0020E368,1016
FUN_0020e370,0x0020E370,0x0020E470,256
FUN_0020e470,0x0020E470,0x0020E74C,720
FUN_0020e750,0x0020E750,0x0020EBC4,1128
FUN_0020ebd0,0x0020EBD0,0x0020EF44,884
FUN_0020ef50,0x0020EF50,0x0020F0FC,428
FUN_0020f100,0x0020F100,0x0020F1B4,176
FUN_0020f1c0,0x0020F1C0,0x0020F1E8,40
FUN_0020f1f0,0x0020F1F0,0x0020F210,32
FUN_0020f210,0x0020F210,0x0020F218,8
FUN_0020f220,0x0020F220,0x0020F464,580
FUN_0020f470,0x0020F470,0x0020F480,16
FUN_0020f480,0x0020F480,0x0020F4B8,56
FUN_0020f4c0,0x0020F4C0,0x0020F4D8,24
FUN_0020f4e0,0x0020F4E0,0x0020F500,32
FUN_0020f500,0x0020F500,0x0020F580,128
FUN_0020f580,0x0020F580,0x0020F590,16
FUN_0020f590,0x0020F590,0x0020F59C,12
FUN_0020f5a0,0x0020F5A0,0x0020F5B4,20
FUN_0020f5c0,0x0020F5C0,0x0020FA04,1076
FUN_0020fa10,0x0020FA10,0x0020FA70,96
FUN_0020fa70,0x0020FA70,0x0020FC98,548
FUN_0020fca0,0x0020FCA0,0x0020FCE8,72
FUN_0020fcf0,0x0020FCF0,0x00210024,820
FUN_00210030,0x00210030,0x00210118,232
FUN_00210120,0x00210120,0x00210128,8
FUN_00210130,0x00210130,0x0021013C,12
FUN_00210140,0x00210140,0x00210204,196
FUN_00210210,0x00210210,0x002102D4,196
FUN_002102e0,0x002102E0,0x002105DC,764
FUN_002105e0,0x002105E0,0x002105E8,8
FUN_002105f0,0x002105F0,0x002105F8,8
FUN_00210600,0x00210600,0x0021060C,12
FUN_00210610,0x00210610,0x00210624,20
FUN_00210630,0x00210630,0x002106A0,108
FUN_002106a0,0x002106A0,0x002107C0,288
FUN_002107c0,0x002107C0,0x00210848,136
FUN_00210850,0x00210850,0x00210864,20
FUN_00210870,0x00210870,0x00210A58,488
FUN_00210a60,0x00210A60,0x00210A68,8
FUN_00210a70,0x00210A70,0x00210AA0,48
FUN_00210aa0,0x00210AA0,0x00210BA4,252
FUN_00210bb0,0x00210BB0,0x00210C30,120
FUN_00210c30,0x00210C30,0x00210D80,332
FUN_00210d80,0x00210D80,0x00210FA0,532
FUN_00210fa0,0x00210FA0,0x00211030,144
FUN_00211030,0x00211030,0x002110C0,144
FUN_002110c0,0x002110C0,0x002110E0,32
FUN_002110e0,0x002110E0,0x002110E8,8
FUN_002110f0,0x002110F0,0x00211158,104
FUN_00211160,0x00211160,0x0021138C,556
FUN_00211390,0x00211390,0x00211398,8
FUN_002113a0,0x002113A0,0x002113A8,8
FUN_002113b0,0x002113B0,0x002113B8,8
FUN_002113c0,0x002113C0,0x002113C8,8
FUN_002113d0,0x002113D0,0x002113F0,32
FUN_002113f0,0x002113F0,0x002114BC,204
FUN_002114c0,0x002114C0,0x00211508,72
FUN_00211510,0x00211510,0x00211AC0,1448
FUN_00211ac0,0x00211AC0,0x00212128,1624
FUN_00212130,0x00212130,0x00212138,8
FUN_00212140,0x00212140,0x00212154,20
FUN_00212160,0x00212160,0x002121A0,64
FUN_002121a0,0x002121A0,0x00212258,184
FUN_00212260,0x00212260,0x002122A0,64
FUN_002122a0,0x002122A0,0x00212364,196
FUN_00212370,0x00212370,0x00212378,8
FUN_00212380,0x00212380,0x00212490,272
FUN_00212490,0x00212490,0x00212520,144
FUN_00212520,0x00212520,0x00212580,96
FUN_00212580,0x00212580,0x002125C0,64
thunk_FUN_00213590,0x002125C0,0x002125C8,8
FUN_002125d0,0x002125D0,0x002125E4,20
FUN_002125f0,0x002125F0,0x002126A4,180
FUN_002126b0,0x002126B0,0x002126F0,64
FUN_002126f0,0x002126F0,0x00212E4C,1884
FUN_00212e50,0x00212E50,0x002133D4,1400
FUN_002133e0,0x002133E0,0x00213590,432
FUN_00213590,0x00213590,0x00213598,8
FUN_002135a0,0x002135A0,0x00213608,104
FUN_00213610,0x00213610,0x00213680,112
FUN_00213680,0x00213680,0x0021383C,436
FUN_00213840,0x00213840,0x00213A60,544
FUN_00213a60,0x00213A60,0x00213E20,960
FUN_00213e20,0x00213E20,0x00215174,4932
FUN_00215180,0x00215180,0x00215194,20
FUN_002151a0,0x002151A0,0x002151F0,80
FUN_002151f0,0x002151F0,0x00215244,84
FUN_00215250,0x00215250,0x00215C08,2476
FUN_00215c10,0x00215C10,0x00216760,2880
FUN_00216760,0x00216760,0x00216768,8
FUN_00216770,0x00216770,0x00216DD4,1620
FUN_00216de0,0x00216DE0,0x0021754C,1884
FUN_00217550,0x00217550,0x002178B4,868
FUN_002178c0,0x002178C0,0x00218D48,5240
FUN_00218d50,0x00218D50,0x00218DA0,80
FUN_00218da0,0x00218DA0,0x00218DD4,52
FUN_00218de0,0x00218DE0,0x00219090,688
FUN_00219090,0x00219090,0x00219330,672
FUN_00219330,0x00219330,0x00219384,84
FUN_00219390,0x00219390,0x002193B8,40
thunk_FUN_00364e70,0x002193C0,0x002193C8,8
FUN_002193d0,0x002193D0,0x002196EC,788
FUN_002196f0,0x002196F0,0x00219940,584
FUN_00219940,0x00219940,0x00219A74,308
FUN_00219a80,0x00219A80,0x00219C80,508
FUN_00219c80,0x00219C80,0x00219FA4,800
FUN_00219fb0,0x00219FB0,0x0021A1F0,568
FUN_0021a1f0,0x0021A1F0,0x0021A504,780
FUN_0021a510,0x0021A510,0x0021A5BC,172
FUN_0021a5c0,0x0021A5C0,0x0021A6F4,308
FUN_0021a700,0x0021A700,0x0021A8C8,456
FUN_0021a8d0,0x0021A8D0,0x0021AA98,456
FUN_0021aaa0,0x0021AAA0,0x0021ABF0,336
FUN_0021abf0,0x0021ABF0,0x0021AE48,600
FUN_0021ae50,0x0021AE50,0x0021B0A0,588
FUN_0021b0a0,0x0021B0A0,0x0021B140,160
FUN_0021b140,0x0021B140,0x0021B3D8,660
FUN_0021b3e0,0x0021B3E0,0x0021B4F4,276
FUN_0021b500,0x0021B500,0x0021B814,784
FUN_0021b820,0x0021B820,0x0021BB44,796
FUN_0021bb50,0x0021BB50,0x0021BD94,568
FUN_0021bda0,0x0021BDA0,0x0021C4D4,1820
FUN_0021c4e0,0x0021C4E0,0x0021C6F0,528
FUN_0021c6f0,0x0021C6F0,0x0021CB94,1164
FUN_0021cba0,0x0021CBA0,0x0021CD34,404
FUN_0021cd40,0x0021CD40,0x0021D75C,2588
FUN_0021d760,0x0021D760,0x0021D9D0,624
FUN_0021d9d0,0x0021D9D0,0x0021DE48,1128
FUN_0021de50,0x0021DE50,0x0021DED0,128
FUN_0021ded0,0x0021DED0,0x0021F118,4680
FUN_0021f120,0x0021F120,0x0021F208,232
FUN_0021f210,0x0021F210,0x0021F848,1580
FUN_0021f850,0x0021F850,0x002200C0,2100
FUN_002200c0,0x002200C0,0x00220344,644
FUN_00220350,0x00220350,0x00220868,1292
FUN_00220870,0x00220870,0x002209B4,320
FUN_002209c0,0x002209C0,0x00220B4C,388
FUN_00220b50,0x00220B50,0x00220C10,192
FUN_00220c10,0x00220C10,0x00220CA0,144
FUN_00220c30,0x00220C30,0x00220CA0,112
FUN_00220ca0,0x00220CA0,0x00220CF4,76
FUN_00220d00,0x00220D00,0x00220F88,644
FUN_00220f90,0x00220F90,0x00220F98,8
FUN_00220fa0,0x00220FA0,0x00220FA8,8
FUN_00220fb0,0x00220FB0,0x00221064,180
FUN_00221070,0x00221070,0x002216C8,1620
FUN_002216d0,0x002216D0,0x0022196C,668
FUN_00221970,0x00221970,0x00221B10,416
FUN_00221b10,0x00221B10,0x00221BE4,212
FUN_00221bf0,0x00221BF0,0x00221C3C,76
FUN_00221c40,0x00221C40,0x00221D30,236
FUN_00221d30,0x00221D30,0x00221D38,8
FUN_00221d40,0x00221D40,0x00221D8C,76
FUN_00221d90,0x00221D90,0x00221EF0,344
FUN_00221ef0,0x00221EF0,0x00221F44,84
FUN_00221f50,0x00221F50,0x00222004,180
FUN_00222010,0x00222010,0x00222130,288
FUN_00222130,0x00222130,0x00222190,96
FUN_00222190,0x00222190,0x002222A8,280
FUN_002222b0,0x002222B0,0x002222DC,44
FUN_002222e0,0x002222E0,0x002227B0,1220
FUN_002227b0,0x002227B0,0x00222C78,1196
FUN_00222c80,0x00222C80,0x00222EA4,520
FUN_00222eb0,0x00222EB0,0x00222F08,88
FUN_00222f10,0x00222F10,0x00222F24,20
FUN_00222f30,0x00222F30,0x00222FD0,160
FUN_00222fd0,0x00222FD0,0x00222FD8,8
FUN_00222fe0,0x00222FE0,0x002230B0,208
FUN_002230b0,0x002230B0,0x002231DC,300
FUN_002231e0,0x002231E0,0x0022321C,60
FUN_00223220,0x00223220,0x0022328C,108
FUN_00223290,0x00223290,0x00223298,8
FUN_002232a0,0x002232A0,0x00223614,884
FUN_00223620,0x00223620,0x00223680,96
FUN_00223680,0x00223680,0x0022396C,744
FUN_00223970,0x00223970,0x0022410C,1948
FUN_00224110,0x00224110,0x002241B4,164
FUN_002241c0,0x002241C0,0x00224208,72
FUN_00224210,0x00224210,0x00224670,1116
FUN_00224670,0x00224670,0x00224BE8,1400
FUN_00224bf0,0x00224BF0,0x00224C78,136
FUN_00224c80,0x00224C80,0x00224D08,136
FUN_00224d10,0x00224D10,0x00225068,856
FUN_00225070,0x00225070,0x002253BC,840
FUN_002253c0,0x002253C0,0x002256F0,816
FUN_002256f0,0x002256F0,0x002259F4,768
FUN_00225a00,0x00225A00,0x00225BC0,448
FUN_00225bc0,0x00225BC0,0x00225E40,632
FUN_00225e40,0x00225E40,0x00225E70,48
FUN_00225e70,0x00225E70,0x00225F18,164
FUN_00225f20,0x00225F20,0x00225F28,8
FUN_00225f30,0x00225F30,0x00225FD8,164
FUN_00225fe0,0x00225FE0,0x00225FE8,8
FUN_00225ff0,0x00225FF0,0x00225FF8,8
FUN_00226000,0x00226000,0x00226008,8
FUN_00226010,0x00226010,0x00226018,8
FUN_00226020,0x00226020,0x00226044,36
FUN_00226050,0x00226050,0x00226058,8
FUN_00226060,0x00226060,0x002265F8,1412
FUN_00226600,0x00226600,0x002267B4,432
FUN_002267c0,0x002267C0,0x00226960,408
FUN_00226960,0x00226960,0x0022699C,56
FUN_002269a0,0x002269A0,0x00227124,1904
FUN_00227130,0x00227130,0x002271D0,160
FUN_002271d0,0x002271D0,0x00227234,100
FUN_00227240,0x00227240,0x00227338,248
FUN_00227340,0x00227340,0x00227560,536
FUN_00227560,0x00227560,0x00227648,232
FUN_00227650,0x00227650,0x00227730,224
FUN_00227730,0x00227730,0x00227880,336
FUN_00227880,0x00227880,0x00227960,224
FUN_00227960,0x00227960,0x00227AD0,368
FUN_00227ad0,0x00227AD0,0x002284B4,2524
FUN_002284c0,0x002284C0,0x00228654,404
FUN_00228660,0x00228660,0x002286E0,128
FUN_002286e0,0x002286E0,0x00228780,160
FUN_00228780,0x00228780,0x002287C0,64
FUN_002287c0,0x002287C0,0x002287C8,8
FUN_002287d0,0x002287D0,0x002287E4,20
FUN_002287f0,0x002287F0,0x00228890,160
FUN_00228890,0x00228890,0x0022890C,124
FUN_00228910,0x00228910,0x00228A94,376
FUN_00228aa0,0x00228AA0,0x00228AF0,80
FUN_00228af0,0x00228AF0,0x00228B44,84
FUN_00228b50,0x00228B50,0x00228B78,40
FUN_00228b80,0x00228B80,0x00228BC0,64
FUN_00228bc0,0x00228BC0,0x00228E00,556
FUN_00228e00,0x00228E00,0x00228ED0,208
FUN_00228ed0,0x00228ED0,0x00228EDC,12
FUN_00228ee0,0x00228EE0,0x0022942C,1356
FUN_00229430,0x00229430,0x00229470,64
FUN_00229470,0x00229470,0x0022951C,172
FUN_00229520,0x00229520,0x00229810,752
FUN_00229810,0x00229810,0x002299F0,476
FUN_002299f0,0x002299F0,0x00229A6C,124
FUN_00229a70,0x00229A70,0x00229B74,252
FUN_00229b80,0x00229B80,0x00229C20,160
FUN_00229c20,0x00229C20,0x00229C98,120
FUN_00229ca0,0x00229CA0,0x00229D00,96
FUN_00229d00,0x00229D00,0x0022A290,1424
FUN_0022a290,0x0022A290,0x0022A8A4,1556
FUN_0022a8b0,0x0022A8B0,0x0022AB78,712
FUN_0022ab80,0x0022AB80,0x0022AC24,164
FUN_0022ac30,0x0022AC30,0x0022AE84,596
FUN_0022ae90,0x0022AE90,0x0022B354,1220
FUN_0022b360,0x0022B360,0x0022B4A0,320
FUN_0022b4a0,0x0022B4A0,0x0022BAC8,1568
FUN_0022bad0,0x0022BAD0,0x0022BB30,96
FUN_0022bb30,0x0022BB30,0x0022BC3C,268
FUN_0022bc40,0x0022BC40,0x0022BD50,272
FUN_0022bd50,0x0022BD50,0x0022BE18,200
FUN_0022be20,0x0022BE20,0x0022CBE4,3480
FUN_0022cbf0,0x0022CBF0,0x0022CC10,32
FUN_0022cc10,0x0022CC10,0x0022D168,1360
FUN_0022d170,0x0022D170,0x0022D178,8
FUN_0022d180,0x0022D180,0x0022D188,8
FUN_0022d190,0x0022D190,0x0022D270,224
FUN_0022d270,0x0022D270,0x0022D3F0,380
FUN_0022d3f0,0x0022D3F0,0x0022D588,396
FUN_0022d590,0x0022D590,0x0022D5FC,108
FUN_0022d600,0x0022D600,0x0022D660,96
FUN_0022d660,0x0022D660,0x0022DC40,1488
FUN_0022dc40,0x0022DC40,0x0022DC64,36
FUN_0022dc70,0x0022DC70,0x0022DC94,36
FUN_0022dca0,0x0022DCA0,0x0022DCB8,24
FUN_0022dcc0,0x0022DCC0,0x0022DD04,64
FUN_0022dd10,0x0022DD10,0x0022DD1C,12
FUN_0022dd20,0x0022DD20,0x0022DD60,64
FUN_0022dd60,0x0022DD60,0x0022DD84,36
FUN_0022dd90,0x0022DD90,0x0022DDB8,40
FUN_0022ddc0,0x0022DDC0,0x0022DDE4,36
FUN_0022ddf0,0x0022DDF0,0x0022DE5C,108
FUN_0022de60,0x0022DE60,0x0022DFF4,404
FUN_0022e000,0x0022E000,0x0022E460,1108
FUN_0022e460,0x0022E460,0x0022E4C8,104
FUN_0022e4d0,0x0022E4D0,0x0022E554,128
FUN_0022e560,0x0022E560,0x0022E5F0,144
FUN_0022e5f0,0x0022E5F0,0x0022E68C,156
FUN_0022e690,0x0022E690,0x0022E6E4,84
FUN_0022e6f0,0x0022E6F0,0x0022E760,112
FUN_0022e760,0x0022E760,0x0022E7D0,112
FUN_0022e7d0,0x0022E7D0,0x0022E840,112
FUN_0022e840,0x0022E840,0x0022E8B0,112
FUN_0022e8b0,0x0022E8B0,0x0022E920,112
FUN_0022e920,0x0022E920,0x0022E9A0,128
FUN_0022e9a0,0x0022E9A0,0x0022E9C0,32
FUN_0022e9c0,0x0022E9C0,0x0022EA30,112
FUN_0022ea30,0x0022EA30,0x0022EA50,32
FUN_0022ea50,0x0022EA50,0x0022EA58,8
FUN_0022ea60,0x0022EA60,0x0022EA68,8
FUN_0022ea70,0x0022EA70,0x0022EB50,220
FUN_0022eb50,0x0022EB50,0x0022EBC4,116
FUN_0022ebd0,0x0022EBD0,0x0022EBD8,8
FUN_0022ebe0,0x0022EBE0,0x0022EBE8,8
FUN_0022ebf0,0x0022EBF0,0x0022EC88,148
FUN_0022ec90,0x0022EC90,0x0022ED04,116
FUN_0022ed10,0x0022ED10,0x0022EDA4,144
FUN_0022edb0,0x0022EDB0,0x0022EDE8,56
FUN_0022edf0,0x0022EDF0,0x0022EE20,48
FUN_0022ee20,0x0022EE20,0x0022EE60,64
FUN_0022ee60,0x0022EE60,0x0022EEA8,72
FUN_0022eeb0,0x0022EEB0,0x0022EF10,96
FUN_0022ef10,0x0022EF10,0x0022EFFC,236
FUN_0022f000,0x0022F000,0x0022F0E4,228
FUN_0022f0f0,0x0022F0F0,0x0022F204,276
FUN_0022f210,0x0022F210,0x0022F328,276
FUN_0022f330,0x0022F330,0x0022F398,104
FUN_0022f3a0,0x0022F3A0,0x0022F3AC,12
FUN_0022f3b0,0x0022F3B0,0x0022F3BC,12
FUN_0022f3c0,0x0022F3C0,0x0022F440,128
FUN_0022f440,0x0022F440,0x0022F4B4,116
FUN_0022f4c0,0x0022F4C0,0x0022F524,100
FUN_0022f530,0x0022F530,0x0022F5AC,124
FUN_0022f5b0,0x0022F5B0,0x0022F6E0,300
FUN_0022f6e0,0x0022F6E0,0x0022F80C,296
FUN_0022f810,0x0022F810,0x0022F87C,108
FUN_0022f880,0x0022F880,0x0022F8E8,100
FUN_0022f8f0,0x0022F8F0,0x0022F948,88
FUN_0022f950,0x0022F950,0x0022F9BC,108
FUN_0022f9c0,0x0022F9C0,0x0022FA88,196
FUN_0022fa90,0x0022FA90,0x0022FBF8,356
FUN_0022fc00,0x0022FC00,0x0022FD04,256
FUN_0022fd10,0x0022FD10,0x0022FD60,80
FUN_0022fd60,0x0022FD60,0x0022FD70,16
FUN_0022fd70,0x0022FD70,0x0022FE84,276
FUN_0022fe90,0x0022FE90,0x0022FF2C,156
FUN_0022ff30,0x0022FF30,0x00230050,288
FUN_00230050,0x00230050,0x002301C4,368
FUN_002301d0,0x002301D0,0x002301E0,16
FUN_002301e0,0x002301E0,0x002302C4,228
FUN_002302d0,0x002302D0,0x002303D4,260
FUN_002303e0,0x002303E0,0x00230540,352
FUN_00230540,0x00230540,0x0023054C,12
FUN_00230550,0x00230550,0x0023055C,12
FUN_00230560,0x00230560,0x00230618,184
FUN_00230620,0x00230620,0x002306D8,184
FUN_002306e0,0x002306E0,0x0023086C,396
FUN_00230870,0x00230870,0x0023105C,2020
FUN_00231060,0x00231060,0x00231148,228
FUN_00231150,0x00231150,0x00231310,444
FUN_00231310,0x00231310,0x0023153C,556
FUN_00231540,0x00231540,0x00231690,332
FUN_00231690,0x00231690,0x00231A10,872
FUN_00231a10,0x00231A10,0x00231A30,32
FUN_00231a30,0x00231A30,0x00231B9C,360
FUN_00231ba0,0x00231BA0,0x00231DC8,552
FUN_00231dd0,0x00231DD0,0x00231DD8,8
FUN_00231de0,0x00231DE0,0x00231DE8,8
FUN_00231df0,0x00231DF0,0x00231E00,16
FUN_00231e00,0x00231E00,0x00231E08,8
FUN_00231e10,0x00231E10,0x00231E20,16
FUN_00231e20,0x00231E20,0x00231E28,8
FUN_00231e30,0x00231E30,0x00231E40,16
FUN_00231e40,0x00231E40,0x00231F78,312
FUN_00231f80,0x00231F80,0x00231FCC,76
FUN_00231fd0,0x00231FD0,0x00232030,96
FUN_00232030,0x00232030,0x002320D8,168
FUN_002320e0,0x002320E0,0x002320F8,24
FUN_00232100,0x00232100,0x00232164,100
FUN_00232170,0x00232170,0x00232230,192
FUN_00232230,0x00232230,0x00232238,8
FUN_00232240,0x00232240,0x00232260,32
FUN_00232260,0x00232260,0x0023245C,508
FUN_00232460,0x00232460,0x00232470,16
FUN_00232470,0x00232470,0x00232480,16
FUN_00232480,0x00232480,0x00232490,16
FUN_00232490,0x00232490,0x00232660,464
FUN_00232660,0x00232660,0x0023288C,556
FUN_00232890,0x00232890,0x0023294C,184
FUN_00232950,0x00232950,0x00232964,20
FUN_00232970,0x00232970,0x002329C8,88
FUN_002329d0,0x002329D0,0x002329E8,24
FUN_002329f0,0x002329F0,0x00232BBC,460
FUN_00232bc0,0x00232BC0,0x002344D8,6416
FUN_002344e0,0x002344E0,0x00234F34,2644
FUN_00234f40,0x00234F40,0x0023519C,596
FUN_002351a0,0x002351A0,0x002352F4,340
FUN_00235300,0x00235300,0x00235440,320
FUN_00235440,0x00235440,0x0023555C,284
FUN_00235560,0x00235560,0x002356D0,364
FUN_002356d0,0x002356D0,0x00235758,136
FUN_00235760,0x00235760,0x00235870,272
FUN_00235870,0x00235870,0x00235998,296
FUN_002359a0,0x002359A0,0x00235D34,904
FUN_00235d40,0x00235D40,0x002360C4,880
FUN_002360d0,0x002360D0,0x00236250,380
FUN_00236250,0x00236250,0x00236258,8
FUN_00236260,0x00236260,0x00236428,456
FUN_00236430,0x00236430,0x00236A48,1544
FUN_00236a50,0x00236A50,0x00236AA0,80
FUN_00236aa0,0x00236AA0,0x00236B20,124
FUN_00236b20,0x00236B20,0x00236CA0,384
FUN_00236ca0,0x00236CA0,0x00236D18,116
FUN_00236d20,0x00236D20,0x00237000,732
FUN_00237000,0x00237000,0x002370CC,204
FUN_002370d0,0x002370D0,0x0023719C,204
FUN_002371a0,0x002371A0,0x00237310,368
FUN_00237310,0x00237310,0x00237348,56
FUN_00237350,0x00237350,0x0023738C,60
FUN_00237390,0x00237390,0x00237578,488
FUN_00237580,0x00237580,0x00237760,480
FUN_00237760,0x00237760,0x00237B38,976
FUN_00237b40,0x00237B40,0x00237D00,444
FUN_00237d00,0x00237D00,0x00237DD8,216
FUN_00237de0,0x00237DE0,0x00237E4C,108
FUN_00237e50,0x00237E50,0x00237F5C,268
FUN_00237f60,0x00237F60,0x00237FB4,84
FUN_00237fc0,0x00237FC0,0x002382BC,760
FUN_002382c0,0x002382C0,0x002383B0,240
FUN_002383b0,0x002383B0,0x0023841C,108
FUN_00238420,0x00238420,0x00238484,100
FUN_00238490,0x00238490,0x002384F4,100
FUN_00238500,0x00238500,0x00238660,348
FUN_00238660,0x00238660,0x00238704,164
FUN_00238710,0x00238710,0x0023889C,396
FUN_002388a0,0x002388A0,0x00238AC0,544
FUN_00238ac0,0x00238AC0,0x00238CF4,552
FUN_00238d00,0x00238D00,0x00238F48,584
FUN_00238f50,0x00238F50,0x0023924C,764
FUN_00239250,0x00239250,0x002393EC,408
FUN_002393f0,0x002393F0,0x0023956C,360
FUN_00239570,0x00239570,0x002396E8,376
FUN_002396f0,0x002396F0,0x00239768,120
FUN_00239770,0x00239770,0x002397F0,124
FUN_002397f0,0x002397F0,0x00239978,392
FUN_00239980,0x00239980,0x00239A70,236
FUN_00239a70,0x00239A70,0x00239B20,176
FUN_00239b20,0x00239B20,0x00239B88,104
FUN_00239b90,0x00239B90,0x00239CA0,272
FUN_00239ca0,0x00239CA0,0x00239D3C,156
FUN_00239d40,0x00239D40,0x0023A024,712
FUN_0023a030,0x0023A030,0x0023A170,312
FUN_0023a170,0x0023A170,0x0023A240,208
FUN_0023a240,0x0023A240,0x0023A2B8,120
FUN_0023a2c0,0x0023A2C0,0x0023A2D8,24
FUN_0023a2e0,0x0023A2E0,0x0023A2E8,8
FUN_0023a2f0,0x0023A2F0,0x0023A364,112
FUN_0023a370,0x0023A370,0x0023A378,8
FUN_0023a380,0x0023A380,0x0023A634,692
FUN_0023a640,0x0023A640,0x0023A724,216
FUN_0023a730,0x0023A730,0x0023A85C,296
FUN_0023a860,0x0023A860,0x0023AC2C,968
FUN_0023ac30,0x0023AC30,0x0023ACD8,140
FUN_0023ace0,0x0023ACE0,0x0023AD88,140
FUN_0023ad90,0x0023AD90,0x0023B108,880
FUN_0023b110,0x0023B110,0x0023B18C,124
FUN_0023b190,0x0023B190,0x0023B200,112
FUN_0023b200,0x0023B200,0x0023B300,252
FUN_0023b300,0x0023B300,0x0023B53C,572
FUN_0023b540,0x0023B540,0x0023B850,784
FUN_0023b850,0x0023B850,0x0023B894,68
FUN_0023b8a0,0x0023B8A0,0x0023B990,240
FUN_0023b990,0x0023B990,0x0023B9A4,20
FUN_0023b9b0,0x0023B9B0,0x0023BC50,668
FUN_0023bc50,0x0023BC50,0x0023BF04,692
FUN_0023bf10,0x0023BF10,0x0023BF20,16
FUN_0023bf20,0x0023BF20,0x0023BF54,52
FUN_0023bf60,0x0023BF60,0x0023C06C,268
FUN_0023c070,0x0023C070,0x0023C0C4,84
FUN_0023c0d0,0x0023C0D0,0x0023C21C,332
FUN_0023c220,0x0023C220,0x0023C29C,124
FUN_0023c2a0,0x0023C2A0,0x0023C2B0,16
FUN_0023c2b0,0x0023C2B0,0x0023C354,164
FUN_0023c360,0x0023C360,0x0023C368,8
FUN_0023c370,0x0023C370,0x0023C378,8
FUN_0023c380,0x0023C380,0x0023C388,8
FUN_0023c390,0x0023C390,0x0023C6E4,836
FUN_0023c6f0,0x0023C6F0,0x0023C834,324
FUN_0023c840,0x0023C840,0x0023CB84,824
FUN_0023cb90,0x0023CB90,0x0023CCA8,276
FUN_0023ccb0,0x0023CCB0,0x0023CD20,112
FUN_0023cd20,0x0023CD20,0x0023D05C,828
FUN_0023d060,0x0023D060,0x0023D1A4,320
FUN_0023d1b0,0x0023D1B0,0x0023D2A8,228
FUN_0023d2b0,0x0023D2B0,0x0023D454,420
FUN_0023d460,0x0023D460,0x0023D534,212
FUN_0023d540,0x0023D540,0x0023D608,196
FUN_0023d610,0x0023D610,0x0023D808,500
FUN_0023d810,0x0023D810,0x0023D860,80
FUN_0023d860,0x0023D860,0x0023DF74,1808
FUN_0023df80,0x0023DF80,0x0023DFD0,80
FUN_0023dfd0,0x0023DFD0,0x0023E030,96
FUN_0023e030,0x0023E030,0x0023E370,828
FUN_0023e370,0x0023E370,0x0023E5D8,616
FUN_0023e5e0,0x0023E5E0,0x0023E6FC,276
FUN_0023e700,0x0023E700,0x0023E7F8,248
FUN_0023e800,0x0023E800,0x0023E908,264
FUN_0023e910,0x0023E910,0x0023EAD4,444
FUN_0023eae0,0x0023EAE0,0x0023EBC0,220
FUN_0023ebc0,0x0023EBC0,0x0023EC94,204
FUN_0023eca0,0x0023ECA0,0x0023FEF0,4628
FUN_0023fef0,0x0023FEF0,0x00240580,1668
FUN_00240580,0x00240580,0x002405E8,104
FUN_002405f0,0x002405F0,0x002405F8,8
FUN_00240600,0x00240600,0x00240B84,1404
FUN_00240b90,0x00240B90,0x00240D4C,440
FUN_00240d50,0x00240D50,0x00240E54,260
FUN_00240e60,0x00240E60,0x00241A8C,3104
FUN_00241a90,0x00241A90,0x00241BE0,336
FUN_00241be0,0x00241BE0,0x00241C28,72
FUN_00241c30,0x00241C30,0x00241C94,100
FUN_00241ca0,0x00241CA0,0x00241CAC,12
FUN_00241cb0,0x00241CB0,0x00241CBC,12
FUN_00241cc0,0x00241CC0,0x00242048,896
FUN_00242050,0x00242050,0x002422FC,680
FUN_00242300,0x00242300,0x002423C8,200
FUN_002423d0,0x002423D0,0x002425D4,516
FUN_002425e0,0x002425E0,0x00242A2C,1088
thunk_FUN_00364e50,0x00242A30,0x00242A38,8
FUN_00242a40,0x00242A40,0x00242AA8,104
FUN_00242ab0,0x00242AB0,0x00242B1C,108
FUN_00242b20,0x00242B20,0x00242BA4,132
FUN_00242bb0,0x00242BB0,0x00242F78,964
FUN_00242f80,0x00242F80,0x00243060,224
FUN_00243060,0x00243060,0x002430EC,140
FUN_002430f0,0x002430F0,0x00243294,412
FUN_00243298,0x00243298,0x00243394,248
FUN_00243398,0x00243398,0x002434B0,276
FUN_002434b0,0x002434B0,0x0024359C,228
FUN_002435a0,0x002435A0,0x00243640,160
FUN_00243640,0x00243640,0x00243708,200
FUN_00243708,0x00243708,0x00243760,88
FUN_00243760,0x00243760,0x0024383C,220
FUN_00243840,0x00243840,0x00243BE4,908
FUN_00243be8,0x00243BE8,0x00243C64,124
FUN_00243c68,0x00243C68,0x00243E40,460
FUN_00243e40,0x00243E40,0x00243FAC,356
FUN_00243fb0,0x00243FB0,0x00244084,212
FUN_00244088,0x00244088,0x00244200,372
FUN_00244200,0x00244200,0x00244378,372
FUN_00244378,0x00244378,0x002444F0,372
FUN_002444f0,0x002444F0,0x00244618,292
FUN_00244618,0x00244618,0x00244738,284
FUN_00244738,0x00244738,0x00244820,228
FUN_00244820,0x00244820,0x00244908,228
FUN_00244908,0x00244908,0x002449DC,212
FUN_002449e0,0x002449E0,0x00244AB4,212
FUN_00244ab8,0x00244AB8,0x00244B8C,212
FUN_00244b90,0x00244B90,0x00244C64,212
FUN_00244c68,0x00244C68,0x00244D3C,212
FUN_00244d40,0x00244D40,0x00244E3C,248
FUN_00244e40,0x00244E40,0x00244F3C,248
FUN_00244f40,0x00244F40,0x00245030,240
FUN_00245030,0x00245030,0x00245080,80
FUN_00245080,0x00245080,0x00245100,128
FUN_00245100,0x00245100,0x0024523C,316
FUN_00245240,0x00245240,0x00245298,88
FUN_00245298,0x00245298,0x002453FC,352
FUN_00245400,0x00245400,0x00245564,352
FUN_00245568,0x00245568,0x002455C0,88
FUN_002455c0,0x002455C0,0x0024568C,204
FUN_00245690,0x00245690,0x00245748,180
FUN_00245748,0x00245748,0x00245788,64
FUN_00245788,0x00245788,0x002457F0,104
FUN_002457f0,0x002457F0,0x00245A18,548
FUN_00245a18,0x00245A18,0x00245AD8,188
FUN_00245ad8,0x00245AD8,0x00245B54,124
FUN_00245b58,0x00245B58,0x00245BB0,84
FUN_00245bb0,0x00245BB0,0x00245C08,84
FUN_00245c08,0x00245C08,0x00245C94,140
FUN_00245c98,0x00245C98,0x00245CD0,56
FUN_00245cd0,0x00245CD0,0x00245D78,168
FUN_00245d78,0x00245D78,0x00245E60,228
FUN_00245e60,0x00245E60,0x00245F04,160
FUN_00245f08,0x00245F08,0x00245FEC,228
FUN_00245ff0,0x00245FF0,0x00246064,116
FUN_00246068,0x00246068,0x002460B0,72
FUN_002460b0,0x002460B0,0x002460F8,72
FUN_002460f8,0x002460F8,0x002461C0,196
FUN_002461c0,0x002461C0,0x002462D0,272
FUN_002462d0,0x002462D0,0x00246378,168
FUN_00246378,0x00246378,0x0024645C,228
FUN_00246460,0x00246460,0x002464A8,72
FUN_002464a8,0x002464A8,0x00246558,172
FUN_00246558,0x00246558,0x002465E8,144
FUN_002465e8,0x002465E8,0x00246698,172
FUN_00246698,0x00246698,0x00246738,160
FUN_00246738,0x00246738,0x002467C8,144
FUN_002467c8,0x002467C8,0x0024680C,68
FUN_00246810,0x00246810,0x002468A4,144
FUN_002468a8,0x002468A8,0x002468E8,64
FUN_002468e8,0x002468E8,0x0024692C,68
FUN_00246930,0x00246930,0x00246974,68
FUN_00246978,0x00246978,0x002469BC,68
FUN_002469c0,0x002469C0,0x00246A34,116
FUN_00246a38,0x00246A38,0x00246B0C,212
FUN_00246b10,0x00246B10,0x00246B8C,120
FUN_00246b90,0x00246B90,0x00246BD0,64
FUN_00246bd0,0x00246BD0,0x00246C10,64
FUN_00246c10,0x00246C10,0x00246C54,68
FUN_00246c58,0x00246C58,0x00246CE0,136
FUN_00246ce0,0x00246CE0,0x00246CF8,24
FUN_00246cf8,0x00246CF8,0x00246D10,24
FUN_00246d10,0x00246D10,0x00246DEC,220
FUN_00246df0,0x00246DF0,0x00246E10,32
FUN_00246e10,0x00246E10,0x00246EA4,148
FUN_00246ea8,0x00246EA8,0x00246F10,104
FUN_00246f10,0x00246F10,0x00246F8C,124
FUN_00246f90,0x00246F90,0x00247008,120
FUN_00247008,0x00247008,0x0024703C,52
FUN_00247040,0x00247040,0x00247050,16
FUN_00247050,0x00247050,0x002471A4,340
FUN_002471a8,0x002471A8,0x002472C4,272
FUN_002472c8,0x002472C8,0x00247460,408
FUN_00247460,0x00247460,0x002474F8,152
FUN_002474f8,0x002474F8,0x0024763C,320
FUN_00247640,0x00247640,0x002476CC,136
FUN_002476d0,0x002476D0,0x00247734,96
FUN_00247738,0x00247738,0x00247884,328
FUN_00247888,0x00247888,0x0024791C,144
FUN_00247920,0x00247920,0x00247984,96
FUN_00247988,0x00247988,0x002479B4,44
FUN_002479b8,0x002479B8,0x00247AA0,232
FUN_00247aa0,0x00247AA0,0x00247B38,152
FUN_00247b38,0x00247B38,0x00247B88,76
FUN_00247b88,0x00247B88,0x00247BD8,80
FUN_00247bd8,0x00247BD8,0x00247C94,184
FUN_00247c98,0x00247C98,0x00247D2C,148
FUN_00247d30,0x00247D30,0x00247F58,548
FUN_00247f58,0x00247F58,0x00247FE4,140
FUN_00247fe8,0x00247FE8,0x002481F8,524
FUN_002481f8,0x002481F8,0x00248278,128
FUN_00248278,0x00248278,0x002482F4,124
FUN_002482f8,0x002482F8,0x0024834C,80
FUN_00248350,0x00248350,0x002483F8,164
FUN_002483f8,0x002483F8,0x002484A0,164
FUN_002484a0,0x002484A0,0x002485CC,300
FUN_002485d0,0x002485D0,0x00248714,324
FUN_00248718,0x00248718,0x00248738,32
FUN_00248738,0x00248738,0x0024875C,36
FUN_00248760,0x00248760,0x002487E4,132
FUN_002487e8,0x002487E8,0x0024889C,180
FUN_002488a0,0x002488A0,0x00248A14,372
FUN_00248a18,0x00248A18,0x00248AD0,184
FUN_00248ad0,0x00248AD0,0x00248C7C,428
FUN_00248c80,0x00248C80,0x00248D3C,188
FUN_00248d40,0x00248D40,0x00248DD4,148
FUN_00248dd8,0x00248DD8,0x00248E2C,84
FUN_00248e30,0x00248E30,0x00248F60,304
FUN_00248f60,0x00248F60,0x00248FB0,80
FUN_00248fb0,0x00248FB0,0x0024918C,476
FUN_00249190,0x00249190,0x0024929C,264
FUN_002492a0,0x002492A0,0x00249584,736
FUN_00249588,0x00249588,0x00249604,124
FUN_00249608,0x00249608,0x00249660,88
FUN_00249660,0x00249660,0x002496D4,116
FUN_002496d8,0x002496D8,0x0024974C,116
FUN_00249750,0x00249750,0x002497A8,88
FUN_002497a8,0x002497A8,0x00249810,104
FUN_00249810,0x00249810,0x00249854,68
FUN_00249858,0x00249858,0x00249898,64
FUN_00249898,0x00249898,0x002498DC,68
FUN_002498e0,0x002498E0,0x00249920,64
FUN_00249920,0x00249920,0x00249964,68
FUN_00249968,0x00249968,0x002499A8,64
FUN_002499a8,0x002499A8,0x00249A38,144
FUN_00249a38,0x00249A38,0x00249B54,284
FUN_00249b58,0x00249B58,0x00249C50,244
FUN_00249c50,0x00249C50,0x00249C60,16
FUN_00249c60,0x00249C60,0x00249C78,24
FUN_00249c78,0x00249C78,0x00249C88,16
FUN_00249c88,0x00249C88,0x00249EE0,600
FUN_00249ee0,0x00249EE0,0x00249F64,132
FUN_00249f68,0x00249F68,0x00249FA8,64
FUN_00249fa8,0x00249FA8,0x0024A210,612
FUN_0024a210,0x0024A210,0x0024A434,548
FUN_0024a438,0x0024A438,0x0024A5A8,368
FUN_0024a5a8,0x0024A5A8,0x0024A7BC,528
FUN_0024a7c0,0x0024A7C0,0x0024A83C,124
FUN_0024a840,0x0024A840,0x0024A8B0,112
FUN_0024a8b0,0x0024A8B0,0x0024A908,88
FUN_0024a908,0x0024A908,0x0024A9F0,232
FUN_0024a9f0,0x0024A9F0,0x0024AAE4,240
FUN_0024aae8,0x0024AAE8,0x0024AB44,92
FUN_0024ab48,0x0024AB48,0x0024AD44,508
FUN_0024ad48,0x0024AD48,0x0024AEAC,352
FUN_0024aeb0,0x0024AEB0,0x0024AF4C,156
FUN_0024af50,0x0024AF50,0x0024B028,216
FUN_0024b028,0x0024B028,0x0024B2F8,720
FUN_0024b2f8,0x0024B2F8,0x0024B560,612
FUN_0024b560,0x0024B560,0x0024B71C,444
FUN_0024b720,0x0024B720,0x0024B7E8,200
FUN_0024b7e8,0x0024B7E8,0x0024B8B0,200
FUN_0024b8b0,0x0024B8B0,0x0024B98C,220
FUN_0024b990,0x0024B990,0x0024BA48,184
FUN_0024ba48,0x0024BA48,0x0024BCF0,680
FUN_0024bcf0,0x0024BCF0,0x0024BE70,384
FUN_0024be70,0x0024BE70,0x0024BF4C,220
FUN_0024bf50,0x0024BF50,0x0024C000,176
FUN_0024c000,0x0024C000,0x0024C074,116
FUN_0024c078,0x0024C078,0x0024C14C,212
FUN_0024c150,0x0024C150,0x0024C1F0,156
FUN_0024c1f0,0x0024C1F0,0x0024C458,616
FUN_0024c458,0x0024C458,0x0024C4D4,124
FUN_0024c4d8,0x0024C4D8,0x0024C5D0,248
FUN_0024c5d0,0x0024C5D0,0x0024C648,120
FUN_0024c648,0x0024C648,0x0024C6C0,120
FUN_0024c6c0,0x0024C6C0,0x0024C7CC,264
FUN_0024c7d0,0x0024C7D0,0x0024C8C0,236
FUN_0024c8c0,0x0024C8C0,0x0024C8E4,36
FUN_0024c8e8,0x0024C8E8,0x0024CAE8,508
FUN_0024cae8,0x0024CAE8,0x0024CD24,572
FUN_0024cd28,0x0024CD28,0x0024CF0C,480
FUN_0024cf10,0x0024CF10,0x0024D190,640
FUN_0024d190,0x0024D190,0x0024D32C,412
FUN_0024d330,0x0024D330,0x0024D370,64
FUN_0024d370,0x0024D370,0x0024D494,292
FUN_0024d498,0x0024D498,0x0024D560,200
FUN_0024d560,0x0024D560,0x0024D76C,524
FUN_0024d770,0x0024D770,0x0024D8B8,328
FUN_0024d8b8,0x0024D8B8,0x0024DA70,440
FUN_0024da70,0x0024DA70,0x0024DBB8,328
FUN_0024dbb8,0x0024DBB8,0x0024DFB8,1024
FUN_0024dfb8,0x0024DFB8,0x0024E404,1100
FUN_0024e408,0x0024E408,0x0024E5B0,424
FUN_0024e5b0,0x0024E5B0,0x0024E788,472
FUN_0024e788,0x0024E788,0x0024E8D0,324
FUN_0024e8d0,0x0024E8D0,0x0024E914,68
FUN_0024e918,0x0024E918,0x0024E9BC,164
FUN_0024e9c0,0x0024E9C0,0x0024EA64,164
FUN_0024ea68,0x0024EA68,0x0024EB60,248
FUN_0024eb60,0x0024EB60,0x0024EC3C,220
FUN_0024ec40,0x0024EC40,0x0024ECF8,184
FUN_0024ecf8,0x0024ECF8,0x0024EDD0,216
FUN_0024edd0,0x0024EDD0,0x0024EE38,100
FUN_0024ee38,0x0024EE38,0x0024EE9C,96
FUN_0024eea0,0x0024EEA0,0x0024EF2C,140
FUN_0024ef30,0x0024EF30,0x0024F010,224
FUN_0024f010,0x0024F010,0x0024F108,248
FUN_0024f108,0x0024F108,0x0024F170,104
FUN_0024f170,0x0024F170,0x0024F24C,208
FUN_0024f250,0x0024F250,0x0024F468,532
FUN_0024f468,0x0024F468,0x0024F514,172
FUN_0024f518,0x0024F518,0x0024F564,76
FUN_0024f568,0x0024F568,0x0024F5B4,76
FUN_0024f5b8,0x0024F5B8,0x0024F604,76
FUN_0024f608,0x0024F608,0x0024F654,76
FUN_0024f658,0x0024F658,0x0024F6A4,76
FUN_0024f6a8,0x0024F6A8,0x0024F6F4,76
FUN_0024f6f8,0x0024F6F8,0x0024F744,76
FUN_0024f748,0x0024F748,0x0024F794,76
FUN_0024f798,0x0024F798,0x0024F7E4,76
FUN_0024f7e8,0x0024F7E8,0x0024F834,76
FUN_0024f838,0x0024F838,0x0024F884,76
FUN_0024f888,0x0024F888,0x0024F98C,260
FUN_0024f990,0x0024F990,0x0024FA2C,152
FUN_0024fa30,0x0024FA30,0x0024FAC0,144
FUN_0024fac0,0x0024FAC0,0x0024FAE8,40
FUN_0024fae8,0x0024FAE8,0x0024FBE4,252
FUN_0024fbe8,0x0024FBE8,0x0024FE38,592
FUN_0024fe38,0x0024FE38,0x0024FF54,284
FUN_0024ff58,0x0024FF58,0x0024FFB4,92
FUN_0024ffb8,0x0024FFB8,0x0024FFF4,60
FUN_0024fff8,0x0024FFF8,0x0025031C,804
FUN_00250320,0x00250320,0x002504EC,456
FUN_002504f0,0x002504F0,0x00250708,532
FUN_00250708,0x00250708,0x002508F0,488
FUN_002508f0,0x002508F0,0x00250A38,328
FUN_00250a38,0x00250A38,0x00250BDC,420
FUN_00250be0,0x00250BE0,0x00250C68,136
FUN_00250c68,0x00250C68,0x00250CC0,88
FUN_00250cc0,0x00250CC0,0x00250CD4,20
FUN_00250cd8,0x00250CD8,0x00250F60,648
FUN_00250f60,0x00250F60,0x00251270,780
FUN_00251270,0x00251270,0x00251344,212
FUN_00251348,0x00251348,0x002513F0,168
FUN_002513f0,0x002513F0,0x00251638,584
FUN_00251638,0x00251638,0x00251674,60
FUN_00251678,0x00251678,0x002516FC,132
FUN_00251700,0x00251700,0x00251748,72
FUN_00251748,0x00251748,0x002517D4,140
FUN_002517d8,0x002517D8,0x0025184C,116
FUN_00251850,0x00251850,0x002518E8,152
FUN_002518e8,0x002518E8,0x00251A28,320
FUN_00251a28,0x00251A28,0x00251A98,112
FUN_00251a98,0x00251A98,0x00251AF4,92
FUN_00251af8,0x00251AF8,0x00251B38,64
FUN_00251b38,0x00251B38,0x00251B78,64
FUN_00251b78,0x00251B78,0x00251C00,136
FUN_00251c00,0x00251C00,0x00251C7C,120
FUN_00251c80,0x00251C80,0x00252098,1048
FUN_00252098,0x00252098,0x00252150,184
FUN_00252150,0x00252150,0x00252234,224
FUN_00252238,0x00252238,0x00252338,256
FUN_00252338,0x00252338,0x00252470,312
FUN_00252470,0x00252470,0x002525BC,328
FUN_002525c0,0x002525C0,0x00252744,388
FUN_00252748,0x00252748,0x002527F8,172
FUN_002527f8,0x002527F8,0x00252880,132
FUN_00252880,0x00252880,0x002528CC,72
FUN_002528d0,0x002528D0,0x00252920,80
FUN_00252920,0x00252920,0x0025296C,72
FUN_00252970,0x00252970,0x002529C0,80
FUN_002529c0,0x002529C0,0x00252A10,76
FUN_00252a10,0x00252A10,0x00252A60,76
FUN_00252a60,0x00252A60,0x00252AB0,76
FUN_00252ab0,0x00252AB0,0x00252AFC,76
FUN_00252b00,0x00252B00,0x00252B50,80
FUN_00252b50,0x00252B50,0x00252B9C,76
FUN_00252ba0,0x00252BA0,0x00252BF0,76
FUN_00252bf0,0x00252BF0,0x00252D64,368
FUN_00252d68,0x00252D68,0x00252E88,284
FUN_00252e88,0x00252E88,0x00252EF0,100
FUN_00252ef0,0x00252EF0,0x00252EF8,8
FUN_00252ef8,0x00252EF8,0x00252F70,120
FUN_00252f70,0x00252F70,0x00252FDC,108
FUN_00252fe0,0x00252FE0,0x00253190,424
FUN_00253190,0x00253190,0x002531F4,100
FUN_002531f8,0x002531F8,0x00253284,136
FUN_00253288,0x00253288,0x002533AC,288
FUN_002533b0,0x002533B0,0x00253420,112
FUN_00253420,0x00253420,0x002534CC,172
FUN_002534d0,0x002534D0,0x00253510,64
FUN_00253510,0x00253510,0x0025375C,588
FUN_00253760,0x00253760,0x00253888,296
FUN_00253888,0x00253888,0x00253920,152
FUN_00253920,0x00253920,0x002539C0,156
FUN_002539c0,0x002539C0,0x00253A98,212
FUN_00253a98,0x00253A98,0x00253C00,360
FUN_00253c00,0x00253C00,0x00253DF4,492
FUN_00253df8,0x00253DF8,0x00254020,552
FUN_00254020,0x00254020,0x00254250,560
FUN_00254250,0x00254250,0x00254314,196
FUN_00254318,0x00254318,0x00254364,76
FUN_00254368,0x00254368,0x002543B4,76
FUN_002543b8,0x002543B8,0x00254404,76
FUN_00254408,0x00254408,0x00254454,76
FUN_00254458,0x00254458,0x00254510,184
FUN_00254510,0x00254510,0x0025472C,536
FUN_00254730,0x00254730,0x00254A84,848
FUN_00254a88,0x00254A88,0x00254EC8,1084
FUN_00254ec8,0x00254EC8,0x00255024,348
FUN_00255028,0x00255028,0x00255490,1128
FUN_00255490,0x00255490,0x00255A68,1496
FUN_00255a68,0x00255A68,0x00255B64,252
FUN_00255b68,0x00255B68,0x00255B80,24
FUN_00255b80,0x00255B80,0x00255BA4,36
FUN_00255ba8,0x00255BA8,0x00255BD0,40
FUN_00255bd0,0x00255BD0,0x00255C64,144
FUN_00255c68,0x00255C68,0x00255CF8,144
FUN_00255cf8,0x00255CF8,0x00255D0C,20
FUN_00255d10,0x00255D10,0x00255DA4,148
FUN_00255da8,0x00255DA8,0x00255DF4,76
FUN_00255df8,0x00255DF8,0x00255E44,76
FUN_00255e48,0x00255E48,0x00255E68,32
FUN_00255e68,0x00255E68,0x00256130,712
FUN_00256130,0x00256130,0x00256190,96
FUN_00256190,0x00256190,0x0025627C,236
FUN_00256280,0x00256280,0x0025637C,252
FUN_00256380,0x00256380,0x0025641C,156
FUN_00256420,0x00256420,0x002566D4,688
FUN_002566d8,0x002566D8,0x0025696C,660
FUN_00256970,0x00256970,0x002569D4,96
FUN_002569d8,0x002569D8,0x00256A18,64
FUN_00256a18,0x00256A18,0x00256AB0,152
FUN_00256ab0,0x00256AB0,0x00256BC8,280
FUN_00256bc8,0x00256BC8,0x00256CC4,252
FUN_00256cc8,0x00256CC8,0x00256DAC,228
FUN_00256db0,0x00256DB0,0x00256EBC,268
FUN_00256ec0,0x00256EC0,0x00256F44,132
FUN_00256f48,0x00256F48,0x00256F64,28
FUN_00256f68,0x00256F68,0x00256F84,28
FUN_00256f88,0x00256F88,0x00256FD0,72
FUN_00256fd0,0x00256FD0,0x00257048,120
FUN_00257050,0x00257050,0x002571C8,376
FUN_002571d0,0x002571D0,0x00257314,324
FUN_00257320,0x00257320,0x002573E0,188
FUN_002573e0,0x002573E0,0x00257450,112
FUN_00257450,0x00257450,0x00257490,64
FUN_00257490,0x00257490,0x00257498,8
FUN_002574a0,0x002574A0,0x002574B4,20
FUN_002574c0,0x002574C0,0x00257520,96
FUN_00257520,0x00257520,0x00257560,64
thunk_FUN_002599b0,0x00257560,0x00257568,8
FUN_00257570,0x00257570,0x00257584,20
FUN_00257590,0x00257590,0x002578E8,856
FUN_002578f0,0x002578F0,0x00257B84,660
FUN_00257b90,0x00257B90,0x00257B98,8
FUN_00257ba0,0x00257BA0,0x00257BB4,20
FUN_00257bc0,0x00257BC0,0x00257BD4,20
FUN_00257be0,0x00257BE0,0x00257BF4,20
FUN_00257c00,0x00257C00,0x00257C10,16
FUN_00257c10,0x00257C10,0x00257C28,24
FUN_00257c30,0x00257C30,0x00257C48,24
FUN_00257c50,0x00257C50,0x00257C64,20
FUN_00257c70,0x00257C70,0x00257C78,8
FUN_00257c80,0x00257C80,0x00257C8C,12
FUN_00257c90,0x00257C90,0x00257C9C,12
FUN_00257ca0,0x00257CA0,0x00257CB0,16
FUN_00257cb0,0x00257CB0,0x00257CB8,8
FUN_00257cc0,0x00257CC0,0x00257EB8,504
FUN_00257ec0,0x00257EC0,0x00257ED0,16
FUN_00257ed0,0x00257ED0,0x00257ED8,8
FUN_00257ee0,0x00257EE0,0x00257F8C,172
FUN_00257f90,0x00257F90,0x00258000,112
FUN_00258000,0x00258000,0x00258510,1288
FUN_00258510,0x00258510,0x00258568,88
FUN_00258570,0x00258570,0x002585A0,48
FUN_002585a0,0x002585A0,0x002585F4,84
FUN_00258600,0x00258600,0x0025864C,76
FUN_00258650,0x00258650,0x00258720,208
FUN_00258720,0x00258720,0x00258740,32
FUN_00258740,0x00258740,0x0025891C,476
FUN_00258920,0x00258920,0x00258B3C,540
FUN_00258b40,0x00258B40,0x00258BD0,144
FUN_00258bd0,0x00258BD0,0x00258C40,112
FUN_00258c40,0x00258C40,0x00258CE0,160
FUN_00258ce0,0x00258CE0,0x00258E5C,380
FUN_00258e60,0x00258E60,0x00258E74,20
FUN_00258e80,0x00258E80,0x00258F1C,156
FUN_00258f20,0x00258F20,0x0025909C,380
FUN_002590a0,0x002590A0,0x00259230,400
FUN_00259230,0x00259230,0x0025923C,12
FUN_00259240,0x00259240,0x0025924C,12
FUN_00259250,0x00259250,0x002597A8,1360
FUN_002597b0,0x002597B0,0x002599A4,500
FUN_002599b0,0x002599B0,0x00259A2C,124
FUN_00259a30,0x00259A30,0x00259AE8,184
FUN_00259af0,0x00259AF0,0x00259B3C,76
FUN_00259b40,0x00259B40,0x00259B8C,76
FUN_00259b90,0x00259B90,0x00259D20,400
FUN_00259d20,0x00259D20,0x00259EE0,448
FUN_00259ee0,0x00259EE0,0x00259FFC,284
FUN_0025a000,0x0025A000,0x0025A11C,284
FUN_0025a120,0x0025A120,0x0025A2E4,440
FUN_0025a2f0,0x0025A2F0,0x0025A388,148
FUN_0025a390,0x0025A390,0x0025A5CC,572
FUN_0025a5d0,0x0025A5D0,0x0025A714,324
FUN_0025a720,0x0025A720,0x0025A8E4,448
FUN_0025a8f0,0x0025A8F0,0x0025AA28,312
FUN_0025aa30,0x0025AA30,0x0025AB68,312
FUN_0025ab70,0x0025AB70,0x0025ACA8,312
FUN_0025acb0,0x0025ACB0,0x0025ADF4,324
FUN_0025ae00,0x0025AE00,0x0025AF08,264
FUN_0025af10,0x0025AF10,0x0025B024,276
FUN_0025b030,0x0025B030,0x0025B2B0,628
FUN_0025b2b0,0x0025B2B0,0x0025B2B8,8
FUN_0025b2c0,0x0025B2C0,0x0025B2D4,20
FUN_0025b2e0,0x0025B2E0,0x0025B2E8,8
FUN_0025b2f0,0x0025B2F0,0x0025B2F8,8
FUN_0025b300,0x0025B300,0x0025B540,572
FUN_0025b540,0x0025B540,0x0025B578,56
FUN_0025b580,0x0025B580,0x0025B918,920
FUN_0025b920,0x0025B920,0x0025B928,8
FUN_0025b930,0x0025B930,0x0025B938,8
FUN_0025b940,0x0025B940,0x0025B948,8
FUN_0025b950,0x0025B950,0x0025B958,8
FUN_0025b960,0x0025B960,0x0025B974,20
FUN_0025b980,0x0025B980,0x0025B994,20
FUN_0025b9a0,0x0025B9A0,0x0025B9B4,20
FUN_0025b9c0,0x0025B9C0,0x0025B9CC,12
FUN_0025b9d0,0x0025B9D0,0x0025BA4C,124
FUN_0025ba50,0x0025BA50,0x0025BACC,124
FUN_0025bad0,0x0025BAD0,0x0025BAD8,8
FUN_0025bae0,0x0025BAE0,0x0025BB20,64
FUN_0025bb20,0x0025BB20,0x0025BB44,36
FUN_0025bb50,0x0025BB50,0x0025BBD8,136
FUN_0025bbe0,0x0025BBE0,0x0025BC00,32
FUN_0025bc00,0x0025BC00,0x0025BC20,32
FUN_0025bc20,0x0025BC20,0x0025C5F0,2512
FUN_0025c5f0,0x0025C5F0,0x0025C6D8,232
FUN_0025c6e0,0x0025C6E0,0x0025C878,404
FUN_0025c880,0x0025C880,0x0025CB00,636
FUN_0025cb00,0x0025CB00,0x0025CBD0,208
FUN_0025cbd0,0x0025CBD0,0x0025CC68,152
FUN_0025cc70,0x0025CC70,0x0025CC80,16
FUN_0025cc80,0x0025CC80,0x0025CCA8,40
FUN_0025ccb0,0x0025CCB0,0x0025D22C,1396
FUN_0025d230,0x0025D230,0x0025D268,56
FUN_0025d270,0x0025D270,0x0025D2A8,56
FUN_0025d2b0,0x0025D2B0,0x0025D330,124
FUN_0025d330,0x0025D330,0x0025D3C4,148
FUN_0025d3d0,0x0025D3D0,0x0025D484,172
FUN_0025d490,0x0025D490,0x0025D548,184
FUN_0025d550,0x0025D550,0x0025D5BC,108
FUN_0025d5c0,0x0025D5C0,0x0025DCD4,1800
FUN_0025dce0,0x0025DCE0,0x0025DCF0,16
FUN_0025dcf0,0x0025DCF0,0x0025DD40,80
FUN_0025dd40,0x0025DD40,0x0025DE00,192
FUN_0025de00,0x0025DE00,0x0025DE88,132
FUN_0025de90,0x0025DE90,0x0025E1C4,800
FUN_0025e1d0,0x0025E1D0,0x0025E224,80
FUN_0025e230,0x0025E230,0x0025E2C8,148
FUN_0025e2d0,0x0025E2D0,0x0025E358,136
FUN_0025e360,0x0025E360,0x0025E3C8,104
FUN_0025e3d0,0x0025E3D0,0x0025E3F0,32
FUN_0025e3f0,0x0025E3F0,0x0025E51C,300
FUN_0025e520,0x0025E520,0x0025E5FC,220
FUN_0025e600,0x0025E600,0x0025E628,40
FUN_0025e630,0x0025E630,0x0025E6A0,112
FUN_0025e6a0,0x0025E6A0,0x0025E6C8,40
FUN_0025e6d0,0x0025E6D0,0x0025E798,200
FUN_0025e7a0,0x0025E7A0,0x0025E960,444
FUN_0025e960,0x0025E960,0x0025EC50,732
FUN_0025ec50,0x0025EC50,0x0025ED50,256
FUN_0025ed50,0x0025ED50,0x0025EDDC,140
FUN_0025ede0,0x0025EDE0,0x0025EEBC,216
FUN_0025eec0,0x0025EEC0,0x0025EF34,116
FUN_0025ef40,0x0025EF40,0x0025F04C,268
FUN_0025f050,0x0025F050,0x0025F138,232
FUN_0025f140,0x0025F140,0x0025F1B0,112
FUN_0025f1b0,0x0025F1B0,0x0025F3C0,520
FUN_0025f3c0,0x0025F3C0,0x0025F87C,1200
FUN_0025f880,0x0025F880,0x0025F954,200
FUN_0025f960,0x0025F960,0x0025F9A8,72
FUN_0025f9b0,0x0025F9B0,0x0025FE6C,1192
FUN_0025fe70,0x0025FE70,0x002606F0,2156
FUN_002606f0,0x002606F0,0x00260904,520
FUN_00260910,0x00260910,0x00260B40,556
FUN_00260b40,0x00260B40,0x00260FA8,1116
FUN_00260fb0,0x00260FB0,0x00261080,208
FUN_00261080,0x00261080,0x002612F4,624
FUN_00261300,0x00261300,0x00261368,104
FUN_00261370,0x00261370,0x0026254C,4512
FUN_00262550,0x00262550,0x0026268C,312
FUN_00262690,0x00262690,0x002633A0,3308
FUN_002633a0,0x002633A0,0x00263498,248
FUN_002634a0,0x002634A0,0x00263728,648
FUN_00263730,0x00263730,0x00263888,340
FUN_00263890,0x00263890,0x00263A9C,524
FUN_00263aa0,0x00263AA0,0x00263B24,128
FUN_00263b30,0x00263B30,0x00263BE0,176
FUN_00263be0,0x00263BE0,0x00263E20,568
FUN_00263e20,0x00263E20,0x00263F90,368
FUN_00263f90,0x00263F90,0x002642E4,848
FUN_002642f0,0x002642F0,0x0026457C,644
FUN_00264580,0x00264580,0x00264610,140
FUN_00264610,0x00264610,0x00264A34,1052
FUN_00264a40,0x00264A40,0x00264CA4,608
FUN_00264cb0,0x00264CB0,0x002656F0,2600
FUN_002656f0,0x002656F0,0x002659C0,712
FUN_002659c0,0x002659C0,0x00265F14,1348
FUN_00265f20,0x00265F20,0x00266320,1016
FUN_00266320,0x00266320,0x00266824,1268
FUN_00266830,0x00266830,0x00267760,3856
FUN_00267760,0x00267760,0x002677CC,108
FUN_002677d0,0x002677D0,0x00267808,56
caseD_6,0x00267808,0x0026781C,20
caseD_0,0x00267820,0x0026783C,28
caseD_1,0x00267840,0x0026785C,28
caseD_2,0x00267860,0x0026787C,28
caseD_3,0x00267880,0x0026789C,28
caseD_4,0x002678A0,0x002678BC,28
caseD_5,0x002678C0,0x002678F0,36
FUN_002678f0,0x002678F0,0x002679E0,240
FUN_002679e0,0x002679E0,0x002679F0,16
FUN_002679f0,0x002679F0,0x00267A58,104
FUN_00267a60,0x00267A60,0x00267AB0,76
FUN_00267ab0,0x00267AB0,0x00267DBC,768
FUN_00267dc0,0x00267DC0,0x00267E20,96
FUN_00267e20,0x00267E20,0x00267E6C,76
FUN_00267e70,0x00267E70,0x00267F94,284
FUN_00267fa0,0x00267FA0,0x002681BC,540
FUN_002681c0,0x002681C0,0x00268244,128
FUN_00268250,0x00268250,0x00268258,8
FUN_00268260,0x00268260,0x0026835C,252
FUN_00268360,0x00268360,0x002683A8,72
FUN_002683b0,0x002683B0,0x002684C8,280
FUN_002684d0,0x002684D0,0x00268514,68
FUN_00268520,0x00268520,0x00268680,348
FUN_00268680,0x00268680,0x00268790,272
FUN_00268790,0x00268790,0x00268928,408
FUN_00268930,0x00268930,0x0026895C,44
FUN_00268960,0x00268960,0x00268A18,184
FUN_00268a20,0x00268A20,0x00268A60,64
FUN_00268a60,0x00268A60,0x00268B98,308
FUN_00268ba0,0x00268BA0,0x00268BF4,80
FUN_00268c00,0x00268C00,0x00268ED4,724
FUN_00268ee0,0x00268EE0,0x00268F80,160
FUN_00268f80,0x00268F80,0x00269124,412
FUN_00269130,0x00269130,0x00269170,60
FUN_00269170,0x00269170,0x00269224,180
FUN_00269230,0x00269230,0x0026941C,488
FUN_00269420,0x00269420,0x0026951C,232
FUN_00269520,0x00269520,0x0026962C,260
FUN_00269630,0x00269630,0x00269714,220
FUN_00269720,0x00269720,0x00269800,220
FUN_00269800,0x00269800,0x00269928,288
FUN_00269930,0x00269930,0x00269B00,448
FUN_00269b00,0x00269B00,0x00269CB8,428
FUN_00269cc0,0x00269CC0,0x00269D08,72
FUN_00269d10,0x00269D10,0x00269D50,64
FUN_00269d50,0x00269D50,0x00269D6C,28
FUN_00269d70,0x00269D70,0x00269D84,20
FUN_00269d90,0x00269D90,0x00269DA0,16
FUN_00269da0,0x00269DA0,0x0026A03C,648
FUN_0026a040,0x0026A040,0x0026A0F8,172
FUN_0026a100,0x0026A100,0x0026A168,104
FUN_0026a170,0x0026A170,0x0026A1B8,72
FUN_0026a1c0,0x0026A1C0,0x0026A250,144
FUN_0026a250,0x0026A250,0x0026A450,500
FUN_0026a450,0x0026A450,0x0026A490,64
FUN_0026a490,0x0026A490,0x0026A6D4,572
FUN_0026a6e0,0x0026A6E0,0x0026A844,356
FUN_0026a850,0x0026A850,0x0026A868,24
FUN_0026a870,0x0026A870,0x0026A88C,28
FUN_0026a890,0x0026A890,0x0026A8B0,32
FUN_0026a8b0,0x0026A8B0,0x0026A8DC,44
FUN_0026a8e0,0x0026A8E0,0x0026AA24,316
FUN_0026aa30,0x0026AA30,0x0026AC1C,480
FUN_0026ac20,0x0026AC20,0x0026ADA0,376
FUN_0026ada0,0x0026ADA0,0x0026AE20,128
FUN_0026ae20,0x0026AE20,0x0026B020,484
FUN_0026b020,0x0026B020,0x0026B028,8
FUN_0026b030,0x0026B030,0x0026B06C,60
FUN_0026b070,0x0026B070,0x0026B0C8,88
FUN_0026b0d0,0x0026B0D0,0x0026B120,80
FUN_0026b120,0x0026B120,0x0026B19C,124
FUN_0026b1a0,0x0026B1A0,0x0026B428,648
FUN_0026b430,0x0026B430,0x0026B5D8,424
FUN_0026b5e0,0x0026B5E0,0x0026B9B4,968
FUN_0026b9c0,0x0026B9C0,0x0026BAA8,232
FUN_0026bab0,0x0026BAB0,0x0026BC48,408
FUN_0026bc50,0x0026BC50,0x0026BE84,564
FUN_0026be90,0x0026BE90,0x0026BF0C,124
FUN_0026bf10,0x0026BF10,0x0026C0F4,484
FUN_0026c100,0x0026C100,0x0026C170,112
FUN_0026c170,0x0026C170,0x0026C1D0,96
FUN_0026c1d0,0x0026C1D0,0x0026C240,112
FUN_0026c240,0x0026C240,0x0026C2E0,156
FUN_0026c2e0,0x0026C2E0,0x0026C3D4,240
FUN_0026c3e0,0x0026C3E0,0x0026C470,144
FUN_0026c470,0x0026C470,0x0026C484,20
FUN_0026c490,0x0026C490,0x0026C4A4,20
FUN_0026c4b0,0x0026C4B0,0x0026C4C4,20
FUN_0026c4d0,0x0026C4D0,0x0026C4E4,20
FUN_0026c4f0,0x0026C4F0,0x0026C600,268
FUN_0026c600,0x0026C600,0x0026C7CC,444
FUN_0026c7d0,0x0026C7D0,0x0026C814,68
FUN_0026c820,0x0026C820,0x0026C860,64
FUN_0026c860,0x0026C860,0x0026C8C8,104
FUN_0026c8d0,0x0026C8D0,0x0026C8D8,8
FUN_0026c8e0,0x0026C8E0,0x0026C8E8,8
FUN_0026c8f0,0x0026C8F0,0x0026C99C,164
FUN_0026c9a0,0x0026C9A0,0x0026C9E8,72
FUN_0026c9f0,0x0026C9F0,0x0026CA48,88
FUN_0026ca50,0x0026CA50,0x0026CA98,72
FUN_0026caa0,0x0026CAA0,0x0026CBD4,300
FUN_0026cbe0,0x0026CBE0,0x0026CC04,36
FUN_0026cc10,0x0026CC10,0x0026CC80,112
FUN_0026cc80,0x0026CC80,0x0026D144,1208
FUN_0026d150,0x0026D150,0x0026D2E8,408
FUN_0026d2f0,0x0026D2F0,0x0026D2F8,8
FUN_0026d300,0x0026D300,0x0026D368,104
FUN_0026d370,0x0026D370,0x0026D554,484
FUN_0026d560,0x0026D560,0x0026D864,772
FUN_0026d870,0x0026D870,0x0026D940,208
FUN_0026d940,0x0026D940,0x0026DEA0,1364
FUN_0026dea0,0x0026DEA0,0x0026E2D0,1060
FUN_0026e2d0,0x0026E2D0,0x0026E2F0,32
FUN_0026e2f0,0x0026E2F0,0x0026E4B4,444
FUN_0026e4c0,0x0026E4C0,0x0026E64C,396
FUN_0026e650,0x0026E650,0x0026E7B8,356
FUN_0026e7c0,0x0026E7C0,0x0026E8F8,308
FUN_0026e900,0x0026E900,0x0026EA1C,284
FUN_0026ea20,0x0026EA20,0x0026EB28,260
FUN_0026eb30,0x0026EB30,0x0026EC60,300
FUN_0026ec60,0x0026EC60,0x0026ECAC,76
FUN_0026ecb0,0x0026ECB0,0x0026ECFC,76
FUN_0026ed00,0x0026ED00,0x0026ED54,84
FUN_0026ed60,0x0026ED60,0x0026EDAC,76
FUN_0026edb0,0x0026EDB0,0x0026EDFC,76
FUN_0026ee00,0x0026EE00,0x0026EE64,96
FUN_0026ee70,0x0026EE70,0x0026F114,672
FUN_0026f120,0x0026F120,0x0026F210,240
FUN_0026f210,0x0026F210,0x0026F428,528
FUN_0026f430,0x0026F430,0x0026F4E0,172
FUN_0026f4e0,0x0026F4E0,0x0026F820,816
FUN_0026f820,0x0026F820,0x0026F828,8
FUN_0026f830,0x0026F830,0x0026FA7C,584
FUN_0026fa80,0x0026FA80,0x0026FBE8,356
FUN_0026fbf0,0x0026FBF0,0x0026FD20,300
FUN_0026fd20,0x0026FD20,0x0026FE90,368
FUN_0026fe90,0x0026FE90,0x0026FF18,136
FUN_0026ff20,0x0026FF20,0x0027021C,748
FUN_00270220,0x00270220,0x002703C4,412
FUN_002703d0,0x002703D0,0x00270460,140
FUN_00270460,0x00270460,0x0027056C,268
FUN_00270570,0x00270570,0x002707B4,568
FUN_002707c0,0x002707C0,0x00270960,412
FUN_00270960,0x00270960,0x002709A4,68
FUN_002709b0,0x002709B0,0x00270BB0,504
FUN_00270bb0,0x00270BB0,0x00270BB8,8
FUN_00270bc0,0x00270BC0,0x00270BE0,32
FUN_00270be0,0x00270BE0,0x00270E40,596
FUN_00270e40,0x00270E40,0x00270EF0,172
FUN_00270ef0,0x00270EF0,0x00271108,512
FUN_00271110,0x00271110,0x0027124C,312
FUN_00271250,0x00271250,0x00271384,296
FUN_00271390,0x00271390,0x002713E8,88
FUN_002713f0,0x002713F0,0x00271498,168
FUN_002714a0,0x002714A0,0x00271644,404
FUN_00271650,0x00271650,0x0027174C,252
FUN_00271750,0x00271750,0x002717B4,100
FUN_002717c0,0x002717C0,0x00271824,100
FUN_00271830,0x00271830,0x00271890,96
FUN_00271890,0x00271890,0x002718F0,96
FUN_002718f0,0x002718F0,0x00271950,96
FUN_00271950,0x00271950,0x002719B0,96
FUN_002719b0,0x002719B0,0x00271AD8,296
FUN_00271ae0,0x00271AE0,0x00271B2C,76
FUN_00271b30,0x00271B30,0x00271EE0,936
FUN_00271ee0,0x00271EE0,0x002720DC,496
FUN_002720e0,0x002720E0,0x002721B8,212
FUN_002721c0,0x002721C0,0x00272298,212
FUN_002722a0,0x002722A0,0x00272390,232
FUN_00272390,0x00272390,0x00272478,228
FUN_00272480,0x00272480,0x00272558,212
FUN_00272560,0x00272560,0x00272638,208
FUN_00272640,0x00272640,0x00272718,204
FUN_00272720,0x00272720,0x002727F8,208
FUN_00272800,0x00272800,0x00272860,96
FUN_00272860,0x00272860,0x002728D0,112
FUN_002728d0,0x002728D0,0x00272914,68
FUN_00272920,0x00272920,0x00272988,104
FUN_00272990,0x00272990,0x002729F8,104
FUN_00272a00,0x00272A00,0x00272A60,96
FUN_00272a60,0x00272A60,0x00272A90,48
FUN_00272a90,0x00272A90,0x00272B18,136
FUN_00272b20,0x00272B20,0x00272BA8,136
FUN_00272bb0,0x00272BB0,0x00272C2C,124
FUN_00272c30,0x00272C30,0x002732BC,1656
FUN_002732c0,0x002732C0,0x0027331C,92
FUN_00273320,0x00273320,0x002734A4,388
FUN_002734b0,0x002734B0,0x00273778,704
FUN_00273780,0x00273780,0x00273944,452
FUN_00273950,0x00273950,0x00273958,8
FUN_00273960,0x00273960,0x00273974,20
FUN_00273980,0x00273980,0x002739A4,36
FUN_002739b0,0x002739B0,0x002739F4,68
FUN_00273a00,0x00273A00,0x00273A48,64
FUN_00273a50,0x00273A50,0x00273EDC,1152
FUN_00273ee0,0x00273EE0,0x00273F88,168
FUN_00273f90,0x00273F90,0x00274078,232
FUN_00274080,0x00274080,0x002740D8,88
FUN_002740e0,0x002740E0,0x002742EC,500
FUN_002742f0,0x002742F0,0x002742F8,8
FUN_00274300,0x00274300,0x00274308,8
FUN_00274310,0x00274310,0x0027436C,92
FUN_00274370,0x00274370,0x002743CC,92
FUN_002743d0,0x002743D0,0x0027442C,92
FUN_00274430,0x00274430,0x0027448C,92
FUN_00274490,0x00274490,0x002744EC,92
FUN_002744f0,0x002744F0,0x00274590,160
FUN_00274590,0x00274590,0x002745A0,16
FUN_002745a0,0x002745A0,0x00274854,672
FUN_00274860,0x00274860,0x00274868,8
FUN_00274870,0x00274870,0x00274930,184
FUN_00274930,0x00274930,0x0027493C,12
FUN_00274940,0x00274940,0x00274BF8,688
FUN_00274c00,0x00274C00,0x00274D54,340
FUN_00274d60,0x00274D60,0x00274DB0,76
FUN_00274db0,0x00274DB0,0x00274FB8,516
FUN_00274fc0,0x00274FC0,0x00275128,352
FUN_00275130,0x00275130,0x00275348,536
FUN_00275350,0x00275350,0x002756A0,844
FUN_002756a0,0x002756A0,0x00275764,196
FUN_00275770,0x00275770,0x00275D24,1432
FUN_00275d30,0x00275D30,0x00275EF0,420
FUN_00275ef0,0x00275EF0,0x00276080,396
FUN_00276080,0x00276080,0x00276194,272
FUN_002761a0,0x002761A0,0x0027657C,964
FUN_00276580,0x00276580,0x002766AC,292
FUN_002766b0,0x002766B0,0x00276778,200
FUN_00276780,0x00276780,0x00276AF0,876
FUN_00276af0,0x00276AF0,0x00276C54,356
FUN_00276c60,0x00276C60,0x00276CDC,124
FUN_00276ce0,0x00276CE0,0x00276DBC,216
FUN_00276dc0,0x00276DC0,0x00276ED4,276
FUN_00276ee0,0x00276EE0,0x00276F34,84
FUN_00276f40,0x00276F40,0x00276F7C,60
FUN_00276f80,0x00276F80,0x00276FF0,112
FUN_00276ff0,0x00276FF0,0x00277148,344
FUN_00277150,0x00277150,0x00277218,200
FUN_00277220,0x00277220,0x002772B8,152
FUN_002772c0,0x002772C0,0x00277300,64
FUN_00277300,0x00277300,0x00277384,132
FUN_00277390,0x00277390,0x002773F4,96
FUN_00277400,0x00277400,0x00277420,32
FUN_00277420,0x00277420,0x0027742C,12
FUN_00277430,0x00277430,0x002774B4,132
FUN_002774c0,0x002774C0,0x00277550,144
FUN_00277550,0x00277550,0x002775E0,144
FUN_002775e0,0x002775E0,0x00277608,40
FUN_00277610,0x00277610,0x00277634,36
FUN_00277640,0x00277640,0x002776A8,104
FUN_002776b0,0x002776B0,0x002776D4,36
FUN_002776e0,0x002776E0,0x002777C0,224
FUN_002777c0,0x002777C0,0x002777EC,44
FUN_002777f0,0x002777F0,0x00277908,276
FUN_00277910,0x00277910,0x00277930,32
FUN_00277930,0x00277930,0x00277950,32
FUN_00277950,0x00277950,0x0027795C,12
FUN_00277960,0x00277960,0x0027796C,12
FUN_00277970,0x00277970,0x00277AA8,312
FUN_00277ab0,0x00277AB0,0x00277BE8,312
FUN_00277bf0,0x00277BF0,0x00277D50,348
FUN_00277d50,0x00277D50,0x00277DC4,116
FUN_00277dd0,0x00277DD0,0x00278020,584
FUN_00278020,0x00278020,0x00278040,32
FUN_00278040,0x00278040,0x00278060,32
FUN_00278060,0x00278060,0x00278098,56
FUN_002780a0,0x002780A0,0x002781FC,340
FUN_00278200,0x00278200,0x0027836C,352
FUN_00278370,0x00278370,0x002784D0,348
FUN_002784d0,0x002784D0,0x00278748,612
FUN_00278750,0x00278750,0x00278980,520
FUN_00278980,0x00278980,0x00278C14,644
FUN_00278c20,0x00278C20,0x00278CFC,220
FUN_00278d00,0x00278D00,0x00278D24,36
FUN_00278d30,0x00278D30,0x00278D54,36
FUN_00278d60,0x00278D60,0x00278DE8,136
FUN_00278df0,0x00278DF0,0x00278EA0,176
thunk_FUN_002c3550,0x00278EA0,0x00278EA8,8
FUN_00278eb0,0x00278EB0,0x002791E0,792
FUN_002791e0,0x002791E0,0x002793FC,524
FUN_00279400,0x00279400,0x00279488,136
FUN_00279490,0x00279490,0x002795C4,308
FUN_002795d0,0x002795D0,0x002795D8,8
FUN_002795e0,0x002795E0,0x00279784,420
FUN_00279790,0x00279790,0x002797B4,36
FUN_002797c0,0x002797C0,0x002797E4,36
FUN_002797f0,0x002797F0,0x002798D8,228
FUN_002798e0,0x002798E0,0x00279974,148
FUN_00279980,0x00279980,0x00279A14,148
FUN_00279a20,0x00279A20,0x00279AAC,140
FUN_00279ab0,0x00279AB0,0x00279B44,148
FUN_00279b50,0x00279B50,0x00279BF0,160
FUN_00279bf0,0x00279BF0,0x00279D50,340
FUN_00279d50,0x00279D50,0x00279E0C,188
FUN_00279e10,0x00279E10,0x00279EA4,148
FUN_00279eb0,0x00279EB0,0x00279F44,148
FUN_00279f50,0x00279F50,0x00279FA4,84
FUN_00279fb0,0x00279FB0,0x0027A044,148
FUN_0027a050,0x0027A050,0x0027A0A4,84
FUN_0027a0b0,0x0027A0B0,0x0027A0D4,36
FUN_0027a0e0,0x0027A0E0,0x0027A1BC,216
FUN_0027a1c0,0x0027A1C0,0x0027A250,144
FUN_0027a250,0x0027A250,0x0027A278,40
FUN_0027a280,0x0027A280,0x0027A2A4,36
FUN_0027a2b0,0x0027A2B0,0x0027A2D4,36
FUN_0027a2e0,0x0027A2E0,0x0027A304,36
FUN_0027a310,0x0027A310,0x0027A390,128
FUN_0027a390,0x0027A390,0x0027A3B4,36
FUN_0027a3c0,0x0027A3C0,0x0027A3E4,36
FUN_0027a3f0,0x0027A3F0,0x0027A414,36
FUN_0027a420,0x0027A420,0x0027A50C,228
FUN_0027a510,0x0027A510,0x0027A5D4,192
FUN_0027a5e0,0x0027A5E0,0x0027A6B4,208
FUN_0027a6c0,0x0027A6C0,0x0027A740,128
FUN_0027a740,0x0027A740,0x0027A828,228
FUN_0027a830,0x0027A830,0x0027A83C,12
FUN_0027a840,0x0027A840,0x0027A884,68
FUN_0027a890,0x0027A890,0x0027A910,128
FUN_0027a910,0x0027A910,0x0027A91C,12
FUN_0027a920,0x0027A920,0x0027A944,36
FUN_0027a950,0x0027A950,0x0027A9F4,164
FUN_0027aa00,0x0027AA00,0x0027AA24,36
FUN_0027aa30,0x0027AA30,0x0027AA54,36
FUN_0027aa60,0x0027AA60,0x0027AA6C,12
FUN_0027aa70,0x0027AA70,0x0027AB2C,184
FUN_0027ab30,0x0027AB30,0x0027AD60,552
FUN_0027ad60,0x0027AD60,0x0027AFF0,656
FUN_0027aff0,0x0027AFF0,0x0027AFFC,12
FUN_0027b000,0x0027B000,0x0027B0DC,220
FUN_0027b0e0,0x0027B0E0,0x0027B188,164
FUN_0027b190,0x0027B190,0x0027B1B4,36
FUN_0027b1c0,0x0027B1C0,0x0027B1F4,52
FUN_0027b200,0x0027B200,0x0027B260,96
FUN_0027b260,0x0027B260,0x0027B2C0,96
FUN_0027b2c0,0x0027B2C0,0x0027B2F4,52
FUN_0027b300,0x0027B300,0x0027B334,52
FUN_0027b340,0x0027B340,0x0027B3C8,136
FUN_0027b3d0,0x0027B3D0,0x0027B420,80
FUN_0027b420,0x0027B420,0x0027B788,852
FUN_0027b790,0x0027B790,0x0027B95C,460
FUN_0027b960,0x0027B960,0x0027BF10,1420
FUN_0027bf10,0x0027BF10,0x0027BF8C,124
FUN_0027bf90,0x0027BF90,0x0027C06C,216
FUN_0027c070,0x0027C070,0x0027C160,232
FUN_0027c160,0x0027C160,0x0027C258,248
FUN_0027c260,0x0027C260,0x0027C358,248
FUN_0027c360,0x0027C360,0x0027C458,248
FUN_0027c460,0x0027C460,0x0027C74C,720
FUN_0027c750,0x0027C750,0x0027C7D4,128
FUN_0027c7e0,0x0027C7E0,0x0027C7E8,8
FUN_0027c7f0,0x0027C7F0,0x0027C8CC,220
FUN_0027c8d0,0x0027C8D0,0x0027C9E8,280
FUN_0027c9f0,0x0027C9F0,0x0027CAE8,248
FUN_0027caf0,0x0027CAF0,0x0027CB78,136
FUN_0027cb80,0x0027CB80,0x0027CBA8,40
FUN_0027cbb0,0x0027CBB0,0x0027CBEC,60
FUN_0027cbf0,0x0027CBF0,0x0027D06C,1148
FUN_0027d070,0x0027D070,0x0027D100,140
FUN_0027d100,0x0027D100,0x0027D160,96
FUN_0027d160,0x0027D160,0x0027D184,36
FUN_0027d190,0x0027D190,0x0027D1F0,96
FUN_0027d1f0,0x0027D1F0,0x0027D214,36
FUN_0027d220,0x0027D220,0x0027D248,40
FUN_0027d250,0x0027D250,0x0027D270,32
FUN_0027d270,0x0027D270,0x0027D308,152
FUN_0027d310,0x0027D310,0x0027D390,128
FUN_0027d390,0x0027D390,0x0027D440,176
FUN_0027d440,0x0027D440,0x0027D4C0,128
FUN_0027d4c0,0x0027D4C0,0x0027D540,128
FUN_0027d540,0x0027D540,0x0027D688,324
FUN_0027d690,0x0027D690,0x0027D730,160
FUN_0027d730,0x0027D730,0x0027D7D0,160
FUN_0027d7d0,0x0027D7D0,0x0027D81C,72
FUN_0027d820,0x0027D820,0x0027D8BC,156
FUN_0027d8c0,0x0027D8C0,0x0027D900,64
FUN_0027d900,0x0027D900,0x0027DA94,404
FUN_0027daa0,0x0027DAA0,0x0027DB3C,156
FUN_0027db40,0x0027DB40,0x0027DC74,308
FUN_0027dc80,0x0027DC80,0x0027DC88,8
FUN_0027dc90,0x0027DC90,0x0027DCB4,36
FUN_0027dcc0,0x0027DCC0,0x0027DD14,80
FUN_0027dd20,0x0027DD20,0x0027DDE0,192
FUN_0027dde0,0x0027DDE0,0x0027DEA0,192
FUN_0027dea0,0x0027DEA0,0x0027DFD8,312
FUN_0027dfe0,0x0027DFE0,0x0027E108,296
FUN_0027e110,0x0027E110,0x0027E11C,12
FUN_0027e120,0x0027E120,0x0027E198,120
FUN_0027e1a0,0x0027E1A0,0x0027E1AC,12
FUN_0027e1b0,0x0027E1B0,0x0027E1BC,12
FUN_0027e1c0,0x0027E1C0,0x0027E2A4,228
FUN_0027e2b0,0x0027E2B0,0x0027E380,208
FUN_0027e380,0x0027E380,0x0027E414,140
FUN_0027e420,0x0027E420,0x0027E4C0,160
FUN_0027e4c0,0x0027E4C0,0x0027E534,116
FUN_0027e540,0x0027E540,0x0027E5B4,116
FUN_0027e5c0,0x0027E5C0,0x0027E608,72
FUN_0027e610,0x0027E610,0x0027E6CC,180
FUN_0027e6d0,0x0027E6D0,0x0027E6DC,12
FUN_0027e6e0,0x0027E6E0,0x0027E718,52
FUN_0027e720,0x0027E720,0x0027EB04,988
FUN_0027eb10,0x0027EB10,0x0027EB48,56
FUN_0027eb50,0x0027EB50,0x0027EC58,260
FUN_0027ec60,0x0027EC60,0x0027ED1C,188
FUN_0027ed20,0x0027ED20,0x0027ED90,112
FUN_0027ed90,0x0027ED90,0x0027EDEC,92
FUN_0027edf0,0x0027EDF0,0x0027EF04,276
FUN_0027ef10,0x0027EF10,0x0027EF60,80
FUN_0027ef60,0x0027EF60,0x0027EF6C,12
FUN_0027ef70,0x0027EF70,0x0027EFF0,128
FUN_0027eff0,0x0027EFF0,0x0027F184,400
FUN_0027f190,0x0027F190,0x0027F248,184
FUN_0027f250,0x0027F250,0x0027F3E8,408
FUN_0027f3f0,0x0027F3F0,0x0027F460,112
FUN_0027f460,0x0027F460,0x0027F584,280
FUN_0027f590,0x0027F590,0x0027F758,456
FUN_0027f760,0x0027F760,0x0027F7CC,108
FUN_0027f7d0,0x0027F7D0,0x0027F7DC,12
FUN_0027f7e0,0x0027F7E0,0x0027F7EC,12
FUN_0027f7f0,0x0027F7F0,0x0027F7FC,12
FUN_0027f800,0x0027F800,0x0027F80C,12
FUN_0027f810,0x0027F810,0x0027F820,16
FUN_0027f820,0x0027F820,0x0027FA3C,540
FUN_0027fa40,0x0027FA40,0x0027FB38,248
FUN_0027fb40,0x0027FB40,0x0027FBC0,128
FUN_0027fbc0,0x0027FBC0,0x0027FD64,412
FUN_0027fd70,0x0027FD70,0x0027FF00,392
FUN_0027ff00,0x0027FF00,0x0027FF20,32
FUN_0027ff20,0x0027FF20,0x0027FFB0,144
FUN_0027ffb0,0x0027FFB0,0x00280040,144
FUN_00280040,0x00280040,0x002800B4,112
FUN_002800c0,0x002800C0,0x002801C0,256
FUN_002801c0,0x002801C0,0x00280554,888
FUN_00280560,0x00280560,0x00280768,516
FUN_00280770,0x00280770,0x00280784,20
FUN_00280790,0x00280790,0x002808C8,308
thunk_FUN_0038d770,0x002808D0,0x002808D8,8
FUN_002808e0,0x002808E0,0x00280D5C,1124
FUN_00280d60,0x00280D60,0x00280E90,292
FUN_00280e90,0x00280E90,0x00281030,416
FUN_00281030,0x00281030,0x0028103C,12
FUN_00281040,0x00281040,0x0028104C,12
FUN_00281050,0x00281050,0x0028105C,12
FUN_00281060,0x00281060,0x0028106C,12
FUN_00281070,0x00281070,0x0028107C,12
FUN_00281080,0x00281080,0x0028108C,12
FUN_00281090,0x00281090,0x00281160,208
FUN_00281160,0x00281160,0x002815C8,1108
FUN_002815d0,0x002815D0,0x0028194C,888
FUN_00281950,0x00281950,0x00281A6C,280
FUN_00281a70,0x00281A70,0x00281BBC,332
FUN_00281bc0,0x00281BC0,0x00281BE0,32
FUN_00281be0,0x00281BE0,0x00281D38,344
FUN_00281d40,0x00281D40,0x00282140,1012
FUN_00282140,0x00282140,0x00282408,692
thunk_FUN_00282140,0x00282410,0x00282418,8
FUN_00282420,0x00282420,0x002824F4,212
FUN_00282500,0x00282500,0x002825D4,212
FUN_002825e0,0x002825E0,0x002826B4,212
FUN_002826c0,0x002826C0,0x002827DC,284
FUN_002827e0,0x002827E0,0x002828AC,204
FUN_002828b0,0x002828B0,0x0028297C,204
FUN_00282980,0x00282980,0x00282A88,264
FUN_00282a90,0x00282A90,0x00282C14,384
FUN_00282c20,0x00282C20,0x00282EB0,640
FUN_00282eb0,0x00282EB0,0x00282F20,112
FUN_00282f20,0x00282F20,0x00283168,580
FUN_00283170,0x00283170,0x00283B48,2516
FUN_00283b50,0x00283B50,0x00283E54,768
FUN_00283e60,0x00283E60,0x00284120,700
FUN_00284120,0x00284120,0x00284358,560
FUN_00284360,0x00284360,0x0028463C,732
FUN_00284640,0x00284640,0x002846F0,172
FUN_002846f0,0x002846F0,0x00284720,48
FUN_00284720,0x00284720,0x00284B40,1052
FUN_00284b40,0x00284B40,0x00284B94,84
FUN_00284ba0,0x00284BA0,0x00284DC0,540
FUN_00284dc0,0x00284DC0,0x00285230,1124
FUN_00285230,0x00285230,0x002852AC,124
FUN_002852b0,0x002852B0,0x002855A0,752
FUN_002855a0,0x002855A0,0x00285658,184
FUN_00285660,0x00285660,0x002858A4,576
FUN_002858b0,0x002858B0,0x00285A4C,412
FUN_00285a50,0x00285A50,0x00285BB0,352
FUN_00285bb0,0x00285BB0,0x00285CD0,284
FUN_00285cd0,0x00285CD0,0x00285CD8,8
FUN_00285ce0,0x00285CE0,0x00285D30,80
FUN_00285d30,0x00285D30,0x00286158,1056
FUN_00286160,0x00286160,0x002869C8,2124
FUN_002869d0,0x002869D0,0x00286B74,416
FUN_00286b80,0x00286B80,0x00286C88,252
FUN_00286c90,0x00286C90,0x00286D40,168
FUN_00286d40,0x00286D40,0x00286D68,40
FUN_00286d70,0x00286D70,0x00286D84,20
FUN_00286d90,0x00286D90,0x00286DAC,28
FUN_00286db0,0x00286DB0,0x00286E1C,108
FUN_00286e20,0x00286E20,0x00286E50,48
FUN_00286e50,0x00286E50,0x00287210,940
FUN_00287210,0x00287210,0x002874E8,724
FUN_002874f0,0x002874F0,0x00287550,92
FUN_00287550,0x00287550,0x002875C4,116
FUN_002875d0,0x002875D0,0x00287614,68
FUN_00287620,0x00287620,0x002884B8,3668
FUN_002884c0,0x002884C0,0x00288504,68
FUN_00288510,0x00288510,0x002885A8,152
FUN_002885b0,0x002885B0,0x00288658,168
FUN_00288660,0x00288660,0x0028869C,60
FUN_002886a0,0x002886A0,0x002886B8,24
FUN_002886c0,0x002886C0,0x00288704,68
FUN_00288710,0x00288710,0x00288750,64
FUN_00288750,0x00288750,0x002888C8,352
FUN_002888d0,0x002888D0,0x0028891C,76
FUN_00288920,0x00288920,0x0028892C,12
FUN_00288930,0x00288930,0x0028893C,12
FUN_00288940,0x00288940,0x002889B8,120
FUN_002889c0,0x002889C0,0x00288B78,440
FUN_00288b80,0x00288B80,0x00288D88,520
FUN_00288d90,0x00288D90,0x00288F9C,524
FUN_00288fa0,0x00288FA0,0x00289010,112
FUN_00289010,0x00289010,0x00289050,64
FUN_00289050,0x00289050,0x00289058,8
FUN_00289060,0x00289060,0x00289074,20
FUN_00289080,0x00289080,0x002890F0,112
FUN_002890f0,0x002890F0,0x00289130,64
FUN_00289130,0x00289130,0x00289138,8
FUN_00289140,0x00289140,0x00289154,20
FUN_00289160,0x00289160,0x002891D0,112
FUN_002891d0,0x002891D0,0x00289210,64
FUN_00289210,0x00289210,0x00289218,8
FUN_00289220,0x00289220,0x00289234,20
FUN_00289240,0x00289240,0x002892A0,84
FUN_002892a0,0x002892A0,0x002892AC,12
FUN_002892b0,0x002892B0,0x002892BC,12
FUN_002892c0,0x002892C0,0x002892CC,12
FUN_002892d0,0x002892D0,0x002892F0,32
FUN_002892f0,0x002892F0,0x00289304,20
FUN_00289310,0x00289310,0x00289380,112
FUN_00289380,0x00289380,0x00289468,232
FUN_00289470,0x00289470,0x00289568,244
FUN_00289570,0x00289570,0x002897C8,596
FUN_002897d0,0x002897D0,0x00289898,192
FUN_002898a0,0x002898A0,0x00289A28,392
FUN_00289a30,0x00289A30,0x00289B48,280
FUN_00289b50,0x00289B50,0x00289BAC,92
FUN_00289bb0,0x00289BB0,0x00289DBC,520
FUN_00289dc0,0x00289DC0,0x00289E14,84
FUN_00289e20,0x00289E20,0x00289FE8,456
FUN_00289ff0,0x00289FF0,0x0028A060,112
FUN_0028a060,0x0028A060,0x0028A100,160
FUN_0028a100,0x0028A100,0x0028A258,344
FUN_0028a260,0x0028A260,0x0028A368,264
FUN_0028a370,0x0028A370,0x0028A468,248
FUN_0028a470,0x0028A470,0x0028A4E0,112
FUN_0028a4e0,0x0028A4E0,0x0028A520,64
FUN_0028a520,0x0028A520,0x0028A528,8
FUN_0028a530,0x0028A530,0x0028A544,20
FUN_0028a550,0x0028A550,0x0028A5BC,108
FUN_0028a5c0,0x0028A5C0,0x0028A85C,664
FUN_0028a860,0x0028A860,0x0028A9EC,396
FUN_0028a9f0,0x0028A9F0,0x0028AA1C,44
FUN_0028aa20,0x0028AA20,0x0028AAB8,148
FUN_0028aac0,0x0028AAC0,0x0028AB10,80
FUN_0028ab10,0x0028AB10,0x0028ACD4,448
FUN_0028ace0,0x0028ACE0,0x0028AD40,96
FUN_0028ad40,0x0028AD40,0x0028ADA0,96
FUN_0028ada0,0x0028ADA0,0x0028AE38,148
FUN_0028ae40,0x0028AE40,0x0028AFE0,416
FUN_0028afe0,0x0028AFE0,0x0028B0E0,256
FUN_0028b0e0,0x0028B0E0,0x0028B14C,108
FUN_0028b150,0x0028B150,0x0028B270,288
FUN_0028b270,0x0028B270,0x0028B448,472
FUN_0028b450,0x0028B450,0x0028B4B8,104
FUN_0028b4c0,0x0028B4C0,0x0028B580,192
FUN_0028b580,0x0028B580,0x0028B5C0,64
FUN_0028b5c0,0x0028B5C0,0x0028B5C8,8
FUN_0028b5d0,0x0028B5D0,0x0028B5E4,20
FUN_0028b5f0,0x0028B5F0,0x0028B670,128
FUN_0028b670,0x0028B670,0x0028B6D0,96
FUN_0028b6d0,0x0028B6D0,0x0028BAFC,1068
FUN_0028bb00,0x0028BB00,0x0028BC50,336
FUN_0028bc50,0x0028BC50,0x0028BC90,64
FUN_0028bc90,0x0028BC90,0x0028BCD8,72
FUN_0028bce0,0x0028BCE0,0x0028BD60,128
FUN_0028bd60,0x0028BD60,0x0028BDCC,104
FUN_0028bdd0,0x0028BDD0,0x0028BDF0,32
FUN_0028bdf0,0x0028BDF0,0x0028BEE4,244
FUN_0028bef0,0x0028BEF0,0x0028C15C,608
FUN_0028c160,0x0028C160,0x0028C1D4,116
FUN_0028c1e0,0x0028C1E0,0x0028C1E8,8
FUN_0028c1f0,0x0028C1F0,0x0028C21C,44
FUN_0028c220,0x0028C220,0x0028C244,36
FUN_0028c250,0x0028C250,0x0028C374,292
FUN_0028c380,0x0028C380,0x0028C4EC,360
FUN_0028c4f0,0x0028C4F0,0x0028C6E0,488
FUN_0028c6e0,0x0028C6E0,0x0028C7B4,212
FUN_0028c7c0,0x0028C7C0,0x0028C9E0,524
FUN_0028c9e0,0x0028C9E0,0x0028CC10,560
FUN_0028cc10,0x0028CC10,0x0028CEA0,648
FUN_0028cea0,0x0028CEA0,0x0028CFA4,260
FUN_0028cfb0,0x0028CFB0,0x0028CFB8,8
FUN_0028cfc0,0x0028CFC0,0x0028D01C,92
FUN_0028d020,0x0028D020,0x0028D094,116
FUN_0028d0a0,0x0028D0A0,0x0028D164,188
FUN_0028d170,0x0028D170,0x0028D3E8,620
FUN_0028d3f0,0x0028D3F0,0x0028D450,92
FUN_0028d450,0x0028D450,0x0028D568,268
FUN_0028d570,0x0028D570,0x0028D598,40
FUN_0028d5a0,0x0028D5A0,0x0028D670,208
FUN_0028d670,0x0028D670,0x0028D77C,268
FUN_0028d780,0x0028D780,0x0028D7E8,104
FUN_0028d7f0,0x0028D7F0,0x0028D858,104
FUN_0028d860,0x0028D860,0x0028D93C,220
FUN_0028d940,0x0028D940,0x0028D9F8,184
FUN_0028da00,0x0028DA00,0x0028DC88,644
FUN_0028dc90,0x0028DC90,0x0028DFB0,796
FUN_0028dfb0,0x0028DFB0,0x0028DFB8,8
FUN_0028dfc0,0x0028DFC0,0x0028E040,128
FUN_0028e040,0x0028E040,0x0028E0D0,144
FUN_0028e0d0,0x0028E0D0,0x0028E1B0,224
FUN_0028e1b0,0x0028E1B0,0x0028E284,212
FUN_0028e290,0x0028E290,0x0028E364,212
FUN_0028e370,0x0028E370,0x0028E3D8,104
FUN_0028e3e0,0x0028E3E0,0x0028E480,160
FUN_0028e480,0x0028E480,0x0028E52C,172
FUN_0028e530,0x0028E530,0x0028E77C,588
FUN_0028e780,0x0028E780,0x0028E7B0,48
FUN_0028e7b0,0x0028E7B0,0x0028E878,196
FUN_0028e880,0x0028E880,0x0028E978,248
FUN_0028e980,0x0028E980,0x0028EA00,128
FUN_0028ea00,0x0028EA00,0x0028EB60,352
FUN_0028eb60,0x0028EB60,0x0028EB68,8
FUN_0028eb70,0x0028EB70,0x0028EBD8,104
FUN_0028ebe0,0x0028EBE0,0x0028EC20,64
FUN_0028ec20,0x0028EC20,0x0028EC28,8
FUN_0028ec30,0x0028EC30,0x0028ECEC,188
FUN_0028ecf0,0x0028ECF0,0x0028EDC8,212
FUN_0028edd0,0x0028EDD0,0x0028EE80,176
FUN_0028ee80,0x0028EE80,0x0028EECC,76
FUN_0028eed0,0x0028EED0,0x0028EF2C,92
FUN_0028ef30,0x0028EF30,0x0028F00C,220
FUN_0028f010,0x0028F010,0x0028F084,116
FUN_0028f090,0x0028F090,0x0028F0C8,56
FUN_0028f0d0,0x0028F0D0,0x0028F118,68
FUN_0028f120,0x0028F120,0x0028F148,40
FUN_0028f150,0x0028F150,0x0028F190,64
FUN_0028f190,0x0028F190,0x0028F1A4,20
FUN_0028f1b0,0x0028F1B0,0x0028F1D8,40
FUN_0028f1e0,0x0028F1E0,0x0028F218,56
FUN_0028f220,0x0028F220,0x0028F31C,252
FUN_0028f320,0x0028F320,0x0028F368,72
FUN_0028f370,0x0028F370,0x0028F430,184
FUN_0028f430,0x0028F430,0x0028F4B0,128
FUN_0028f4b0,0x0028F4B0,0x0028F52C,124
FUN_0028f530,0x0028F530,0x0028F5BC,140
FUN_0028f5c0,0x0028F5C0,0x0028F760,416
FUN_0028f760,0x0028F760,0x0028F804,164
FUN_0028f810,0x0028F810,0x0028F954,324
FUN_0028f960,0x0028F960,0x0028F9D0,112
FUN_0028f9d0,0x0028F9D0,0x0028FA4C,124
FUN_0028fa50,0x0028FA50,0x0028FADC,140
FUN_0028fae0,0x0028FAE0,0x0028FC64,384
FUN_0028fc70,0x0028FC70,0x0028FCC8,88
FUN_0028fcd0,0x0028FCD0,0x0028FD5C,140
FUN_0028fd60,0x0028FD60,0x0028FE08,168
FUN_0028fe10,0x0028FE10,0x0028FF00,240
FUN_0028ff00,0x0028FF00,0x0028FFC4,196
FUN_0028ffd0,0x0028FFD0,0x00290114,324
FUN_00290120,0x00290120,0x002901E0,192
FUN_002901e0,0x002901E0,0x00290240,96
FUN_00290240,0x00290240,0x00290284,68
FUN_00290290,0x00290290,0x00290340,176
FUN_00290340,0x00290340,0x00290360,32
FUN_00290360,0x00290360,0x00290368,8
FUN_00290370,0x00290370,0x00290448,212
FUN_00290450,0x00290450,0x002904D8,136
FUN_002904e0,0x002904E0,0x002904E8,8
FUN_002904f0,0x002904F0,0x00290600,268
FUN_00290600,0x00290600,0x002906F4,240
FUN_00290700,0x00290700,0x00290830,304
FUN_00290830,0x00290830,0x00290890,96
FUN_00290890,0x00290890,0x002909E8,340
FUN_002909f0,0x002909F0,0x00290A94,164
FUN_00290aa0,0x00290AA0,0x00290B0C,108
FUN_00290b10,0x00290B10,0x00290B1C,12
FUN_00290b20,0x00290B20,0x00290B2C,12
FUN_00290b30,0x00290B30,0x00290B78,72
FUN_00290b80,0x00290B80,0x00290BC8,72
FUN_00290bd0,0x00290BD0,0x00290BF8,40
FUN_00290c00,0x00290C00,0x00290C28,40
FUN_00290c30,0x00290C30,0x00290D0C,216
FUN_00290d10,0x00290D10,0x00290DE4,212
FUN_00290df0,0x00290DF0,0x00291050,608
FUN_00291050,0x00291050,0x00291180,304
FUN_00291180,0x00291180,0x002911A8,40
FUN_002911b0,0x002911B0,0x002912BC,268
FUN_002912c0,0x002912C0,0x002913E8,296
FUN_002913f0,0x002913F0,0x0029148C,156
FUN_00291490,0x00291490,0x00291548,184
FUN_00291550,0x00291550,0x002915A0,80
FUN_002915a0,0x002915A0,0x002915F0,80
FUN_002915f0,0x002915F0,0x002918A8,696
FUN_002918b0,0x002918B0,0x00292298,2500
FUN_002922a0,0x002922A0,0x00292410,368
FUN_00292410,0x00292410,0x00293530,4304
FUN_00293530,0x00293530,0x00293540,16
FUN_00293540,0x00293540,0x002935AC,104
FUN_002935b0,0x002935B0,0x002935E0,48
FUN_002935e0,0x002935E0,0x002936B0,208
FUN_002936b0,0x002936B0,0x002936D0,32
FUN_002936d0,0x002936D0,0x0029373C,104
FUN_00293740,0x00293740,0x00293780,64
FUN_00293780,0x00293780,0x002937FC,120
FUN_00293800,0x00293800,0x00293884,128
FUN_00293890,0x00293890,0x002939B0,288
FUN_002939b0,0x002939B0,0x00293A78,200
FUN_00293a80,0x00293A80,0x00293EB4,1076
FUN_00293ec0,0x00293EC0,0x00293F90,204
FUN_00293f90,0x00293F90,0x00294064,212
FUN_00294070,0x00294070,0x002948C4,2128
FUN_002948d0,0x002948D0,0x00294A28,336
FUN_00294a30,0x00294A30,0x00294AC0,144
FUN_00294ac0,0x00294AC0,0x00294B34,116
FUN_00294b40,0x00294B40,0x00294F3C,1012
FUN_00294f40,0x00294F40,0x00295258,792
FUN_00295260,0x00295260,0x00295610,936
FUN_00295610,0x00295610,0x00295654,68
FUN_00295660,0x00295660,0x002956DC,124
FUN_002956e0,0x002956E0,0x00295AE8,1016
thunk_FUN_002956e0,0x00295AF0,0x00295AF8,8
FUN_00295b00,0x00295B00,0x00295F10,1028
FUN_00295f10,0x00295F10,0x00295F18,8
FUN_00295f20,0x00295F20,0x002964EC,1480
FUN_002964f0,0x002964F0,0x00296F04,2524
FUN_00296f10,0x00296F10,0x0029740C,1268
FUN_00297410,0x00297410,0x00297A24,1548
FUN_00297a30,0x00297A30,0x002980CC,1668
FUN_002980d0,0x002980D0,0x00299138,4152
FUN_00299140,0x00299140,0x0029914C,12
FUN_00299150,0x00299150,0x002991B8,104
FUN_002991c0,0x002991C0,0x00299320,352
FUN_00299320,0x00299320,0x002994D4,420
FUN_002994e0,0x002994E0,0x002996FC,540
FUN_00299700,0x00299700,0x002997E4,228
FUN_002997f0,0x002997F0,0x002998EC,248
FUN_002998f0,0x002998F0,0x00299C00,772
FUN_00299c00,0x00299C00,0x00299C0C,12
FUN_00299c10,0x00299C10,0x00299C40,48
FUN_00299c40,0x00299C40,0x00299EC8,648
FUN_00299ed0,0x00299ED0,0x0029A180,688
FUN_0029a180,0x0029A180,0x0029A3F0,624
FUN_0029a3f0,0x0029A3F0,0x0029A658,616
FUN_0029a660,0x0029A660,0x0029A950,744
FUN_0029a950,0x0029A950,0x0029AE4C,1264
FUN_0029ae50,0x0029AE50,0x0029B0C0,620
FUN_0029b0c0,0x0029B0C0,0x0029B2E4,540
FUN_0029b2f0,0x0029B2F0,0x0029B330,64
FUN_0029b330,0x0029B330,0x0029B3B8,136
FUN_0029b3c0,0x0029B3C0,0x0029B570,428
FUN_0029b570,0x0029B570,0x0029B5CC,92
FUN_0029b5d0,0x0029B5D0,0x0029B8C4,756
FUN_0029b8d0,0x0029B8D0,0x0029BA94,448
FUN_0029baa0,0x0029BAA0,0x0029BB90,236
FUN_0029bb90,0x0029BB90,0x0029BBB0,32
FUN_0029bbb0,0x0029BBB0,0x0029BC1C,104
FUN_0029bc20,0x0029BC20,0x0029BC8C,108
FUN_0029bc90,0x0029BC90,0x0029BDE8,344
FUN_0029bdf0,0x0029BDF0,0x0029BF68,376
FUN_0029bf70,0x0029BF70,0x0029CBA8,3112
FUN_0029cbb0,0x0029CBB0,0x0029CD14,356
FUN_0029cd20,0x0029CD20,0x0029CEB8,408
FUN_0029cec0,0x0029CEC0,0x0029CF04,64
FUN_0029cf10,0x0029CF10,0x0029CF70,96
FUN_0029cf70,0x0029CF70,0x0029CFC0,80
FUN_0029cfc0,0x0029CFC0,0x0029D07C,188
FUN_0029d080,0x0029D080,0x0029D158,212
FUN_0029d160,0x0029D160,0x0029D1E8,128
FUN_0029d1f0,0x0029D1F0,0x0029D26C,124
FUN_0029d270,0x0029D270,0x0029D33C,204
FUN_0029d340,0x0029D340,0x0029D3BC,124
FUN_0029d3c0,0x0029D3C0,0x0029D674,692
FUN_0029d680,0x0029D680,0x0029D688,8
FUN_0029d690,0x0029D690,0x0029D7A4,276
FUN_0029d7b0,0x0029D7B0,0x0029D854,164
FUN_0029d860,0x0029D860,0x0029D890,48
FUN_0029d870,0x0029D870,0x0029D890,32
FUN_0029d880,0x0029D880,0x0029D890,16
FUN_0029d890,0x0029D890,0x0029D898,8
FUN_0029d8a0,0x0029D8A0,0x0029D8E4,68
FUN_0029d8f0,0x0029D8F0,0x0029D910,32
FUN_0029d910,0x0029D910,0x0029D9B0,160
FUN_0029d9b0,0x0029D9B0,0x0029DA14,100
FUN_0029da20,0x0029DA20,0x0029DA40,32
FUN_0029da40,0x0029DA40,0x0029DA60,32
FUN_0029da60,0x0029DA60,0x0029DA80,32
FUN_0029da80,0x0029DA80,0x0029DAD0,76
FUN_0029dad0,0x0029DAD0,0x0029DB48,120
FUN_0029db50,0x0029DB50,0x0029DC30,224
FUN_0029dc30,0x0029DC30,0x0029DCE4,180
FUN_0029dcf0,0x0029DCF0,0x0029DE88,408
FUN_0029de90,0x0029DE90,0x0029DF98,260
FUN_0029dfa0,0x0029DFA0,0x0029E054,180
FUN_0029e060,0x0029E060,0x0029E068,8
FUN_0029e070,0x0029E070,0x0029E078,8
FUN_0029e080,0x0029E080,0x0029E0C4,68
FUN_0029e0d0,0x0029E0D0,0x0029E160,144
FUN_0029e160,0x0029E160,0x0029E274,252
FUN_0029e280,0x0029E280,0x0029E324,160
FUN_0029e330,0x0029E330,0x0029E3DC,172
FUN_0029e3e0,0x0029E3E0,0x0029E470,144
FUN_0029e470,0x0029E470,0x0029E4E0,112
FUN_0029e4e0,0x0029E4E0,0x0029E590,176
FUN_0029e590,0x0029E590,0x0029E670,216
FUN_0029e670,0x0029E670,0x0029E678,8
FUN_0029e680,0x0029E680,0x0029E688,8
FUN_0029e690,0x0029E690,0x0029E698,8
FUN_0029e6a0,0x0029E6A0,0x0029E6A8,8
FUN_0029e6b0,0x0029E6B0,0x0029E730,128
FUN_0029e730,0x0029E730,0x0029E8A4,368
FUN_0029e8b0,0x0029E8B0,0x0029E8E0,48
FUN_0029e8e0,0x0029E8E0,0x0029E8E8,8
FUN_0029e8f0,0x0029E8F0,0x0029E8F8,8
FUN_0029e900,0x0029E900,0x0029E908,8
FUN_0029e910,0x0029E910,0x0029E930,32
FUN_0029e930,0x0029E930,0x0029E950,32
FUN_0029e950,0x0029E950,0x0029E970,32
FUN_0029e970,0x0029E970,0x0029EAF0,384
FUN_0029eaf0,0x0029EAF0,0x0029EC14,292
FUN_0029ec20,0x0029EC20,0x0029EC40,32
FUN_0029ec40,0x0029EC40,0x0029EC48,8
FUN_0029ec50,0x0029EC50,0x0029EC58,8
FUN_0029ec60,0x0029EC60,0x0029EC68,8
FUN_0029ec70,0x0029EC70,0x0029ECDC,108
FUN_0029ece0,0x0029ECE0,0x0029ED08,40
FUN_0029ed10,0x0029ED10,0x0029ED18,8
FUN_0029ed20,0x0029ED20,0x0029ED28,8
FUN_0029ed30,0x0029ED30,0x0029EE08,216
FUN_0029ee10,0x0029EE10,0x0029F180,880
FUN_0029f180,0x0029F180,0x0029F194,20
FUN_0029f1a0,0x0029F1A0,0x0029F348,424
FUN_0029f350,0x0029F350,0x0029F430,224
FUN_0029f430,0x0029F430,0x0029F510,224
FUN_0029f510,0x0029F510,0x0029F608,248
FUN_0029f610,0x0029F610,0x0029F848,568
FUN_0029f850,0x0029F850,0x0029F9F0,416
FUN_0029f9f0,0x0029F9F0,0x0029FB0C,284
FUN_0029fb10,0x0029FB10,0x0029FBB4,160
FUN_0029fbc0,0x0029FBC0,0x0029FC0C,76
FUN_0029fc10,0x0029FC10,0x0029FCA8,152
FUN_0029fcb0,0x0029FCB0,0x0029FD7C,204
FUN_0029fd80,0x0029FD80,0x0029FDC4,68
FUN_0029fdd0,0x0029FDD0,0x0029FE48,120
FUN_0029fe50,0x0029FE50,0x0029FE60,16
FUN_0029fe60,0x0029FE60,0x0029FE6C,12
FUN_0029fe70,0x0029FE70,0x0029FF54,224
FUN_0029ff60,0x0029FF60,0x0029FFC8,104
FUN_0029ffd0,0x0029FFD0,0x002A0088,184
FUN_002a0090,0x002A0090,0x002A0098,8
FUN_002a00a0,0x002A00A0,0x002A00AC,12
FUN_002a00b0,0x002A00B0,0x002A00BC,12
FUN_002a00c0,0x002A00C0,0x002A0120,96
FUN_002a0120,0x002A0120,0x002A0158,56
FUN_002a0160,0x002A0160,0x002A0188,40
FUN_002a0190,0x002A0190,0x002A0200,108
FUN_002a0200,0x002A0200,0x002A0308,264
FUN_002a0310,0x002A0310,0x002A0450,316
FUN_002a0450,0x002A0450,0x002A08B8,1100
FUN_002a08c0,0x002A08C0,0x002A0A08,328
FUN_002a0a10,0x002A0A10,0x002A0DD8,964
FUN_002a0de0,0x002A0DE0,0x002A0F6C,396
FUN_002a0f70,0x002A0F70,0x002A10C0,332
FUN_002a10c0,0x002A10C0,0x002A1134,116
FUN_002a1140,0x002A1140,0x002A1160,32
FUN_002a1160,0x002A1160,0x002A120C,172
FUN_002a1210,0x002A1210,0x002A12D4,196
FUN_002a12e0,0x002A12E0,0x002A187C,1408
FUN_002a1880,0x002A1880,0x002A19A8,296
FUN_002a19b0,0x002A19B0,0x002A19B8,8
FUN_002a19c0,0x002A19C0,0x002A1AD0,272
FUN_002a1ad0,0x002A1AD0,0x002A21CC,1776
FUN_002a21d0,0x002A21D0,0x002A236C,412
FUN_002a2370,0x002A2370,0x002A2508,400
FUN_002a2510,0x002A2510,0x002A2554,68
FUN_002a2560,0x002A2560,0x002A2664,260
FUN_002a2670,0x002A2670,0x002A2678,8
FUN_002a2680,0x002A2680,0x002A2688,8
FUN_002a2690,0x002A2690,0x002A2698,8
FUN_002a26a0,0x002A26A0,0x002A26A8,8
FUN_002a26b0,0x002A26B0,0x002A26B8,8
FUN_002a26c0,0x002A26C0,0x002A26C8,8
FUN_002a26d0,0x002A26D0,0x002A26D8,8
FUN_002a26e0,0x002A26E0,0x002A26F0,16
FUN_002a26f0,0x002A26F0,0x002A2720,48
FUN_002a2720,0x002A2720,0x002A2728,8
FUN_002a2730,0x002A2730,0x002A2738,8
FUN_002a2740,0x002A2740,0x002A278C,76
FUN_002a2790,0x002A2790,0x002A27D4,68
FUN_002a27e0,0x002A27E0,0x002A28F0,272
FUN_002a28f0,0x002A28F0,0x002A2AB4,452
FUN_002a2ac0,0x002A2AC0,0x002A2B0C,76
FUN_002a2b10,0x002A2B10,0x002A2B80,112
FUN_002a2b80,0x002A2B80,0x002A2BC0,64
FUN_002a2bc0,0x002A2BC0,0x002A2BC8,8
FUN_002a2bd0,0x002A2BD0,0x002A2BE4,20
FUN_002a2bf0,0x002A2BF0,0x002A2BF8,8
FUN_002a2c00,0x002A2C00,0x002A2C64,100
FUN_002a2c70,0x002A2C70,0x002A2D10,156
FUN_002a2d10,0x002A2D10,0x002A2D40,48
FUN_002a2d40,0x002A2D40,0x002A2E28,228
FUN_002a2e30,0x002A2E30,0x002A2EB0,128
FUN_002a2eb0,0x002A2EB0,0x002A3170,704
FUN_002a3170,0x002A3170,0x002A3924,1960
FUN_002a3930,0x002A3930,0x002A3944,20
FUN_002a3950,0x002A3950,0x002A3AE8,408
FUN_002a3af0,0x002A3AF0,0x002A3AF8,8
FUN_002a3b00,0x002A3B00,0x002A3B08,8
FUN_002a3b10,0x002A3B10,0x002A3B18,8
FUN_002a3b20,0x002A3B20,0x002A3B28,8
FUN_002a3b30,0x002A3B30,0x002A3B90,96
FUN_002a3b90,0x002A3B90,0x002A3BB4,36
FUN_002a3bc0,0x002A3BC0,0x002A3E1C,604
FUN_002a3e20,0x002A3E20,0x002A3E58,56
FUN_002a3e60,0x002A3E60,0x002A4050,492
FUN_002a4050,0x002A4050,0x002A41E4,400
FUN_002a41f0,0x002A41F0,0x002A4268,120
FUN_002a4270,0x002A4270,0x002A4284,20
FUN_002a4290,0x002A4290,0x002A429C,12
FUN_002a42a0,0x002A42A0,0x002A42A8,8
FUN_002a42b0,0x002A42B0,0x002A45E8,820
FUN_002a45f0,0x002A45F0,0x002A47AC,436
FUN_002a47b0,0x002A47B0,0x002A4918,356
FUN_002a4920,0x002A4920,0x002A4A08,232
FUN_002a4a10,0x002A4A10,0x002A4C98,644
FUN_002a4ca0,0x002A4CA0,0x002A4D24,132
FUN_002a4d30,0x002A4D30,0x002A5290,1368
FUN_002a5290,0x002A5290,0x002A54D8,580
FUN_002a54e0,0x002A54E0,0x002A633C,3676
FUN_002a6340,0x002A6340,0x002A6950,1552
FUN_002a6950,0x002A6950,0x002A695C,12
FUN_002a6960,0x002A6960,0x002A6AB8,340
FUN_002a6ac0,0x002A6AC0,0x002A6ACC,12
FUN_002a6ad0,0x002A6AD0,0x002A6B90,188
FUN_002a6b90,0x002A6B90,0x002A6C48,184
FUN_002a6c50,0x002A6C50,0x002A729C,1608
FUN_002a72a0,0x002A72A0,0x002A72D0,48
FUN_002a72d0,0x002A72D0,0x002A7334,100
FUN_002a7340,0x002A7340,0x002A73AC,108
FUN_002a73b0,0x002A73B0,0x002A7414,100
FUN_002a7420,0x002A7420,0x002A7484,100
FUN_002a7490,0x002A7490,0x002A749C,12
FUN_002a74a0,0x002A74A0,0x002A750C,108
FUN_002a7510,0x002A7510,0x002A755C,76
FUN_002a7560,0x002A7560,0x002A75F0,144
FUN_002a75f0,0x002A75F0,0x002A76C4,212
FUN_002a76d0,0x002A76D0,0x002A7D34,1636
FUN_002a7d40,0x002A7D40,0x002A8134,1012
FUN_002a8140,0x002A8140,0x002A8B64,2588
FUN_002a8b68,0x002A8B68,0x002A8B88,32
FUN_002a8b88,0x002A8B88,0x002A8C88,256
FUN_002a8c90,0x002A8C90,0x002A8F28,664
FUN_002a8f30,0x002A8F30,0x002A8F44,20
FUN_002a8f50,0x002A8F50,0x002A90EC,412
FUN_002a90f0,0x002A90F0,0x002A920C,280
FUN_002a9210,0x002A9210,0x002A9260,80
FUN_002a9260,0x002A9260,0x002A94E0,636
FUN_002a94e0,0x002A94E0,0x002A9548,104
FUN_002a9550,0x002A9550,0x002A9678,296
FUN_002a9680,0x002A9680,0x002A96B0,48
FUN_002a96b0,0x002A96B0,0x002A97B8,264
FUN_002a97c0,0x002A97C0,0x002A9894,212
FUN_002a98a0,0x002A98A0,0x002A9A70,464
FUN_002a9a70,0x002A9A70,0x002A9B30,192
FUN_002a9b30,0x002A9B30,0x002A9EDC,932
FUN_002a9ee0,0x002A9EE0,0x002A9EE8,8
FUN_002a9ef0,0x002A9EF0,0x002A9EF8,8
FUN_002a9f00,0x002A9F00,0x002A9F2C,44
FUN_002a9f30,0x002A9F30,0x002AA488,1348
FUN_002aa490,0x002AA490,0x002AA888,1008
FUN_002aa890,0x002AA890,0x002AA90C,124
FUN_002aa910,0x002AA910,0x002AAB00,496
FUN_002aab00,0x002AAB00,0x002AAB20,32
FUN_002aab20,0x002AAB20,0x002AB254,1836
FUN_002ab260,0x002AB260,0x002AB35C,252
FUN_002ab360,0x002AB360,0x002AB3E4,132
FUN_002ab3f0,0x002AB3F0,0x002AB9F4,1536
FUN_002aba00,0x002ABA00,0x002ABA60,96
FUN_002aba60,0x002ABA60,0x002ABAA0,64
thunk_FUN_002afbb0,0x002ABAA0,0x002ABAA8,8
FUN_002abab0,0x002ABAB0,0x002ABAC4,20
FUN_002abad0,0x002ABAD0,0x002ABD3C,616
FUN_002abd40,0x002ABD40,0x002AC05C,796
FUN_002ac060,0x002AC060,0x002AC0D4,116
FUN_002ac0e0,0x002AC0E0,0x002AC404,804
FUN_002ac410,0x002AC410,0x002ACA24,1552
FUN_002aca30,0x002ACA30,0x002ACAC8,144
FUN_002acad0,0x002ACAD0,0x002ACC08,312
FUN_002acc10,0x002ACC10,0x002AD290,1652
FUN_002ad290,0x002AD290,0x002AD934,1700
FUN_002ad940,0x002AD940,0x002ADBBC,636
FUN_002adbc0,0x002ADBC0,0x002ADF10,844
FUN_002adf10,0x002ADF10,0x002AE050,320
FUN_002ae050,0x002AE050,0x002AE340,736
FUN_002ae340,0x002AE340,0x002AE39C,92
FUN_002ae3a0,0x002AE3A0,0x002AE4E8,328
FUN_002ae4f0,0x002AE4F0,0x002AE510,32
FUN_002ae510,0x002AE510,0x002AE57C,104
FUN_002ae580,0x002AE580,0x002AE5AC,44
FUN_002ae5b0,0x002AE5B0,0x002AE754,412
FUN_002ae760,0x002AE760,0x002AE7C4,96
FUN_002ae7d0,0x002AE7D0,0x002AE820,80
FUN_002ae820,0x002AE820,0x002AE968,328
FUN_002ae970,0x002AE970,0x002AE9EC,124
FUN_002ae9f0,0x002AE9F0,0x002AEA6C,120
FUN_002aea70,0x002AEA70,0x002AEAF4,128
FUN_002aeb00,0x002AEB00,0x002AEBA0,160
FUN_002aeba0,0x002AEBA0,0x002AEC1C,120
FUN_002aec20,0x002AEC20,0x002AECA4,128
FUN_002aecb0,0x002AECB0,0x002AECC0,16
FUN_002aecc0,0x002AECC0,0x002AED2C,104
FUN_002aed30,0x002AED30,0x002AED40,16
FUN_002aed40,0x002AED40,0x002AEF90,588
FUN_002aef90,0x002AEF90,0x002AF18C,508
FUN_002af190,0x002AF190,0x002AF358,448
FUN_002af360,0x002AF360,0x002AF408,168
FUN_002af410,0x002AF410,0x002AF550,312
FUN_002af550,0x002AF550,0x002AF754,508
FUN_002af760,0x002AF760,0x002AF774,20
FUN_002af780,0x002AF780,0x002AF7A8,40
FUN_002af7b0,0x002AF7B0,0x002AF840,136
FUN_002af840,0x002AF840,0x002AF860,32
FUN_002af860,0x002AF860,0x002AF86C,12
FUN_002af870,0x002AF870,0x002AF87C,12
FUN_002af880,0x002AF880,0x002AF88C,12
FUN_002af890,0x002AF890,0x002AF8B8,40
FUN_002af8c0,0x002AF8C0,0x002AFA0C,332
FUN_002afa10,0x002AFA10,0x002AFB9C,396
FUN_002afba0,0x002AFBA0,0x002AFBAC,12
FUN_002afbb0,0x002AFBB0,0x002AFBB8,8
FUN_002afbc0,0x002AFBC0,0x002AFC38,120
FUN_002afc40,0x002AFC40,0x002AFC58,24
FUN_002afc60,0x002AFC60,0x002AFC8C,44
FUN_002afc90,0x002AFC90,0x002B00D4,1080
FUN_002b00e0,0x002B00E0,0x002B0260,384
FUN_002b0260,0x002B0260,0x002B08E4,1656
FUN_002b08f0,0x002B08F0,0x002B1024,1832
FUN_002b1030,0x002B1030,0x002B1220,496
FUN_002b1220,0x002B1220,0x002B1288,104
FUN_002b1290,0x002B1290,0x002B1298,8
FUN_002b12a0,0x002B12A0,0x002B1308,104
FUN_002b1310,0x002B1310,0x002B1318,8
FUN_002b1320,0x002B1320,0x002B1388,104
FUN_002b1390,0x002B1390,0x002B152C,408
FUN_002b1530,0x002B1530,0x002B15F8,200
FUN_002b1600,0x002B1600,0x002B1798,408
FUN_002b17a0,0x002B17A0,0x002B17B4,20
FUN_002b17c0,0x002B17C0,0x002B17D8,24
FUN_002b17e0,0x002B17E0,0x002B1894,180
FUN_002b18a0,0x002B18A0,0x002B1908,104
FUN_002b1910,0x002B1910,0x002B1970,96
FUN_002b1970,0x002B1970,0x002B19D0,96
FUN_002b19d0,0x002B19D0,0x002B1A0C,60
FUN_002b1a10,0x002B1A10,0x002B1A3C,44
FUN_002b1a40,0x002B1A40,0x002B1BD0,396
FUN_002b1bd0,0x002B1BD0,0x002B20E0,1288
FUN_002b20e0,0x002B20E0,0x002B2164,132
FUN_002b2170,0x002B2170,0x002B2178,8
FUN_002b2180,0x002B2180,0x002B2188,8
FUN_002b2190,0x002B2190,0x002B21C8,56
FUN_002b21d0,0x002B21D0,0x002B230C,316
FUN_002b2310,0x002B2310,0x002B23A0,144
FUN_002b23a0,0x002B23A0,0x002B2840,1172
FUN_002b2840,0x002B2840,0x002B28C8,136
FUN_002b28d0,0x002B28D0,0x002B2D20,1088
FUN_002b2d20,0x002B2D20,0x002B2E44,288
FUN_002b2e50,0x002B2E50,0x002B3428,1476
FUN_002b3430,0x002B3430,0x002B3468,56
FUN_002b3470,0x002B3470,0x002B349C,44
FUN_002b34a0,0x002B34A0,0x002B3580,220
FUN_002b3580,0x002B3580,0x002B358C,12
FUN_002b3590,0x002B3590,0x002B359C,12
FUN_002b35a0,0x002B35A0,0x002B3644,160
FUN_002b3650,0x002B3650,0x002B3740,236
FUN_002b3740,0x002B3740,0x002B37B0,112
FUN_002b37b0,0x002B37B0,0x002B3880,208
FUN_002b3880,0x002B3880,0x002B38C0,64
FUN_002b38c0,0x002B38C0,0x002B392C,104
FUN_002b3930,0x002B3930,0x002B39C8,152
FUN_002b39d0,0x002B39D0,0x002B3A00,48
FUN_002b3a00,0x002B3A00,0x002B3B54,336
FUN_002b3b60,0x002B3B60,0x002B3B6C,12
FUN_002b3b70,0x002B3B70,0x002B3BD0,96
FUN_002b3bd0,0x002B3BD0,0x002B3BD8,8
FUN_002b3be0,0x002B3BE0,0x002B3BE8,8
FUN_002b3bf0,0x002B3BF0,0x002B3BF8,8
FUN_002b3c00,0x002B3C00,0x002B3C1C,28
FUN_002b3c20,0x002B3C20,0x002B3C3C,28
FUN_002b3c40,0x002B3C40,0x002B3C5C,28
FUN_002b3c60,0x002B3C60,0x002B3C68,8
FUN_002b3c70,0x002B3C70,0x002B3C90,32
FUN_002b3c90,0x002B3C90,0x002B3D4C,184
FUN_002b3d50,0x002B3D50,0x002B3DC4,116
FUN_002b3dd0,0x002B3DD0,0x002B3ED8,264
FUN_002b3ee0,0x002B3EE0,0x002B3EF8,24
FUN_002b3f00,0x002B3F00,0x002B3F18,24
FUN_002b3f20,0x002B3F20,0x002B3F80,96
FUN_002b3f80,0x002B3F80,0x002B4030,176
FUN_002b4030,0x002B4030,0x002B40D0,160
FUN_002b40d0,0x002B40D0,0x002B418C,184
FUN_002b4190,0x002B4190,0x002B41BC,44
FUN_002b41c0,0x002B41C0,0x002B4230,112
FUN_002b4230,0x002B4230,0x002B4374,324
FUN_002b4380,0x002B4380,0x002B443C,188
FUN_002b4440,0x002B4440,0x002B44D8,152
FUN_002b44e0,0x002B44E0,0x002B46D0,492
FUN_002b46d0,0x002B46D0,0x002B46F0,32
FUN_002b46f0,0x002B46F0,0x002B474C,92
FUN_002b4750,0x002B4750,0x002B475C,12
FUN_002b4760,0x002B4760,0x002B4820,168
FUN_002b4820,0x002B4820,0x002B48D8,160
FUN_002b48e0,0x002B48E0,0x002B4998,160
FUN_002b49a0,0x002B49A0,0x002B49D0,48
FUN_002b49d0,0x002B49D0,0x002B49F0,32
FUN_002b49f0,0x002B49F0,0x002B4B38,328
FUN_002b4b40,0x002B4B40,0x002B4CC4,388
FUN_002b4cd0,0x002B4CD0,0x002B4D80,176
FUN_002b4d80,0x002B4D80,0x002B4E00,124
FUN_002b4e00,0x002B4E00,0x002B4E80,124
FUN_002b4e80,0x002B4E80,0x002B4F40,192
FUN_002b4f40,0x002B4F40,0x002B550C,1452
FUN_002b5510,0x002B5510,0x002B55D8,200
FUN_002b55e0,0x002B55E0,0x002B5734,340
FUN_002b5740,0x002B5740,0x002B5748,8
FUN_002b5750,0x002B5750,0x002B5758,8
FUN_002b5760,0x002B5760,0x002B57D0,112
FUN_002b57d0,0x002B57D0,0x002B5830,96
FUN_002b5830,0x002B5830,0x002B5DB0,1404
FUN_002b5db0,0x002B5DB0,0x002B63AC,1528
FUN_002b63b0,0x002B63B0,0x002B6428,120
FUN_002b6430,0x002B6430,0x002B6524,244
FUN_002b6530,0x002B6530,0x002B6CFC,1972
FUN_002b6d00,0x002B6D00,0x002B6D60,96
FUN_002b6d60,0x002B6D60,0x002B6DD8,120
FUN_002b6de0,0x002B6DE0,0x002B6ED4,244
FUN_002b6ee0,0x002B6EE0,0x002B6FC0,224
FUN_002b6fc0,0x002B6FC0,0x002B7518,1356
FUN_002b7520,0x002B7520,0x002B752C,12
FUN_002b7530,0x002B7530,0x002B7608,216
FUN_002b7610,0x002B7610,0x002B7720,272
FUN_002b7720,0x002B7720,0x002B7794,112
FUN_002b77a0,0x002B77A0,0x002B7948,424
FUN_002b7950,0x002B7950,0x002B79E8,152
FUN_002b79f0,0x002B79F0,0x002B7A18,40
FUN_002b7a20,0x002B7A20,0x002B7A90,112
FUN_002b7a90,0x002B7A90,0x002B7C90,500
FUN_002b7c90,0x002B7C90,0x002B7CF0,96
FUN_002b7cf0,0x002B7CF0,0x002B7D58,104
FUN_002b7d60,0x002B7D60,0x002B7ED4,368
FUN_002b7ee0,0x002B7EE0,0x002B80F8,536
FUN_002b8100,0x002B8100,0x002B8384,636
FUN_002b8390,0x002B8390,0x002B83D4,68
FUN_002b83e0,0x002B83E0,0x002B857C,408
FUN_002b8580,0x002B8580,0x002B85C0,64
FUN_002b85c0,0x002B85C0,0x002B865C,152
FUN_002b8660,0x002B8660,0x002B9144,2788
FUN_002b9150,0x002B9150,0x002B97E4,1656
FUN_002b97f0,0x002B97F0,0x002B98B0,192
FUN_002b98b0,0x002B98B0,0x002B9910,96
FUN_002b9910,0x002B9910,0x002B9A00,240
FUN_002b9a00,0x002B9A00,0x002B9A40,64
FUN_002b9a40,0x002B9A40,0x002B9B1C,220
FUN_002b9b20,0x002B9B20,0x002B9B58,56
FUN_002b9b60,0x002B9B60,0x002B9BCC,108
FUN_002b9bd0,0x002B9BD0,0x002B9D7C,424
FUN_002b9d80,0x002B9D80,0x002B9E18,152
FUN_002b9e20,0x002B9E20,0x002B9E44,36
FUN_002b9e50,0x002B9E50,0x002B9F10,192
FUN_002b9f10,0x002B9F10,0x002B9F54,68
FUN_002b9f60,0x002B9F60,0x002BA038,212
FUN_002ba040,0x002BA040,0x002BA140,256
FUN_002ba140,0x002BA140,0x002BA19C,92
FUN_002ba1a0,0x002BA1A0,0x002BA1EC,76
FUN_002ba1f0,0x002BA1F0,0x002BA254,100
FUN_002ba260,0x002BA260,0x002BA2B4,84
FUN_002ba2c0,0x002BA2C0,0x002BA364,164
FUN_002ba370,0x002BA370,0x002BA3E4,116
FUN_002ba3f0,0x002BA3F0,0x002BA4E0,240
FUN_002ba4e0,0x002BA4E0,0x002BA654,372
FUN_002ba660,0x002BA660,0x002BA844,484
FUN_002ba850,0x002BA850,0x002BA86C,28
FUN_002ba870,0x002BA870,0x002BA9C4,336
FUN_002ba9d0,0x002BA9D0,0x002BAC34,612
FUN_002bac40,0x002BAC40,0x002BAD40,256
FUN_002bad40,0x002BAD40,0x002BAD98,88
FUN_002bada0,0x002BADA0,0x002BADB4,20
FUN_002badc0,0x002BADC0,0x002BADD0,16
FUN_002badd0,0x002BADD0,0x002BAE68,152
FUN_002bae70,0x002BAE70,0x002BAEA0,48
FUN_002baea0,0x002BAEA0,0x002BAF30,144
FUN_002baf30,0x002BAF30,0x002BB0B4,380
FUN_002bb0c0,0x002BB0C0,0x002BB1C4,260
FUN_002bb1d0,0x002BB1D0,0x002BB310,320
FUN_002bb310,0x002BB310,0x002BB5B0,672
FUN_002bb5b0,0x002BB5B0,0x002BB770,448
FUN_002bb770,0x002BB770,0x002BB7F0,128
FUN_002bb7f0,0x002BB7F0,0x002BB874,132
FUN_002bb880,0x002BB880,0x002BB8D4,84
FUN_002bb8e0,0x002BB8E0,0x002BB968,136
FUN_002bb970,0x002BB970,0x002BBA74,260
FUN_002bba80,0x002BBA80,0x002BBAEC,108
FUN_002bbaf0,0x002BBAF0,0x002BBBD0,224
FUN_002bbbd0,0x002BBBD0,0x002BBD94,452
FUN_002bbda0,0x002BBDA0,0x002BBF10,368
FUN_002bbf10,0x002BBF10,0x002BBF94,132
FUN_002bbfa0,0x002BBFA0,0x002BC080,220
FUN_002bc080,0x002BC080,0x002BC400,892
FUN_002bc400,0x002BC400,0x002BC484,132
FUN_002bc490,0x002BC490,0x002BC52C,156
FUN_002bc530,0x002BC530,0x002BC61C,236
FUN_002bc620,0x002BC620,0x002BD014,2528
FUN_002bd020,0x002BD020,0x002BD05C,60
FUN_002bd060,0x002BD060,0x002BD09C,60
FUN_002bd0a0,0x002BD0A0,0x002BD0DC,60
FUN_002bd0e0,0x002BD0E0,0x002BD11C,60
FUN_002bd120,0x002BD120,0x002BD15C,60
FUN_002bd160,0x002BD160,0x002BD19C,60
FUN_002bd1a0,0x002BD1A0,0x002BD1DC,60
FUN_002bd1e0,0x002BD1E0,0x002BD21C,60
FUN_002bd220,0x002BD220,0x002BD270,76
FUN_002bd270,0x002BD270,0x002BD380,260
FUN_002bd380,0x002BD380,0x002BD3C4,68
FUN_002bd3d0,0x002BD3D0,0x002BD41C,76
FUN_002bd420,0x002BD420,0x002BD4C4,164
FUN_002bd4d0,0x002BD4D0,0x002BD554,132
FUN_002bd560,0x002BD560,0x002BD630,204
FUN_002bd630,0x002BD630,0x002BD63C,12
FUN_002bd640,0x002BD640,0x002BDD94,1872
FUN_002bdda0,0x002BDDA0,0x002BDE98,244
FUN_002bdea0,0x002BDEA0,0x002BE018,368
FUN_002be020,0x002BE020,0x002BE14C,300
FUN_002be150,0x002BE150,0x002BEE04,3248
FUN_002bee10,0x002BEE10,0x002BEF1C,268
FUN_002bef20,0x002BEF20,0x002BEF5C,60
FUN_002bef60,0x002BEF60,0x002BF068,264
FUN_002bf070,0x002BF070,0x002BF2B8,572
FUN_002bf2c0,0x002BF2C0,0x002BF980,1728
FUN_002bf980,0x002BF980,0x002BFDBC,1072
FUN_002bfdc0,0x002BFDC0,0x002BFDC8,8
FUN_002bfdd0,0x002BFDD0,0x002BFE38,104
FUN_002bfe40,0x002BFE40,0x002BFFC0,384
FUN_002bffc0,0x002BFFC0,0x002C0040,128
FUN_002c0040,0x002C0040,0x002C008C,76
FUN_002c0090,0x002C0090,0x002C00EC,88
FUN_002c00f0,0x002C00F0,0x002C05DC,1256
FUN_002c05e0,0x002C05E0,0x002C0684,160
FUN_002c0690,0x002C0690,0x002C06A0,16
FUN_002c06a0,0x002C06A0,0x002C07A8,260
FUN_002c07b0,0x002C07B0,0x002C0848,152
FUN_002c0850,0x002C0850,0x002C111C,2248
FUN_002c1120,0x002C1120,0x002C141C,764
FUN_002c1420,0x002C1420,0x002C1504,224
FUN_002c1510,0x002C1510,0x002C15D4,192
FUN_002c15e0,0x002C15E0,0x002C1664,132
FUN_002c1670,0x002C1670,0x002C169C,44
FUN_002c16a0,0x002C16A0,0x002C17AC,268
FUN_002c17b0,0x002C17B0,0x002C1850,160
FUN_002c1850,0x002C1850,0x002C1968,280
FUN_002c1970,0x002C1970,0x002C1A80,272
FUN_002c1a80,0x002C1A80,0x002C1BE8,360
FUN_002c1bf0,0x002C1BF0,0x002C1C2C,60
FUN_002c1c30,0x002C1C30,0x002C1F10,728
FUN_002c1f10,0x002C1F10,0x002C2088,368
FUN_002c2090,0x002C2090,0x002C20BC,44
FUN_002c20c0,0x002C20C0,0x002C2254,404
FUN_002c2260,0x002C2260,0x002C239C,312
FUN_002c23b0,0x002C23B0,0x002C2444,148
FUN_002c2450,0x002C2450,0x002C2584,304
FUN_002c2590,0x002C2590,0x002C26E0,336
FUN_002c26e0,0x002C26E0,0x002C27F8,280
FUN_002c2800,0x002C2800,0x002C2A54,592
FUN_002c2a60,0x002C2A60,0x002C2A8C,44
FUN_002c2a90,0x002C2A90,0x002C2ABC,44
FUN_002c2ac0,0x002C2AC0,0x002C2AEC,44
FUN_002c2af0,0x002C2AF0,0x002C2B1C,44
FUN_002c2b20,0x002C2B20,0x002C2BB0,144
FUN_002c2bb0,0x002C2BB0,0x002C2C18,104
FUN_002c2c20,0x002C2C20,0x002C2D48,296
FUN_002c2d50,0x002C2D50,0x002C2DB8,104
FUN_002c2dc0,0x002C2DC0,0x002C2E28,100
FUN_002c2e30,0x002C2E30,0x002C2EF0,192
FUN_002c2ef0,0x002C2EF0,0x002C2F50,96
FUN_002c2f50,0x002C2F50,0x002C2F98,68
FUN_002c2fa0,0x002C2FA0,0x002C2FC4,36
FUN_002c2fd0,0x002C2FD0,0x002C3078,168
FUN_002c3080,0x002C3080,0x002C30B0,48
FUN_002c30b0,0x002C30B0,0x002C3198,224
FUN_002c31a0,0x002C31A0,0x002C31D0,48
FUN_002c31d0,0x002C31D0,0x002C32B8,224
FUN_002c32c0,0x002C32C0,0x002C32E0,32
FUN_002c32e0,0x002C32E0,0x002C3300,32
FUN_002c3300,0x002C3300,0x002C3328,40
FUN_002c3330,0x002C3330,0x002C34F0,436
FUN_002c34f0,0x002C34F0,0x002C34FC,12
FUN_002c3500,0x002C3500,0x002C354C,76
FUN_002c3550,0x002C3550,0x002C3920,960
FUN_002c3920,0x002C3920,0x002C3980,96
FUN_002c3980,0x002C3980,0x002C39D0,76
FUN_002c39d0,0x002C39D0,0x002C3A18,68
FUN_002c3a20,0x002C3A20,0x002C3A68,68
FUN_002c3a70,0x002C3A70,0x002C3AC0,76
FUN_002c3ac0,0x002C3AC0,0x002C3B10,76
FUN_002c3b10,0x002C3B10,0x002C3B60,76
FUN_002c3b60,0x002C3B60,0x002C3C28,200
FUN_002c3c30,0x002C3C30,0x002C3CF0,192
FUN_002c3cf0,0x002C3CF0,0x002C3FBC,696
FUN_002c3fc0,0x002C3FC0,0x002C4014,84
FUN_002c4020,0x002C4020,0x002C40B8,148
FUN_002c40c0,0x002C40C0,0x002C4290,460
FUN_002c4290,0x002C4290,0x002C4434,420
FUN_002c4440,0x002C4440,0x002C44F4,176
FUN_002c4500,0x002C4500,0x002C4730,548
FUN_002c4730,0x002C4730,0x002C4804,208
FUN_002c4810,0x002C4810,0x002C4938,292
FUN_002c4940,0x002C4940,0x002C4A14,208
FUN_002c4a20,0x002C4A20,0x002C4B48,292
FUN_002c4b50,0x002C4B50,0x002C4DE4,660
FUN_002c4df0,0x002C4DF0,0x002C500C,540
FUN_002c5010,0x002C5010,0x002C5360,832
FUN_002c5360,0x002C5360,0x002C5444,228
FUN_002c5450,0x002C5450,0x002C5748,756
FUN_002c5750,0x002C5750,0x002C57D0,128
FUN_002c57d0,0x002C57D0,0x002C57F4,36
FUN_002c5800,0x002C5800,0x002C582C,44
FUN_002c5830,0x002C5830,0x002C5A0C,476
FUN_002c5a10,0x002C5A10,0x002C5C88,632
FUN_002c5c90,0x002C5C90,0x002C5D10,124
FUN_002c5d10,0x002C5D10,0x002C5D54,68
FUN_002c5d60,0x002C5D60,0x002C5E70,272
FUN_002c5e70,0x002C5E70,0x002C5FE4,368
FUN_002c5ff0,0x002C5FF0,0x002C6024,52
FUN_002c6030,0x002C6030,0x002C603C,12
FUN_002c6040,0x002C6040,0x002C604C,12
FUN_002c6050,0x002C6050,0x002C605C,12
FUN_002c6060,0x002C6060,0x002C60BC,92
FUN_002c60c0,0x002C60C0,0x002C610C,76
FUN_002c6110,0x002C6110,0x002C61D4,192
FUN_002c61e0,0x002C61E0,0x002C6218,56
FUN_002c6220,0x002C6220,0x002C6228,8
FUN_002c6230,0x002C6230,0x002C6278,68
FUN_002c6280,0x002C6280,0x002C6290,16
FUN_002c6290,0x002C6290,0x002C6348,176
FUN_002c6350,0x002C6350,0x002C63CC,124
FUN_002c63d0,0x002C63D0,0x002C63EC,28
FUN_002c63f0,0x002C63F0,0x002C6430,64
FUN_002c6430,0x002C6430,0x002C6458,40
FUN_002c6460,0x002C6460,0x002C6488,40
FUN_002c6490,0x002C6490,0x002C64D8,72
FUN_002c64e0,0x002C64E0,0x002C6520,60
FUN_002c6520,0x002C6520,0x002C65A4,128
FUN_002c65b0,0x002C65B0,0x002C6668,184
FUN_002c6670,0x002C6670,0x002C67F0,380
FUN_002c67f0,0x002C67F0,0x002C6C70,1136
FUN_002c6c70,0x002C6C70,0x002C6EC4,568
FUN_002c6ed0,0x002C6ED0,0x002C6F40,112
FUN_002c6f40,0x002C6F40,0x002C6FF4,180
FUN_002c7000,0x002C7000,0x002C7068,104
FUN_002c7070,0x002C7070,0x002C7094,36
FUN_002c70a0,0x002C70A0,0x002C70C4,36
FUN_002c70d0,0x002C70D0,0x002C70F4,36
FUN_002c7100,0x002C7100,0x002C71DC,220
FUN_002c71e0,0x002C71E0,0x002C728C,172
FUN_002c7290,0x002C7290,0x002C7300,112
FUN_002c7300,0x002C7300,0x002C7340,64
FUN_002c7340,0x002C7340,0x002C7348,8
FUN_002c7350,0x002C7350,0x002C7364,20
FUN_002c7370,0x002C7370,0x002C7410,160
FUN_002c7410,0x002C7410,0x002C7488,116
FUN_002c7490,0x002C7490,0x002C7528,152
FUN_002c7530,0x002C7530,0x002C7640,272
FUN_002c7640,0x002C7640,0x002C7810,460
FUN_002c7810,0x002C7810,0x002C78D8,200
FUN_002c78e0,0x002C78E0,0x002C7904,36
FUN_002c7910,0x002C7910,0x002C79E0,204
FUN_002c79e0,0x002C79E0,0x002C79EC,12
FUN_002c79f0,0x002C79F0,0x002C7A5C,108
FUN_002c7a60,0x002C7A60,0x002C7BE0,380
FUN_002c7be0,0x002C7BE0,0x002C7BE8,8
FUN_002c7bf0,0x002C7BF0,0x002C7CD4,228
FUN_002c7ce0,0x002C7CE0,0x002C7CF0,16
FUN_002c7cf0,0x002C7CF0,0x002C7D00,16
FUN_002c7d00,0x002C7D00,0x002C7E5C,344
FUN_002c7e60,0x002C7E60,0x002C7F30,204
FUN_002c7f30,0x002C7F30,0x002C80A0,368
FUN_002c80a0,0x002C80A0,0x002C84DC,1072
FUN_002c84e0,0x002C84E0,0x002C84E8,8
FUN_002c84f0,0x002C84F0,0x002C8558,104
FUN_002c8560,0x002C8560,0x002C86E0,384
FUN_002c86e0,0x002C86E0,0x002C8760,128
FUN_002c8760,0x002C8760,0x002C8840,224
FUN_002c8840,0x002C8840,0x002C89F4,436
FUN_002c8a00,0x002C8A00,0x002C8AD4,208
FUN_002c8ae0,0x002C8AE0,0x002C8B78,148
FUN_002c8b80,0x002C8B80,0x002C8C08,132
FUN_002c8c10,0x002C8C10,0x002C8DA8,408
FUN_002c8db0,0x002C8DB0,0x002C9034,636
FUN_002c9040,0x002C9040,0x002C90B0,108
FUN_002c90b0,0x002C90B0,0x002C9198,232
FUN_002c91a0,0x002C91A0,0x002C93D8,560
FUN_002c93e0,0x002C93E0,0x002C94E8,264
FUN_002c94f0,0x002C94F0,0x002C953C,76
FUN_002c9540,0x002C9540,0x002C9718,444
FUN_002c9720,0x002C9720,0x002C9808,232
FUN_002c9810,0x002C9810,0x002C9960,336
FUN_002c9960,0x002C9960,0x002C9990,48
FUN_002c9990,0x002C9990,0x002C9B80,480
FUN_002c9b80,0x002C9B80,0x002C9CC0,312
FUN_002c9cc0,0x002C9CC0,0x002C9D00,64
FUN_002c9d00,0x002C9D00,0x002C9D90,144
FUN_002c9d90,0x002C9D90,0x002C9E84,244
FUN_002c9e90,0x002C9E90,0x002CA04C,440
FUN_002ca050,0x002CA050,0x002CA0A4,84
FUN_002ca0b0,0x002CA0B0,0x002CA0FC,76
FUN_002ca100,0x002CA100,0x002CA238,312
FUN_002ca240,0x002CA240,0x002CA2D0,144
FUN_002ca2d0,0x002CA2D0,0x002CA324,84
FUN_002ca330,0x002CA330,0x002CA338,8
FUN_002ca340,0x002CA340,0x002CA518,472
FUN_002ca520,0x002CA520,0x002CA590,112
FUN_002ca590,0x002CA590,0x002CA628,152
FUN_002ca630,0x002CA630,0x002CA6D0,160
thunk_FUN_001eeb70,0x002CA6D0,0x002CA6D8,8
FUN_002ca6e0,0x002CA6E0,0x002CA6FC,28
FUN_002ca700,0x002CA700,0x002CA730,48
thunk_FUN_001eeb40,0x002CA730,0x002CA738,8
FUN_002ca740,0x002CA740,0x002CA794,80
FUN_002ca7a0,0x002CA7A0,0x002CA7B4,20
FUN_002ca7c0,0x002CA7C0,0x002CA7F8,56
FUN_002ca800,0x002CA800,0x002CA834,52
FUN_002ca840,0x002CA840,0x002CA998,344
FUN_002ca9a0,0x002CA9A0,0x002CB0B4,1804
FUN_002cb0c0,0x002CB0C0,0x002CB1D0,272
FUN_002cb1d0,0x002CB1D0,0x002CB398,456
FUN_002cb3a0,0x002CB3A0,0x002CB458,184
FUN_002cb460,0x002CB460,0x002CB85C,1020
FUN_002cb860,0x002CB860,0x002CB928,196
FUN_002cb930,0x002CB930,0x002CBA10,220
FUN_002cba10,0x002CBA10,0x002CBAA4,148
FUN_002cbab0,0x002CBAB0,0x002CBAB8,8
FUN_002cbac0,0x002CBAC0,0x002CBAC8,8
FUN_002cbad0,0x002CBAD0,0x002CBAD8,8
FUN_002cbae0,0x002CBAE0,0x002CBC60,384
FUN_002cbc60,0x002CBC60,0x002CC168,1284
FUN_002cc170,0x002CC170,0x002CC280,272
FUN_002cc280,0x002CC280,0x002CC55C,724
FUN_002cc560,0x002CC560,0x002CC668,264
FUN_002cc670,0x002CC670,0x002CC7B4,324
FUN_002cc7c0,0x002CC7C0,0x002CC820,96
FUN_002cc820,0x002CC820,0x002CC8AC,140
FUN_002cc8b0,0x002CC8B0,0x002CC9A8,248
FUN_002cc9b0,0x002CC9B0,0x002CC9CC,28
FUN_002cc9d0,0x002CC9D0,0x002CCCD8,776
FUN_002ccce0,0x002CCCE0,0x002CCFE8,776
FUN_002ccff0,0x002CCFF0,0x002CD360,880
FUN_002cd360,0x002CD360,0x002CD670,784
FUN_002cd670,0x002CD670,0x002CD690,32
FUN_002cd690,0x002CD690,0x002CD710,128
FUN_002cd710,0x002CD710,0x002CD780,112
FUN_002cd780,0x002CD780,0x002CD808,136
FUN_002cd810,0x002CD810,0x002CD898,136
FUN_002cd8a0,0x002CD8A0,0x002CD9E8,328
FUN_002cd9f0,0x002CD9F0,0x002CDA94,164
FUN_002cdaa0,0x002CDAA0,0x002CDB28,136
FUN_002cdb30,0x002CDB30,0x002CDBA8,120
FUN_002cdbb0,0x002CDBB0,0x002CDC38,136
FUN_002cdc40,0x002CDC40,0x002CDCB8,120
FUN_002cdcc0,0x002CDCC0,0x002CDD38,120
FUN_002cdd40,0x002CDD40,0x002CDE90,336
FUN_002cdd60,0x002CDD60,0x002CDE90,304
FUN_002cdd80,0x002CDD80,0x002CDE90,272
FUN_002cdda0,0x002CDDA0,0x002CDE90,240
FUN_002cddc0,0x002CDDC0,0x002CDE90,208
FUN_002cdde0,0x002CDDE0,0x002CDE90,176
FUN_002cde00,0x002CDE00,0x002CDE90,144
FUN_002cde70,0x002CDE70,0x002CDE90,32
FUN_002cde90,0x002CDE90,0x002CDF00,112
FUN_002cdf00,0x002CDF00,0x002CDF80,128
FUN_002cdf80,0x002CDF80,0x002CE000,128
FUN_002ce000,0x002CE000,0x002CE078,120
FUN_002ce080,0x002CE080,0x002CE0F8,120
FUN_002ce100,0x002CE100,0x002CE168,104
thunk_FUN_002ce5b0,0x002CE170,0x002CE178,8
FUN_002ce180,0x002CE180,0x002CE194,20
FUN_002ce1a0,0x002CE1A0,0x002CE1DC,60
FUN_002ce1e0,0x002CE1E0,0x002CE208,40
FUN_002ce210,0x002CE210,0x002CE278,104
FUN_002ce280,0x002CE280,0x002CE4E4,612
FUN_002ce4f0,0x002CE4F0,0x002CE548,88
FUN_002ce550,0x002CE550,0x002CE558,8
FUN_002ce560,0x002CE560,0x002CE568,8
FUN_002ce570,0x002CE570,0x002CE594,36
FUN_002ce5a0,0x002CE5A0,0x002CE5A8,8
FUN_002ce5b0,0x002CE5B0,0x002CE768,440
FUN_002ce770,0x002CE770,0x002CE778,8
FUN_002ce780,0x002CE780,0x002CE7E8,104
FUN_002ce7f0,0x002CE7F0,0x002CE7F8,8
FUN_002ce800,0x002CE800,0x002CE8DC,220
FUN_002ce8e0,0x002CE8E0,0x002CE924,68
FUN_002ce930,0x002CE930,0x002CE9D4,164
FUN_002ce9e0,0x002CE9E0,0x002CED0C,804
FUN_002ced10,0x002CED10,0x002CED90,128
FUN_002ced90,0x002CED90,0x002CEDF8,104
FUN_002cee00,0x002CEE00,0x002CEE30,48
FUN_002cee30,0x002CEE30,0x002CEE38,8
FUN_002cee40,0x002CEE40,0x002CEE70,48
FUN_002cee70,0x002CEE70,0x002CEE88,24
FUN_002cee90,0x002CEE90,0x002CEF00,112
FUN_002cef00,0x002CEF00,0x002CEFA8,164
FUN_002cefb0,0x002CEFB0,0x002CF0E8,312
FUN_002cf0f0,0x002CF0F0,0x002CF120,48
FUN_002cf120,0x002CF120,0x002CF1C8,164
FUN_002cf1d0,0x002CF1D0,0x002CF2E4,276
FUN_002cf2f0,0x002CF2F0,0x002CF378,136
FUN_002cf380,0x002CF380,0x002CF410,144
FUN_002cf410,0x002CF410,0x002CF4C0,176
FUN_002cf4c0,0x002CF4C0,0x002CF504,68
FUN_002cf510,0x002CF510,0x002CF570,96
FUN_002cf570,0x002CF570,0x002CF5B0,64
thunk_FUN_002cf8f0,0x002CF5B0,0x002CF5B8,8
FUN_002cf5c0,0x002CF5C0,0x002CF5D4,20
FUN_002cf5e0,0x002CF5E0,0x002CF684,164
FUN_002cf690,0x002CF690,0x002CF6F4,100
FUN_002cf700,0x002CF700,0x002CF820,284
FUN_002cf820,0x002CF820,0x002CF8EC,200
FUN_002cf8f0,0x002CF8F0,0x002CF8F8,8
FUN_002cf900,0x002CF900,0x002CF968,104
FUN_002cf970,0x002CF970,0x002CFC00,656
FUN_002cfc00,0x002CFC00,0x002CFDD8,472
FUN_002cfde0,0x002CFDE0,0x002D02A4,1208
FUN_002d02b0,0x002D02B0,0x002D0330,128
FUN_002d0330,0x002D0330,0x002D0404,212
FUN_002d0410,0x002D0410,0x002D04BC,172
FUN_002d04c0,0x002D04C0,0x002D04C8,8
FUN_002d04d0,0x002D04D0,0x002D04E4,20
FUN_002d04f0,0x002D04F0,0x002D0598,160
FUN_002d05a0,0x002D05A0,0x002D0618,116
FUN_002d0620,0x002D0620,0x002D0674,80
FUN_002d0680,0x002D0680,0x002D0778,248
FUN_002d0780,0x002D0780,0x002D0928,420
FUN_002d0930,0x002D0930,0x002D098C,92
FUN_002d0990,0x002D0990,0x002D0B70,480
FUN_002d0b70,0x002D0B70,0x002D0BF0,128
FUN_002d0bf0,0x002D0BF0,0x002D0BF8,8
FUN_002d0c00,0x002D0C00,0x002D0C90,144
FUN_002d0c90,0x002D0C90,0x002D0EE0,592
FUN_002d0ee0,0x002D0EE0,0x002D0F84,164
FUN_002d0f90,0x002D0F90,0x002D1058,200
FUN_002d1060,0x002D1060,0x002D1130,208
FUN_002d1130,0x002D1130,0x002D1178,72
FUN_002d1180,0x002D1180,0x002D1188,8
FUN_002d1190,0x002D1190,0x002D11C8,56
FUN_002d11d0,0x002D11D0,0x002D1204,52
FUN_002d1210,0x002D1210,0x002D12CC,188
FUN_002d12d0,0x002D12D0,0x002D12F8,40
FUN_002d1300,0x002D1300,0x002D134C,76
FUN_002d1350,0x002D1350,0x002D1404,180
FUN_002d1410,0x002D1410,0x002D1470,92
FUN_002d1470,0x002D1470,0x002D149C,44
FUN_002d14a0,0x002D14A0,0x002D1634,400
FUN_002d1640,0x002D1640,0x002D1790,332
FUN_002d1790,0x002D1790,0x002D1D4C,1448
FUN_002d1d50,0x002D1D50,0x002D1D74,36
FUN_002d1d80,0x002D1D80,0x002D1D90,16
FUN_002d1d90,0x002D1D90,0x002D1DA0,16
FUN_002d1da0,0x002D1DA0,0x002D1DD8,56
FUN_002d1de0,0x002D1DE0,0x002D1E28,72
FUN_002d1e30,0x002D1E30,0x002D1E60,48
FUN_002d1e60,0x002D1E60,0x002D1E68,8
FUN_002d1e70,0x002D1E70,0x002D1E84,20
FUN_002d1e90,0x002D1E90,0x002D1E9C,12
FUN_002d1ea0,0x002D1EA0,0x002D1EAC,12
FUN_002d1eb0,0x002D1EB0,0x002D1EC4,20
FUN_002d1ed0,0x002D1ED0,0x002D1EE0,16
FUN_002d1ee0,0x002D1EE0,0x002D1EEC,12
FUN_002d1ef0,0x002D1EF0,0x002D1EF8,8
FUN_002d1f00,0x002D1F00,0x002D1F10,16
FUN_002d1f10,0x002D1F10,0x002D1F24,20
FUN_002d1f30,0x002D1F30,0x002D1F3C,12
FUN_002d1f40,0x002D1F40,0x002D1F54,20
FUN_002d1f60,0x002D1F60,0x002D1F80,32
FUN_002d1f80,0x002D1F80,0x002D1F8C,12
FUN_002d1f90,0x002D1F90,0x002D1FA0,16
FUN_002d1fa0,0x002D1FA0,0x002D1FAC,12
FUN_002d1fb0,0x002D1FB0,0x002D1FB8,8
FUN_002d1fc0,0x002D1FC0,0x002D1FD4,20
FUN_002d1fe0,0x002D1FE0,0x002D1FEC,12
FUN_002d1ff0,0x002D1FF0,0x002D2004,20
FUN_002d2010,0x002D2010,0x002D2024,20
FUN_002d2030,0x002D2030,0x002D203C,12
FUN_002d2040,0x002D2040,0x002D2050,16
FUN_002d2050,0x002D2050,0x002D205C,12
FUN_002d2060,0x002D2060,0x002D2068,8
FUN_002d2070,0x002D2070,0x002D221C,416
FUN_002d2220,0x002D2220,0x002D2234,20
FUN_002d2240,0x002D2240,0x002D2254,20
FUN_002d2260,0x002D2260,0x002D2270,16
FUN_002d2270,0x002D2270,0x002D2284,20
FUN_002d2290,0x002D2290,0x002D229C,12
FUN_002d22a0,0x002D22A0,0x002D22B4,20
FUN_002d22c0,0x002D22C0,0x002D22CC,12
FUN_002d22d0,0x002D22D0,0x002D22DC,12
FUN_002d22e0,0x002D22E0,0x002D22F0,16
FUN_002d22f0,0x002D22F0,0x002D24E8,504
FUN_002d24f0,0x002D24F0,0x002D2500,16
FUN_002d2500,0x002D2500,0x002D250C,12
FUN_002d2510,0x002D2510,0x002D251C,12
FUN_002d2520,0x002D2520,0x002D252C,12
FUN_002d2530,0x002D2530,0x002D2538,8
FUN_002d2540,0x002D2540,0x002D2638,248
FUN_002d2640,0x002D2640,0x002D26FC,184
FUN_002d2700,0x002D2700,0x002D2808,264
FUN_002d2810,0x002D2810,0x002D2828,24
FUN_002d2830,0x002D2830,0x002D2890,96
FUN_002d2890,0x002D2890,0x002D2DF0,1348
FUN_002d2df0,0x002D2DF0,0x002D2F04,276
FUN_002d2f10,0x002D2F10,0x002D3024,276
FUN_002d3030,0x002D3030,0x002D3CE4,3212
FUN_002d3cf0,0x002D3CF0,0x002D4780,2672
FUN_002d4780,0x002D4780,0x002D49BC,572
FUN_002d49c0,0x002D49C0,0x002D4C14,596
FUN_002d4c20,0x002D4C20,0x002D4CC0,152
FUN_002d4cc0,0x002D4CC0,0x002D4E10,336
FUN_002d4e10,0x002D4E10,0x002D4F68,344
FUN_002d4f70,0x002D4F70,0x002D4FD0,96
FUN_002d4fd0,0x002D4FD0,0x002D4FDC,12
FUN_002d4fe0,0x002D4FE0,0x002D5054,116
FUN_002d5060,0x002D5060,0x002D541C,956
FUN_002d5420,0x002D5420,0x002D54E4,196
FUN_002d54f0,0x002D54F0,0x002D5518,40
FUN_002d5520,0x002D5520,0x002D55C0,160
FUN_002d55c0,0x002D55C0,0x002D58A8,740
FUN_002d58b0,0x002D58B0,0x002D5B50,668
FUN_002d5b50,0x002D5B50,0x002D5C80,304
FUN_002d5c80,0x002D5C80,0x002D6000,892
FUN_002d6000,0x002D6000,0x002D60D8,212
FUN_002d60e0,0x002D60E0,0x002D619C,184
thunk_FUN_002d7580,0x002D61A0,0x002D61A8,8
FUN_002d61b0,0x002D61B0,0x002D6258,164
FUN_002d6260,0x002D6260,0x002D6378,272
FUN_002d6380,0x002D6380,0x002D6430,172
FUN_002d6430,0x002D6430,0x002D6608,460
FUN_002d6610,0x002D6610,0x002D6640,48
FUN_002d6640,0x002D6640,0x002D66AC,108
FUN_002d66b0,0x002D66B0,0x002D67F8,320
FUN_002d6800,0x002D6800,0x002D691C,284
FUN_002d6920,0x002D6920,0x002D6AAC,396
FUN_002d6ab0,0x002D6AB0,0x002D6C34,388
FUN_002d6c40,0x002D6C40,0x002D6E3C,508
FUN_002d6e40,0x002D6E40,0x002D7028,488
FUN_002d7030,0x002D7030,0x002D71B8,384
FUN_002d71c0,0x002D71C0,0x002D7370,432
FUN_002d7370,0x002D7370,0x002D74C0,336
FUN_002d74c0,0x002D74C0,0x002D7574,176
FUN_002d7580,0x002D7580,0x002D7894,772
FUN_002d78a0,0x002D78A0,0x002D78F8,88
FUN_002d7900,0x002D7900,0x002D7970,112
FUN_002d7970,0x002D7970,0x002D79D0,96
FUN_002d79d0,0x002D79D0,0x002D79D8,8
FUN_002d79e0,0x002D79E0,0x002D79E8,8
FUN_002d79f0,0x002D79F0,0x002D7AA8,184
FUN_002d7ab0,0x002D7AB0,0x002D7AF0,64
FUN_002d7af0,0x002D7AF0,0x002D7AFC,12
FUN_002d7b00,0x002D7B00,0x002D7B84,132
FUN_002d7b90,0x002D7B90,0x002D7BC0,48
FUN_002d7bc0,0x002D7BC0,0x002D7D40,384
FUN_002d7d40,0x002D7D40,0x002D7D70,48
FUN_002d7d70,0x002D7D70,0x002D7E9C,300
FUN_002d7ea0,0x002D7EA0,0x002D7F24,128
FUN_002d7f30,0x002D7F30,0x002D8008,216
FUN_002d8010,0x002D8010,0x002D803C,44
FUN_002d8040,0x002D8040,0x002D8330,744
FUN_002d8330,0x002D8330,0x002D8770,1088
FUN_002d8770,0x002D8770,0x002D88B8,324
FUN_002d88c0,0x002D88C0,0x002D894C,140
FUN_002d8950,0x002D8950,0x002D8A64,276
FUN_002d8a70,0x002D8A70,0x002D8BBC,332
FUN_002d8bc0,0x002D8BC0,0x002D8C5C,156
FUN_002d8c60,0x002D8C60,0x002D8FD4,884
FUN_002d8fe0,0x002D8FE0,0x002D9398,952
FUN_002d93a0,0x002D93A0,0x002D9484,228
FUN_002d9490,0x002D9490,0x002D94B0,32
FUN_002d94b0,0x002D94B0,0x002D9560,176
FUN_002d9560,0x002D9560,0x002D96AC,332
FUN_002d96b0,0x002D96B0,0x002D97A8,248
FUN_002d97b0,0x002D97B0,0x002D9A94,736
FUN_002d9aa0,0x002D9AA0,0x002D9CC0,540
FUN_002d9cc0,0x002D9CC0,0x002D9CFC,60
FUN_002d9d00,0x002D9D00,0x002D9DF8,236
FUN_002d9e00,0x002D9E00,0x002D9E34,52
FUN_002d9e40,0x002D9E40,0x002D9E98,88
FUN_002d9ea0,0x002D9EA0,0x002D9F1C,124
FUN_002d9f20,0x002D9F20,0x002D9F9C,124
FUN_002d9fa0,0x002D9FA0,0x002D9FE8,72
FUN_002d9ff0,0x002D9FF0,0x002DA158,340
FUN_002da160,0x002DA160,0x002DA180,32
FUN_002da180,0x002DA180,0x002DA1B8,56
FUN_002da1c0,0x002DA1C0,0x002DA200,64
FUN_002da200,0x002DA200,0x002DA39C,408
FUN_002da3a0,0x002DA3A0,0x002DA5E0,572
FUN_002da5e0,0x002DA5E0,0x002DA6C0,220
FUN_002da6c0,0x002DA6C0,0x002DA798,212
FUN_002da7a0,0x002DA7A0,0x002DA7C4,36
FUN_002da7d0,0x002DA7D0,0x002DA7FC,44
FUN_002da800,0x002DA800,0x002DA8A0,156
FUN_002da8a0,0x002DA8A0,0x002DA92C,140
FUN_002da930,0x002DA930,0x002DB9E4,4232
FUN_002db9f0,0x002DB9F0,0x002DBA58,104
FUN_002dba60,0x002DBA60,0x002DBB7C,284
FUN_002dbb80,0x002DBB80,0x002DBB90,16
FUN_002dbb90,0x002DBB90,0x002DBCD8,324
FUN_002dbce0,0x002DBCE0,0x002DBD0C,44
FUN_002dbd10,0x002DBD10,0x002DBD40,48
FUN_002dbd40,0x002DBD40,0x002DBD84,68
FUN_002dbd90,0x002DBD90,0x002DBEE8,344
thunk_FUN_001be898,0x002DBEF0,0x002DBEF8,8
FUN_002dbf00,0x002DBF00,0x002DBF40,64
FUN_002dbf40,0x002DBF40,0x002DBF48,8
FUN_002dbf50,0x002DBF50,0x002DBF94,68
FUN_002dbfa0,0x002DBFA0,0x002DBFAC,12
FUN_002dbfb0,0x002DBFB0,0x002DC088,212
FUN_002dc090,0x002DC090,0x002DC14C,184
FUN_002dc150,0x002DC150,0x002DC180,44
FUN_002dc180,0x002DC180,0x002DC1AC,44
FUN_002dc1b0,0x002DC1B0,0x002DC1D0,32
FUN_002dc1d0,0x002DC1D0,0x002DC208,52
FUN_002dc210,0x002DC210,0x002DC2E0,208
FUN_002dc2e0,0x002DC2E0,0x002DC380,160
FUN_002dc380,0x002DC380,0x002DC3DC,92
FUN_002dc3e0,0x002DC3E0,0x002DC3F4,20
FUN_002dc400,0x002DC400,0x002DC450,80
FUN_002dc450,0x002DC450,0x002DC4B8,104
FUN_002dc4c0,0x002DC4C0,0x002DC618,344
FUN_002dc620,0x002DC620,0x002DC658,56
FUN_002dc660,0x002DC660,0x002DC680,32
FUN_002dc680,0x002DC680,0x002DC6E0,96
FUN_002dc6e0,0x002DC6E0,0x002DC794,180
FUN_002dc7a0,0x002DC7A0,0x002DCCCC,1324
FUN_002dccd0,0x002DCCD0,0x002DCD94,196
FUN_002dcda0,0x002DCDA0,0x002DD020,632
FUN_002dd020,0x002DD020,0x002DD028,8
FUN_002dd030,0x002DD030,0x002DD124,244
FUN_002dd130,0x002DD130,0x002DD14C,28
FUN_002dd150,0x002DD150,0x002DD210,184
FUN_002dd210,0x002DD210,0x002DD2AC,156
FUN_002dd2b0,0x002DD2B0,0x002DD4CC,540
FUN_002dd4d0,0x002DD4D0,0x002DD68C,440
FUN_002dd690,0x002DD690,0x002DD8D4,568
FUN_002dd8e0,0x002DD8E0,0x002DDAB0,456
FUN_002ddab0,0x002DDAB0,0x002DDB28,120
FUN_002ddb30,0x002DDB30,0x002DDB68,56
FUN_002ddb70,0x002DDB70,0x002DDBE8,120
FUN_002ddbf0,0x002DDBF0,0x002DDC24,52
FUN_002ddc30,0x002DDC30,0x002DDE14,484
FUN_002dde20,0x002DDE20,0x002DDE28,8
FUN_002dde30,0x002DDE30,0x002DDE38,8
FUN_002dde40,0x002DDE40,0x002DE434,1516
FUN_002de440,0x002DE440,0x002DE4A8,104
FUN_002de4b0,0x002DE4B0,0x002DE74C,668
FUN_002de750,0x002DE750,0x002DE890,316
FUN_002de890,0x002DE890,0x002DE900,112
FUN_002de900,0x002DE900,0x002DE940,64
FUN_002de940,0x002DE940,0x002DE948,8
FUN_002de950,0x002DE950,0x002DE964,20
FUN_002de970,0x002DE970,0x002DE9DC,104
FUN_002de9e0,0x002DE9E0,0x002DEA4C,104
FUN_002dea50,0x002DEA50,0x002DEABC,108
FUN_002deac0,0x002DEAC0,0x002DEB2C,108
FUN_002deb30,0x002DEB30,0x002DEBF4,196
FUN_002dec00,0x002DEC00,0x002DED28,292
FUN_002ded30,0x002DED30,0x002DEDF0,188
FUN_002dedf0,0x002DEDF0,0x002DEE30,64
FUN_002dee30,0x002DEE30,0x002DEE90,96
FUN_002dee90,0x002DEE90,0x002DF024,400
FUN_002df030,0x002DF030,0x002DF154,284
FUN_002df160,0x002DF160,0x002DF554,992
FUN_002df560,0x002DF560,0x002DF634,212
FUN_002df640,0x002DF640,0x002DF64C,12
FUN_002df650,0x002DF650,0x002DF69C,76
FUN_002df6a0,0x002DF6A0,0x002DF8DC,572
FUN_002df8e0,0x002DF8E0,0x002DFA50,368
FUN_002dfa50,0x002DFA50,0x002DFACC,124
FUN_002dfad0,0x002DFAD0,0x002DFB4C,124
FUN_002dfb50,0x002DFB50,0x002DFBCC,124
FUN_002dfbd0,0x002DFBD0,0x002DFC4C,124
FUN_002dfc50,0x002DFC50,0x002DFCCC,124
FUN_002dfcd0,0x002DFCD0,0x002DFD4C,124
FUN_002dfd50,0x002DFD50,0x002DFDCC,124
FUN_002dfdd0,0x002DFDD0,0x002DFE08,56
FUN_002dfe10,0x002DFE10,0x002DFE44,52
FUN_002dfe50,0x002DFE50,0x002E0024,460
FUN_002e0030,0x002E0030,0x002E0440,1036
FUN_002e0440,0x002E0440,0x002E0450,16
FUN_002e0450,0x002E0450,0x002E05CC,380
FUN_002e05d0,0x002E05D0,0x002E0624,84
FUN_002e0630,0x002E0630,0x002E0710,224
FUN_002e0710,0x002E0710,0x002E07AC,156
FUN_002e07b0,0x002E07B0,0x002E0828,120
FUN_002e0830,0x002E0830,0x002E08E0,176
FUN_002e08e0,0x002E08E0,0x002E093C,92
FUN_002e0940,0x002E0940,0x002E099C,92
FUN_002e09a0,0x002E09A0,0x002E0A08,104
FUN_002e0a10,0x002E0A10,0x002E0A80,112
FUN_002e0a80,0x002E0A80,0x002E0AC0,64
FUN_002e0ac0,0x002E0AC0,0x002E0B38,120
FUN_002e0b40,0x002E0B40,0x002E0C08,200
FUN_002e0c10,0x002E0C10,0x002E0CB0,160
FUN_002e0cb0,0x002E0CB0,0x002E0D20,112
FUN_002e0d20,0x002E0D20,0x002E0D38,24
FUN_002e0d40,0x002E0D40,0x002E0D48,8
FUN_002e0d50,0x002E0D50,0x002E0D68,24
FUN_002e0d70,0x002E0D70,0x002E0D78,8
FUN_002e0d80,0x002E0D80,0x002E0D88,8
FUN_002e0d90,0x002E0D90,0x002E0DB8,40
FUN_002e0dc0,0x002E0DC0,0x002E0DF0,48
FUN_002e0df0,0x002E0DF0,0x002E0E08,24
FUN_002e0e10,0x002E0E10,0x002E108C,636
FUN_002e1090,0x002E1090,0x002E1414,900
FUN_002e1420,0x002E1420,0x002E1458,56
FUN_002e1460,0x002E1460,0x002E1474,20
FUN_002e1480,0x002E1480,0x002E14D8,88
FUN_002e14e0,0x002E14E0,0x002E1538,88
FUN_002e1540,0x002E1540,0x002E1548,8
FUN_002e1550,0x002E1550,0x002E1558,8
FUN_002e1560,0x002E1560,0x002E1608,164
FUN_002e1610,0x002E1610,0x002E18A0,656
FUN_002e18a0,0x002E18A0,0x002E19D8,312
FUN_002e19e0,0x002E19E0,0x002E1B18,312
FUN_002e1b20,0x002E1B20,0x002E1BA8,132
FUN_002e1bb0,0x002E1BB0,0x002E1CE0,304
FUN_002e1ce0,0x002E1CE0,0x002E1D50,112
FUN_002e1d50,0x002E1D50,0x002E1DFC,168
FUN_002e1e00,0x002E1E00,0x002E1E08,8
FUN_002e1e10,0x002E1E10,0x002E1F18,264
FUN_002e1f20,0x002E1F20,0x002E24C0,1432
FUN_002e24c0,0x002E24C0,0x002E24C8,8
FUN_002e24d0,0x002E24D0,0x002E28D0,1016
FUN_002e28d0,0x002E28D0,0x002E291C,72
FUN_002e2920,0x002E2920,0x002E2AF4,468
FUN_002e2b00,0x002E2B00,0x002E2CE0,468
FUN_002e2ce0,0x002E2CE0,0x002E3074,904
FUN_002e3080,0x002E3080,0x002E31E0,344
FUN_002e31e0,0x002E31E0,0x002E33CC,488
FUN_002e33d0,0x002E33D0,0x002E33E0,16
FUN_002e33e0,0x002E33E0,0x002E348C,168
FUN_002e3490,0x002E3490,0x002E34D0,64
FUN_002e34d0,0x002E34D0,0x002E34E0,16
FUN_002e34e0,0x002E34E0,0x002E3604,292
FUN_002e3610,0x002E3610,0x002E372C,284
FUN_002e3730,0x002E3730,0x002E3784,80
FUN_002e3790,0x002E3790,0x002E3A2C,664
FUN_002e3a30,0x002E3A30,0x002E3A94,96
FUN_002e3aa0,0x002E3AA0,0x002E3AF8,88
FUN_002e3b00,0x002E3B00,0x002E3CC0,444
FUN_002e3cc0,0x002E3CC0,0x002E3F78,696
FUN_002e3f80,0x002E3F80,0x002E4008,132
FUN_002e4010,0x002E4010,0x002E405C,76
FUN_002e4060,0x002E4060,0x002E40D0,112
FUN_002e40d0,0x002E40D0,0x002E4110,64
FUN_002e4110,0x002E4110,0x002E4118,8
FUN_002e4120,0x002E4120,0x002E4134,20
FUN_002e4140,0x002E4140,0x002E4214,212
FUN_002e4220,0x002E4220,0x002E4240,32
FUN_002e4240,0x002E4240,0x002E42F4,180
FUN_002e4300,0x002E4300,0x002E43A4,164
FUN_002e43b0,0x002E43B0,0x002E43C4,20
FUN_002e43d0,0x002E43D0,0x002E43E4,20
FUN_002e43f0,0x002E43F0,0x002E4404,20
FUN_002e4410,0x002E4410,0x002E4470,96
FUN_002e4470,0x002E4470,0x002E4528,184
FUN_002e4530,0x002E4530,0x002E456C,60
FUN_002e4570,0x002E4570,0x002E4628,184
FUN_002e4630,0x002E4630,0x002E46B4,132
FUN_002e46c0,0x002E46C0,0x002E46F4,52
FUN_002e4700,0x002E4700,0x002E4784,132
FUN_002e4790,0x002E4790,0x002E47CC,60
FUN_002e47d0,0x002E47D0,0x002E48A4,212
FUN_002e48b0,0x002E48B0,0x002E48B8,8
FUN_002e48c0,0x002E48C0,0x002E4998,216
FUN_002e49a0,0x002E49A0,0x002E4A8C,228
FUN_002e4a90,0x002E4A90,0x002E514C,1708
FUN_002e5150,0x002E5150,0x002E56E8,1412
FUN_002e56f0,0x002E56F0,0x002E5758,104
FUN_002e5760,0x002E5760,0x002E5980,540
FUN_002e5980,0x002E5980,0x002E5B34,432
FUN_002e5b40,0x002E5B40,0x002E5BEC,172
FUN_002e5bf0,0x002E5BF0,0x002E5D90,408
FUN_002e5d90,0x002E5D90,0x002E5F4C,440
FUN_002e5f50,0x002E5F50,0x002E5F58,8
FUN_002e5f60,0x002E5F60,0x002E5FE0,128
FUN_002e5fe0,0x002E5FE0,0x002E5FFC,28
FUN_002e6000,0x002E6000,0x002E600C,12
FUN_002e6010,0x002E6010,0x002E6080,112
FUN_002e6080,0x002E6080,0x002E60B4,52
FUN_002e60c0,0x002E60C0,0x002E62CC,516
FUN_002e62d0,0x002E62D0,0x002E6304,52
FUN_002e6310,0x002E6310,0x002E6384,116
FUN_002e6390,0x002E6390,0x002E63F8,104
FUN_002e6400,0x002E6400,0x002E65AC,428
FUN_002e65b0,0x002E65B0,0x002E66EC,316
FUN_002e66f0,0x002E66F0,0x002E67C4,212
FUN_002e67d0,0x002E67D0,0x002E6824,84
FUN_002e6830,0x002E6830,0x002E6844,20
FUN_002e6850,0x002E6850,0x002E68D4,132
FUN_002e68e0,0x002E68E0,0x002E69F0,272
FUN_002e69f0,0x002E69F0,0x002E6A8C,152
FUN_002e6a90,0x002E6A90,0x002E6AE8,88
FUN_002e6af0,0x002E6AF0,0x002E6EA0,932
FUN_002e6ea0,0x002E6EA0,0x002E6F44,160
FUN_002e6f50,0x002E6F50,0x002E70AC,344
FUN_002e70b0,0x002E70B0,0x002E7264,436
FUN_002e7270,0x002E7270,0x002E7290,32
FUN_002e7280,0x002E7280,0x002E7290,16
FUN_002e7290,0x002E7290,0x002E72A0,16
FUN_002e72a0,0x002E72A0,0x002E7414,364
FUN_002e7420,0x002E7420,0x002E7450,48
FUN_002e7450,0x002E7450,0x002E7578,292
FUN_002e7580,0x002E7580,0x002E75FC,120
FUN_002e7600,0x002E7600,0x002E7844,576
FUN_002e7850,0x002E7850,0x002E7958,260
FUN_002e7960,0x002E7960,0x002E7A0C,172
FUN_002e7a10,0x002E7A10,0x002E7AA0,144
FUN_002e7aa0,0x002E7AA0,0x002E7B78,216
FUN_002e7b80,0x002E7B80,0x002E7D68,488
FUN_002e7d70,0x002E7D70,0x002E7E68,248
FUN_002e7e70,0x002E7E70,0x002E7F44,212
FUN_002e7f50,0x002E7F50,0x002E80A8,332
FUN_002e80b0,0x002E80B0,0x002E80C0,16
FUN_002e80c0,0x002E80C0,0x002E819C,208
FUN_002e81a0,0x002E81A0,0x002E81AC,12
FUN_002e81b0,0x002E81B0,0x002E82A0,240
FUN_002e82a0,0x002E82A0,0x002E830C,108
FUN_002e8310,0x002E8310,0x002E83F0,224
FUN_002e83f0,0x002E83F0,0x002E8458,104
FUN_002e8460,0x002E8460,0x002E84E0,128
FUN_002e84e0,0x002E84E0,0x002E8644,356
FUN_002e8650,0x002E8650,0x002E86BC,108
FUN_002e86c0,0x002E86C0,0x002E8770,176
FUN_002e8770,0x002E8770,0x002E8780,16
FUN_002e8780,0x002E8780,0x002E897C,504
FUN_002e8980,0x002E8980,0x002E89EC,108
FUN_002e89f0,0x002E89F0,0x002E8A5C,108
FUN_002e8a60,0x002E8A60,0x002E8A90,48
FUN_002e8a90,0x002E8A90,0x002E8BC8,304
FUN_002e8bd0,0x002E8BD0,0x002E8EE4,788
FUN_002e8ef0,0x002E8EF0,0x002E8F6C,124
FUN_002e8f70,0x002E8F70,0x002E902C,188
FUN_002e9030,0x002E9030,0x002E9158,296
FUN_002e9160,0x002E9160,0x002E9234,212
FUN_002e9240,0x002E9240,0x002E9378,312
FUN_002e9380,0x002E9380,0x002E9454,212
FUN_002e9460,0x002E9460,0x002E9590,304
FUN_002e9590,0x002E9590,0x002E973C,428
FUN_002e9740,0x002E9740,0x002E9814,212
FUN_002e9820,0x002E9820,0x002E983C,28
FUN_002e9840,0x002E9840,0x002E9918,196
FUN_002e9920,0x002E9920,0x002E9934,20
FUN_002e9940,0x002E9940,0x002E99E0,156
FUN_002e99e0,0x002E99E0,0x002E99EC,12
FUN_002e99f0,0x002E99F0,0x002E9AA8,168
FUN_002e9ab0,0x002E9AB0,0x002E9B2C,124
FUN_002e9b30,0x002E9B30,0x002E9B40,16
FUN_002e9b40,0x002E9B40,0x002EA0B4,1380
FUN_002ea0c0,0x002EA0C0,0x002EA240,380
FUN_002ea240,0x002EA240,0x002EA3C0,380
FUN_002ea3c0,0x002EA3C0,0x002EA440,128
FUN_002ea440,0x002EA440,0x002EA4C0,128
FUN_002ea4c0,0x002EA4C0,0x002EA540,128
FUN_002ea540,0x002EA540,0x002EA5C0,128
FUN_002ea5c0,0x002EA5C0,0x002EA6AC,236
FUN_002ea6b0,0x002EA6B0,0x002EA72C,124
FUN_002ea730,0x002EA730,0x002EA7F8,192
FUN_002ea800,0x002EA800,0x002EA92C,300
FUN_002ea930,0x002EA930,0x002EAB78,584
FUN_002eab80,0x002EAB80,0x002EAC6C,236
FUN_002eac70,0x002EAC70,0x002EAD78,264
FUN_002ead80,0x002EAD80,0x002EAE20,152
FUN_002eae20,0x002EAE20,0x002EAED8,176
FUN_002eaee0,0x002EAEE0,0x002EAFB0,196
FUN_002eafb0,0x002EAFB0,0x002EB004,84
FUN_002eb010,0x002EB010,0x002EB1AC,412
FUN_002eb1b0,0x002EB1B0,0x002EB2BC,268
FUN_002eb2c0,0x002EB2C0,0x002EB334,116
FUN_002eb340,0x002EB340,0x002EB50C,456
FUN_002eb510,0x002EB510,0x002EB604,244
FUN_002eb610,0x002EB610,0x002EB698,136
FUN_002eb6a0,0x002EB6A0,0x002EB760,188
FUN_002eb760,0x002EB760,0x002EB76C,12
FUN_002eb770,0x002EB770,0x002EB77C,12
FUN_002eb780,0x002EB780,0x002EB78C,12
FUN_002eb790,0x002EB790,0x002EB79C,12
FUN_002eb7a0,0x002EB7A0,0x002EB8FC,348
FUN_002eb900,0x002EB900,0x002EBC18,788
FUN_002ebc20,0x002EBC20,0x002EBCE8,200
FUN_002ebcf0,0x002EBCF0,0x002EBE44,340
FUN_002ebe50,0x002EBE50,0x002EBFD8,392
FUN_002ebfe0,0x002EBFE0,0x002EC060,128
FUN_002ec060,0x002EC060,0x002EC134,212
FUN_002ec140,0x002EC140,0x002EC258,280
FUN_002ec260,0x002EC260,0x002EC7D4,1380
FUN_002ec7e0,0x002EC7E0,0x002ECD54,1380
FUN_002ecd60,0x002ECD60,0x002ECEE0,380
FUN_002ecee0,0x002ECEE0,0x002ED060,380
FUN_002ed060,0x002ED060,0x002ED1E0,380
FUN_002ed1e0,0x002ED1E0,0x002ED360,380
FUN_002ed360,0x002ED360,0x002ED3E0,128
FUN_002ed3e0,0x002ED3E0,0x002ED460,128
FUN_002ed460,0x002ED460,0x002ED73C,732
FUN_002ed740,0x002ED740,0x002ED848,264
FUN_002ed850,0x002ED850,0x002ED9C0,368
FUN_002ed9c0,0x002ED9C0,0x002EDA60,156
FUN_002eda60,0x002EDA60,0x002EDB94,304
FUN_002edba0,0x002EDBA0,0x002EDDA0,504
FUN_002edda0,0x002EDDA0,0x002EE084,728
FUN_002ee090,0x002EE090,0x002EE208,368
FUN_002ee210,0x002EE210,0x002EE290,124
FUN_002ee290,0x002EE290,0x002EE39C,264
FUN_002ee3a0,0x002EE3A0,0x002EE540,412
FUN_002ee540,0x002EE540,0x002EE60C,200
FUN_002ee610,0x002EE610,0x002EE694,128
FUN_002ee6a0,0x002EE6A0,0x002EE6E0,64
FUN_002ee6b0,0x002EE6B0,0x002EE6E0,48
FUN_002ee6c0,0x002EE6C0,0x002EE6E0,32
FUN_002ee6d0,0x002EE6D0,0x002EE6E0,16
FUN_002ee6e0,0x002EE6E0,0x002EE7A4,192
FUN_002ee7b0,0x002EE7B0,0x002EE830,124
FUN_002ee830,0x002EE830,0x002EE904,208
FUN_002ee910,0x002EE910,0x002EE9A8,148
FUN_002ee9b0,0x002EE9B0,0x002EEA64,176
FUN_002eea70,0x002EEA70,0x002EEB44,212
FUN_002eeb50,0x002EEB50,0x002EEC0C,188
FUN_002eec10,0x002EEC10,0x002EEDD8,452
FUN_002eede0,0x002EEDE0,0x002EEF98,440
FUN_002eefa0,0x002EEFA0,0x002EF340,912
FUN_002ef340,0x002EF340,0x002EF3B0,112
FUN_002ef3b0,0x002EF3B0,0x002EF590,480
FUN_002ef3c0,0x002EF3C0,0x002EF590,464
FUN_002ef590,0x002EF590,0x002EF7EC,604
FUN_002ef7f0,0x002EF7F0,0x002EF9F0,508
FUN_002ef9f0,0x002EF9F0,0x002EFA60,112
FUN_002efa60,0x002EFA60,0x002EFA90,48
FUN_002efa90,0x002EFA90,0x002EFC74,480
FUN_002efc80,0x002EFC80,0x002EFDFC,380
FUN_002efe00,0x002EFE00,0x002EFE20,32
FUN_002efe10,0x002EFE10,0x002EFE20,16
FUN_002efe20,0x002EFE20,0x002EFE44,36
FUN_002efe50,0x002EFE50,0x002F0014,432
FUN_002f0020,0x002F0020,0x002F0E9C,3684
FUN_002f0ea0,0x002F0EA0,0x002F10A4,512
FUN_002f10b0,0x002F10B0,0x002F11E4,308
FUN_002f11f0,0x002F11F0,0x002F123C,72
FUN_002f1240,0x002F1240,0x002F13EC,428
FUN_002f13f0,0x002F13F0,0x002F1668,628
FUN_002f1670,0x002F1670,0x002F1950,728
FUN_002f1950,0x002F1950,0x002F1978,40
FUN_002f1980,0x002F1980,0x002F2738,3484
FUN_002f2740,0x002F2740,0x002F2D8C,1612
FUN_002f2d90,0x002F2D90,0x002F33DC,1604
FUN_002f33e0,0x002F33E0,0x002F3B84,1948
FUN_002f3b90,0x002F3B90,0x002F3EDC,844
FUN_002f3ee0,0x002F3EE0,0x002F3EE8,8
FUN_002f3ef0,0x002F3EF0,0x002F3FEC,252
FUN_002f3ff0,0x002F3FF0,0x002F4028,56
FUN_002f4030,0x002F4030,0x002F4074,64
FUN_002f4080,0x002F4080,0x002F4088,8
FUN_002f4090,0x002F4090,0x002F4238,420
FUN_002f4240,0x002F4240,0x002F42C8,136
FUN_002f42d0,0x002F42D0,0x002F42DC,12
FUN_002f42e0,0x002F42E0,0x002F42F8,24
FUN_002f4300,0x002F4300,0x002F4860,1164
FUN_002f4860,0x002F4860,0x002F4A14,436
FUN_002f4a20,0x002F4A20,0x002F4BA0,384
FUN_002f4ba0,0x002F4BA0,0x002F4D58,440
FUN_002f4d60,0x002F4D60,0x002F4DF0,144
FUN_002f4df0,0x002F4DF0,0x002F4E98,168
FUN_002f4ea0,0x002F4EA0,0x002F4EE4,68
FUN_002f4ef0,0x002F4EF0,0x002F4FBC,200
FUN_002f4fc0,0x002F4FC0,0x002F5020,96
FUN_002f5020,0x002F5020,0x002F51D8,432
FUN_002f51e0,0x002F51E0,0x002F5288,164
FUN_002f5290,0x002F5290,0x002F56B0,1056
FUN_002f56b0,0x002F56B0,0x002F5700,80
FUN_002f5700,0x002F5700,0x002F5938,568
FUN_002f5940,0x002F5940,0x002F5A24,228
FUN_002f5a30,0x002F5A30,0x002F5B08,212
FUN_002f5b10,0x002F5B10,0x002F5D08,504
FUN_002f5d10,0x002F5D10,0x002F5E4C,316
FUN_002f5e50,0x002F5E50,0x002F5EC0,112
FUN_002f5ec0,0x002F5EC0,0x002F5ED0,16
thunk_FUN_002f51e0,0x002F5ED0,0x002F5ED8,8
thunk_FUN_002f5290,0x002F5EE0,0x002F5EE8,8
FUN_002f5ef0,0x002F5EF0,0x002F5F50,96
FUN_002f5f50,0x002F5F50,0x002F5F78,40
FUN_002f5f80,0x002F5F80,0x002F5FE8,104
FUN_002f5ff0,0x002F5FF0,0x002F6058,104
FUN_002f6060,0x002F6060,0x002F608C,44
FUN_002f6090,0x002F6090,0x002F622C,412
FUN_002f6230,0x002F6230,0x002F6258,40
FUN_002f6260,0x002F6260,0x002F6290,48
FUN_002f6290,0x002F6290,0x002F62A8,24
FUN_002f62b0,0x002F62B0,0x002F6338,136
FUN_002f6340,0x002F6340,0x002F65FC,700
FUN_002f6600,0x002F6600,0x002F6A44,1088
thunk_FUN_00285660,0x002F6A50,0x002F6A58,8
FUN_002f6a60,0x002F6A60,0x002F6A68,8
FUN_002f6a70,0x002F6A70,0x002F6BB4,324
FUN_002f6bc0,0x002F6BC0,0x002F6CF8,312
FUN_002f6d00,0x002F6D00,0x002F6D6C,108
FUN_002f6d70,0x002F6D70,0x002F6E2C,188
FUN_002f6e30,0x002F6E30,0x002F6EC0,144
FUN_002f6ec0,0x002F6EC0,0x002F701C,344
FUN_002f7020,0x002F7020,0x002F7688,1632
FUN_002f7690,0x002F7690,0x002F7704,116
FUN_002f7710,0x002F7710,0x002F779C,140
FUN_002f77a0,0x002F77A0,0x002F79E4,576
FUN_002f79f0,0x002F79F0,0x002F7AB4,196
FUN_002f7ac0,0x002F7AC0,0x002F7C40,380
FUN_002f7c40,0x002F7C40,0x002F7D84,324
FUN_002f7d90,0x002F7D90,0x002F7FA0,520
FUN_002f7fa0,0x002F7FA0,0x002F80B4,276
FUN_002f80c0,0x002F80C0,0x002F8114,84
FUN_002f8120,0x002F8120,0x002F8228,264
FUN_002f8230,0x002F8230,0x002F8270,64
FUN_002f8270,0x002F8270,0x002F82D8,104
FUN_002f82e0,0x002F82E0,0x002F834C,108
FUN_002f8350,0x002F8350,0x002F83A4,84
FUN_002f83b0,0x002F83B0,0x002F8BBC,2044
FUN_002f8bc0,0x002F8BC0,0x002F8C5C,156
FUN_002f8c60,0x002F8C60,0x002F8CE0,128
FUN_002f8ce0,0x002F8CE0,0x002F8D4C,108
FUN_002f8d50,0x002F8D50,0x002F8DD0,128
FUN_002f8dd0,0x002F8DD0,0x002F8E50,128
FUN_002f8e50,0x002F8E50,0x002F8EC8,120
FUN_002f8ed0,0x002F8ED0,0x002F8FC4,244
FUN_002f8fd0,0x002F8FD0,0x002F9204,560
FUN_002f9210,0x002F9210,0x002F9220,16
FUN_002f9220,0x002F9220,0x002F9410,488
FUN_002f9410,0x002F9410,0x002F95EC,468
FUN_002f95f0,0x002F95F0,0x002F967C,140
FUN_002f9680,0x002F9680,0x002F9690,16
FUN_002f9690,0x002F9690,0x002F96DC,76
FUN_002f96e0,0x002F96E0,0x002F96EC,12
FUN_002f96f0,0x002F96F0,0x002F98EC,508
FUN_002f98f0,0x002F98F0,0x002F9AB8,456
FUN_002f9ac0,0x002F9AC0,0x002FA314,2116
FUN_002fa320,0x002FA320,0x002FA554,564
FUN_002fa560,0x002FA560,0x002FA59C,56
FUN_002fa5a0,0x002FA5A0,0x002FA7D4,564
FUN_002fa7e0,0x002FA7E0,0x002FA7EC,12
FUN_002fa7f0,0x002FA7F0,0x002FA800,16
FUN_002fa800,0x002FA800,0x002FA870,112
FUN_002fa870,0x002FA870,0x002FA8E4,116
FUN_002fa8f0,0x002FA8F0,0x002FAA80,400
FUN_002faa80,0x002FAA80,0x002FAB5C,220
FUN_002fab60,0x002FAB60,0x002FAB80,32
FUN_002fab70,0x002FAB70,0x002FAB80,16
FUN_002fab80,0x002FAB80,0x002FAF4C,964
FUN_002faf50,0x002FAF50,0x002FAFB4,100
FUN_002fafc0,0x002FAFC0,0x002FB080,192
FUN_002fb080,0x002FB080,0x002FB1B4,304
FUN_002fb1c0,0x002FB1C0,0x002FB334,368
FUN_002fb340,0x002FB340,0x002FB470,300
FUN_002fb470,0x002FB470,0x002FB60C,408
FUN_002fb610,0x002FB610,0x002FB920,772
FUN_002fb920,0x002FB920,0x002FB9EC,204
FUN_002fb9f0,0x002FB9F0,0x002FBAD8,232
FUN_002fbae0,0x002FBAE0,0x002FBBF0,272
FUN_002fbbf0,0x002FBBF0,0x002FBCD8,232
FUN_002fbce0,0x002FBCE0,0x002FC280,1432
FUN_002fc280,0x002FC280,0x002FC438,436
FUN_002fc440,0x002FC440,0x002FC7F8,952
FUN_002fc800,0x002FC800,0x002FC9D8,472
FUN_002fc9e0,0x002FC9E0,0x002FCB94,436
FUN_002fcba0,0x002FCBA0,0x002FCD60,448
FUN_002fcd60,0x002FCD60,0x002FCFF4,660
FUN_002fd000,0x002FD000,0x002FD068,104
FUN_002fd070,0x002FD070,0x002FD0D0,96
FUN_002fd0d0,0x002FD0D0,0x002FD104,52
FUN_002fd110,0x002FD110,0x002FD20C,252
FUN_002fd210,0x002FD210,0x002FD30C,252
FUN_002fd310,0x002FD310,0x002FD40C,252
FUN_002fd410,0x002FD410,0x002FD50C,252
FUN_002fd510,0x002FD510,0x002FD60C,252
FUN_002fd610,0x002FD610,0x002FD6DC,204
FUN_002fd6e0,0x002FD6E0,0x002FD7D4,240
FUN_002fd7e0,0x002FD7E0,0x002FD8AC,200
FUN_002fd8b0,0x002FD8B0,0x002FD97C,200
FUN_002fd980,0x002FD980,0x002FDA4C,200
FUN_002fda50,0x002FDA50,0x002FDA98,72
FUN_002fdaa0,0x002FDAA0,0x002FDAE8,72
FUN_002fdaf0,0x002FDAF0,0x002FDEA0,940
FUN_002fdea0,0x002FDEA0,0x002FDEC0,32
FUN_002fdec0,0x002FDEC0,0x002FDECC,12
FUN_002fded0,0x002FDED0,0x002FDF60,144
FUN_002fdf60,0x002FDF60,0x002FE1A8,580
FUN_002fe1b0,0x002FE1B0,0x002FE1D0,32
FUN_002fe1d0,0x002FE1D0,0x002FE224,84
FUN_002fe230,0x002FE230,0x002FE3DC,428
FUN_002fe3e0,0x002FE3E0,0x002FEAC8,1756
FUN_002fead0,0x002FEAD0,0x002FEC94,452
FUN_002feca0,0x002FECA0,0x002FECA8,8
FUN_002fecb0,0x002FECB0,0x002FEE4C,412
FUN_002fee50,0x002FEE50,0x002FF95C,2816
FUN_002ff960,0x002FF960,0x002FFF1C,1456
FUN_002fff20,0x002FFF20,0x002FFF88,104
FUN_002fff90,0x002FFF90,0x002FFF98,8
FUN_002fffa0,0x002FFFA0,0x002FFFA8,8
FUN_002fffb0,0x002FFFB0,0x00300018,104
FUN_00300020,0x00300020,0x00300088,104
FUN_00300090,0x00300090,0x00300098,8
FUN_003000a0,0x003000A0,0x00300248,424
FUN_00300250,0x00300250,0x00300468,536
FUN_00300470,0x00300470,0x003004F0,128
FUN_003004f0,0x003004F0,0x00300570,128
FUN_00300570,0x00300570,0x00300608,152
FUN_00300610,0x00300610,0x00300618,8
FUN_00300620,0x00300620,0x00300628,8
FUN_00300630,0x00300630,0x00300638,8
FUN_00300640,0x00300640,0x00300648,8
FUN_00300650,0x00300650,0x00300658,8
FUN_00300660,0x00300660,0x00300668,8
thunk_FUN_00647698,0x00300670,0x00300678,8
FUN_00300680,0x00300680,0x003006D0,80
FUN_003006d0,0x003006D0,0x00300734,96
FUN_00300740,0x00300740,0x003007FC,188
FUN_00300800,0x00300800,0x0030083C,60
FUN_00300840,0x00300840,0x00300898,88
FUN_003008a0,0x003008A0,0x003008D4,52
FUN_003008e0,0x003008E0,0x003009BC,216
FUN_003009c0,0x003009C0,0x00300A64,164
FUN_00300a70,0x00300A70,0x00300AE8,120
FUN_00300af0,0x00300AF0,0x00300B68,120
FUN_00300b70,0x00300B70,0x00300BD4,100
FUN_00300be0,0x00300BE0,0x00300C0C,44
FUN_00300c10,0x00300C10,0x00300C44,52
FUN_00300c50,0x00300C50,0x00300DA4,336
FUN_00300db0,0x00300DB0,0x00300E58,168
FUN_00300e60,0x00300E60,0x00300EFC,156
FUN_00300f00,0x00300F00,0x00300F64,100
FUN_00300f70,0x00300F70,0x00300FE0,112
FUN_00300fe0,0x00300FE0,0x003010C0,220
FUN_003010c0,0x003010C0,0x00301134,116
FUN_00301140,0x00301140,0x003012E8,424
FUN_003012f0,0x003012F0,0x0030134C,92
FUN_00301350,0x00301350,0x003013C0,112
FUN_003013c0,0x003013C0,0x003015C4,508
FUN_003015d0,0x003015D0,0x003016A0,204
FUN_003016a0,0x003016A0,0x00301704,100
FUN_00301710,0x00301710,0x00301744,52
FUN_00301750,0x00301750,0x00301798,72
FUN_003017a0,0x003017A0,0x00301810,112
FUN_00301810,0x00301810,0x00301918,264
FUN_00301920,0x00301920,0x00301A70,328
FUN_00301a70,0x00301A70,0x00301C3C,456
FUN_00301c40,0x00301C40,0x00301CF0,176
FUN_00301cf0,0x00301CF0,0x00301DAC,188
FUN_00301db0,0x00301DB0,0x00301ED0,284
FUN_00301ed0,0x00301ED0,0x003020A0,460
FUN_003020a0,0x003020A0,0x00302204,356
FUN_00302210,0x00302210,0x003022E4,212
FUN_003022f0,0x003022F0,0x00302844,1352
FUN_00302850,0x00302850,0x00302A9C,588
FUN_00302aa0,0x00302AA0,0x00302FB4,1288
FUN_00302fc0,0x00302FC0,0x00302FC8,8
FUN_00302fd0,0x00302FD0,0x00303038,104
FUN_00303040,0x00303040,0x003030A8,104
FUN_003030b0,0x003030B0,0x00303248,408
FUN_00303250,0x00303250,0x00303304,180
FUN_00303310,0x00303310,0x00303390,128
FUN_00303390,0x00303390,0x00303410,128
FUN_00303410,0x00303410,0x00303490,128
FUN_00303490,0x00303490,0x00303730,672
FUN_00303730,0x00303730,0x00303774,68
FUN_00303780,0x00303780,0x003039A4,548
FUN_003039b0,0x003039B0,0x00303F38,1408
FUN_00303f40,0x00303F40,0x003042A4,856
FUN_003042b0,0x003042B0,0x00304390,224
FUN_00304390,0x00304390,0x003043D8,72
FUN_003043e0,0x003043E0,0x00304414,52
FUN_00304420,0x00304420,0x00304470,80
FUN_00304470,0x00304470,0x003045B0,312
FUN_003045b0,0x003045B0,0x0030460C,92
FUN_00304610,0x00304610,0x00304618,8
FUN_00304620,0x00304620,0x00304648,40
FUN_00304650,0x00304650,0x00304660,16
FUN_00304660,0x00304660,0x00304774,276
FUN_00304780,0x00304780,0x003047D8,88
FUN_003047e0,0x003047E0,0x003047E8,8
FUN_003047f0,0x003047F0,0x003047F8,8
FUN_00304800,0x00304800,0x00304808,8
FUN_00304810,0x00304810,0x00304818,8
FUN_00304820,0x00304820,0x00304A04,476
FUN_00304a10,0x00304A10,0x00304A18,8
FUN_00304a20,0x00304A20,0x00304A28,8
FUN_00304a30,0x00304A30,0x00304A48,24
FUN_00304a50,0x00304A50,0x00304A5C,12
FUN_00304a60,0x00304A60,0x00304B88,296
FUN_00304b90,0x00304B90,0x00304C44,180
FUN_00304c50,0x00304C50,0x00304DDC,396
FUN_00304de0,0x00304DE0,0x00304F3C,348
FUN_00304f40,0x00304F40,0x003051D8,660
FUN_003051e0,0x003051E0,0x00305230,80
FUN_00305230,0x00305230,0x00305638,1028
FUN_00305640,0x00305640,0x00305694,84
FUN_003056a0,0x003056A0,0x00305708,104
FUN_00305710,0x00305710,0x003057E4,208
FUN_003057f0,0x003057F0,0x003058B0,188
FUN_003058b0,0x003058B0,0x00305B2C,636
FUN_00305b30,0x00305B30,0x00305B38,8
FUN_00305b40,0x00305B40,0x00305B48,8
FUN_00305b50,0x00305B50,0x00305B8C,60
FUN_00305b90,0x00305B90,0x00305B98,8
FUN_00305ba0,0x00305BA0,0x00305BE0,64
FUN_00305be0,0x00305BE0,0x00305C98,180
FUN_00305ca0,0x00305CA0,0x00305DB4,268
FUN_00305dc0,0x00305DC0,0x00305DE0,32
FUN_00305de0,0x00305DE0,0x00305F74,400
FUN_00305f80,0x00305F80,0x00306028,168
FUN_00306030,0x00306030,0x0030659C,1356
FUN_003065a0,0x003065A0,0x00306618,120
FUN_00306620,0x00306620,0x00306648,40
FUN_00306650,0x00306650,0x00306668,24
FUN_00306670,0x00306670,0x003066C4,84
FUN_003066d0,0x003066D0,0x003067A4,212
FUN_003067b0,0x003067B0,0x00306884,212
FUN_00306890,0x00306890,0x00306AD8,572
FUN_00306ae0,0x00306AE0,0x00306D34,592
FUN_00306d40,0x00306D40,0x00306FC8,644
FUN_00306fd0,0x00306FD0,0x0030706C,156
FUN_00307070,0x00307070,0x003070BC,76
FUN_003070c0,0x003070C0,0x00307168,168
FUN_00307170,0x00307170,0x00307270,256
FUN_00307270,0x00307270,0x003072E0,112
FUN_003072e0,0x003072E0,0x00307358,120
FUN_00307360,0x00307360,0x00307464,260
FUN_00307470,0x00307470,0x00307520,176
FUN_00307520,0x00307520,0x00307574,84
FUN_00307580,0x00307580,0x003075D4,84
FUN_003075e0,0x003075E0,0x00307634,84
FUN_00307640,0x00307640,0x003076F8,184
FUN_00307700,0x00307700,0x00307810,268
FUN_00307810,0x00307810,0x003079C0,432
FUN_003079c0,0x003079C0,0x00307B40,384
FUN_00307b40,0x00307B40,0x00307F9C,1112
FUN_00307fa0,0x00307FA0,0x0030801C,124
FUN_00308020,0x00308020,0x00308150,304
FUN_00308150,0x00308150,0x0030815C,12
FUN_00308160,0x00308160,0x00308204,164
FUN_00308210,0x00308210,0x003083C0,432
FUN_003083c0,0x003083C0,0x003084E4,292
FUN_003084f0,0x003084F0,0x00308574,132
FUN_00308580,0x00308580,0x003085C0,64
FUN_003085c0,0x003085C0,0x00308640,128
FUN_00308640,0x00308640,0x003086BC,124
FUN_003086c0,0x003086C0,0x00308728,104
FUN_00308730,0x00308730,0x003087CC,156
FUN_003087d0,0x003087D0,0x003087F8,40
FUN_00308800,0x00308800,0x00308B00,764
FUN_00308b00,0x00308B00,0x00308EE8,1000
FUN_00308ef0,0x00308EF0,0x00308FC0,208
FUN_00308fc0,0x00308FC0,0x00309098,212
FUN_003090a0,0x003090A0,0x00309110,112
FUN_00309110,0x00309110,0x00309180,112
FUN_00309180,0x00309180,0x003091A8,40
FUN_003091b0,0x003091B0,0x003091CC,28
FUN_003091d0,0x003091D0,0x003091F4,36
FUN_00309200,0x00309200,0x00309234,52
FUN_00309240,0x00309240,0x00309274,52
FUN_00309280,0x00309280,0x003092AC,44
FUN_003092b0,0x003092B0,0x0030930C,92
FUN_00309310,0x00309310,0x00309370,96
FUN_00309370,0x00309370,0x003093FC,140
FUN_00309400,0x00309400,0x00309420,32
FUN_00309420,0x00309420,0x0030954C,300
FUN_00309550,0x00309550,0x0030955C,12
FUN_00309560,0x00309560,0x003096B8,344
FUN_003096c0,0x003096C0,0x003096E4,36
FUN_003096f0,0x003096F0,0x00309774,132
FUN_00309780,0x00309780,0x00309844,196
FUN_00309850,0x00309850,0x003098D4,128
FUN_003098e0,0x003098E0,0x00309A08,292
FUN_00309a10,0x00309A10,0x00309B3C,300
FUN_00309b40,0x00309B40,0x00309F58,1044
FUN_00309f60,0x00309F60,0x0030A2D0,868
FUN_0030a2d0,0x0030A2D0,0x0030A3A8,212
FUN_0030a3b0,0x0030A3B0,0x0030A564,432
FUN_0030a570,0x0030A570,0x0030A584,20
FUN_0030a590,0x0030A590,0x0030A61C,140
FUN_0030a620,0x0030A620,0x0030A6E0,188
FUN_0030a6e0,0x0030A6E0,0x0030A724,68
FUN_0030a730,0x0030A730,0x0030A788,88
FUN_0030a790,0x0030A790,0x0030A7C0,48
FUN_0030a7c0,0x0030A7C0,0x0030A860,160
FUN_0030a860,0x0030A860,0x0030A934,208
FUN_0030a940,0x0030A940,0x0030A968,40
FUN_0030a970,0x0030A970,0x0030AA98,288
FUN_0030aaa0,0x0030AAA0,0x0030ACA0,500
FUN_0030aca0,0x0030ACA0,0x0030ADC4,292
FUN_0030add0,0x0030ADD0,0x0030AF34,356
FUN_0030af40,0x0030AF40,0x0030B11C,472
FUN_0030b120,0x0030B120,0x0030B178,88
FUN_0030b180,0x0030B180,0x0030B1C4,68
FUN_0030b1d0,0x0030B1D0,0x0030B4C4,756
FUN_0030b4d0,0x0030B4D0,0x0030B6EC,536
FUN_0030b6f0,0x0030B6F0,0x0030B6FC,12
FUN_0030b700,0x0030B700,0x0030B738,56
FUN_0030b740,0x0030B740,0x0030B768,40
FUN_0030b770,0x0030B770,0x0030B9AC,572
FUN_0030b9b0,0x0030B9B0,0x0030B9C8,24
FUN_0030b9d0,0x0030B9D0,0x0030BA90,192
FUN_0030ba90,0x0030BA90,0x0030BAE8,84
FUN_0030baf0,0x0030BAF0,0x0030BB5C,108
FUN_0030bb60,0x0030BB60,0x0030BD34,456
FUN_0030bd40,0x0030BD40,0x0030BE74,308
FUN_0030be80,0x0030BE80,0x0030BF1C,156
FUN_0030bf20,0x0030BF20,0x0030C02C,260
FUN_0030c030,0x0030C030,0x0030C08C,92
FUN_0030c090,0x0030C090,0x0030C1B0,288
FUN_0030c1b0,0x0030C1B0,0x0030C424,620
FUN_0030c430,0x0030C430,0x0030C62C,500
FUN_0030c630,0x0030C630,0x0030C69C,108
FUN_0030c6a0,0x0030C6A0,0x0030C6D4,52
FUN_0030c6e0,0x0030C6E0,0x0030C75C,120
FUN_0030c760,0x0030C760,0x0030C844,228
FUN_0030c850,0x0030C850,0x0030C8D8,132
FUN_0030c8e0,0x0030C8E0,0x0030C908,40
FUN_0030c910,0x0030C910,0x0030CA40,304
FUN_0030ca40,0x0030CA40,0x0030CA80,64
FUN_0030ca50,0x0030CA50,0x0030CA80,48
FUN_0030ca80,0x0030CA80,0x0030CB1C,156
FUN_0030cb20,0x0030CB20,0x0030CB8C,108
FUN_0030cb90,0x0030CB90,0x0030CD7C,492
thunk_FUN_0030be80,0x0030CD80,0x0030CD88,8
FUN_0030cd90,0x0030CD90,0x0030CDD0,64
FUN_0030cdd0,0x0030CDD0,0x0030CDE0,16
FUN_0030cde0,0x0030CDE0,0x0030CDE8,8
FUN_0030cdf0,0x0030CDF0,0x0030CE80,144
FUN_0030ce80,0x0030CE80,0x0030CEEC,108
FUN_0030cef0,0x0030CEF0,0x0030CFF0,256
FUN_0030cff0,0x0030CFF0,0x0030CFFC,12
FUN_0030d000,0x0030D000,0x0030D008,8
FUN_0030d010,0x0030D010,0x0030D018,8
FUN_0030d020,0x0030D020,0x0030D060,64
FUN_0030d060,0x0030D060,0x0030D108,168
FUN_0030d110,0x0030D110,0x0030D1B0,160
FUN_0030d1b0,0x0030D1B0,0x0030D378,444
FUN_0030d380,0x0030D380,0x0030D508,388
FUN_0030d510,0x0030D510,0x0030D538,40
FUN_0030d540,0x0030D540,0x0030D548,8
FUN_0030d550,0x0030D550,0x0030D558,8
FUN_0030d560,0x0030D560,0x0030D5A0,64
FUN_0030d5a0,0x0030D5A0,0x0030D5E0,64
FUN_0030d5e0,0x0030D5E0,0x0030D620,64
FUN_0030d620,0x0030D620,0x0030D628,8
FUN_0030d630,0x0030D630,0x0030D664,52
FUN_0030d670,0x0030D670,0x0030D768,248
FUN_0030d770,0x0030D770,0x0030D7C8,88
FUN_0030d7d0,0x0030D7D0,0x0030D868,152
FUN_0030d870,0x0030D870,0x0030D900,144
FUN_0030d900,0x0030D900,0x0030D9B0,176
FUN_0030d9b0,0x0030D9B0,0x0030D9F8,72
FUN_0030da00,0x0030DA00,0x0030DBB0,428
FUN_0030dbb0,0x0030DBB0,0x0030DCE0,296
FUN_0030dce0,0x0030DCE0,0x0030DE28,324
FUN_0030de30,0x0030DE30,0x0030DEDC,172
FUN_0030dee0,0x0030DEE0,0x0030E25C,880
FUN_0030e260,0x0030E260,0x0030E28C,44
FUN_0030e290,0x0030E290,0x0030E2F4,100
FUN_0030e300,0x0030E300,0x0030E334,52
FUN_0030e340,0x0030E340,0x0030E394,84
FUN_0030e3a0,0x0030E3A0,0x0030E3A8,8
FUN_0030e3b0,0x0030E3B0,0x0030E3D0,32
FUN_0030e3c0,0x0030E3C0,0x0030E3D0,16
FUN_0030e3d0,0x0030E3D0,0x0030E3E8,24
FUN_0030e3f0,0x0030E3F0,0x0030E408,24
FUN_0030e410,0x0030E410,0x0030E488,120
FUN_0030e490,0x0030E490,0x0030E538,168
FUN_0030e540,0x0030E540,0x0030E550,16
FUN_0030e550,0x0030E550,0x0030E578,40
FUN_0030e580,0x0030E580,0x0030E5A0,32
FUN_0030e5a0,0x0030E5A0,0x0030E69C,240
FUN_0030e6a0,0x0030E6A0,0x0030E6DC,60
FUN_0030e6e0,0x0030E6E0,0x0030E708,40
FUN_0030e710,0x0030E710,0x0030E784,116
FUN_0030e790,0x0030E790,0x0030E7E4,84
FUN_0030e7f0,0x0030E7F0,0x0030E8DC,236
FUN_0030e8e0,0x0030E8E0,0x0030EB70,652
FUN_0030eb70,0x0030EB70,0x0030EC10,160
FUN_0030ec10,0x0030EC10,0x0030F5F0,2512
FUN_0030f5f0,0x0030F5F0,0x0030F6DC,232
FUN_0030f6e0,0x0030F6E0,0x0030F7DC,252
FUN_0030f7e0,0x0030F7E0,0x0030F988,416
FUN_0030f990,0x0030F990,0x0030FC68,720
FUN_0030fc70,0x0030FC70,0x0030FCD0,96
FUN_0030fcd0,0x0030FCD0,0x0030FD90,192
FUN_0030fd90,0x0030FD90,0x0030FE3C,172
FUN_0030fe40,0x0030FE40,0x0030FEEC,172
FUN_0030fef0,0x0030FEF0,0x00310078,388
FUN_00310080,0x00310080,0x00310210,400
FUN_00310210,0x00310210,0x003102D4,196
FUN_003102e0,0x003102E0,0x003103C8,232
FUN_003103d0,0x003103D0,0x0031040C,60
FUN_00310410,0x00310410,0x00310478,100
FUN_00310480,0x00310480,0x003104EC,108
FUN_003104f0,0x003104F0,0x0031051C,44
FUN_00310520,0x00310520,0x00310554,52
FUN_00310560,0x00310560,0x0031058C,44
FUN_00310590,0x00310590,0x003105CC,60
FUN_003105d0,0x003105D0,0x003105FC,44
FUN_00310600,0x00310600,0x0031062C,44
FUN_00310630,0x00310630,0x00310694,100
FUN_003106a0,0x003106A0,0x00310748,168
FUN_00310750,0x00310750,0x003107CC,124
FUN_003107d0,0x003107D0,0x00310830,96
FUN_00310830,0x00310830,0x00310960,304
FUN_00310960,0x00310960,0x00310980,32
FUN_00310970,0x00310970,0x00310980,16
FUN_00310980,0x00310980,0x003109EC,104
FUN_003109f0,0x003109F0,0x00310C24,548
FUN_00310c30,0x00310C30,0x00310C40,16
thunk_FUN_001bff28,0x00310C40,0x00310C48,8
FUN_00310c50,0x00310C50,0x00310C58,8
FUN_00310c60,0x00310C60,0x00310C68,8
FUN_00310c70,0x00310C70,0x00310C78,8
FUN_00310c80,0x00310C80,0x00310D94,276
FUN_00310da0,0x00310DA0,0x00310F1C,376
FUN_00310f20,0x00310F20,0x0031121C,760
FUN_00311220,0x00311220,0x00311324,260
FUN_00311330,0x00311330,0x0031151C,492
FUN_00311520,0x00311520,0x0031187C,856
FUN_00311880,0x00311880,0x003119A0,288
FUN_003119a0,0x003119A0,0x00311AC4,292
FUN_00311ad0,0x00311AD0,0x00311AD8,8
FUN_00311ae0,0x00311AE0,0x00311AE8,8
FUN_00311af0,0x00311AF0,0x00311AFC,12
FUN_00311b00,0x00311B00,0x00311B3C,60
FUN_00311b40,0x00311B40,0x00311C18,208
FUN_00311c20,0x00311C20,0x00311C2C,12
FUN_00311c30,0x00311C30,0x00311C48,24
FUN_00311c50,0x00311C50,0x00311CBC,108
FUN_00311cc0,0x00311CC0,0x00311E0C,328
FUN_00311e10,0x00311E10,0x00311EA0,140
FUN_00311ea0,0x00311EA0,0x00311EEC,72
FUN_00311ef0,0x00311EF0,0x00312000,268
FUN_00312000,0x00312000,0x00312090,140
FUN_00312090,0x00312090,0x00312120,140
FUN_00312120,0x00312120,0x00312234,276
FUN_00312240,0x00312240,0x00312284,64
FUN_00312290,0x00312290,0x003122F8,100
FUN_00312300,0x00312300,0x00312360,92
FUN_00312360,0x00312360,0x003123F0,140
FUN_003123f0,0x003123F0,0x00312480,140
FUN_00312480,0x00312480,0x003124EC,108
FUN_003124f0,0x003124F0,0x003126A0,432
FUN_003126a0,0x003126A0,0x003127E4,324
FUN_003127f0,0x003127F0,0x00312854,100
FUN_00312860,0x00312860,0x00312A64,516
FUN_00312a70,0x00312A70,0x00312A94,36
FUN_00312aa0,0x00312AA0,0x00312C20,384
FUN_00312c20,0x00312C20,0x00312D00,224
FUN_00312d00,0x00312D00,0x00312F1C,532
FUN_00312f20,0x00312F20,0x003130B0,396
FUN_003130b0,0x003130B0,0x00313240,396
FUN_00313240,0x00313240,0x00313448,520
FUN_00313450,0x00313450,0x00313460,16
FUN_00313460,0x00313460,0x00313474,20
FUN_00313480,0x00313480,0x00313490,16
FUN_00313490,0x00313490,0x00313498,8
FUN_003134a0,0x003134A0,0x003134BC,28
FUN_003134c0,0x003134C0,0x00313618,340
FUN_00313620,0x00313620,0x00313764,320
FUN_00313770,0x00313770,0x003139D4,612
FUN_003139e0,0x003139E0,0x00313C58,628
FUN_00313c60,0x00313C60,0x00313CA0,64
FUN_00313ca0,0x00313CA0,0x00313D58,184
FUN_00313d60,0x00313D60,0x00313E0C,172
FUN_00313e10,0x00313E10,0x00313E20,16
FUN_00313e20,0x00313E20,0x00313ED8,184
FUN_00313ee0,0x00313EE0,0x00313FF0,272
FUN_00313ff0,0x00313FF0,0x00314100,272
FUN_00314100,0x00314100,0x00314314,532
FUN_00314320,0x00314320,0x00314538,536
FUN_00314540,0x00314540,0x00314758,536
FUN_00314760,0x00314760,0x003149D0,624
FUN_003149d0,0x003149D0,0x003149D8,8
FUN_003149e0,0x003149E0,0x00314A10,48
FUN_00314a10,0x00314A10,0x00314A30,32
FUN_00314a30,0x00314A30,0x00314A74,68
FUN_00314a80,0x00314A80,0x00314AFC,124
FUN_00314b00,0x00314B00,0x00314BB8,180
FUN_00314bc0,0x00314BC0,0x00314C44,132
FUN_00314c50,0x00314C50,0x00314E58,496
FUN_00314e60,0x00314E60,0x00314EE0,128
FUN_00314ee0,0x00314EE0,0x00314F54,116
FUN_00314f60,0x00314F60,0x00315094,308
FUN_003150a0,0x003150A0,0x00315110,112
FUN_00315110,0x00315110,0x003151F4,228
FUN_00315200,0x00315200,0x0031526C,108
FUN_00315270,0x00315270,0x003152D0,96
FUN_003152d0,0x003152D0,0x00315330,96
FUN_00315330,0x00315330,0x00315454,288
FUN_00315460,0x00315460,0x00315574,276
FUN_00315580,0x00315580,0x003155C8,72
FUN_003155d0,0x003155D0,0x0031563C,108
FUN_00315640,0x00315640,0x00315698,88
FUN_003156a0,0x003156A0,0x003156C8,40
thunk_FUN_00308210,0x003156D0,0x003156D8,8
FUN_003156e0,0x003156E0,0x00315700,32
FUN_00315700,0x00315700,0x00315708,8
FUN_00315710,0x00315710,0x00315738,40
FUN_00315740,0x00315740,0x0031575C,28
FUN_00315760,0x00315760,0x00315790,48
FUN_00315790,0x00315790,0x003157C8,56
FUN_003157d0,0x003157D0,0x00315814,68
FUN_00315820,0x00315820,0x00315860,64
FUN_00315860,0x00315860,0x003158AC,76
FUN_003158b0,0x003158B0,0x00315A74,452
FUN_00315a80,0x00315A80,0x00315B8C,256
FUN_00315b90,0x00315B90,0x00315CF4,352
FUN_00315d00,0x00315D00,0x00315E64,352
FUN_00315e70,0x00315E70,0x00315F34,192
FUN_00315f40,0x00315F40,0x003160B0,368
FUN_003160b0,0x003160B0,0x003160C0,16
FUN_003160c0,0x003160C0,0x003160F4,52
FUN_00316100,0x00316100,0x003162A8,420
FUN_003162b0,0x003162B0,0x003164DC,548
FUN_003164e0,0x003164E0,0x003165F4,276
FUN_00316600,0x00316600,0x00316610,16
FUN_00316610,0x00316610,0x00316764,340
FUN_00316770,0x00316770,0x003167F0,128
FUN_003167f0,0x003167F0,0x00316818,40
FUN_00316820,0x00316820,0x00316E04,1508
FUN_00316e10,0x00316E10,0x00316E24,20
FUN_00316e30,0x00316E30,0x00317054,548
FUN_00317060,0x00317060,0x003176AC,1612
FUN_003176b0,0x003176B0,0x0031771C,108
FUN_00317720,0x00317720,0x00317798,120
FUN_003177a0,0x003177A0,0x003177B8,24
FUN_003177c0,0x003177C0,0x00317820,96
FUN_00317820,0x00317820,0x003178A0,128
FUN_003178a0,0x003178A0,0x00317944,164
FUN_00317950,0x00317950,0x00317A88,308
FUN_00317a90,0x00317A90,0x00317AEC,92
FUN_00317af0,0x00317AF0,0x00317C14,292
FUN_00317c20,0x00317C20,0x00317D84,348
FUN_00317d90,0x00317D90,0x00317EBC,300
FUN_00317ec0,0x00317EC0,0x00317EE4,36
FUN_00317ef0,0x00317EF0,0x00317F64,112
FUN_00317f70,0x00317F70,0x00317FC0,76
FUN_00317fc0,0x00317FC0,0x00318200,564
FUN_00318200,0x00318200,0x00318230,48
FUN_00318230,0x00318230,0x003186A8,1144
FUN_003186b0,0x003186B0,0x003188C4,532
FUN_003188d0,0x003188D0,0x00318930,96
FUN_00318930,0x00318930,0x00318ADC,420
FUN_00318ae0,0x00318AE0,0x00318C30,328
FUN_00318c30,0x00318C30,0x00318C38,8
FUN_00318c40,0x00318C40,0x00318CAC,108
FUN_00318cb0,0x00318CB0,0x00318D9C,236
FUN_00318da0,0x00318DA0,0x00319578,2000
FUN_00319580,0x00319580,0x003195A0,32
FUN_003195a0,0x003195A0,0x00319698,248
FUN_003196a0,0x003196A0,0x003197DC,316
FUN_003197e0,0x003197E0,0x003199B8,468
FUN_003199c0,0x003199C0,0x00319C84,708
FUN_00319c90,0x00319C90,0x00319F04,616
FUN_00319f10,0x00319F10,0x00319F18,8
FUN_00319f20,0x00319F20,0x0031A0D4,428
FUN_0031a0e0,0x0031A0E0,0x0031A140,96
FUN_0031a140,0x0031A140,0x0031A17C,60
FUN_0031a180,0x0031A180,0x0031A90C,1928
FUN_0031a910,0x0031A910,0x0031A9A0,144
FUN_0031a9a0,0x0031A9A0,0x0031AE28,1160
FUN_0031ae30,0x0031AE30,0x0031AEC0,144
FUN_0031aec0,0x0031AEC0,0x0031AF64,164
FUN_0031af70,0x0031AF70,0x0031B020,176
FUN_0031b020,0x0031B020,0x0031B08C,104
FUN_0031b090,0x0031B090,0x0031B0BC,44
FUN_0031b0c0,0x0031B0C0,0x0031B124,100
FUN_0031b130,0x0031B130,0x0031B1B0,128
FUN_0031b1b0,0x0031B1B0,0x0031B348,396
FUN_0031b350,0x0031B350,0x0031B768,1044
FUN_0031b770,0x0031B770,0x0031B9A0,560
FUN_0031b9a0,0x0031B9A0,0x0031C2EC,2340
FUN_0031c2f0,0x0031C2F0,0x0031C31C,44
FUN_0031c320,0x0031C320,0x0031C43C,284
FUN_0031c440,0x0031C440,0x0031C764,804
FUN_0031c770,0x0031C770,0x0031C87C,268
FUN_0031c880,0x0031C880,0x0031C924,164
FUN_0031c930,0x0031C930,0x0031CA5C,300
FUN_0031ca60,0x0031CA60,0x0031CAD0,112
FUN_0031cad0,0x0031CAD0,0x0031CB10,64
FUN_0031cb10,0x0031CB10,0x0031CB18,8
FUN_0031cb20,0x0031CB20,0x0031CB34,20
FUN_0031cb40,0x0031CB40,0x0031CC6C,300
FUN_0031cc70,0x0031CC70,0x0031CCE0,112
FUN_0031cce0,0x0031CCE0,0x0031CD20,64
FUN_0031cd20,0x0031CD20,0x0031CD28,8
FUN_0031cd30,0x0031CD30,0x0031CD44,20
FUN_0031cd50,0x0031CD50,0x0031CE74,292
FUN_0031ce80,0x0031CE80,0x0031CEC0,64
FUN_0031cec0,0x0031CEC0,0x0031CEC8,8
FUN_0031ced0,0x0031CED0,0x0031CF50,128
FUN_0031cf50,0x0031CF50,0x0031D094,324
FUN_0031d0a0,0x0031D0A0,0x0031D128,132
FUN_0031d130,0x0031D130,0x0031D1B8,132
FUN_0031d1c0,0x0031D1C0,0x0031D220,96
FUN_0031d220,0x0031D220,0x0031D258,56
FUN_0031d260,0x0031D260,0x0031D590,816
FUN_0031d590,0x0031D590,0x0031D5D8,72
FUN_0031d5e0,0x0031D5E0,0x0031D628,72
FUN_0031d630,0x0031D630,0x0031D6E8,180
FUN_0031d6f0,0x0031D6F0,0x0031D81C,296
FUN_0031d820,0x0031D820,0x0031D934,276
FUN_0031d940,0x0031D940,0x0031DC8C,840
FUN_0031dc90,0x0031DC90,0x0031DD38,168
FUN_0031dd40,0x0031DD40,0x0031DD60,32
FUN_0031dd60,0x0031DD60,0x0031DD90,48
FUN_0031dd90,0x0031DD90,0x0031DE30,160
FUN_0031de30,0x0031DE30,0x0031DE6C,60
FUN_0031de70,0x0031DE70,0x0031DE78,8
FUN_0031de80,0x0031DE80,0x0031DE88,8
FUN_0031de90,0x0031DE90,0x0031DEA0,16
FUN_0031dea0,0x0031DEA0,0x0031DF48,168
FUN_0031df50,0x0031DF50,0x0031DFC8,120
FUN_0031dfd0,0x0031DFD0,0x0031E098,200
FUN_0031e0a0,0x0031E0A0,0x0031E158,184
FUN_0031e160,0x0031E160,0x0031E1C8,104
FUN_0031e1d0,0x0031E1D0,0x0031E24C,124
FUN_0031e250,0x0031E250,0x0031E31C,204
FUN_0031e320,0x0031E320,0x0031E3CC,172
FUN_0031e3d0,0x0031E3D0,0x0031E41C,76
FUN_0031e420,0x0031E420,0x0031E498,120
FUN_0031e4a0,0x0031E4A0,0x0031E544,164
FUN_0031e550,0x0031E550,0x0031E678,296
FUN_0031e680,0x0031E680,0x0031E6B8,56
FUN_0031e6c0,0x0031E6C0,0x0031E894,468
FUN_0031e8a0,0x0031E8A0,0x0031EA94,500
FUN_0031eaa0,0x0031EAA0,0x0031EB20,128
FUN_0031eb20,0x0031EB20,0x0031EC94,372
FUN_0031eca0,0x0031ECA0,0x0031EE00,348
FUN_0031ee00,0x0031EE00,0x0031EE94,148
FUN_0031eea0,0x0031EEA0,0x0031F114,628
FUN_0031f120,0x0031F120,0x0031F234,268
FUN_0031f240,0x0031F240,0x0031F428,488
FUN_0031f430,0x0031F430,0x0031F440,16
FUN_0031f440,0x0031F440,0x0031F4F8,184
FUN_0031f500,0x0031F500,0x0031F568,104
FUN_0031f570,0x0031F570,0x0031F774,516
FUN_0031f780,0x0031F780,0x0031F9A8,552
FUN_0031f9b0,0x0031F9B0,0x0031FA88,216
FUN_0031fa90,0x0031FA90,0x0031FAB8,40
FUN_0031fac0,0x0031FAC0,0x0031FB4C,140
FUN_0031fb50,0x0031FB50,0x0031FC88,308
FUN_0031fc90,0x0031FC90,0x0031FD10,128
FUN_0031fd10,0x0031FD10,0x0031FD20,16
FUN_0031fd20,0x0031FD20,0x0031FDFC,220
FUN_0031fe00,0x0031FE00,0x0032030C,1292
FUN_00320310,0x00320310,0x00320654,836
FUN_00320660,0x00320660,0x003206D8,120
FUN_003206e0,0x003206E0,0x00320758,120
FUN_00320760,0x00320760,0x00320768,8
FUN_00320770,0x00320770,0x00320778,8
FUN_00320780,0x00320780,0x0032078C,12
FUN_00320790,0x00320790,0x003207FC,108
FUN_00320800,0x00320800,0x00320910,268
FUN_00320910,0x00320910,0x003209F4,228
FUN_00320a00,0x00320A00,0x00320AB4,180
FUN_00320ac0,0x00320AC0,0x00320B54,148
FUN_00320b60,0x00320B60,0x00320D68,516
FUN_00320d70,0x00320D70,0x00320E98,292
FUN_00320ea0,0x00320EA0,0x00320F04,100
FUN_00320f10,0x00320F10,0x00320FB4,164
FUN_00320fc0,0x00320FC0,0x00321048,136
FUN_00321050,0x00321050,0x003210D8,136
FUN_003210e0,0x003210E0,0x00321128,72
FUN_00321130,0x00321130,0x00321284,332
FUN_00321290,0x00321290,0x00321390,252
FUN_00321390,0x00321390,0x003213F8,104
FUN_00321400,0x00321400,0x003214C4,192
FUN_003214d0,0x003214D0,0x003214FC,44
FUN_00321500,0x00321500,0x003215D0,204
FUN_003215d0,0x003215D0,0x00321658,132
FUN_00321660,0x00321660,0x0032166C,12
FUN_00321670,0x00321670,0x00321700,140
FUN_00321700,0x00321700,0x003217BC,188
FUN_003217c0,0x003217C0,0x00321900,308
FUN_00321900,0x00321900,0x00321988,132
FUN_00321990,0x00321990,0x00321C78,744
FUN_00321c80,0x00321C80,0x00321D30,176
FUN_00321d30,0x00321D30,0x00321D3C,12
FUN_00321d40,0x00321D40,0x00321DB0,112
FUN_00321db0,0x00321DB0,0x00321DF8,72
FUN_00321e00,0x00321E00,0x00321E98,152
FUN_00321ea0,0x00321EA0,0x00321EE4,68
FUN_00321ef0,0x00321EF0,0x00321F3C,76
FUN_00321f40,0x00321F40,0x00321F50,16
FUN_00321f50,0x00321F50,0x003220D0,380
FUN_003220d0,0x003220D0,0x003221C0,240
FUN_003221c0,0x003221C0,0x003221EC,44
FUN_003221f0,0x003221F0,0x003221F8,8
FUN_00322200,0x00322200,0x00322290,144
FUN_00322290,0x00322290,0x00322368,216
FUN_00322370,0x00322370,0x003223D0,96
FUN_003223d0,0x003223D0,0x0032246C,156
FUN_00322470,0x00322470,0x00322574,260
FUN_00322580,0x00322580,0x003227F8,624
FUN_00322800,0x00322800,0x00322DE4,1508
FUN_00322df0,0x00322DF0,0x003245AC,6060
FUN_003245b0,0x003245B0,0x003246EC,316
FUN_003246f0,0x003246F0,0x0032471C,44
FUN_00324720,0x00324720,0x0032479C,124
FUN_003247a0,0x003247A0,0x0032481C,124
FUN_00324820,0x00324820,0x003248DC,184
FUN_003248e0,0x003248E0,0x003249C4,228
FUN_003249d0,0x003249D0,0x00324A04,52
FUN_00324a10,0x00324A10,0x00324A60,80
FUN_00324a60,0x00324A60,0x00324A6C,12
FUN_00324a70,0x00324A70,0x00324B1C,172
FUN_00324b20,0x00324B20,0x00324C24,260
FUN_00324c30,0x00324C30,0x00324C64,52
FUN_00324c70,0x00324C70,0x00324DAC,308
FUN_00324db0,0x00324DB0,0x0032507C,712
FUN_00325080,0x00325080,0x003250A8,40
FUN_003250b0,0x003250B0,0x003251AC,248
FUN_003251b0,0x003251B0,0x0032557C,972
FUN_00325580,0x00325580,0x00325CBC,1844
FUN_00325cc0,0x00325CC0,0x0032634C,1672
FUN_00326350,0x00326350,0x003269F4,1692
FUN_00326a00,0x00326A00,0x00326C1C,540
FUN_00326c20,0x00326C20,0x00326C2C,12
FUN_00326c30,0x00326C30,0x00326F40,776
FUN_00326f40,0x00326F40,0x00326F50,16
FUN_00326f50,0x00326F50,0x00326FA8,88
FUN_00326fb0,0x00326FB0,0x00326FF0,64
FUN_00326ff0,0x00326FF0,0x00327130,312
FUN_00327130,0x00327130,0x003271CC,156
FUN_003271d0,0x003271D0,0x0032755C,908
FUN_00327560,0x00327560,0x003275AC,76
FUN_003275b0,0x003275B0,0x00327620,112
FUN_00327620,0x00327620,0x0032776C,328
FUN_00327770,0x00327770,0x00327800,144
FUN_00327800,0x00327800,0x0032790C,268
FUN_00327910,0x00327910,0x00327C6C,856
FUN_00327c70,0x00327C70,0x00327CC8,88
FUN_00327cd0,0x00327CD0,0x00327E3C,364
FUN_00327e40,0x00327E40,0x00327F0C,204
FUN_00327f10,0x00327F10,0x00327F68,88
FUN_00327f70,0x00327F70,0x00328038,200
FUN_00328040,0x00328040,0x00328098,88
FUN_003280a0,0x003280A0,0x0032816C,204
FUN_00328170,0x00328170,0x003282B0,320
FUN_003282b0,0x003282B0,0x00328570,696
FUN_00328570,0x00328570,0x003285E4,116
FUN_003285f0,0x003285F0,0x003286CC,220
FUN_003286d0,0x003286D0,0x00328750,124
FUN_00328750,0x00328750,0x00328858,260
FUN_00328860,0x00328860,0x00328A4C,484
FUN_00328a50,0x00328A50,0x00328B08,180
FUN_00328b10,0x00328B10,0x00328BC8,184
FUN_00328bd0,0x00328BD0,0x00328D54,388
FUN_00328d60,0x00328D60,0x00328D88,40
FUN_00328d90,0x00328D90,0x00328DDC,76
FUN_00328de0,0x00328DE0,0x00328E34,84
FUN_00328e40,0x00328E40,0x00328E8C,76
FUN_00328e90,0x00328E90,0x00328F34,164
FUN_00328f40,0x00328F40,0x00328F54,20
FUN_00328f60,0x00328F60,0x00328F74,20
FUN_00328f80,0x00328F80,0x00328F94,20
FUN_00328fa0,0x00328FA0,0x00328FB4,20
FUN_00328fc0,0x00328FC0,0x003290CC,268
FUN_003290d0,0x003290D0,0x0032921C,332
FUN_00329220,0x00329220,0x0032932C,268
FUN_00329330,0x00329330,0x00329398,104
FUN_003293a0,0x003293A0,0x00329408,104
FUN_00329410,0x00329410,0x00329478,104
FUN_00329480,0x00329480,0x00329488,8
FUN_00329490,0x00329490,0x00329498,8
FUN_003294a0,0x003294A0,0x003294A8,8
FUN_003294b0,0x003294B0,0x0032950C,92
FUN_00329510,0x00329510,0x00329914,1028
FUN_00329920,0x00329920,0x00329A38,280
FUN_00329a40,0x00329A40,0x00329A94,84
FUN_00329aa0,0x00329AA0,0x00329AB0,16
FUN_00329ab0,0x00329AB0,0x00329ABC,12
FUN_00329ac0,0x00329AC0,0x00329B3C,124
FUN_00329b40,0x00329B40,0x0032A6A8,2888
FUN_0032a6b0,0x0032A6B0,0x0032A800,336
FUN_0032a800,0x0032A800,0x0032A858,88
FUN_0032a860,0x0032A860,0x0032A8D0,112
FUN_0032a8d0,0x0032A8D0,0x0032A908,56
FUN_0032a910,0x0032A910,0x0032A9E0,208
FUN_0032a9e0,0x0032A9E0,0x0032AA18,56
FUN_0032aa20,0x0032AA20,0x0032AA98,120
FUN_0032aaa0,0x0032AAA0,0x0032AAD8,56
FUN_0032aae0,0x0032AAE0,0x0032AB20,64
FUN_0032ab20,0x0032AB20,0x0032AD1C,508
FUN_0032ad20,0x0032AD20,0x0032B110,1008
FUN_0032b110,0x0032B110,0x0032B118,8
FUN_0032b120,0x0032B120,0x0032B178,88
FUN_0032b180,0x0032B180,0x0032B210,144
FUN_0032b210,0x0032B210,0x0032B64C,1072
FUN_0032b650,0x0032B650,0x0032BB8C,1328
FUN_0032bb90,0x0032BB90,0x0032BFCC,1072
FUN_0032bfd0,0x0032BFD0,0x0032C038,104
FUN_0032c040,0x0032C040,0x0032C1D4,400
FUN_0032c1e0,0x0032C1E0,0x0032C2AC,200
FUN_0032c2b0,0x0032C2B0,0x0032C3CC,284
FUN_0032c3d0,0x0032C3D0,0x0032C430,96
FUN_0032c430,0x0032C430,0x0032C4E8,176
FUN_0032c4f0,0x0032C4F0,0x0032C568,120
FUN_0032c570,0x0032C570,0x0032C5F0,128
FUN_0032c5f0,0x0032C5F0,0x0032C650,96
FUN_0032c650,0x0032C650,0x0032C660,16
FUN_0032c660,0x0032C660,0x0032C670,16
FUN_0032c670,0x0032C670,0x0032C710,160
FUN_0032c710,0x0032C710,0x0032C908,500
FUN_0032c910,0x0032C910,0x0032C97C,108
FUN_0032c980,0x0032C980,0x0032CA54,212
FUN_0032ca60,0x0032CA60,0x0032CB88,296
FUN_0032cb90,0x0032CB90,0x0032CCB0,288
FUN_0032ccb0,0x0032CCB0,0x0032CF28,632
FUN_0032cf30,0x0032CF30,0x0032CF38,8
FUN_0032cf40,0x0032CF40,0x0032D1AC,616
FUN_0032d1b0,0x0032D1B0,0x0032D3C0,524
FUN_0032d3c0,0x0032D3C0,0x0032D540,380
FUN_0032d540,0x0032D540,0x0032D5E8,168
FUN_0032d5f0,0x0032D5F0,0x0032D6DC,236
FUN_0032d6e0,0x0032D6E0,0x0032D774,144
FUN_0032d780,0x0032D780,0x0032D834,176
FUN_0032d840,0x0032D840,0x0032DA6C,556
FUN_0032da70,0x0032DA70,0x0032DA78,8
FUN_0032da80,0x0032DA80,0x0032DA88,8
FUN_0032da90,0x0032DA90,0x0032DA98,8
FUN_0032daa0,0x0032DAA0,0x0032DAA8,8
FUN_0032dab0,0x0032DAB0,0x0032DAD0,32
FUN_0032dad0,0x0032DAD0,0x0032DC00,300
FUN_0032dc00,0x0032DC00,0x0032DC34,52
FUN_0032dc40,0x0032DC40,0x0032DC74,52
FUN_0032dc80,0x0032DC80,0x0032DD7C,244
FUN_0032dd80,0x0032DD80,0x0032DE74,236
FUN_0032de80,0x0032DE80,0x0032DF74,236
FUN_0032df80,0x0032DF80,0x0032E09C,280
FUN_0032e0a0,0x0032E0A0,0x0032E170,200
FUN_0032e170,0x0032E170,0x0032E248,208
FUN_0032e250,0x0032E250,0x0032E3FC,420
FUN_0032e400,0x0032E400,0x0032E5F8,492
FUN_0032e600,0x0032E600,0x0032E818,524
FUN_0032e820,0x0032E820,0x0032E928,256
FUN_0032e930,0x0032E930,0x0032E964,52
FUN_0032e970,0x0032E970,0x0032EA78,256
FUN_0032ea80,0x0032EA80,0x0032EB80,248
FUN_0032eb80,0x0032EB80,0x0032EC20,160
FUN_0032ec20,0x0032EC20,0x0032EE08,484
FUN_0032ee10,0x0032EE10,0x0032EF1C,264
FUN_0032ef20,0x0032EF20,0x0032EF90,112
FUN_0032ef90,0x0032EF90,0x0032F0CC,308
FUN_0032f0d0,0x0032F0D0,0x0032F0D8,8
FUN_0032f0e0,0x0032F0E0,0x0032F1FC,280
FUN_0032f200,0x0032F200,0x0032F2FC,252
FUN_0032f300,0x0032F300,0x0032F344,68
FUN_0032f350,0x0032F350,0x0032F38C,60
FUN_0032f390,0x0032F390,0x0032F5A8,524
FUN_0032f5b0,0x0032F5B0,0x0032F5FC,72
FUN_0032f600,0x0032F600,0x0032F620,32
FUN_0032f620,0x0032F620,0x0032F628,8
FUN_0032f630,0x0032F630,0x0032FB08,1240
FUN_0032fb10,0x0032FB10,0x0032FB78,104
FUN_0032fb80,0x0032FB80,0x0032FB90,16
FUN_0032fb90,0x0032FB90,0x0032FBCC,60
FUN_0032fbd0,0x0032FBD0,0x0032FBF0,32
FUN_0032fbf0,0x0032FBF0,0x0032FC04,20
FUN_0032fc10,0x0032FC10,0x0032FC1C,12
FUN_0032fc20,0x0032FC20,0x0032FC28,8
FUN_0032fc30,0x0032FC30,0x0032FC38,8
FUN_0032fc40,0x0032FC40,0x0032FC48,8
FUN_0032fc50,0x0032FC50,0x0032FCB8,104
FUN_0032fcc0,0x0032FCC0,0x0032FCE4,36
FUN_0032fcf0,0x0032FCF0,0x0032FD68,120
thunk_FUN_0022e4d0,0x0032FD70,0x0032FD78,8
FUN_0032fd80,0x0032FD80,0x0032FE6C,236
FUN_0032fe70,0x0032FE70,0x003313F8,5452
FUN_00331400,0x00331400,0x00331574,368
FUN_00331580,0x00331580,0x00331690,256
FUN_00331690,0x00331690,0x00331710,128
FUN_00331710,0x00331710,0x00331854,324
FUN_00331860,0x00331860,0x00331938,216
FUN_00331940,0x00331940,0x00331B18,468
FUN_00331b20,0x00331B20,0x00331D1C,500
FUN_00331d20,0x00331D20,0x00331E20,248
FUN_00331e20,0x00331E20,0x00331E30,16
FUN_00331e30,0x00331E30,0x00331EC4,148
FUN_00331ed0,0x00331ED0,0x00331F24,84
FUN_00331f30,0x00331F30,0x00331F84,84
FUN_00331f90,0x00331F90,0x00331FE4,84
FUN_00331ff0,0x00331FF0,0x00332044,84
FUN_00332050,0x00332050,0x003320DC,140
FUN_003320e0,0x003320E0,0x003321C4,220
FUN_003321d0,0x003321D0,0x00332208,56
FUN_00332210,0x00332210,0x00332248,56
FUN_00332250,0x00332250,0x00332320,204
FUN_00332320,0x00332320,0x003323F0,204
FUN_003323f0,0x003323F0,0x00332558,356
FUN_00332560,0x00332560,0x003325D4,116
FUN_003325e0,0x003325E0,0x00332A58,1136
FUN_00332a60,0x00332A60,0x00332AD0,112
FUN_00332ad0,0x00332AD0,0x00332B4C,124
FUN_00332b50,0x00332B50,0x00332CF0,416
FUN_00332cf0,0x00332CF0,0x00332DEC,252
FUN_00332df0,0x00332DF0,0x00332EA8,180
FUN_00332eb0,0x00332EB0,0x00332F80,204
FUN_00332f80,0x00332F80,0x00333048,196
FUN_00333050,0x00333050,0x00333118,200
FUN_00333120,0x00333120,0x003331E4,196
FUN_003331f0,0x003331F0,0x00333258,104
FUN_00333260,0x00333260,0x00333324,196
FUN_00333330,0x00333330,0x00333388,88
FUN_00333390,0x00333390,0x003333F0,96
FUN_003333f0,0x003333F0,0x00333438,72
FUN_00333440,0x00333440,0x00333488,72
FUN_00333490,0x00333490,0x003334F0,96
FUN_003334f0,0x003334F0,0x00333538,72
FUN_00333540,0x00333540,0x003335C0,128
FUN_003335c0,0x003335C0,0x0033360C,76
FUN_00333610,0x00333610,0x0033368C,124
FUN_00333690,0x00333690,0x00333700,112
FUN_00333700,0x00333700,0x00333770,112
FUN_00333770,0x00333770,0x003339A8,564
FUN_003339b0,0x003339B0,0x00333A1C,108
FUN_00333a20,0x00333A20,0x00333AD8,184
FUN_00333ae0,0x00333AE0,0x00333B28,72
FUN_00333b30,0x00333B30,0x00333BA8,120
FUN_00333bb0,0x00333BB0,0x00333CC8,280
FUN_00333cd0,0x00333CD0,0x00333D2C,92
FUN_00333d30,0x00333D30,0x00333D8C,92
FUN_00333d90,0x00333D90,0x00333DF8,104
FUN_00333e00,0x00333E00,0x00333E40,64
FUN_00333e40,0x00333E40,0x00333EB8,120
FUN_00333ec0,0x00333EC0,0x00333F88,200
FUN_00333f90,0x00333F90,0x00334030,160
FUN_00334030,0x00334030,0x003340A0,112
FUN_003340a0,0x003340A0,0x003340A8,8
FUN_003340b0,0x003340B0,0x003340C8,24
FUN_003340d0,0x003340D0,0x003340D8,8
FUN_003340e0,0x003340E0,0x003340E8,8
FUN_003340f0,0x003340F0,0x00334118,40
FUN_00334120,0x00334120,0x00334150,48
FUN_00334150,0x00334150,0x00334168,24
FUN_00334170,0x00334170,0x003341B4,68
FUN_003341c0,0x003341C0,0x0033443C,636
FUN_00334440,0x00334440,0x00334814,980
FUN_00334820,0x00334820,0x00334858,56
FUN_00334860,0x00334860,0x00334878,24
FUN_00334880,0x00334880,0x003348D8,88
FUN_003348e0,0x003348E0,0x00334938,88
FUN_00334940,0x00334940,0x003349A8,104
FUN_003349b0,0x003349B0,0x003349B8,8
FUN_003349c0,0x003349C0,0x00334A94,208
FUN_00334aa0,0x00334AA0,0x00334BDC,316
FUN_00334be0,0x00334BE0,0x00334D14,308
FUN_00334d20,0x00334D20,0x00334DA8,132
FUN_00334db0,0x00334DB0,0x00334E6C,184
FUN_00334e70,0x00334E70,0x00334EA0,48
FUN_00334ea0,0x00334EA0,0x0033500C,360
FUN_00335010,0x00335010,0x00335298,636
FUN_003352a0,0x003352A0,0x003352B4,20
FUN_003352c0,0x003352C0,0x003352CC,12
FUN_003352d0,0x003352D0,0x003352E4,20
FUN_003352f0,0x003352F0,0x003356F4,1004
FUN_00335700,0x00335700,0x0033571C,28
FUN_00335720,0x00335720,0x00335760,64
FUN_00335760,0x00335760,0x003357A0,64
FUN_003357a0,0x003357A0,0x003357AC,12
FUN_003357b0,0x003357B0,0x003357BC,12
FUN_003357c0,0x003357C0,0x003359BC,500
FUN_003359c0,0x003359C0,0x00335AA0,224
FUN_00335aa0,0x00335AA0,0x00335BB8,280
FUN_00335bc0,0x00335BC0,0x00335C00,64
FUN_00335c00,0x00335C00,0x00335E14,532
FUN_00335e20,0x00335E20,0x00335FC8,416
FUN_00335fd0,0x00335FD0,0x00336228,600
FUN_00336230,0x00336230,0x0033633C,268
FUN_00336340,0x00336340,0x003363E8,168
FUN_003363f0,0x003363F0,0x00336460,112
FUN_00336460,0x00336460,0x003364A0,64
FUN_003364a0,0x003364A0,0x003364A8,8
FUN_003364b0,0x003364B0,0x003364C4,20
FUN_003364d0,0x003364D0,0x0033651C,76
FUN_00336520,0x00336520,0x00336580,96
FUN_00336580,0x00336580,0x003365D8,88
FUN_003365e0,0x003365E0,0x0033664C,108
FUN_00336650,0x00336650,0x00336804,432
FUN_00336810,0x00336810,0x0033697C,364
FUN_00336980,0x00336980,0x00336A08,136
FUN_00336a10,0x00336A10,0x00336A54,68
FUN_00336a60,0x00336A60,0x00336C08,420
FUN_00336c10,0x00336C10,0x00336CAC,156
FUN_00336cb0,0x00336CB0,0x00336F54,672
FUN_00336f60,0x00336F60,0x003371A4,564
FUN_003371b0,0x003371B0,0x003373A8,504
FUN_003373b0,0x003373B0,0x003374BC,268
FUN_003374c0,0x003374C0,0x0033789C,980
FUN_003378a0,0x003378A0,0x003379A0,256
FUN_003379a0,0x003379A0,0x00337A00,96
FUN_00337a00,0x00337A00,0x00337CD0,716
FUN_00337cd0,0x00337CD0,0x00337F34,612
FUN_00337f40,0x00337F40,0x003381EC,672
FUN_003381f0,0x003381F0,0x003383EC,508
FUN_003383f0,0x003383F0,0x00338478,136
FUN_00338480,0x00338480,0x003389B8,1328
FUN_003389c0,0x003389C0,0x00338FA0,1496
FUN_00338fa0,0x00338FA0,0x00339470,1232
FUN_00339470,0x00339470,0x00339660,496
FUN_00339660,0x00339660,0x00339AC8,1116
FUN_00339ad0,0x00339AD0,0x00339CE8,536
FUN_00339cf0,0x00339CF0,0x00339DD8,232
FUN_00339de0,0x00339DE0,0x0033B108,4880
FUN_0033b110,0x0033B110,0x0033B224,272
FUN_0033b230,0x0033B230,0x0033B364,304
FUN_0033b370,0x0033B370,0x0033B420,176
FUN_0033b420,0x0033B420,0x0033B500,224
FUN_0033b500,0x0033B500,0x0033B568,104
FUN_0033b570,0x0033B570,0x0033B5B0,64
FUN_0033b5b0,0x0033B5B0,0x0033B5F0,64
FUN_0033b5f0,0x0033B5F0,0x0033B71C,300
FUN_0033b720,0x0033B720,0x0033B874,340
FUN_0033b880,0x0033B880,0x0033B8F0,112
FUN_0033b8f0,0x0033B8F0,0x0033B930,64
FUN_0033b930,0x0033B930,0x0033B938,8
FUN_0033b940,0x0033B940,0x0033B954,20
FUN_0033b960,0x0033B960,0x0033B9B4,84
FUN_0033b9c0,0x0033B9C0,0x0033BA20,96
FUN_0033ba20,0x0033BA20,0x0033BA60,64
thunk_FUN_0033c350,0x0033BA60,0x0033BA68,8
FUN_0033ba70,0x0033BA70,0x0033BA84,20
FUN_0033ba90,0x0033BA90,0x0033BAA0,16
FUN_0033baa0,0x0033BAA0,0x0033BB10,112
FUN_0033bb10,0x0033BB10,0x0033BB50,64
FUN_0033bb50,0x0033BB50,0x0033BB58,8
FUN_0033bb60,0x0033BB60,0x0033BB74,20
FUN_0033bb80,0x0033BB80,0x0033BBC0,64
FUN_0033bbc0,0x0033BBC0,0x0033BBC8,8
FUN_0033bbd0,0x0033BBD0,0x0033BC30,96
FUN_0033bc30,0x0033BC30,0x0033BC70,64
thunk_FUN_0033c3d0,0x0033BC70,0x0033BC78,8
FUN_0033bc80,0x0033BC80,0x0033BC94,20
FUN_0033bca0,0x0033BCA0,0x0033BCCC,44
FUN_0033bcd0,0x0033BCD0,0x0033BD20,80
FUN_0033bd20,0x0033BD20,0x0033BD88,104
FUN_0033bd90,0x0033BD90,0x0033BE64,212
FUN_0033be70,0x0033BE70,0x0033BF24,180
FUN_0033bf30,0x0033BF30,0x0033C004,212
FUN_0033c010,0x0033C010,0x0033C114,256
FUN_0033c120,0x0033C120,0x0033C1C0,160
FUN_0033c1c0,0x0033C1C0,0x0033C294,212
FUN_0033c2a0,0x0033C2A0,0x0033C34C,172
FUN_0033c350,0x0033C350,0x0033C358,8
FUN_0033c360,0x0033C360,0x0033C3C8,104
FUN_0033c3d0,0x0033C3D0,0x0033C3D8,8
FUN_0033c3e0,0x0033C3E0,0x0033C448,104
FUN_0033c450,0x0033C450,0x0033C5B4,356
FUN_0033c5c0,0x0033C5C0,0x0033CCD0,1800
FUN_0033ccd0,0x0033CCD0,0x0033CD50,128
FUN_0033cd50,0x0033CD50,0x0033D0F8,932
FUN_0033d100,0x0033D100,0x0033D110,16
FUN_0033d110,0x0033D110,0x0033D154,68
FUN_0033d160,0x0033D160,0x0033D1E0,128
FUN_0033d1e0,0x0033D1E0,0x0033D22C,76
FUN_0033d230,0x0033D230,0x0033D238,8
FUN_0033d240,0x0033D240,0x0033D248,8
FUN_0033d250,0x0033D250,0x0033D28C,60
FUN_0033d290,0x0033D290,0x0033D300,112
FUN_0033d300,0x0033D300,0x0033D370,112
FUN_0033d370,0x0033D370,0x0033D40C,156
FUN_0033d410,0x0033D410,0x0033D49C,140
FUN_0033d4a0,0x0033D4A0,0x0033D6C4,548
FUN_0033d6d0,0x0033D6D0,0x0033DB98,1216
FUN_0033dba0,0x0033DBA0,0x0033DC2C,140
FUN_0033dc30,0x0033DC30,0x0033DDF8,456
FUN_0033de00,0x0033DE00,0x0033DFF0,496
FUN_0033dff0,0x0033DFF0,0x0033E3CC,988
FUN_0033e3d0,0x0033E3D0,0x0033E430,96
FUN_0033e430,0x0033E430,0x0033E4D0,160
FUN_0033e4d0,0x0033E4D0,0x0033E510,64
FUN_0033e510,0x0033E510,0x0033E688,368
FUN_0033e690,0x0033E690,0x0033E784,240
FUN_0033e790,0x0033E790,0x0033E7E8,88
FUN_0033e7f0,0x0033E7F0,0x0033E848,88
FUN_0033e850,0x0033E850,0x0033EA04,424
FUN_0033ea10,0x0033EA10,0x0033EB64,336
FUN_0033eb70,0x0033EB70,0x0033ED10,416
FUN_0033ed10,0x0033ED10,0x0033ED6C,92
FUN_0033ed70,0x0033ED70,0x0033EE20,176
FUN_0033ee20,0x0033EE20,0x0033EEA0,128
FUN_0033eea0,0x0033EEA0,0x0033EFA0,256
FUN_0033efa0,0x0033EFA0,0x0033F048,168
FUN_0033f050,0x0033F050,0x0033F08C,60
FUN_0033f090,0x0033F090,0x0033F0D8,72
FUN_0033f0e0,0x0033F0E0,0x0033F128,72
FUN_0033f130,0x0033F130,0x0033F170,64
FUN_0033f170,0x0033F170,0x0033F180,16
FUN_0033f180,0x0033F180,0x0033F1B8,56
FUN_0033f1c0,0x0033F1C0,0x0033F1D0,16
FUN_0033f1d0,0x0033F1D0,0x0033F1E0,16
FUN_0033f1e0,0x0033F1E0,0x0033F21C,60
FUN_0033f220,0x0033F220,0x0033F25C,60
FUN_0033f260,0x0033F260,0x0033F2A0,64
FUN_0033f2a0,0x0033F2A0,0x0033F2D4,52
FUN_0033f2e0,0x0033F2E0,0x0033F314,52
FUN_0033f320,0x0033F320,0x0033F414,240
FUN_0033f420,0x0033F420,0x0033F548,288
FUN_0033f550,0x0033F550,0x0033F578,40
FUN_0033f580,0x0033F580,0x0033F5EC,108
FUN_0033f5f0,0x0033F5F0,0x0033F700,272
FUN_0033f700,0x0033F700,0x0033F718,24
FUN_0033f720,0x0033F720,0x0033F888,356
FUN_0033f890,0x0033F890,0x0033F89C,12
FUN_0033f8a0,0x0033F8A0,0x0033F8B0,16
FUN_0033f8b0,0x0033F8B0,0x0033FC94,996
FUN_0033fca0,0x0033FCA0,0x003400C8,1060
FUN_003400d0,0x003400D0,0x0034010C,60
FUN_00340110,0x00340110,0x00340154,68
FUN_00340160,0x00340160,0x00340194,52
FUN_003401a0,0x003401A0,0x003401D8,56
FUN_003401e0,0x003401E0,0x00340210,48
FUN_00340210,0x00340210,0x00340240,48
FUN_00340240,0x00340240,0x00340270,48
FUN_00340270,0x00340270,0x00340288,24
FUN_00340290,0x00340290,0x003402C0,48
FUN_003402c0,0x003402C0,0x003402F0,48
FUN_003402f0,0x003402F0,0x0034032C,60
FUN_00340330,0x00340330,0x00340360,48
FUN_00340360,0x00340360,0x003403A4,68
FUN_003403b0,0x003403B0,0x003403F4,68
FUN_00340400,0x00340400,0x00340430,48
FUN_00340430,0x00340430,0x00340468,56
FUN_00340470,0x00340470,0x00340480,16
FUN_00340480,0x00340480,0x003404B0,48
FUN_003404b0,0x003404B0,0x003404D8,40
FUN_003404e0,0x003404E0,0x00340514,52
FUN_00340520,0x00340520,0x00340550,48
FUN_00340550,0x00340550,0x00340568,24
FUN_00340570,0x00340570,0x00340754,480
FUN_00340760,0x00340760,0x003408C0,348
FUN_003408c0,0x003408C0,0x003408EC,44
FUN_003408f0,0x003408F0,0x00340D74,1144
FUN_00340d80,0x00340D80,0x00340F70,488
FUN_00340f70,0x00340F70,0x00340F8C,28
FUN_00340f90,0x00340F90,0x00340F9C,12
FUN_00340fa0,0x00340FA0,0x00341008,104
FUN_00341010,0x00341010,0x00341060,80
FUN_00341060,0x00341060,0x003410C4,100
FUN_003410d0,0x003410D0,0x0034124C,380
FUN_00341250,0x00341250,0x003412E4,144
FUN_003412f0,0x003412F0,0x003414A4,436
thunk_FUN_003404b0,0x003414B0,0x003414B8,8
thunk_FUN_003404e0,0x003414C0,0x003414C8,8
FUN_003414d0,0x003414D0,0x003414F4,36
FUN_00341500,0x00341500,0x003416B0,432
FUN_003416b0,0x003416B0,0x00341860,432
FUN_00341860,0x00341860,0x003418D0,112
FUN_003418d0,0x003418D0,0x0034191C,76
FUN_00341920,0x00341920,0x00341928,8
FUN_00341930,0x00341930,0x00341938,8
FUN_00341940,0x00341940,0x003419BC,124
FUN_003419c0,0x003419C0,0x003419FC,60
FUN_00341a00,0x00341A00,0x00341A14,20
FUN_00341a20,0x00341A20,0x00341A2C,12
FUN_00341a30,0x00341A30,0x00341A5C,44
FUN_00341a60,0x00341A60,0x00341F0C,1184
FUN_00341f10,0x00341F10,0x00342090,384
FUN_00342090,0x00342090,0x00342100,112
FUN_00342100,0x00342100,0x00342140,64
FUN_00342140,0x00342140,0x00342148,8
FUN_00342150,0x00342150,0x00342164,20
FUN_00342170,0x00342170,0x003421D0,96
FUN_003421d0,0x003421D0,0x00342210,64
thunk_FUN_00345f70,0x00342210,0x00342218,8
FUN_00342220,0x00342220,0x00342234,20
FUN_00342240,0x00342240,0x00342668,1032
FUN_00342670,0x00342670,0x003428A0,556
FUN_003428a0,0x003428A0,0x003428F0,80
FUN_003428f0,0x003428F0,0x0034290C,28
FUN_00342910,0x00342910,0x00342990,128
FUN_00342990,0x00342990,0x00342A14,132
FUN_00342a20,0x00342A20,0x00342AA0,128
FUN_00342aa0,0x00342AA0,0x00342B20,128
FUN_00342b20,0x00342B20,0x00343140,1540
FUN_00343140,0x00343140,0x003434F4,932
FUN_00343500,0x00343500,0x00343544,68
FUN_00343550,0x00343550,0x0034359C,76
FUN_003435a0,0x003435A0,0x003435AC,12
FUN_003435b0,0x003435B0,0x003435BC,12
FUN_003435c0,0x003435C0,0x00343DD0,2060
FUN_00343dd0,0x00343DD0,0x00343F8C,444
FUN_00343f90,0x00343F90,0x0034408C,252
FUN_00344090,0x00344090,0x003443BC,804
FUN_003443c0,0x003443C0,0x00344450,144
FUN_00344450,0x00344450,0x003448C8,1120
thunk_FUN_00349670,0x003448D0,0x003448D8,8
FUN_003448e0,0x003448E0,0x0034490C,44
FUN_00344910,0x00344910,0x00344BE4,724
FUN_00344bf0,0x00344BF0,0x00344E8C,656
FUN_00344e90,0x00344E90,0x00344EA0,16
FUN_00344ea0,0x00344EA0,0x00344EB4,20
FUN_00344ec0,0x00344EC0,0x00344EC8,8
FUN_00344ed0,0x00344ED0,0x00344EE0,16
FUN_00344ee0,0x00344EE0,0x00344F1C,60
thunk_FUN_00344ee0,0x00344F20,0x00344F28,8
FUN_00344f30,0x00344F30,0x00344F74,68
FUN_00344f80,0x00344F80,0x00345038,184
FUN_00345040,0x00345040,0x003450E4,164
FUN_003450f0,0x003450F0,0x0034516C,124
FUN_00345170,0x00345170,0x003451F4,132
FUN_00345200,0x00345200,0x00345228,40
FUN_00345230,0x00345230,0x003454C4,660
FUN_003454d0,0x003454D0,0x003455C8,248
FUN_003455d0,0x003455D0,0x0034561C,76
FUN_00345620,0x00345620,0x003457F8,468
FUN_00345800,0x00345800,0x0034580C,12
FUN_00345810,0x00345810,0x00345DB4,1432
FUN_00345dc0,0x00345DC0,0x00345F70,432
FUN_00345f70,0x00345F70,0x00345F78,8
FUN_00345f80,0x00345F80,0x00345FE8,104
FUN_00345ff0,0x00345FF0,0x003460B8,200
FUN_003460c0,0x003460C0,0x00346158,152
FUN_00346160,0x00346160,0x003461F0,144
FUN_003461f0,0x003461F0,0x00346258,104
FUN_00346260,0x00346260,0x00346268,8
FUN_00346270,0x00346270,0x00346300,144
FUN_00346300,0x00346300,0x00346310,16
FUN_00346310,0x00346310,0x00346380,112
FUN_00346380,0x00346380,0x00346544,448
FUN_00346550,0x00346550,0x00346644,244
FUN_00346650,0x00346650,0x003466BC,104
FUN_003466c0,0x003466C0,0x003466E8,40
FUN_003466f0,0x003466F0,0x0034673C,76
FUN_00346740,0x00346740,0x00346794,84
FUN_003467a0,0x003467A0,0x003468E4,324
FUN_003468f0,0x003468F0,0x00346A44,336
FUN_00346a50,0x00346A50,0x00346B30,224
FUN_00346b30,0x00346B30,0x00346BF4,196
FUN_00346c00,0x00346C00,0x00346C2C,44
FUN_00346c30,0x00346C30,0x00346D2C,252
FUN_00346d30,0x00346D30,0x00346D4C,28
FUN_00346d50,0x00346D50,0x00346D70,32
FUN_00346d70,0x00346D70,0x00346D9C,44
FUN_00346da0,0x00346DA0,0x00346DC4,36
FUN_00346dd0,0x00346DD0,0x00346E98,196
FUN_00346ea0,0x00346EA0,0x00347114,616
FUN_00347120,0x00347120,0x00347234,276
FUN_00347240,0x00347240,0x00347298,88
FUN_003472a0,0x003472A0,0x00347414,368
FUN_00347420,0x00347420,0x00347450,48
FUN_00347450,0x00347450,0x003474BC,104
FUN_003474c0,0x003474C0,0x00347534,112
FUN_00347540,0x00347540,0x00347608,196
FUN_00347610,0x00347610,0x00347684,112
FUN_00347690,0x00347690,0x00347804,372
FUN_00347810,0x00347810,0x0034795C,328
FUN_00347960,0x00347960,0x00347A48,232
FUN_00347a50,0x00347A50,0x00347A90,64
FUN_00347a90,0x00347A90,0x00347A9C,12
FUN_00347aa0,0x00347AA0,0x00347B18,120
FUN_00347b20,0x00347B20,0x00347BA0,128
FUN_00347ba0,0x00347BA0,0x00347C68,200
FUN_00347c70,0x00347C70,0x00347C78,8
FUN_00347c80,0x00347C80,0x00347CB0,48
FUN_00347cb0,0x00347CB0,0x00347D3C,140
FUN_00347d40,0x00347D40,0x00347EF8,436
FUN_00347f00,0x00347F00,0x00348124,544
FUN_00348130,0x00348130,0x00348264,304
FUN_00348270,0x00348270,0x003482E0,112
FUN_003482e0,0x003482E0,0x00348450,364
FUN_00348450,0x00348450,0x003485C0,364
FUN_003485c0,0x003485C0,0x00348710,332
FUN_00348710,0x00348710,0x00348854,320
FUN_00348860,0x00348860,0x003488E0,128
FUN_003488e0,0x003488E0,0x00348900,32
FUN_00348900,0x00348900,0x00348B18,532
FUN_00348b20,0x00348B20,0x00348CE0,444
FUN_00348ce0,0x00348CE0,0x00348DC0,224
FUN_00348dc0,0x00348DC0,0x00349060,664
FUN_00349060,0x00349060,0x00349078,24
FUN_00349080,0x00349080,0x003490FC,124
FUN_00349100,0x00349100,0x003492A4,404
FUN_003492b0,0x003492B0,0x0034948C,464
FUN_00349490,0x00349490,0x0034966C,476
FUN_00349670,0x00349670,0x00349784,276
FUN_00349790,0x00349790,0x003498D8,328
FUN_003498e0,0x003498E0,0x00349920,64
FUN_00349920,0x00349920,0x00349928,8
FUN_00349930,0x00349930,0x00349944,20
FUN_00349950,0x00349950,0x003499C0,112
FUN_003499c0,0x003499C0,0x00349A00,64
FUN_00349a00,0x00349A00,0x00349A08,8
FUN_00349a10,0x00349A10,0x00349A24,20
FUN_00349a30,0x00349A30,0x00349A70,64
FUN_00349a50,0x00349A50,0x00349A70,32
FUN_00349a70,0x00349A70,0x00349A98,40
FUN_00349aa0,0x00349AA0,0x00349AE4,64
FUN_00349af0,0x00349AF0,0x00349B34,68
FUN_00349b40,0x00349B40,0x00349B88,72
FUN_00349b90,0x00349B90,0x00349C50,188
FUN_00349c50,0x00349C50,0x00349C64,20
FUN_00349c70,0x00349C70,0x00349CF0,124
FUN_00349cf0,0x00349CF0,0x00349D24,52
FUN_00349d30,0x00349D30,0x00349D84,84
FUN_00349d90,0x00349D90,0x00349DA4,20
FUN_00349db0,0x00349DB0,0x00349E8C,208
FUN_00349e90,0x00349E90,0x0034A018,388
FUN_0034a020,0x0034A020,0x0034A0A0,128
FUN_0034a0a0,0x0034A0A0,0x0034A0C4,36
FUN_0034a0d0,0x0034A0D0,0x0034A59C,1216
FUN_0034a5a0,0x0034A5A0,0x0034A608,104
FUN_0034a610,0x0034A610,0x0034A618,8
FUN_0034a620,0x0034A620,0x0034A640,32
FUN_0034a640,0x0034A640,0x0034A64C,12
FUN_0034a650,0x0034A650,0x0034A69C,76
FUN_0034a6a0,0x0034A6A0,0x0034A6EC,76
FUN_0034a6f0,0x0034A6F0,0x0034A7B0,192
FUN_0034a7b0,0x0034A7B0,0x0034A90C,340
FUN_0034a910,0x0034A910,0x0034AA68,344
FUN_0034aa70,0x0034AA70,0x0034AAB8,72
FUN_0034aac0,0x0034AAC0,0x0034ACFC,568
FUN_0034ad00,0x0034AD00,0x0034AFC4,696
FUN_0034afd0,0x0034AFD0,0x0034B3A4,972
FUN_0034b3b0,0x0034B3B0,0x0034B404,80
FUN_0034b410,0x0034B410,0x0034B4E0,196
FUN_0034b4e0,0x0034B4E0,0x0034B510,48
FUN_0034b510,0x0034B510,0x0034B6C0,432
FUN_0034b6c0,0x0034B6C0,0x0034B88C,460
FUN_0034b890,0x0034B890,0x0034B8B8,40
FUN_0034b8c0,0x0034B8C0,0x0034B90C,76
FUN_0034b910,0x0034B910,0x0034B9D8,200
FUN_0034b9e0,0x0034B9E0,0x0034BA60,124
FUN_0034ba60,0x0034BA60,0x0034BB80,284
FUN_0034bb80,0x0034BB80,0x0034BC54,200
FUN_0034bc60,0x0034BC60,0x0034BC94,52
FUN_0034bca0,0x0034BCA0,0x0034BCAC,12
FUN_0034bcb0,0x0034BCB0,0x0034BCD0,32
FUN_0034bcd0,0x0034BCD0,0x0034BD10,64
FUN_0034bd10,0x0034BD10,0x0034BD40,48
FUN_0034bd40,0x0034BD40,0x0034BE10,192
FUN_0034be10,0x0034BE10,0x0034BEB8,168
FUN_0034bec0,0x0034BEC0,0x0034C2E8,1056
FUN_0034c2f0,0x0034C2F0,0x0034C494,420
FUN_0034c4a0,0x0034C4A0,0x0034C4EC,76
FUN_0034c4f0,0x0034C4F0,0x0034C560,112
FUN_0034c560,0x0034C560,0x0034C5C0,96
FUN_0034c5c0,0x0034C5C0,0x0034C620,96
FUN_0034c620,0x0034C620,0x0034C64C,44
FUN_0034c650,0x0034C650,0x0034C84C,504
FUN_0034c850,0x0034C850,0x0034C890,64
FUN_0034c890,0x0034C890,0x0034C914,132
FUN_0034c920,0x0034C920,0x0034CA1C,248
FUN_0034ca20,0x0034CA20,0x0034CB18,248
FUN_0034cb20,0x0034CB20,0x0034CB90,112
FUN_0034cb90,0x0034CB90,0x0034CBD0,64
FUN_0034cbd0,0x0034CBD0,0x0034CBD8,8
FUN_0034cbe0,0x0034CBE0,0x0034CBF4,20
FUN_0034cc00,0x0034CC00,0x0034CCA4,164
FUN_0034ccb0,0x0034CCB0,0x0034CCE4,52
FUN_0034ccf0,0x0034CCF0,0x0034CD10,32
FUN_0034cd10,0x0034CD10,0x0034CD18,8
FUN_0034cd20,0x0034CD20,0x0034CD28,8
FUN_0034cd30,0x0034CD30,0x0034CD40,16
FUN_0034cd40,0x0034CD40,0x0034CD68,40
FUN_0034cd70,0x0034CD70,0x0034CDA4,52
FUN_0034cdb0,0x0034CDB0,0x0034CE94,228
FUN_0034cea0,0x0034CEA0,0x0034CECC,44
FUN_0034ced0,0x0034CED0,0x0034CFB0,220
FUN_0034cfb0,0x0034CFB0,0x0034D068,184
FUN_0034d070,0x0034D070,0x0034D0AC,60
FUN_0034d0b0,0x0034D0B0,0x0034D10C,92
FUN_0034d110,0x0034D110,0x0034D17C,108
FUN_0034d180,0x0034D180,0x0034D188,8
FUN_0034d190,0x0034D190,0x0034D45C,712
FUN_0034d460,0x0034D460,0x0034D468,8
FUN_0034d470,0x0034D470,0x0034D478,8
FUN_0034d480,0x0034D480,0x0034D4FC,124
FUN_0034d500,0x0034D500,0x0034D554,84
FUN_0034d560,0x0034D560,0x0034D5C8,104
FUN_0034d5d0,0x0034D5D0,0x0034D738,356
FUN_0034d740,0x0034D740,0x0034D918,472
FUN_0034d920,0x0034D920,0x0034D934,20
FUN_0034d940,0x0034D940,0x0034D9F8,184
FUN_0034da00,0x0034DA00,0x0034DECC,1216
FUN_0034ded0,0x0034DED0,0x0034E070,416
FUN_0034e070,0x0034E070,0x0034E1D0,352
FUN_0034e1d0,0x0034E1D0,0x0034E410,576
FUN_0034e410,0x0034E410,0x0034E478,104
FUN_0034e480,0x0034E480,0x0034E554,212
FUN_0034e560,0x0034E560,0x0034E5E0,124
FUN_0034e5e0,0x0034E5E0,0x0034E6A4,196
FUN_0034e6b0,0x0034E6B0,0x0034E860,428
FUN_0034e860,0x0034E860,0x0034E8BC,92
FUN_0034e8c0,0x0034E8C0,0x0034E9A4,224
FUN_0034e9b0,0x0034E9B0,0x0034EA68,184
FUN_0034ea70,0x0034EA70,0x0034EAE0,112
FUN_0034eae0,0x0034EAE0,0x0034EB50,112
FUN_0034eb50,0x0034EB50,0x0034EBB8,104
FUN_0034ebc0,0x0034EBC0,0x0034EC28,104
FUN_0034ec30,0x0034EC30,0x0034EC90,96
FUN_0034ec90,0x0034EC90,0x0034ECF4,100
FUN_0034ed00,0x0034ED00,0x0034EEAC,412
FUN_0034eeb0,0x0034EEB0,0x0034EFF4,320
FUN_0034f000,0x0034F000,0x0034F060,96
FUN_0034f060,0x0034F060,0x0034F0D8,120
FUN_0034f0e0,0x0034F0E0,0x0034F120,64
FUN_0034f120,0x0034F120,0x0034F130,16
FUN_0034f130,0x0034F130,0x0034F1DC,172
FUN_0034f1e0,0x0034F1E0,0x0034F228,72
FUN_0034f230,0x0034F230,0x0034F3B8,388
FUN_0034f3c0,0x0034F3C0,0x0034F734,884
FUN_0034f740,0x0034F740,0x0034F7C4,132
FUN_0034f7d0,0x0034F7D0,0x0034F8B0,220
FUN_0034f8b0,0x0034F8B0,0x0034F918,104
FUN_0034f920,0x0034F920,0x0034F94C,44
FUN_0034f950,0x0034F950,0x0034F958,8
FUN_0034f960,0x0034F960,0x0034F9A8,72
FUN_0034f9b0,0x0034F9B0,0x003502F0,2332
FUN_003502f0,0x003502F0,0x00350300,16
FUN_00350300,0x00350300,0x003503E4,220
FUN_003503f0,0x003503F0,0x003505E0,496
FUN_003505e0,0x003505E0,0x003506A4,196
FUN_003506b0,0x003506B0,0x00350848,408
FUN_00350850,0x00350850,0x003508B8,104
FUN_003508c0,0x003508C0,0x00350940,128
FUN_00350940,0x00350940,0x00350948,8
FUN_00350950,0x00350950,0x0035099C,76
FUN_003509a0,0x003509A0,0x00350AB0,272
FUN_00350ab0,0x00350AB0,0x00350CB4,512
FUN_00350cc0,0x00350CC0,0x00350CCC,12
FUN_00350cd0,0x00350CD0,0x00350D88,184
FUN_00350d90,0x00350D90,0x00350E30,160
FUN_00350e30,0x00350E30,0x00350FB0,372
FUN_00350fb0,0x00350FB0,0x00350FF8,72
FUN_00351000,0x00351000,0x0035102C,44
FUN_00351030,0x00351030,0x003510AC,124
FUN_003510b0,0x003510B0,0x00351134,132
FUN_00351140,0x00351140,0x0035125C,284
FUN_00351260,0x00351260,0x0035137C,284
FUN_00351380,0x00351380,0x003513E0,96
FUN_003513e0,0x003513E0,0x00351478,152
FUN_00351480,0x00351480,0x003515A0,284
FUN_003515a0,0x003515A0,0x003515D0,48
FUN_003515d0,0x003515D0,0x003518BC,740
FUN_003518c0,0x003518C0,0x00351958,152
FUN_00351960,0x00351960,0x003519E8,136
FUN_003519f0,0x003519F0,0x00351A90,160
FUN_00351a90,0x00351A90,0x00351C20,400
FUN_00351c20,0x00351C20,0x00351CA4,132
FUN_00351cb0,0x00351CB0,0x00351D34,132
FUN_00351d40,0x00351D40,0x00351E60,288
FUN_00351e60,0x00351E60,0x00351EE0,128
FUN_00351ee0,0x00351EE0,0x00351EE8,8
FUN_00351ef0,0x00351EF0,0x00351FB0,184
FUN_00351fb0,0x00351FB0,0x00351FE4,52
FUN_00351ff0,0x00351FF0,0x003520C8,212
FUN_003520d0,0x003520D0,0x00352224,336
FUN_00352230,0x00352230,0x003523BC,388
FUN_003523c0,0x003523C0,0x00352420,96
FUN_00352420,0x00352420,0x003524F8,216
FUN_00352500,0x00352500,0x003525F8,248
FUN_00352600,0x00352600,0x00352610,16
FUN_00352610,0x00352610,0x003526BC,168
FUN_003526c0,0x003526C0,0x003526CC,12
FUN_003526d0,0x003526D0,0x003526E4,20
FUN_003526f0,0x003526F0,0x00352704,20
FUN_00352710,0x00352710,0x00352868,336
FUN_00352870,0x00352870,0x003528F8,136
FUN_00352900,0x00352900,0x00352960,96
FUN_00352960,0x00352960,0x00352A34,208
FUN_00352a40,0x00352A40,0x00352A90,80
FUN_00352a90,0x00352A90,0x00352B74,228
FUN_00352b80,0x00352B80,0x00352BF0,108
FUN_00352bf0,0x00352BF0,0x00352CA8,180
FUN_00352cb0,0x00352CB0,0x00352D44,144
FUN_00352d50,0x00352D50,0x00352E94,324
FUN_00352ea0,0x00352EA0,0x00353024,388
FUN_00353030,0x00353030,0x003530D0,156
FUN_003530d0,0x003530D0,0x00353254,388
FUN_00353260,0x00353260,0x003535D0,880
FUN_00353270,0x00353270,0x003535D0,864
FUN_003535d0,0x003535D0,0x00353C6C,1688
FUN_00353c70,0x00353C70,0x00353CFC,140
FUN_00353d00,0x00353D00,0x00353D10,16
FUN_00353d10,0x00353D10,0x00353FD0,704
FUN_00353fd0,0x00353FD0,0x00354468,1144
FUN_00354470,0x00354470,0x00354508,152
FUN_00354510,0x00354510,0x003545E4,212
FUN_003545f0,0x003545F0,0x00354670,128
FUN_00354670,0x00354670,0x00354788,272
FUN_00354790,0x00354790,0x00354858,192
FUN_00354860,0x00354860,0x003549A8,316
FUN_003549b0,0x003549B0,0x003549F4,68
FUN_00354a00,0x00354A00,0x00354A88,132
FUN_00354a90,0x00354A90,0x00354A9C,12
FUN_00354aa0,0x00354AA0,0x00354BB0,260
FUN_00354bb0,0x00354BB0,0x00354BF8,72
FUN_00354c00,0x00354C00,0x00354C74,116
FUN_00354c80,0x00354C80,0x00354D68,208
FUN_00354d70,0x00354D70,0x00354D84,20
FUN_00354d90,0x00354D90,0x00354F40,432
FUN_00354f40,0x00354F40,0x00354F78,56
FUN_00354f80,0x00354F80,0x00355150,448
FUN_00355150,0x00355150,0x003553A0,592
FUN_003553a0,0x003553A0,0x00355494,244
FUN_003554a0,0x003554A0,0x00355580,192
FUN_00355580,0x00355580,0x00355620,160
FUN_00355620,0x00355620,0x003556B8,152
FUN_003556c0,0x003556C0,0x00355790,208
FUN_00355790,0x00355790,0x0035583C,172
FUN_00355840,0x00355840,0x003558D0,144
FUN_003558d0,0x003558D0,0x00355974,164
FUN_00355980,0x00355980,0x003559D4,84
FUN_003559e0,0x003559E0,0x00355A1C,60
FUN_00355a20,0x00355A20,0x00355A28,8
FUN_00355a30,0x00355A30,0x00355A44,20
FUN_00355a50,0x00355A50,0x00355A6C,28
FUN_00355a70,0x00355A70,0x00355C68,504
FUN_00355c70,0x00355C70,0x00355DD8,360
FUN_00355de0,0x00355DE0,0x00355F20,316
FUN_00355f20,0x00355F20,0x00355FD8,184
FUN_00355fe0,0x00355FE0,0x00356074,148
FUN_00356080,0x00356080,0x0035612C,164
FUN_00356130,0x00356130,0x003564E8,952
FUN_003564f0,0x003564F0,0x00356568,120
FUN_00356570,0x00356570,0x003566B4,320
FUN_003566c0,0x003566C0,0x00356940,640
FUN_00356940,0x00356940,0x003569E8,168
FUN_003569f0,0x003569F0,0x00356B30,320
FUN_00356b30,0x00356B30,0x00356B84,84
FUN_00356b90,0x00356B90,0x00356BDC,76
FUN_00356be0,0x00356BE0,0x00356D20,316
FUN_00356d20,0x00356D20,0x00356E88,360
FUN_00356e90,0x00356E90,0x003570B8,552
FUN_003570c0,0x003570C0,0x003571C8,264
FUN_003571d0,0x003571D0,0x0035746C,664
FUN_00357470,0x00357470,0x003574C0,80
FUN_003574c0,0x003574C0,0x00357594,208
FUN_003575a0,0x003575A0,0x003575B8,24
FUN_003575c0,0x003575C0,0x00357750,400
FUN_00357750,0x00357750,0x00357818,200
FUN_00357820,0x00357820,0x00357854,52
FUN_00357860,0x00357860,0x00357950,236
FUN_00357950,0x00357950,0x003579F4,164
FUN_00357a00,0x00357A00,0x00357AF8,248
FUN_00357b00,0x00357B00,0x00357BB8,184
FUN_00357bc0,0x00357BC0,0x00357C0C,76
FUN_00357c10,0x00357C10,0x00357C1C,12
FUN_00357c20,0x00357C20,0x00357C8C,108
FUN_00357c90,0x00357C90,0x00357E08,376
FUN_00357e10,0x00357E10,0x00357E88,120
FUN_00357e90,0x00357E90,0x00357EE0,80
FUN_00357ee0,0x00357EE0,0x00357F30,80
FUN_00357f30,0x00357F30,0x003585A0,1644
FUN_003585a0,0x003585A0,0x00358668,200
FUN_00358670,0x00358670,0x0035868C,28
FUN_00358690,0x00358690,0x003586A4,20
FUN_003586b0,0x003586B0,0x003586F4,68
FUN_00358700,0x00358700,0x00358718,24
FUN_00358720,0x00358720,0x0035872C,12
FUN_00358730,0x00358730,0x003589C8,660
FUN_003589d0,0x003589D0,0x00358CBC,740
FUN_00358cc0,0x00358CC0,0x00358D44,132
FUN_00358d50,0x00358D50,0x00358E14,196
FUN_00358e20,0x00358E20,0x00358EE4,196
FUN_00358ef0,0x00358EF0,0x00358F5C,108
FUN_00358f60,0x00358F60,0x00358F70,16
FUN_00358f70,0x00358F70,0x0035906C,236
FUN_00359070,0x00359070,0x003590D8,104
FUN_003590e0,0x003590E0,0x00359140,96
FUN_00359140,0x00359140,0x003591D0,144
FUN_003591d0,0x003591D0,0x00359254,132
FUN_00359260,0x00359260,0x0035930C,172
FUN_00359310,0x00359310,0x00359490,384
FUN_00359490,0x00359490,0x00359520,144
FUN_00359520,0x00359520,0x0035958C,108
FUN_00359590,0x00359590,0x00359634,164
FUN_00359640,0x00359640,0x00359740,256
FUN_00359740,0x00359740,0x00359820,212
FUN_00359820,0x00359820,0x003599CC,424
FUN_003599d0,0x003599D0,0x00359C3C,612
FUN_00359c40,0x00359C40,0x0035A134,1260
FUN_0035a140,0x0035A140,0x0035A158,24
FUN_0035a160,0x0035A160,0x0035A168,8
FUN_0035a170,0x0035A170,0x0035A178,8
FUN_0035a180,0x0035A180,0x0035A230,172
FUN_0035a230,0x0035A230,0x0035A240,16
FUN_0035a240,0x0035A240,0x0035A248,8
FUN_0035a250,0x0035A250,0x0035A25C,12
FUN_0035a260,0x0035A260,0x0035A270,16
FUN_0035a270,0x0035A270,0x0035A284,20
FUN_0035a290,0x0035A290,0x0035A2A4,20
FUN_0035a2b0,0x0035A2B0,0x0035A2C4,20
FUN_0035a2d0,0x0035A2D0,0x0035A348,120
FUN_0035a350,0x0035A350,0x0035A394,68
FUN_0035a3a0,0x0035A3A0,0x0035A650,676
FUN_0035a650,0x0035A650,0x0035A7A8,344
FUN_0035a7b0,0x0035A7B0,0x0035A840,144
FUN_0035a840,0x0035A840,0x0035AA74,556
FUN_0035aa80,0x0035AA80,0x0035AB70,240
FUN_0035ab70,0x0035AB70,0x0035AF70,1020
FUN_0035af70,0x0035AF70,0x0035B2C0,840
FUN_0035b2c0,0x0035B2C0,0x0035B4B0,496
FUN_0035b4b0,0x0035B4B0,0x0035B7EC,824
FUN_0035b7f0,0x0035B7F0,0x0035B9D0,480
FUN_0035b9d0,0x0035B9D0,0x0035BD74,932
FUN_0035bd80,0x0035BD80,0x0035BEEC,360
FUN_0035bef0,0x0035BEF0,0x0035C2B4,960
FUN_0035c2c0,0x0035C2C0,0x0035C39C,220
FUN_0035c3a0,0x0035C3A0,0x0035C614,624
FUN_0035c620,0x0035C620,0x0035C628,8
FUN_0035c630,0x0035C630,0x0035C6B0,120
FUN_0035c6b0,0x0035C6B0,0x0035C774,188
FUN_0035c780,0x0035C780,0x0035C800,120
FUN_0035c800,0x0035C800,0x0035C840,64
FUN_0035c840,0x0035C840,0x0035C8F8,180
FUN_0035c900,0x0035C900,0x0035CB2C,556
FUN_0035cb30,0x0035CB30,0x0035CB38,8
FUN_0035cb40,0x0035CB40,0x0035CB48,8
FUN_0035cb50,0x0035CB50,0x0035CB58,8
FUN_0035cb60,0x0035CB60,0x0035CB68,8
FUN_0035cb70,0x0035CB70,0x0035CB90,32
FUN_0035cb90,0x0035CB90,0x0035CC44,176
FUN_0035cc50,0x0035CC50,0x0035CD2C,220
FUN_0035cd30,0x0035CD30,0x0035CDB0,128
FUN_0035cdb0,0x0035CDB0,0x0035CDE0,48
FUN_0035cde0,0x0035CDE0,0x0035CE9C,184
FUN_0035cea0,0x0035CEA0,0x0035CF74,208
FUN_0035cf80,0x0035CF80,0x0035CFE8,104
FUN_0035cff0,0x0035CFF0,0x0035D058,104
FUN_0035d060,0x0035D060,0x0035D0C8,104
FUN_0035d0d0,0x0035D0D0,0x0035D234,356
FUN_0035d240,0x0035D240,0x0035D370,300
FUN_0035d370,0x0035D370,0x0035D418,168
FUN_0035d420,0x0035D420,0x0035D48C,108
FUN_0035d490,0x0035D490,0x0035D4AC,28
FUN_0035d4b0,0x0035D4B0,0x0035D4B8,8
FUN_0035d4c0,0x0035D4C0,0x0035D4D4,20
FUN_0035d4e0,0x0035D4E0,0x0035D4E8,8
FUN_0035d4f0,0x0035D4F0,0x0035D638,324
FUN_0035d640,0x0035D640,0x0035D938,760
FUN_0035d940,0x0035D940,0x0035DF34,1512
FUN_0035df40,0x0035DF40,0x0035E100,444
FUN_0035e100,0x0035E100,0x0035E6D0,1480
FUN_0035e6d0,0x0035E6D0,0x0035E78C,188
FUN_0035e790,0x0035E790,0x0035EA68,728
FUN_0035ea70,0x0035EA70,0x0035F02C,1460
FUN_0035f030,0x0035F030,0x0035F2B8,648
FUN_0035f2c0,0x0035F2C0,0x0035F834,1388
FUN_0035f840,0x0035F840,0x0035F8CC,140
FUN_0035f8d0,0x0035F8D0,0x0035F8D8,8
FUN_0035f8e0,0x0035F8E0,0x0035F8E8,8
FUN_0035f8f0,0x0035F8F0,0x0035F9B8,200
FUN_0035f9c0,0x0035F9C0,0x0035FAC0,236
FUN_0035fac0,0x0035FAC0,0x0035FCDC,536
FUN_0035fce0,0x0035FCE0,0x00360024,836
FUN_00360030,0x00360030,0x0036025C,556
FUN_00360260,0x00360260,0x003602EC,140
FUN_003602f0,0x003602F0,0x0036037C,140
FUN_00360380,0x00360380,0x00360498,280
FUN_003604a0,0x003604A0,0x003604FC,92
FUN_00360500,0x00360500,0x0036051C,28
FUN_00360520,0x00360520,0x003605DC,188
FUN_003605e0,0x003605E0,0x003606D8,248
FUN_003606e0,0x003606E0,0x00360780,156
FUN_00360780,0x00360780,0x0036079C,28
FUN_003607a0,0x003607A0,0x003607F0,80
FUN_003607f0,0x003607F0,0x00360840,80
FUN_00360840,0x00360840,0x00360890,80
FUN_00360890,0x00360890,0x003608F0,92
FUN_003608f0,0x003608F0,0x00360A18,296
FUN_00360a20,0x00360A20,0x00360AE8,200
FUN_00360af0,0x00360AF0,0x00360BB8,200
FUN_00360bc0,0x00360BC0,0x00360C50,144
FUN_00360c50,0x00360C50,0x00360C9C,76
FUN_00360ca0,0x00360CA0,0x00360F58,692
FUN_00360f60,0x00360F60,0x00360FB4,84
FUN_00360fc0,0x00360FC0,0x00360FF8,56
FUN_00361000,0x00361000,0x00361028,40
FUN_00361030,0x00361030,0x00361078,72
FUN_00361080,0x00361080,0x00361090,16
FUN_00361090,0x00361090,0x00361120,144
FUN_00361120,0x00361120,0x003611B8,152
FUN_003611c0,0x003611C0,0x00361200,64
FUN_00361200,0x00361200,0x00361228,40
FUN_00361230,0x00361230,0x00361280,80
FUN_00361280,0x00361280,0x003612D0,80
FUN_003612d0,0x003612D0,0x00361320,80
FUN_00361320,0x00361320,0x00361380,92
FUN_00361380,0x00361380,0x003614F4,372
FUN_00361500,0x00361500,0x003615C8,200
FUN_003615d0,0x003615D0,0x0036178C,444
FUN_00361790,0x00361790,0x0036199C,524
FUN_003619a0,0x003619A0,0x00361A2C,140
FUN_00361a30,0x00361A30,0x00361AF8,200
FUN_00361b00,0x00361B00,0x00361B18,24
FUN_00361b20,0x00361B20,0x00361B34,20
FUN_00361b40,0x00361B40,0x00361B54,20
FUN_00361b60,0x00361B60,0x00361BB8,88
FUN_00361bc0,0x00361BC0,0x00361BCC,12
FUN_00361bd0,0x00361BD0,0x00362350,1920
FUN_00362350,0x00362350,0x003625E0,656
FUN_003625e0,0x003625E0,0x00362900,796
FUN_00362900,0x00362900,0x00362B20,540
FUN_00362b20,0x00362B20,0x00362B6C,76
FUN_00362b70,0x00362B70,0x00362DC0,588
FUN_00362dc0,0x00362DC0,0x00362DF0,48
FUN_00362df0,0x00362DF0,0x00362DF8,8
FUN_00362e00,0x00362E00,0x00363028,544
FUN_00363030,0x00363030,0x003630E0,176
FUN_003630e0,0x003630E0,0x00363194,180
FUN_003631a0,0x003631A0,0x003631C0,32
FUN_003631c0,0x003631C0,0x003631EC,44
FUN_003631f0,0x003631F0,0x0036345C,616
FUN_00363460,0x00363460,0x003635B4,332
FUN_003635c0,0x003635C0,0x0036382C,620
FUN_00363830,0x00363830,0x003639B4,376
FUN_003639c0,0x003639C0,0x00363A70,176
FUN_00363a70,0x00363A70,0x00363B2C,188
FUN_00363b30,0x00363B30,0x00363BF8,200
thunk_FUN_00364e30,0x00363C00,0x00363C08,8
thunk_FUN_00364e50,0x00363C10,0x00363C18,8
FUN_00363c20,0x00363C20,0x00363D44,292
FUN_00363d50,0x00363D50,0x00363DB0,96
FUN_00363db0,0x00363DB0,0x00363E48,152
FUN_00363e50,0x00363E50,0x00363E5C,12
FUN_00363e60,0x00363E60,0x00363E6C,12
FUN_00363e70,0x00363E70,0x00363F60,240
FUN_00363f60,0x00363F60,0x00364170,508
FUN_00364170,0x00364170,0x003641E8,120
FUN_003641f0,0x003641F0,0x003642C8,216
FUN_003642d0,0x003642D0,0x00364384,176
FUN_00364390,0x00364390,0x003643A8,24
FUN_003643b0,0x003643B0,0x0036465C,684
FUN_00364660,0x00364660,0x0036467C,28
FUN_00364680,0x00364680,0x003646D0,80
FUN_003646d0,0x003646D0,0x00364768,152
FUN_00364770,0x00364770,0x00364828,184
FUN_00364830,0x00364830,0x0036484C,28
FUN_00364850,0x00364850,0x00364858,8
FUN_00364860,0x00364860,0x003648F0,144
FUN_003648f0,0x003648F0,0x003648F8,8
FUN_00364900,0x00364900,0x00364928,40
FUN_00364930,0x00364930,0x0036494C,28
FUN_00364950,0x00364950,0x00364A2C,216
FUN_00364a30,0x00364A30,0x00364AFC,200
FUN_00364b00,0x00364B00,0x00364B50,80
FUN_00364b50,0x00364B50,0x00364BA0,80
FUN_00364ba0,0x00364BA0,0x00364BF0,80
FUN_00364bf0,0x00364BF0,0x00364C50,92
FUN_00364c50,0x00364C50,0x00364D60,272
FUN_00364d60,0x00364D60,0x00364DF0,144
FUN_00364df0,0x00364DF0,0x00364E10,32
FUN_00364e10,0x00364E10,0x00364E24,20
FUN_00364e30,0x00364E30,0x00364E4C,28
FUN_00364e50,0x00364E50,0x00364E70,32
FUN_00364e70,0x00364E70,0x00364EE0,112
FUN_00364ee0,0x00364EE0,0x00364F2C,76
FUN_00364f30,0x00364F30,0x00365054,292
FUN_00365060,0x00365060,0x003650F8,152
FUN_00365100,0x00365100,0x003651FC,252
FUN_00365200,0x00365200,0x0036520C,12
FUN_00365210,0x00365210,0x003653BC,424
FUN_003653c0,0x003653C0,0x003654A0,224
FUN_003654a0,0x003654A0,0x003654BC,28
FUN_003654c0,0x003654C0,0x003659F8,1324
FUN_00365a00,0x00365A00,0x00365D4C,832
FUN_00365d50,0x00365D50,0x00366728,2512
FUN_00366730,0x00366730,0x00366938,520
FUN_00366940,0x00366940,0x00366A00,184
FUN_00366a00,0x00366A00,0x00366B04,256
FUN_00366b10,0x00366B10,0x00366B58,72
FUN_00366b60,0x00366B60,0x00366D70,528
FUN_00366d70,0x00366D70,0x003670CC,860
FUN_003670d0,0x003670D0,0x0036742C,860
FUN_00367430,0x00367430,0x00367668,568
FUN_00367670,0x00367670,0x003676D0,96
FUN_003676d0,0x003676D0,0x00367730,96
FUN_00367730,0x00367730,0x00367790,96
FUN_00367790,0x00367790,0x003677A4,20
FUN_003677b0,0x003677B0,0x003677C4,20
FUN_003677d0,0x003677D0,0x003677E4,20
FUN_003677f0,0x003677F0,0x00367804,20
FUN_00367810,0x00367810,0x00367948,308
FUN_00367950,0x00367950,0x00368538,3028
FUN_00368540,0x00368540,0x00368548,8
FUN_00368550,0x00368550,0x00368558,8
FUN_00368560,0x00368560,0x00368568,8
FUN_00368570,0x00368570,0x00368624,176
FUN_00368630,0x00368630,0x0036864C,28
FUN_00368650,0x00368650,0x00369170,2832
FUN_00369170,0x00369170,0x003691B8,72
FUN_003691c0,0x003691C0,0x00369204,68
FUN_00369210,0x00369210,0x003696CC,1212
FUN_003696d0,0x003696D0,0x00369874,420
FUN_00369880,0x00369880,0x003698C0,64
FUN_003698c0,0x003698C0,0x00369B60,672
FUN_00369b60,0x00369B60,0x00369EA8,840
FUN_00369eb0,0x00369EB0,0x00369F70,192
FUN_00369f70,0x00369F70,0x00369FA0,48
FUN_00369fa0,0x00369FA0,0x0036A058,184
FUN_0036a060,0x0036A060,0x0036A200,412
FUN_0036a200,0x0036A200,0x0036A20C,12
FUN_0036a210,0x0036A210,0x0036A230,32
FUN_0036a230,0x0036A230,0x0036A2B4,132
FUN_0036a2c0,0x0036A2C0,0x0036A2FC,60
FUN_0036a300,0x0036A300,0x0036A33C,60
FUN_0036a340,0x0036A340,0x0036A3B0,112
FUN_0036a3b0,0x0036A3B0,0x0036A428,120
FUN_0036a430,0x0036A430,0x0036A570,320
FUN_0036a570,0x0036A570,0x0036A5C8,88
FUN_0036a5d0,0x0036A5D0,0x0036A7C0,492
FUN_0036a7c0,0x0036A7C0,0x0036A968,420
FUN_0036a970,0x0036A970,0x0036AB18,420
FUN_0036ab20,0x0036AB20,0x0036ABE0,192
FUN_0036abe0,0x0036ABE0,0x0036AC10,48
FUN_0036ac10,0x0036AC10,0x0036AC78,104
FUN_0036ac80,0x0036AC80,0x0036ACE8,104
FUN_0036acf0,0x0036ACF0,0x0036AD58,104
FUN_0036ad60,0x0036AD60,0x0036ADCC,108
FUN_0036add0,0x0036ADD0,0x0036AE4C,124
FUN_0036ae50,0x0036AE50,0x0036AF24,212
FUN_0036af30,0x0036AF30,0x0036AFA0,112
thunk_FUN_00363b30,0x0036AFA0,0x0036AFA8,8
FUN_0036afb0,0x0036AFB0,0x0036AFB8,8
FUN_0036afc0,0x0036AFC0,0x0036AFE4,36
FUN_0036aff0,0x0036AFF0,0x0036B09C,172
FUN_0036b0a0,0x0036B0A0,0x0036B1C8,284
FUN_0036b1d0,0x0036B1D0,0x0036B1E4,20
FUN_0036b1f0,0x0036B1F0,0x0036B1F8,8
FUN_0036b200,0x0036B200,0x0036B208,8
FUN_0036b210,0x0036B210,0x0036B288,120
FUN_0036b290,0x0036B290,0x0036B308,120
FUN_0036b310,0x0036B310,0x0036B318,8
FUN_0036b320,0x0036B320,0x0036B328,8
FUN_0036b330,0x0036B330,0x0036B3F8,200
FUN_0036b400,0x0036B400,0x0036B44C,76
FUN_0036b450,0x0036B450,0x0036B4A8,88
FUN_0036b4b0,0x0036B4B0,0x0036B5C4,276
FUN_0036b5d0,0x0036B5D0,0x0036B5D8,8
FUN_0036b5e0,0x0036B5E0,0x0036B6F0,272
FUN_0036b6f0,0x0036B6F0,0x0036B810,288
FUN_0036b810,0x0036B810,0x0036B920,272
FUN_0036b920,0x0036B920,0x0036B988,104
FUN_0036b990,0x0036B990,0x0036B9C4,52
FUN_0036b9d0,0x0036B9D0,0x0036B9D8,8
FUN_0036b9e0,0x0036B9E0,0x0036BA14,52
FUN_0036ba20,0x0036BA20,0x0036BA28,8
FUN_0036ba30,0x0036BA30,0x0036BA60,48
FUN_0036ba60,0x0036BA60,0x0036BA68,8
FUN_0036ba70,0x0036BA70,0x0036BA78,8
FUN_0036ba80,0x0036BA80,0x0036BBC0,320
FUN_0036bbc0,0x0036BBC0,0x0036BDBC,508
FUN_0036bdc0,0x0036BDC0,0x0036BDC8,8
FUN_0036bdd0,0x0036BDD0,0x0036BE9C,204
FUN_0036bea0,0x0036BEA0,0x0036BFEC,332
FUN_0036bff0,0x0036BFF0,0x0036C3AC,952
FUN_0036c3b0,0x0036C3B0,0x0036C524,372
FUN_0036c530,0x0036C530,0x0036C600,200
FUN_0036c600,0x0036C600,0x0036C744,316
FUN_0036c750,0x0036C750,0x0036C75C,12
FUN_0036c760,0x0036C760,0x0036CA2C,700
FUN_0036ca30,0x0036CA30,0x0036CEC8,1148
FUN_0036ced0,0x0036CED0,0x0036D05C,396
FUN_0036d060,0x0036D060,0x0036D134,212
FUN_0036d140,0x0036D140,0x0036D2D8,408
FUN_0036d2e0,0x0036D2E0,0x0036D508,540
FUN_0036d510,0x0036D510,0x0036D720,504
FUN_0036d720,0x0036D720,0x0036D848,296
FUN_0036d850,0x0036D850,0x0036D8AC,92
FUN_0036d8b0,0x0036D8B0,0x0036D964,180
FUN_0036d970,0x0036D970,0x0036DA18,160
FUN_0036da20,0x0036DA20,0x0036E64C,3096
FUN_0036e650,0x0036E650,0x0036E6B0,96
FUN_0036e6b0,0x0036E6B0,0x0036E730,128
FUN_0036e730,0x0036E730,0x0036E790,92
FUN_0036e790,0x0036E790,0x0036E82C,156
FUN_0036e830,0x0036E830,0x0036E838,8
FUN_0036e840,0x0036E840,0x0036E860,32
FUN_0036e860,0x0036E860,0x0036E87C,28
FUN_0036e880,0x0036E880,0x0036FC10,4928
FUN_0036fc10,0x0036FC10,0x0036FCB8,160
FUN_0036fcc0,0x0036FCC0,0x0036FE3C,376
FUN_0036fe40,0x0036FE40,0x00370160,780
FUN_00370160,0x00370160,0x003701B4,84
FUN_003701c0,0x003701C0,0x00370274,172
FUN_00370280,0x00370280,0x0037033C,188
FUN_00370340,0x00370340,0x00370348,8
FUN_00370350,0x00370350,0x0037060C,688
FUN_00370610,0x00370610,0x00370684,116
FUN_00370690,0x00370690,0x0037091C,648
FUN_00370920,0x00370920,0x0037098C,108
FUN_00370990,0x00370990,0x00370C14,640
FUN_00370c20,0x00370C20,0x00370CA8,136
FUN_00370cb0,0x00370CB0,0x00370D08,88
FUN_00370d10,0x00370D10,0x00370DAC,156
FUN_00370db0,0x00370DB0,0x00370F60,428
FUN_00370f60,0x00370F60,0x003710BC,332
FUN_003710c0,0x003710C0,0x003710CC,12
FUN_003710d0,0x003710D0,0x0037119C,204
FUN_003711a0,0x003711A0,0x00371288,228
FUN_00371290,0x00371290,0x00371398,252
FUN_003713a0,0x003713A0,0x00371548,424
FUN_00371550,0x00371550,0x00371678,296
FUN_00371680,0x00371680,0x003717B4,296
FUN_003717c0,0x003717C0,0x003719DC,540
FUN_003719e0,0x003719E0,0x00371A10,48
FUN_00371a10,0x00371A10,0x00371B9C,396
FUN_00371ba0,0x00371BA0,0x00371C48,160
FUN_00371c50,0x00371C50,0x00371D00,172
FUN_00371d00,0x00371D00,0x003721D8,1224
FUN_003721e0,0x003721E0,0x0037221C,60
FUN_00372220,0x00372220,0x003723AC,396
FUN_003723b0,0x003723B0,0x003724EC,308
FUN_003724f0,0x003724F0,0x00372638,328
FUN_00372640,0x00372640,0x00372778,304
FUN_00372780,0x00372780,0x00372868,228
FUN_00372870,0x00372870,0x00372978,252
FUN_00372980,0x00372980,0x00372F04,1396
FUN_00372f10,0x00372F10,0x00373640,1820
FUN_00373640,0x00373640,0x00373850,520
FUN_00373850,0x00373850,0x00373F1C,1728
FUN_00373f20,0x00373F20,0x00374004,228
FUN_00374010,0x00374010,0x003742E8,720
FUN_003742f0,0x003742F0,0x003745D8,732
FUN_003745e0,0x003745E0,0x00374A4C,1104
FUN_00374a50,0x00374A50,0x00374B50,256
FUN_00374b50,0x00374B50,0x00374CAC,340
FUN_00374cb0,0x00374CB0,0x00375038,888
FUN_00375040,0x00375040,0x003754C8,1156
FUN_003754d0,0x003754D0,0x00375708,568
FUN_00375710,0x00375710,0x00375C64,1364
FUN_00375c70,0x00375C70,0x00375E18,424
FUN_00375e20,0x00375E20,0x00376418,1528
FUN_00376420,0x00376420,0x00376530,272
FUN_00376530,0x00376530,0x00376598,104
FUN_003765a0,0x003765A0,0x0037668C,236
thunk_FUN_00376bd0,0x00376690,0x00376698,8
FUN_003766a0,0x003766A0,0x003767C0,288
FUN_003767c0,0x003767C0,0x00376868,160
FUN_00376870,0x00376870,0x003769C0,328
FUN_003769c0,0x003769C0,0x00376B40,376
FUN_00376b40,0x00376B40,0x00376BD0,144
FUN_00376bd0,0x00376BD0,0x00377034,1108
FUN_00377040,0x00377040,0x00377378,820
FUN_00377380,0x00377380,0x003773EC,108
FUN_003773f0,0x003773F0,0x00377504,272
FUN_00377510,0x00377510,0x003777F8,744
FUN_00377800,0x00377800,0x00377A2C,556
FUN_00377a30,0x00377A30,0x00377AA0,112
FUN_00377aa0,0x00377AA0,0x00377B80,224
FUN_00377b80,0x00377B80,0x0037845C,2236
FUN_00378460,0x00378460,0x003785F8,384
FUN_00378600,0x00378600,0x00378794,396
FUN_003787a0,0x003787A0,0x00378A04,612
FUN_00378a10,0x00378A10,0x00378AF4,224
FUN_00378b00,0x00378B00,0x00378BF8,248
FUN_00378c00,0x00378C00,0x00378FB4,948
FUN_00378fc0,0x00378FC0,0x00379078,184
FUN_00379080,0x00379080,0x0037915C,220
FUN_00379160,0x00379160,0x0037925C,252
FUN_00379260,0x00379260,0x003792F0,144
FUN_003792f0,0x003792F0,0x003794A4,436
FUN_003794b0,0x003794B0,0x00379970,1212
FUN_00379970,0x00379970,0x00379AA8,296
FUN_00379ab0,0x00379AB0,0x00379B10,96
FUN_00379b10,0x00379B10,0x00379C44,304
FUN_00379c50,0x00379C50,0x00379D90,320
FUN_00379d90,0x00379D90,0x00379F70,480
FUN_00379f70,0x00379F70,0x0037A430,1204
FUN_0037a430,0x0037A430,0x0037A538,264
FUN_0037a540,0x0037A540,0x0037A630,240
FUN_0037a630,0x0037A630,0x0037A638,8
FUN_0037a640,0x0037A640,0x0037A76C,300
FUN_0037a770,0x0037A770,0x0037A804,148
FUN_0037a810,0x0037A810,0x0037A920,272
FUN_0037a920,0x0037A920,0x0037AB84,612
FUN_0037ab90,0x0037AB90,0x0037ADF0,604
FUN_0037adf0,0x0037ADF0,0x0037ADFC,12
FUN_0037ae00,0x0037AE00,0x0037AE08,8
FUN_0037ae10,0x0037AE10,0x0037B2F0,1240
FUN_0037b2f0,0x0037B2F0,0x0037B484,404
FUN_0037b490,0x0037B490,0x0037B5B4,284
FUN_0037b5c0,0x0037B5C0,0x0037B6F0,304
FUN_0037b6f0,0x0037B6F0,0x0037B840,328
FUN_0037b840,0x0037B840,0x0037B978,296
FUN_0037b980,0x0037B980,0x0037B98C,12
FUN_0037b990,0x0037B990,0x0037B99C,12
FUN_0037b9a0,0x0037B9A0,0x0037BA68,200
FUN_0037ba70,0x0037BA70,0x0037BA78,8
FUN_0037ba80,0x0037BA80,0x0037BA8C,12
FUN_0037ba90,0x0037BA90,0x0037BA98,8
FUN_0037baa0,0x0037BAA0,0x0037BAA8,8
FUN_0037bab0,0x0037BAB0,0x0037BAB8,8
FUN_0037bac0,0x0037BAC0,0x0037BAD8,24
FUN_0037bae0,0x0037BAE0,0x0037BAE8,8
FUN_0037baf0,0x0037BAF0,0x0037BB18,40
FUN_0037bb20,0x0037BB20,0x0037BB84,100
FUN_0037bb90,0x0037BB90,0x0037BB98,8
FUN_0037bba0,0x0037BBA0,0x0037BC20,128
FUN_0037bc20,0x0037BC20,0x0037BC28,8
FUN_0037bc30,0x0037BC30,0x0037BC3C,12
FUN_0037bc40,0x0037BC40,0x0037BC9C,92
FUN_0037bca0,0x0037BCA0,0x0037BCDC,60
FUN_0037bce0,0x0037BCE0,0x0037BCE8,8
FUN_0037bcf0,0x0037BCF0,0x0037BD20,48
FUN_0037bd20,0x0037BD20,0x0037BD2C,12
FUN_0037bd30,0x0037BD30,0x0037BD38,8
FUN_0037bd40,0x0037BD40,0x0037BD48,8
FUN_0037bd50,0x0037BD50,0x0037BD58,8
FUN_0037bd60,0x0037BD60,0x0037BD98,56
FUN_0037bda0,0x0037BDA0,0x0037BE30,144
FUN_0037be30,0x0037BE30,0x0037BE48,24
FUN_0037be50,0x0037BE50,0x0037BE64,20
FUN_0037be70,0x0037BE70,0x0037BE84,20
FUN_0037be90,0x0037BE90,0x0037BF1C,140
FUN_0037bf20,0x0037BF20,0x0037BF34,20
FUN_0037bf40,0x0037BF40,0x0037C01C,216
FUN_0037c020,0x0037C020,0x0037C090,112
FUN_0037c090,0x0037C090,0x0037C098,8
FUN_0037c0a0,0x0037C0A0,0x0037C100,96
FUN_0037c100,0x0037C100,0x0037C108,8
FUN_0037c110,0x0037C110,0x0037C180,112
FUN_0037c180,0x0037C180,0x0037C194,20
FUN_0037c1a0,0x0037C1A0,0x0037C1A8,8
FUN_0037c1b0,0x0037C1B0,0x0037C220,112
FUN_0037c220,0x0037C220,0x0037C2C0,160
FUN_0037c2c0,0x0037C2C0,0x0037C2E4,36
FUN_0037c2f0,0x0037C2F0,0x0037C3D8,232
FUN_0037c3e0,0x0037C3E0,0x0037C3E8,8
FUN_0037c3f0,0x0037C3F0,0x0037C4C0,208
FUN_0037c4c0,0x0037C4C0,0x0037C590,208
FUN_0037c590,0x0037C590,0x0037C600,112
FUN_0037c600,0x0037C600,0x0037C614,20
FUN_0037c620,0x0037C620,0x0037C708,232
FUN_0037c710,0x0037C710,0x0037C728,24
FUN_0037c730,0x0037C730,0x0037C878,328
FUN_0037c880,0x0037C880,0x0037C904,132
FUN_0037c910,0x0037C910,0x0037C954,68
FUN_0037c960,0x0037C960,0x0037C9A4,68
FUN_0037c9b0,0x0037C9B0,0x0037CA28,120
FUN_0037ca30,0x0037CA30,0x0037CA38,8
FUN_0037ca40,0x0037CA40,0x0037CAB8,120
FUN_0037cac0,0x0037CAC0,0x0037CB70,176
FUN_0037cb70,0x0037CB70,0x0037CBFC,140
FUN_0037cc00,0x0037CC00,0x0037CC90,144
FUN_0037cc90,0x0037CC90,0x0037CD2C,156
FUN_0037cd30,0x0037CD30,0x0037CDC0,144
FUN_0037cdc0,0x0037CDC0,0x0037CE78,184
FUN_0037ce80,0x0037CE80,0x0037CF00,128
FUN_0037cf00,0x0037CF00,0x0037CF80,128
FUN_0037cf80,0x0037CF80,0x0037CFF0,112
FUN_0037cff0,0x0037CFF0,0x0037CFF8,8
FUN_0037d000,0x0037D000,0x0037D008,8
FUN_0037d010,0x0037D010,0x0037D018,8
FUN_0037d020,0x0037D020,0x0037D028,8
FUN_0037d030,0x0037D030,0x0037D038,8
FUN_0037d040,0x0037D040,0x0037D048,8
FUN_0037d050,0x0037D050,0x0037D058,8
FUN_0037d060,0x0037D060,0x0037D068,8
FUN_0037d070,0x0037D070,0x0037D078,8
FUN_0037d080,0x0037D080,0x0037D088,8
FUN_0037d090,0x0037D090,0x0037D098,8
FUN_0037d0a0,0x0037D0A0,0x0037D0A8,8
FUN_0037d0b0,0x0037D0B0,0x0037D0B8,8
FUN_0037d0c0,0x0037D0C0,0x0037D0C8,8
FUN_0037d0d0,0x0037D0D0,0x0037D0D8,8
FUN_0037d0e0,0x0037D0E0,0x0037D0E8,8
FUN_0037d0f0,0x0037D0F0,0x0037D0F8,8
FUN_0037d100,0x0037D100,0x0037D108,8
FUN_0037d110,0x0037D110,0x0037D118,8
FUN_0037d120,0x0037D120,0x0037D128,8
FUN_0037d130,0x0037D130,0x0037D138,8
FUN_0037d140,0x0037D140,0x0037D148,8
FUN_0037d150,0x0037D150,0x0037D158,8
FUN_0037d160,0x0037D160,0x0037D168,8
FUN_0037d170,0x0037D170,0x0037D210,160
FUN_0037d210,0x0037D210,0x0037D21C,12
FUN_0037d220,0x0037D220,0x0037D2A4,132
FUN_0037d2b0,0x0037D2B0,0x0037D360,176
FUN_0037d360,0x0037D360,0x0037D3F0,144
FUN_0037d3f0,0x0037D3F0,0x0037D580,400
FUN_0037d580,0x0037D580,0x0037D600,128
FUN_0037d600,0x0037D600,0x0037D910,780
FUN_0037d910,0x0037D910,0x0037D9A4,148
FUN_0037d9b0,0x0037D9B0,0x0037DA48,152
FUN_0037da50,0x0037DA50,0x0037DD28,712
FUN_0037dd30,0x0037DD30,0x0037DE60,304
FUN_0037de60,0x0037DE60,0x0037DFF8,408
FUN_0037e000,0x0037E000,0x0037E188,392
FUN_0037e190,0x0037E190,0x0037E1DC,76
FUN_0037e1e0,0x0037E1E0,0x0037E208,40
FUN_0037e210,0x0037E210,0x0037E294,132
FUN_0037e2a0,0x0037E2A0,0x0037E470,460
FUN_0037e470,0x0037E470,0x0037E5F4,388
FUN_0037e600,0x0037E600,0x0037E6B0,172
FUN_0037e6b0,0x0037E6B0,0x0037E728,120
FUN_0037e730,0x0037E730,0x0037E8A8,376
FUN_0037e8b0,0x0037E8B0,0x0037EA5C,428
FUN_0037ea60,0x0037EA60,0x0037EA74,20
FUN_0037ea80,0x0037EA80,0x0037EAA8,40
FUN_0037eab0,0x0037EAB0,0x00380280,5808
FUN_00380280,0x00380280,0x00380464,484
FUN_00380470,0x00380470,0x00380500,144
FUN_00380500,0x00380500,0x00380618,280
FUN_00380620,0x00380620,0x003812AC,3184
FUN_003812b0,0x003812B0,0x00381550,664
FUN_00381550,0x00381550,0x00381BD8,1660
FUN_00381be0,0x00381BE0,0x00381D24,324
FUN_00381d30,0x00381D30,0x00381E08,216
FUN_00381e10,0x00381E10,0x00382064,592
FUN_00382070,0x00382070,0x00382668,1512
FUN_00382670,0x00382670,0x0038288C,528
FUN_00382890,0x00382890,0x00382B94,764
FUN_00382ba0,0x00382BA0,0x00382C68,200
FUN_00382c70,0x00382C70,0x00382FE4,876
FUN_00382ff0,0x00382FF0,0x00383154,352
FUN_00383160,0x00383160,0x003832D4,368
FUN_003832e0,0x003832E0,0x00383360,128
FUN_00383360,0x00383360,0x00383618,680
FUN_00383620,0x00383620,0x003836D0,176
FUN_003836d0,0x003836D0,0x003836DC,12
FUN_003836e0,0x003836E0,0x003837FC,284
FUN_00383800,0x00383800,0x003838AC,172
FUN_003838b0,0x003838B0,0x00383954,160
FUN_00383960,0x00383960,0x00383A98,312
FUN_00383aa0,0x00383AA0,0x00383BBC,284
FUN_00383bc0,0x00383BC0,0x00383CF8,308
FUN_00383d00,0x00383D00,0x00383DFC,252
FUN_00383e00,0x00383E00,0x00383F20,284
FUN_00383f20,0x00383F20,0x00384410,1252
FUN_00384410,0x00384410,0x003845A8,404
FUN_003845b0,0x003845B0,0x00384614,100
FUN_00384620,0x00384620,0x00384A98,1136
FUN_00384aa0,0x00384AA0,0x00384B00,96
FUN_00384b00,0x00384B00,0x00384B64,100
FUN_00384b70,0x00384B70,0x00384BC4,84
FUN_00384bd0,0x00384BD0,0x00384D48,372
FUN_00384d50,0x00384D50,0x00384DF4,164
FUN_00384e00,0x00384E00,0x00384ECC,200
FUN_00384ed0,0x00384ED0,0x00385370,1176
FUN_00385370,0x00385370,0x00385410,160
FUN_00385410,0x00385410,0x003854B4,164
FUN_003854c0,0x003854C0,0x00385608,324
FUN_00385610,0x00385610,0x00385668,88
FUN_00385670,0x00385670,0x003857BC,332
FUN_003857c0,0x003857C0,0x00385900,320
FUN_00385900,0x00385900,0x003859C8,200
FUN_003859d0,0x003859D0,0x00385A58,132
FUN_00385a60,0x00385A60,0x00385C2C,460
FUN_00385c30,0x00385C30,0x00385CD4,164
FUN_00385ce0,0x00385CE0,0x00385D88,168
FUN_00385d90,0x00385D90,0x00385DEC,92
FUN_00385df0,0x00385DF0,0x00385E4C,92
FUN_00385e50,0x00385E50,0x00385E98,72
FUN_00385ea0,0x00385EA0,0x003860E8,572
FUN_003860f0,0x003860F0,0x003862A0,428
FUN_003862a0,0x003862A0,0x003863C4,288
FUN_003863d0,0x003863D0,0x0038645C,140
FUN_00386460,0x00386460,0x00386658,504
FUN_00386660,0x00386660,0x003866F0,136
FUN_003866f0,0x003866F0,0x00386910,540
FUN_00386910,0x00386910,0x0038691C,12
thunk_FUN_0028f220,0x00386920,0x00386928,8
FUN_00386930,0x00386930,0x00386938,8
FUN_00386940,0x00386940,0x00386954,20
FUN_00386960,0x00386960,0x00386970,16
FUN_00386970,0x00386970,0x00386978,8
FUN_00386980,0x00386980,0x00386998,24
FUN_003869a0,0x003869A0,0x003869B4,20
FUN_003869c0,0x003869C0,0x003869CC,12
FUN_003869d0,0x003869D0,0x003869E8,24
FUN_003869f0,0x003869F0,0x00386AB0,192
FUN_00386ab0,0x00386AB0,0x00386AF4,68
FUN_00386b00,0x00386B00,0x00386B80,128
FUN_00386b80,0x00386B80,0x00386BF0,112
FUN_00386bf0,0x00386BF0,0x00386D4C,348
FUN_00386d50,0x00386D50,0x00386DD4,132
FUN_00386de0,0x00386DE0,0x00386DE8,8
FUN_00386df0,0x00386DF0,0x00386DF8,8
FUN_00386e00,0x00386E00,0x00386E08,8
FUN_00386e10,0x00386E10,0x00386E18,8
FUN_00386e20,0x00386E20,0x00386F34,276
FUN_00386f40,0x00386F40,0x00386F4C,12
FUN_00386f50,0x00386F50,0x00386FE8,152
FUN_00386ff0,0x00386FF0,0x00387248,592
FUN_00387250,0x00387250,0x003872E0,144
FUN_003872e0,0x003872E0,0x00387334,84
FUN_00387340,0x00387340,0x003874DC,412
FUN_003874e0,0x003874E0,0x00387584,164
FUN_00387590,0x00387590,0x003875F4,100
FUN_00387600,0x00387600,0x00387628,40
FUN_00387630,0x00387630,0x003879D8,936
FUN_003879e0,0x003879E0,0x00387A18,56
FUN_00387a20,0x00387A20,0x00387A88,104
FUN_00387a90,0x00387A90,0x00387C6C,476
FUN_00387c70,0x00387C70,0x00387CF0,128
FUN_00387cf0,0x00387CF0,0x00387F58,608
FUN_00387f60,0x00387F60,0x00387F88,40
FUN_00387f90,0x00387F90,0x00387FB0,32
FUN_00387fb0,0x00387FB0,0x00387FD8,40
FUN_00387fe0,0x00387FE0,0x00388080,160
FUN_00388080,0x00388080,0x003880E4,100
FUN_003880f0,0x003880F0,0x003881E0,240
FUN_003881e0,0x003881E0,0x003881EC,12
FUN_003881f0,0x003881F0,0x00388284,148
FUN_00388290,0x00388290,0x003882F0,96
FUN_003882f0,0x003882F0,0x00388400,272
FUN_00388400,0x00388400,0x003884C4,196
FUN_003884d0,0x003884D0,0x003885A8,216
FUN_003885b0,0x003885B0,0x003887B0,512
FUN_003887b0,0x003887B0,0x00388834,132
FUN_00388840,0x00388840,0x00388898,88
FUN_003888a0,0x003888A0,0x003889D0,304
FUN_003889d0,0x003889D0,0x00388A60,144
FUN_00388a60,0x00388A60,0x00388AD4,116
FUN_00388ae0,0x00388AE0,0x00388B78,152
FUN_00388b80,0x00388B80,0x00388D6C,492
FUN_00388d70,0x00388D70,0x00388E50,224
FUN_00388e50,0x00388E50,0x00388F1C,204
FUN_00388f20,0x00388F20,0x003890B8,408
FUN_003890c0,0x003890C0,0x00389138,120
FUN_00389140,0x00389140,0x0038914C,12
FUN_00389150,0x00389150,0x00389158,8
FUN_00389160,0x00389160,0x00389174,20
FUN_00389180,0x00389180,0x0038918C,12
FUN_00389190,0x00389190,0x0038931C,396
FUN_00389320,0x00389320,0x0038932C,12
FUN_00389330,0x00389330,0x0038943C,268
FUN_00389440,0x00389440,0x0038944C,12
FUN_00389450,0x00389450,0x00389528,216
FUN_00389530,0x00389530,0x0038953C,12
FUN_00389540,0x00389540,0x0038975C,540
FUN_00389760,0x00389760,0x0038976C,12
FUN_00389770,0x00389770,0x0038977C,12
FUN_00389780,0x00389780,0x003897A8,40
FUN_003897b0,0x003897B0,0x003897B8,8
FUN_003897c0,0x003897C0,0x00389850,144
FUN_00389850,0x00389850,0x0038985C,12
FUN_00389860,0x00389860,0x0038986C,12
FUN_00389870,0x00389870,0x00389984,276
FUN_00389990,0x00389990,0x0038999C,12
FUN_003899a0,0x003899A0,0x00389AB4,276
FUN_00389ac0,0x00389AC0,0x00389ACC,12
FUN_00389ad0,0x00389AD0,0x00389ADC,12
FUN_00389ae0,0x00389AE0,0x00389AEC,12
FUN_00389af0,0x00389AF0,0x00389AFC,12
FUN_00389b00,0x00389B00,0x00389C5C,348
FUN_00389c60,0x00389C60,0x00389DB4,340
FUN_00389dc0,0x00389DC0,0x00389E68,164
FUN_00389e70,0x00389E70,0x00389F0C,152
FUN_00389f10,0x00389F10,0x00389F88,120
FUN_00389f90,0x00389F90,0x00389FFC,104
FUN_0038a000,0x0038A000,0x0038A040,64
FUN_0038a040,0x0038A040,0x0038A09C,92
FUN_0038a0a0,0x0038A0A0,0x0038A208,356
FUN_0038a210,0x0038A210,0x0038A418,520
FUN_0038a420,0x0038A420,0x0038A4A0,128
FUN_0038a4a0,0x0038A4A0,0x0038A520,128
FUN_0038a520,0x0038A520,0x0038A5A0,128
FUN_0038a5a0,0x0038A5A0,0x0038A620,128
FUN_0038a620,0x0038A620,0x0038A6A0,128
FUN_0038a6a0,0x0038A6A0,0x0038A720,128
FUN_0038a720,0x0038A720,0x0038A7A0,128
FUN_0038a7a0,0x0038A7A0,0x0038AFEC,2124
FUN_0038aff0,0x0038AFF0,0x0038B060,112
FUN_0038b060,0x0038B060,0x0038B084,36
FUN_0038b090,0x0038B090,0x0038B110,128
FUN_0038b110,0x0038B110,0x0038B16C,92
FUN_0038b170,0x0038B170,0x0038B178,8
FUN_0038b180,0x0038B180,0x0038B24C,204
FUN_0038b250,0x0038B250,0x0038B294,68
FUN_0038b2a0,0x0038B2A0,0x0038B390,240
FUN_0038b390,0x0038B390,0x0038B438,168
FUN_0038b440,0x0038B440,0x0038B530,240
FUN_0038b530,0x0038B530,0x0038B538,8
FUN_0038b540,0x0038B540,0x0038B548,8
FUN_0038b550,0x0038B550,0x0038B568,24
FUN_0038b570,0x0038B570,0x0038B578,8
FUN_0038b580,0x0038B580,0x0038B76C,484
FUN_0038b770,0x0038B770,0x0038B894,292
FUN_0038b8a0,0x0038B8A0,0x0038B8E8,72
FUN_0038b8f0,0x0038B8F0,0x0038BAA8,440
FUN_0038bab0,0x0038BAB0,0x0038BAB8,8
FUN_0038bac0,0x0038BAC0,0x0038BE34,880
FUN_0038be40,0x0038BE40,0x0038BE74,52
FUN_0038be80,0x0038BE80,0x0038BFD4,340
FUN_0038bfe0,0x0038BFE0,0x0038C000,32
FUN_0038c000,0x0038C000,0x0038C03C,60
FUN_0038c040,0x0038C040,0x0038C12C,232
FUN_0038c130,0x0038C130,0x0038C450,796
FUN_0038c450,0x0038C450,0x0038C4A8,88
FUN_0038c4b0,0x0038C4B0,0x0038C4C0,16
FUN_0038c4c0,0x0038C4C0,0x0038C4D0,16
FUN_0038c4d0,0x0038C4D0,0x0038C628,344
FUN_0038c630,0x0038C630,0x0038C988,812
FUN_0038c990,0x0038C990,0x0038CB80,480
thunk_FUN_0038c450,0x0038CB80,0x0038CB88,8
FUN_0038cb90,0x0038CB90,0x0038CC48,184
FUN_0038cc50,0x0038CC50,0x0038CC94,68
FUN_0038cca0,0x0038CCA0,0x0038D12C,1164
FUN_0038d130,0x0038D130,0x0038D198,104
FUN_0038d1a0,0x0038D1A0,0x0038D200,96
FUN_0038d200,0x0038D200,0x0038D4E0,708
FUN_0038d4e0,0x0038D4E0,0x0038D5BC,220
FUN_0038d5c0,0x0038D5C0,0x0038D630,112
FUN_0038d630,0x0038D630,0x0038D670,64
FUN_0038d670,0x0038D670,0x0038D678,8
FUN_0038d680,0x0038D680,0x0038D694,20
FUN_0038d6a0,0x0038D6A0,0x0038D764,196
FUN_0038d770,0x0038D770,0x0038D8E4,372
FUN_0038d8f0,0x0038D8F0,0x0038DA6C,376
FUN_0038da70,0x0038DA70,0x0038DBF4,372
FUN_0038dc00,0x0038DC00,0x0038DCA4,160
FUN_0038dcb0,0x0038DCB0,0x0038DEA0,492
FUN_0038dea0,0x0038DEA0,0x0038DF38,152
FUN_0038df40,0x0038DF40,0x0038DFC0,128
FUN_0038dfc0,0x0038DFC0,0x0038DFD8,24
FUN_0038dfe0,0x0038DFE0,0x0038E154,368
FUN_0038e160,0x0038E160,0x0038E484,792
FUN_0038e490,0x0038E490,0x0038E550,192
FUN_0038e550,0x0038E550,0x0038E590,64
FUN_0038e590,0x0038E590,0x0038E618,136
FUN_0038e620,0x0038E620,0x0038E6F0,208
FUN_0038e6f0,0x0038E6F0,0x0038E730,64
FUN_0038e730,0x0038E730,0x0038E73C,12
FUN_0038e740,0x0038E740,0x0038E770,48
FUN_0038e770,0x0038E770,0x0038E784,20
FUN_0038e790,0x0038E790,0x0038E884,244
FUN_0038e890,0x0038E890,0x0038E8D0,64
FUN_0038e8d0,0x0038E8D0,0x0038E8F0,32
FUN_0038e8f0,0x0038E8F0,0x0038E9A0,168
FUN_0038e9a0,0x0038E9A0,0x0038EBCC,556
FUN_0038ebd0,0x0038EBD0,0x0038EBD8,8
FUN_0038ebe0,0x0038EBE0,0x0038EBE8,8
FUN_0038ebf0,0x0038EBF0,0x0038EBF8,8
FUN_0038ec00,0x0038EC00,0x0038EC08,8
FUN_0038ec10,0x0038EC10,0x0038ED08,244
FUN_0038ed10,0x0038ED10,0x0038ED30,32
FUN_0038ed30,0x0038ED30,0x0038EDB4,128
FUN_0038edc0,0x0038EDC0,0x0038EE64,164
FUN_0038ee70,0x0038EE70,0x0038EED8,104
FUN_0038eee0,0x0038EEE0,0x0038EF48,104
FUN_0038ef50,0x0038EF50,0x0038F088,308
FUN_0038f090,0x0038F090,0x0038F1F0,352
FUN_0038f1f0,0x0038F1F0,0x0038F63C,1088
FUN_0038f640,0x0038F640,0x0038F7D0,396
FUN_0038f7d0,0x0038F7D0,0x0038FDA8,1484
FUN_0038fdb0,0x0038FDB0,0x0038FDB8,8
FUN_0038fdc0,0x0038FDC0,0x0038FDC8,8
FUN_0038fdd0,0x0038FDD0,0x0038FE7C,172
FUN_0038fe80,0x0038FE80,0x0038FEE8,104
FUN_0038fef0,0x0038FEF0,0x0038FF94,164
FUN_0038ffa0,0x0038FFA0,0x0038FFA8,8
FUN_0038ffb0,0x0038FFB0,0x003900BC,268
FUN_003900c0,0x003900C0,0x00390390,716
FUN_00390390,0x00390390,0x00390398,8
FUN_003903a0,0x003903A0,0x00390684,736
FUN_00390690,0x00390690,0x00390718,136
FUN_00390720,0x00390720,0x0039072C,12
thunk_FUN_00390740,0x00390730,0x00390738,8
FUN_00390740,0x00390740,0x00390760,32
FUN_00390760,0x00390760,0x003907E8,136
FUN_003907f0,0x003907F0,0x0039081C,44
FUN_00390820,0x00390820,0x00390858,56
FUN_00390860,0x00390860,0x003908A0,64
FUN_003908a0,0x003908A0,0x003909A0,256
FUN_003909a0,0x003909A0,0x003909B8,24
FUN_003909c0,0x003909C0,0x003909EC,44
FUN_003909f0,0x003909F0,0x00390A2C,60
FUN_00390a30,0x00390A30,0x00390BA4,372
FUN_00390bb0,0x00390BB0,0x00390C40,144
FUN_00390c40,0x00390C40,0x003910A4,1112
FUN_003910b0,0x003910B0,0x003910D4,36
FUN_003910e0,0x003910E0,0x00391270,396
FUN_00391270,0x00391270,0x00391278,8
FUN_00391280,0x00391280,0x00391294,20
FUN_003912a0,0x003912A0,0x00391320,128
FUN_00391320,0x00391320,0x00391338,24
FUN_00391340,0x00391340,0x00391348,8
FUN_00391350,0x00391350,0x00391448,248
FUN_00391450,0x00391450,0x00391498,68
FUN_003914a0,0x003914A0,0x00391664,452
FUN_00391670,0x00391670,0x003919C8,856
FUN_003919d0,0x003919D0,0x00391D30,864
FUN_00391d30,0x00391D30,0x00391D3C,12
FUN_00391d40,0x00391D40,0x00391D78,56
FUN_00391d80,0x00391D80,0x00391D90,16
FUN_00391d90,0x00391D90,0x00391D9C,12
FUN_00391da0,0x00391DA0,0x00391DB4,20
FUN_00391dc0,0x00391DC0,0x00391DCC,12
FUN_00391dd0,0x00391DD0,0x00391DD8,8
FUN_00391de0,0x00391DE0,0x00391DE8,8
FUN_00391df0,0x00391DF0,0x00391DFC,12
FUN_00391e00,0x00391E00,0x00391E14,20
FUN_00391e20,0x00391E20,0x00391E30,16
FUN_00391e30,0x00391E30,0x00391E3C,12
FUN_00391e40,0x00391E40,0x00391E48,8
FUN_00391e50,0x00391E50,0x00391E64,20
FUN_00391e70,0x00391E70,0x00391F40,200
FUN_00391f40,0x00391F40,0x00391F48,8
FUN_00391f50,0x00391F50,0x00391F60,16
FUN_00391f60,0x00391F60,0x00391F80,32
FUN_00391f80,0x00391F80,0x00392110,392
FUN_00392110,0x00392110,0x00392124,20
FUN_00392130,0x00392130,0x003923D4,676
FUN_003923e0,0x003923E0,0x00392600,540
FUN_00392600,0x00392600,0x00392664,96
FUN_00392670,0x00392670,0x0039273C,200
FUN_00392740,0x00392740,0x00392748,8
FUN_00392750,0x00392750,0x00392758,8
FUN_00392760,0x00392760,0x0039276C,12
FUN_00392770,0x00392770,0x00392818,168
FUN_00392820,0x00392820,0x003928E0,192
FUN_003928e0,0x003928E0,0x00392948,104
FUN_00392950,0x00392950,0x003929B8,104
FUN_003929c0,0x003929C0,0x00392A2C,108
FUN_00392a30,0x00392A30,0x00392AB0,124
FUN_00392ab0,0x00392AB0,0x00392BD8,292
FUN_00392be0,0x00392BE0,0x00393030,1096
FUN_00393030,0x00393030,0x00393198,356
FUN_003931a0,0x003931A0,0x003935F0,1096
FUN_003935f0,0x003935F0,0x00393790,412
FUN_00393790,0x00393790,0x00393C58,1216
FUN_00393c60,0x00393C60,0x00393D28,200
FUN_00393d30,0x00393D30,0x00393D74,68
FUN_00393d80,0x00393D80,0x00393DC8,72
FUN_00393dd0,0x00393DD0,0x00393E38,104
FUN_00393e40,0x00393E40,0x00393F00,192
FUN_00393f00,0x00393F00,0x00393FA8,168
FUN_00393fb0,0x00393FB0,0x00394088,216
FUN_00394090,0x00394090,0x003940F0,96
FUN_003940f0,0x003940F0,0x00394168,120
FUN_00394170,0x00394170,0x003941D0,96
FUN_003941d0,0x003941D0,0x00394204,52
FUN_00394210,0x00394210,0x00394290,128
FUN_00394290,0x00394290,0x00394318,136
FUN_00394320,0x00394320,0x00394364,68
FUN_00394370,0x00394370,0x003943D8,104
FUN_003943e0,0x003943E0,0x00394420,64
FUN_00394420,0x00394420,0x0039451C,252
FUN_00394520,0x00394520,0x003947C4,664
FUN_003947d0,0x003947D0,0x00394834,100
FUN_00394840,0x00394840,0x003948E8,168
FUN_003948f0,0x003948F0,0x00394918,40
FUN_00394920,0x00394920,0x003949B4,148
FUN_003949c0,0x003949C0,0x00394D94,980
FUN_00394da0,0x00394DA0,0x00394F54,432
FUN_00394f60,0x00394F60,0x00395108,408
FUN_00395110,0x00395110,0x0039511C,12
FUN_00395120,0x00395120,0x00395134,20
FUN_00395140,0x00395140,0x003952F0,428
FUN_003952f0,0x003952F0,0x003952FC,12
FUN_00395300,0x00395300,0x00395440,320
FUN_00395440,0x00395440,0x00395538,248
FUN_00395540,0x00395540,0x003958D0,912
FUN_003958d0,0x003958D0,0x00395D4C,1144
FUN_00395d50,0x00395D50,0x00395DE0,144
FUN_00395de0,0x00395DE0,0x00395F34,340
FUN_00395f40,0x00395F40,0x00396214,724
FUN_00396220,0x00396220,0x003962FC,220
FUN_00396300,0x00396300,0x003963E4,228
FUN_003963f0,0x003963F0,0x00396BC8,1996
FUN_00396bd0,0x00396BD0,0x00396C00,48
FUN_00396c00,0x00396C00,0x00396C70,112
FUN_00396c70,0x00396C70,0x00396C78,8
FUN_00396c80,0x00396C80,0x00396CA8,40
FUN_00396cb0,0x00396CB0,0x00396D38,136
FUN_00396d40,0x00396D40,0x00396E58,276
FUN_00396e60,0x00396E60,0x00396EB4,84
FUN_00396ec0,0x00396EC0,0x00396ED0,16
FUN_00396ed0,0x00396ED0,0x00396EE4,20
FUN_00396ef0,0x00396EF0,0x00396F04,20
FUN_00396f10,0x00396F10,0x00396F24,20
FUN_00396f30,0x00396F30,0x00397064,308
FUN_00397070,0x00397070,0x00397590,1280
FUN_00397590,0x00397590,0x00397638,168
FUN_00397640,0x00397640,0x0039783C,500
FUN_00397840,0x00397840,0x0039784C,12
FUN_00397850,0x00397850,0x0039788C,60
FUN_00397890,0x00397890,0x003978BC,44
FUN_003978c0,0x003978C0,0x003978CC,12
FUN_003978d0,0x003978D0,0x00397944,116
FUN_00397950,0x00397950,0x00397BB8,616
FUN_00397bc0,0x00397BC0,0x00397D24,356
FUN_00397d30,0x00397D30,0x00397FDC,680
FUN_00397fe0,0x00397FE0,0x003980C4,228
FUN_003980d0,0x003980D0,0x003982F0,540
FUN_003982f0,0x003982F0,0x00398908,1544
FUN_00398910,0x00398910,0x003989E0,208
FUN_003989e0,0x003989E0,0x00398A40,96
FUN_00398a40,0x00398A40,0x00398AA0,96
FUN_00398aa0,0x00398AA0,0x00398AE0,64
FUN_00398ae0,0x00398AE0,0x00398B50,112
FUN_00398b50,0x00398B50,0x00398BAC,92
FUN_00398bb0,0x00398BB0,0x00398BF4,68
FUN_00398c00,0x00398C00,0x00398C40,64
FUN_00398c40,0x00398C40,0x00398E94,592
FUN_00398ea0,0x00398EA0,0x00398FB8,280
FUN_00398fc0,0x00398FC0,0x0039903C,124
FUN_00399040,0x00399040,0x00399064,36
FUN_00399070,0x00399070,0x003990F8,136
FUN_00399100,0x00399100,0x00399148,72
FUN_00399150,0x00399150,0x003991F4,164
FUN_00399200,0x00399200,0x00399274,116
FUN_00399280,0x00399280,0x00399314,148
FUN_00399320,0x00399320,0x00399524,508
FUN_00399530,0x00399530,0x003996AC,376
FUN_003996b0,0x003996B0,0x003997E8,304
FUN_003997f0,0x003997F0,0x00399894,164
FUN_003998a0,0x003998A0,0x003999CC,296
FUN_003999d0,0x003999D0,0x00399B28,336
FUN_00399b30,0x00399B30,0x00399BF8,200
FUN_00399c00,0x00399C00,0x00399C0C,12
thunk_FUN_00391350,0x00399C10,0x00399C18,8
FUN_00399c20,0x00399C20,0x00399D20,252
FUN_00399d20,0x00399D20,0x00399E8C,360
FUN_00399e90,0x00399E90,0x00399EC0,48
FUN_00399ec0,0x00399EC0,0x0039A1D0,776
FUN_0039a1d0,0x0039A1D0,0x0039A3DC,516
FUN_0039a3e0,0x0039A3E0,0x0039A3F0,16
FUN_0039a3f0,0x0039A3F0,0x0039A3F8,8
FUN_0039a400,0x0039A400,0x0039A5B0,432
FUN_0039a5b0,0x0039A5B0,0x0039A78C,468
FUN_0039a790,0x0039A790,0x0039A8C8,308
FUN_0039a8d0,0x0039A8D0,0x0039ACF4,1040
FUN_0039ad00,0x0039AD00,0x0039AD0C,12
FUN_0039ad10,0x0039AD10,0x0039AD18,8
FUN_0039ad20,0x0039AD20,0x0039AD50,48
FUN_0039ad50,0x0039AD50,0x0039AD80,48
FUN_0039ad80,0x0039AD80,0x0039AD9C,28
FUN_0039ada0,0x0039ADA0,0x0039AE50,176
FUN_0039ae50,0x0039AE50,0x0039B1C8,884
FUN_0039b1d0,0x0039B1D0,0x0039B34C,380
FUN_0039b350,0x0039B350,0x0039B5B0,600
FUN_0039b5b0,0x0039B5B0,0x0039B61C,108
FUN_0039b620,0x0039B620,0x0039B670,80
FUN_0039b670,0x0039B670,0x0039BB3C,1216
FUN_0039bb40,0x0039BB40,0x0039BBA8,104
FUN_0039bbb0,0x0039BBB0,0x0039BBB8,8
FUN_0039bbc0,0x0039BBC0,0x0039BC90,208
FUN_0039bc90,0x0039BC90,0x0039BD30,160
FUN_0039bd30,0x0039BD30,0x0039BD5C,44
FUN_0039bd60,0x0039BD60,0x0039BDDC,116
FUN_0039bde0,0x0039BDE0,0x0039BE68,132
FUN_0039be70,0x0039BE70,0x0039BF18,168
FUN_0039bf20,0x0039BF20,0x0039BFF4,208
FUN_0039c000,0x0039C000,0x0039C034,52
FUN_0039c040,0x0039C040,0x0039C090,80
FUN_0039c090,0x0039C090,0x0039C184,240
FUN_0039c190,0x0039C190,0x0039C250,188
FUN_0039c250,0x0039C250,0x0039C264,20
FUN_0039c270,0x0039C270,0x0039C2E0,108
FUN_0039c2e0,0x0039C2E0,0x0039C324,68
FUN_0039c330,0x0039C330,0x0039C3C4,144
FUN_0039c3d0,0x0039C3D0,0x0039C3DC,12
FUN_0039c3e0,0x0039C3E0,0x0039C3EC,12
FUN_0039c3f0,0x0039C3F0,0x0039C43C,76
FUN_0039c440,0x0039C440,0x0039C4FC,188
FUN_0039c500,0x0039C500,0x0039C578,120
FUN_0039c580,0x0039C580,0x0039C58C,12
FUN_0039c590,0x0039C590,0x0039C610,128
FUN_0039c610,0x0039C610,0x0039C67C,108
FUN_0039c680,0x0039C680,0x0039C6EC,108
FUN_0039c6f0,0x0039C6F0,0x0039C6F8,8
FUN_0039c700,0x0039C700,0x0039C708,8
FUN_0039c710,0x0039C710,0x0039C7F0,220
FUN_0039c7f0,0x0039C7F0,0x0039CCAC,1200
FUN_0039ccb0,0x0039CCB0,0x0039CD3C,140
FUN_0039cd40,0x0039CD40,0x0039CDB8,120
FUN_0039cdc0,0x0039CDC0,0x0039CDC8,8
FUN_0039cdd0,0x0039CDD0,0x0039CE64,148
FUN_0039ce70,0x0039CE70,0x0039CE7C,12
FUN_0039ce80,0x0039CE80,0x0039D014,400
FUN_0039d020,0x0039D020,0x0039D044,36
FUN_0039d050,0x0039D050,0x0039D480,1072
FUN_0039d480,0x0039D480,0x0039D650,460
FUN_0039d650,0x0039D650,0x0039D8B8,612
FUN_0039d8c0,0x0039D8C0,0x0039D904,68
FUN_0039d910,0x0039D910,0x0039D958,72
FUN_0039d960,0x0039D960,0x0039DC94,800
FUN_0039dca0,0x0039DCA0,0x0039DDB0,272
FUN_0039ddb0,0x0039DDB0,0x0039DDB8,8
FUN_0039ddc0,0x0039DDC0,0x0039DE38,120
FUN_0039de40,0x0039DE40,0x0039DEA0,96
FUN_0039dea0,0x0039DEA0,0x0039DEF0,80
FUN_0039def0,0x0039DEF0,0x0039DFC0,200
FUN_0039dfc0,0x0039DFC0,0x0039DFCC,12
FUN_0039dfd0,0x0039DFD0,0x0039E4F0,1308
FUN_0039e4f0,0x0039E4F0,0x0039E600,268
FUN_0039e600,0x0039E600,0x0039E608,8
FUN_0039e610,0x0039E610,0x0039E618,8
FUN_0039e620,0x0039E620,0x0039E690,112
FUN_0039e690,0x0039E690,0x0039E71C,140
FUN_0039e720,0x0039E720,0x0039E898,364
FUN_0039e8a0,0x0039E8A0,0x0039E9A4,256
FUN_0039e9b0,0x0039E9B0,0x0039EE50,1172
FUN_0039ee50,0x0039EE50,0x0039EF54,256
FUN_0039ef60,0x0039EF60,0x0039EF6C,12
FUN_0039ef70,0x0039EF70,0x0039EF7C,12
FUN_0039ef80,0x0039EF80,0x0039EFD0,80
FUN_0039efd0,0x0039EFD0,0x0039F004,52
FUN_0039f010,0x0039F010,0x0039F0B0,156
FUN_0039f0b0,0x0039F0B0,0x0039F0BC,12
FUN_0039f0c0,0x0039F0C0,0x0039F158,144
FUN_0039f160,0x0039F160,0x0039F1B0,72
FUN_0039f1b0,0x0039F1B0,0x0039F1B8,8
FUN_0039f1c0,0x0039F1C0,0x0039F360,408
FUN_0039f360,0x0039F360,0x0039F440,224
FUN_0039f440,0x0039F440,0x0039F53C,252
FUN_0039f540,0x0039F540,0x0039F680,320
FUN_0039f680,0x0039F680,0x0039F6C0,64
FUN_0039f6c0,0x0039F6C0,0x0039F6C8,8
FUN_0039f6d0,0x0039F6D0,0x0039F6E4,20
FUN_0039f6f0,0x0039F6F0,0x0039F930,564
FUN_0039f930,0x0039F930,0x0039FA40,268
FUN_0039fa40,0x0039FA40,0x0039FB30,240
FUN_0039fb30,0x0039FB30,0x0039FBC8,152
FUN_0039fbd0,0x0039FBD0,0x0039FC58,136
FUN_0039fc60,0x0039FC60,0x0039FD80,276
FUN_0039fd80,0x0039FD80,0x0039FEA8,292
FUN_0039feb0,0x0039FEB0,0x0039FEB8,8
FUN_0039fec0,0x0039FEC0,0x0039FF40,124
FUN_0039ff40,0x0039FF40,0x003A0020,220
FUN_003a0020,0x003A0020,0x003A0100,220
FUN_003a0100,0x003A0100,0x003A0154,80
FUN_003a0160,0x003A0160,0x003A026C,264
FUN_003a0270,0x003A0270,0x003A037C,264
FUN_003a0380,0x003A0380,0x003A038C,12
FUN_003a0390,0x003A0390,0x003A0430,156
FUN_003a0430,0x003A0430,0x003A04B0,124
FUN_003a04b0,0x003A04B0,0x003A04B8,8
FUN_003a04c0,0x003A04C0,0x003A04D0,16
FUN_003a04d0,0x003A04D0,0x003A05A0,208
FUN_003a05a0,0x003A05A0,0x003A07C4,540
FUN_003a07d0,0x003A07D0,0x003A0884,180
FUN_003a0890,0x003A0890,0x003A094C,184
FUN_003a0950,0x003A0950,0x003A0A08,184
FUN_003a0a10,0x003A0A10,0x003A0ED4,1200
FUN_003a0ee0,0x003A0EE0,0x003A105C,344
FUN_003a1060,0x003A1060,0x003A1208,420
FUN_003a1210,0x003A1210,0x003A12D4,192
FUN_003a12e0,0x003A12E0,0x003A1368,136
FUN_003a1370,0x003A1370,0x003A1578,512
FUN_003a1580,0x003A1580,0x003A1648,196
FUN_003a1650,0x003A1650,0x003A1730,220
FUN_003a1730,0x003A1730,0x003A17D4,160
FUN_003a17e0,0x003A17E0,0x003A1880,160
FUN_003a1880,0x003A1880,0x003A1978,244
FUN_003a1980,0x003A1980,0x003A1BC4,576
FUN_003a1bd0,0x003A1BD0,0x003A1C60,144
FUN_003a1c60,0x003A1C60,0x003A1CF0,144
FUN_003a1cf0,0x003A1CF0,0x003A1E08,276
FUN_003a1e10,0x003A1E10,0x003A1E94,132
FUN_003a1ea0,0x003A1EA0,0x003A1F38,152
FUN_003a1f40,0x003A1F40,0x003A1FE4,164
FUN_003a1ff0,0x003A1FF0,0x003A212C,316
FUN_003a2130,0x003A2130,0x003A2264,308
FUN_003a2270,0x003A2270,0x003A22D8,104
FUN_003a22e0,0x003A22E0,0x003A2370,144
FUN_003a2370,0x003A2370,0x003A2404,148
FUN_003a2410,0x003A2410,0x003A2510,256
FUN_003a2510,0x003A2510,0x003A28B8,916
FUN_003a28c0,0x003A28C0,0x003A2AFC,564
FUN_003a2b00,0x003A2B00,0x003A2B7C,124
FUN_003a2b80,0x003A2B80,0x003A2BD8,88
FUN_003a2be0,0x003A2BE0,0x003A2C10,48
FUN_003a2c10,0x003A2C10,0x003A2D24,276
FUN_003a2d30,0x003A2D30,0x003A2D54,36
FUN_003a2d60,0x003A2D60,0x003A2E80,284
FUN_003a2e80,0x003A2E80,0x003A2F40,188
FUN_003a2f40,0x003A2F40,0x003A2F60,32
FUN_003a2f60,0x003A2F60,0x003A30FC,408
FUN_003a3100,0x003A3100,0x003A32E4,476
FUN_003a32f0,0x003A32F0,0x003A3484,396
FUN_003a3490,0x003A3490,0x003A36C0,560
FUN_003a36c0,0x003A36C0,0x003A36FC,60
FUN_003a3700,0x003A3700,0x003A3734,52
FUN_003a3740,0x003A3740,0x003A3884,324
FUN_003a3890,0x003A3890,0x003A3900,112
FUN_003a3900,0x003A3900,0x003A3BC0,700
FUN_003a3bc0,0x003A3BC0,0x003A3BE0,32
FUN_003a3be0,0x003A3BE0,0x003A40D8,1268
FUN_003a40e0,0x003A40E0,0x003A41E8,256
FUN_003a41f0,0x003A41F0,0x003A4394,408
FUN_003a43a0,0x003A43A0,0x003A4458,180
FUN_003a4460,0x003A4460,0x003A44A4,68
FUN_003a44b0,0x003A44B0,0x003A4558,168
FUN_003a4560,0x003A4560,0x003A4D10,1948
FUN_003a4d10,0x003A4D10,0x003A521C,1280
FUN_003a5220,0x003A5220,0x003A5400,480
FUN_003a5400,0x003A5400,0x003A5450,80
FUN_003a5450,0x003A5450,0x003A54F8,168
FUN_003a5500,0x003A5500,0x003A57D8,728
FUN_003a57e0,0x003A57E0,0x003A59B8,464
thunk_FUN_003a2370,0x003A59C0,0x003A59C8,8
FUN_003a59d0,0x003A59D0,0x003A5A70,160
FUN_003a5a70,0x003A5A70,0x003A5AE0,112
FUN_003a5ae0,0x003A5AE0,0x003A5B1C,60
FUN_003a5b20,0x003A5B20,0x003A5C10,240
FUN_003a5c10,0x003A5C10,0x003A5C30,32
FUN_003a5c30,0x003A5C30,0x003A5C6C,56
FUN_003a5c70,0x003A5C70,0x003A5CB0,64
FUN_003a5cb0,0x003A5CB0,0x003A5CB8,8
FUN_003a5cc0,0x003A5CC0,0x003A5DC8,264
FUN_003a5dd0,0x003A5DD0,0x003A5E48,120
FUN_003a5e50,0x003A5E50,0x003A5EC8,120
FUN_003a5ed0,0x003A5ED0,0x003A5F80,176
FUN_003a5f80,0x003A5F80,0x003A5FDC,92
FUN_003a5fe0,0x003A5FE0,0x003A603C,92
FUN_003a6040,0x003A6040,0x003A60A8,104
FUN_003a60b0,0x003A60B0,0x003A6120,112
FUN_003a6120,0x003A6120,0x003A6160,64
FUN_003a6160,0x003A6160,0x003A61D8,120
FUN_003a61e0,0x003A61E0,0x003A62A8,200
FUN_003a62b0,0x003A62B0,0x003A6350,160
FUN_003a6350,0x003A6350,0x003A63C0,112
FUN_003a63c0,0x003A63C0,0x003A63C8,8
FUN_003a63d0,0x003A63D0,0x003A63E8,24
FUN_003a63f0,0x003A63F0,0x003A63F8,8
FUN_003a6400,0x003A6400,0x003A6408,8
FUN_003a6410,0x003A6410,0x003A6438,40
FUN_003a6440,0x003A6440,0x003A6470,48
FUN_003a6470,0x003A6470,0x003A6488,24
FUN_003a6490,0x003A6490,0x003A670C,636
FUN_003a6710,0x003A6710,0x003A6AFC,1004
FUN_003a6b00,0x003A6B00,0x003A6B38,56
FUN_003a6b40,0x003A6B40,0x003A6B54,20
FUN_003a6b60,0x003A6B60,0x003A6BB8,88
FUN_003a6bc0,0x003A6BC0,0x003A6C18,88
FUN_003a6c20,0x003A6C20,0x003A6C28,8
FUN_003a6c30,0x003A6C30,0x003A6C38,8
FUN_003a6c40,0x003A6C40,0x003A6CE8,164
FUN_003a6cf0,0x003A6CF0,0x003A6E5C,360
FUN_003a6e60,0x003A6E60,0x003A6F98,312
FUN_003a6fa0,0x003A6FA0,0x003A7028,132
FUN_003a7030,0x003A7030,0x003A7194,352
FUN_003a71a0,0x003A71A0,0x003A71C0,32
FUN_003a71c0,0x003A71C0,0x003A71C8,8
FUN_003a71d0,0x003A71D0,0x003A71F0,32
FUN_003a71f0,0x003A71F0,0x003A7328,308
FUN_003a7330,0x003A7330,0x003A7344,20
FUN_003a7350,0x003A7350,0x003A7484,308
FUN_003a7490,0x003A7490,0x003A76CC,568
FUN_003a76d0,0x003A76D0,0x003A78D8,520
FUN_003a78e0,0x003A78E0,0x003A7A38,344
FUN_003a7a40,0x003A7A40,0x003A7D94,848
FUN_003a7da0,0x003A7DA0,0x003A7DD0,48
FUN_003a7dd0,0x003A7DD0,0x003A7E28,88
FUN_003a7e30,0x003A7E30,0x003A7EA4,116
FUN_003a7eb0,0x003A7EB0,0x003A7F94,224
FUN_003a7fa0,0x003A7FA0,0x003A802C,136
FUN_003a8030,0x003A8030,0x003A82BC,640
FUN_003a82c0,0x003A82C0,0x003A84DC,532
FUN_003a84e0,0x003A84E0,0x003A88BC,956
FUN_003a88c0,0x003A88C0,0x003A890C,76
FUN_003a8910,0x003A8910,0x003A8BCC,692
FUN_003a8bd0,0x003A8BD0,0x003A8D1C,328
FUN_003a8d20,0x003A8D20,0x003A8F44,544
FUN_003a8f50,0x003A8F50,0x003A90B4,356
FUN_003a90c0,0x003A90C0,0x003A9308,584
FUN_003a9310,0x003A9310,0x003A9318,8
FUN_003a9320,0x003A9320,0x003A933C,28
FUN_003a9340,0x003A9340,0x003A93E8,160
FUN_003a93f0,0x003A93F0,0x003A95A4,436
FUN_003a95b0,0x003A95B0,0x003A9724,368
FUN_003a9730,0x003A9730,0x003A9780,80
FUN_003a9780,0x003A9780,0x003A9930,428
FUN_003a9930,0x003A9930,0x003A998C,92
FUN_003a9990,0x003A9990,0x003A9A28,152
FUN_003a9a30,0x003A9A30,0x003A9A74,68
FUN_003a9a80,0x003A9A80,0x003A9E9C,1048
FUN_003a9ea0,0x003A9EA0,0x003A9FB0,272
FUN_003a9fb0,0x003A9FB0,0x003AA018,104
FUN_003aa020,0x003AA020,0x003AA0A0,128
FUN_003aa0a0,0x003AA0A0,0x003AA1A4,256
FUN_003aa1b0,0x003AA1B0,0x003AA268,184
FUN_003aa270,0x003AA270,0x003AA2E0,112
FUN_003aa2e0,0x003AA2E0,0x003AA320,64
FUN_003aa320,0x003AA320,0x003AA328,8
FUN_003aa330,0x003AA330,0x003AA344,20
FUN_003aa350,0x003AA350,0x003AA808,1208
FUN_003aa810,0x003AA810,0x003AA8FC,228
FUN_003aa900,0x003AA900,0x003AA914,20
FUN_003aa920,0x003AA920,0x003AA930,16
FUN_003aa930,0x003AA930,0x003AA9CC,156
FUN_003aa9d0,0x003AA9D0,0x003AAA88,184
FUN_003aaa90,0x003AAA90,0x003AAC38,416
FUN_003aac40,0x003AAC40,0x003AAD14,208
FUN_003aad20,0x003AAD20,0x003AB5F0,2244
FUN_003ab5f0,0x003AB5F0,0x003AB8B4,704
FUN_003ab8c0,0x003AB8C0,0x003AB964,160
FUN_003ab970,0x003AB970,0x003AB99C,44
FUN_003ab9a0,0x003AB9A0,0x003ABA0C,108
FUN_003aba10,0x003ABA10,0x003ABAD8,196
FUN_003abae0,0x003ABAE0,0x003ABD44,612
FUN_003abd50,0x003ABD50,0x003ABD88,56
FUN_003abd90,0x003ABD90,0x003AC1F8,1120
FUN_003ac200,0x003AC200,0x003AC458,600
FUN_003ac460,0x003AC460,0x003AC6C4,612
FUN_003ac6d0,0x003AC6D0,0x003AC958,648
FUN_003ac960,0x003AC960,0x003AC9D8,120
FUN_003ac9e0,0x003AC9E0,0x003ACA60,128
FUN_003aca60,0x003ACA60,0x003ACAF8,152
FUN_003acb00,0x003ACB00,0x003ACB50,80
FUN_003acb50,0x003ACB50,0x003ACBFC,172
FUN_003acc00,0x003ACC00,0x003ACC10,16
FUN_003acc10,0x003ACC10,0x003AD1EC,1492
FUN_003ad1f0,0x003AD1F0,0x003AD3B0,444
FUN_003ad3b0,0x003AD3B0,0x003AD4C8,280
FUN_003ad4d0,0x003AD4D0,0x003AD4D8,8
FUN_003ad4e0,0x003AD4E0,0x003AD4FC,28
thunk_FUN_0029e6b0,0x003AD500,0x003AD508,8
FUN_003ad510,0x003AD510,0x003AD680,368
FUN_003ad680,0x003AD680,0x003AD75C,220
FUN_003ad760,0x003AD760,0x003AD908,420
FUN_003ad910,0x003AD910,0x003ADAA8,404
FUN_003adab0,0x003ADAB0,0x003ADE90,988
FUN_003ade90,0x003ADE90,0x003AE02C,412
FUN_003ae030,0x003AE030,0x003AE19C,360
FUN_003ae1a0,0x003AE1A0,0x003AE23C,156
FUN_003ae240,0x003AE240,0x003AE3F8,432
FUN_003ae400,0x003AE400,0x003AE4D4,208
FUN_003ae4e0,0x003AE4E0,0x003AE74C,616
FUN_003ae750,0x003AE750,0x003AE7F4,160
FUN_003ae800,0x003AE800,0x003AF040,2112
FUN_003af040,0x003AF040,0x003AFA94,2632
FUN_003afaa0,0x003AFAA0,0x003AFB08,104
FUN_003afb10,0x003AFB10,0x003AFB18,8
FUN_003afb20,0x003AFB20,0x003AFBA0,128
FUN_003afba0,0x003AFBA0,0x003AFBDC,60
FUN_003afbe0,0x003AFBE0,0x003AFD44,348
FUN_003afd50,0x003AFD50,0x003AFE6C,280
FUN_003afe70,0x003AFE70,0x003AFEC4,84
FUN_003afed0,0x003AFED0,0x003AFF24,84
FUN_003aff30,0x003AFF30,0x003B04C0,1400
FUN_003b04c0,0x003B04C0,0x003B05E0,276
FUN_003b05e0,0x003B05E0,0x003B0660,128
FUN_003b0660,0x003B0660,0x003B0700,156
FUN_003b0700,0x003B0700,0x003B0760,96
FUN_003b0760,0x003B0760,0x003B07AC,76
FUN_003b07b0,0x003B07B0,0x003B09D4,548
FUN_003b09e0,0x003B09E0,0x003B0A70,144
FUN_003b0a70,0x003B0A70,0x003B0B10,160
FUN_003b0b10,0x003B0B10,0x003B0B88,120
FUN_003b0b90,0x003B0B90,0x003B0BF8,104
FUN_003b0c00,0x003B0C00,0x003B0CB8,180
FUN_003b0cc0,0x003B0CC0,0x003B0CD8,24
FUN_003b0ce0,0x003B0CE0,0x003B0D48,104
FUN_003b0d50,0x003B0D50,0x003B0D70,32
FUN_003b0d70,0x003B0D70,0x003B0E28,184
FUN_003b0e30,0x003B0E30,0x003B0E48,24
FUN_003b0e50,0x003B0E50,0x003B0E70,32
FUN_003b0e70,0x003B0E70,0x003B0FA0,300
FUN_003b0fa0,0x003B0FA0,0x003B10B8,280
FUN_003b10c0,0x003B10C0,0x003B1154,148
FUN_003b1160,0x003B1160,0x003B1178,24
FUN_003b1180,0x003B1180,0x003B11E4,100
FUN_003b11f0,0x003B11F0,0x003B11F8,8
FUN_003b1200,0x003B1200,0x003B13A4,420
FUN_003b13b0,0x003B13B0,0x003B1494,220
FUN_003b14a0,0x003B14A0,0x003B1754,688
FUN_003b1760,0x003B1760,0x003B17CC,108
FUN_003b17d0,0x003B17D0,0x003B17F4,36
FUN_003b1800,0x003B1800,0x003B18C8,200
FUN_003b18d0,0x003B18D0,0x003B1990,192
FUN_003b1990,0x003B1990,0x003B1A68,216
FUN_003b1a70,0x003B1A70,0x003B1BF0,384
FUN_003b1bf0,0x003B1BF0,0x003B1DC8,472
FUN_003b1dd0,0x003B1DD0,0x003B2444,1632
FUN_003b2450,0x003B2450,0x003B24B8,104
FUN_003b24c0,0x003B24C0,0x003B28D0,1032
FUN_003b28d0,0x003B28D0,0x003B2C80,924
FUN_003b2c80,0x003B2C80,0x003B2CA4,36
FUN_003b2cb0,0x003B2CB0,0x003B2E98,484
FUN_003b2ea0,0x003B2EA0,0x003B2FE4,324
FUN_003b2ff0,0x003B2FF0,0x003B36F0,1776
FUN_003b36f0,0x003B36F0,0x003B37A0,176
FUN_003b37a0,0x003B37A0,0x003B3800,96
FUN_003b3800,0x003B3800,0x003B394C,328
FUN_003b3950,0x003B3950,0x003B3AB0,352
FUN_003b3ab0,0x003B3AB0,0x003B41C4,1800
FUN_003b41d0,0x003B41D0,0x003B4574,928
FUN_003b4580,0x003B4580,0x003B5244,3252
FUN_003b5250,0x003B5250,0x003B5258,8
FUN_003b5260,0x003B5260,0x003B5270,16
FUN_003b5270,0x003B5270,0x003B5294,36
FUN_003b52a0,0x003B52A0,0x003B52A8,8
FUN_003b52b0,0x003B52B0,0x003B52C0,16
FUN_003b52c0,0x003B52C0,0x003B5338,120
FUN_003b5340,0x003B5340,0x003B536C,44
FUN_003b5370,0x003B5370,0x003B54D4,356
FUN_003b54e0,0x003B54E0,0x003B5724,568
FUN_003b5730,0x003B5730,0x003B58B0,384
FUN_003b58b0,0x003B58B0,0x003B59A0,240
FUN_003b59a0,0x003B59A0,0x003B5A08,104
FUN_003b5a10,0x003B5A10,0x003B5A30,32
FUN_003b5a30,0x003B5A30,0x003B5B88,340
FUN_003b5b90,0x003B5B90,0x003B5F18,892
FUN_003b5f20,0x003B5F20,0x003B653C,1556
FUN_003b6540,0x003B6540,0x003B6680,320
FUN_003b6680,0x003B6680,0x003B6818,396
FUN_003b6820,0x003B6820,0x003B686C,76
FUN_003b6870,0x003B6870,0x003B6B18,672
FUN_003b6b20,0x003B6B20,0x003B6D04,484
FUN_003b6d10,0x003B6D10,0x003B6E04,240
FUN_003b6e10,0x003B6E10,0x003B6FA0,396
FUN_003b6fa0,0x003B6FA0,0x003B7080,224
FUN_003b7080,0x003B7080,0x003B7124,164
FUN_003b7130,0x003B7130,0x003B714C,28
FUN_003b7150,0x003B7150,0x003B7168,24
FUN_003b7170,0x003B7170,0x003B7584,1036
FUN_003b7590,0x003B7590,0x003B7614,132
FUN_003b7620,0x003B7620,0x003B76A4,132
FUN_003b76b0,0x003B76B0,0x003B78C4,532
FUN_003b78d0,0x003B78D0,0x003B7B84,692
FUN_003b7b90,0x003B7B90,0x003B7C90,252
FUN_003b7c90,0x003B7C90,0x003B7CF0,96
FUN_003b7cf0,0x003B7CF0,0x003B7D50,96
FUN_003b7d50,0x003B7D50,0x003B7DB0,96
FUN_003b7db0,0x003B7DB0,0x003B7E28,120
FUN_003b7e30,0x003B7E30,0x003B7EE0,176
FUN_003b7ee0,0x003B7EE0,0x003B7F3C,92
FUN_003b7f40,0x003B7F40,0x003B7F9C,92
FUN_003b7fa0,0x003B7FA0,0x003B7FC8,40
FUN_003b7fd0,0x003B7FD0,0x003B8000,48
FUN_003b8000,0x003B8000,0x003B83A4,932
FUN_003b83b0,0x003B83B0,0x003B83C4,20
FUN_003b83d0,0x003B83D0,0x003B8428,88
FUN_003b8430,0x003B8430,0x003B8438,8
FUN_003b8440,0x003B8440,0x003B84F0,176
FUN_003b84f0,0x003B84F0,0x003B8548,88
FUN_003b8550,0x003B8550,0x003B8674,284
FUN_003b8680,0x003B8680,0x003B8C20,1432
FUN_003b8c20,0x003B8C20,0x003B8C6C,76
FUN_003b8c70,0x003B8C70,0x003B8CD0,96
FUN_003b8cd0,0x003B8CD0,0x003B8D2C,92
FUN_003b8d30,0x003B8D30,0x003B8DD8,168
FUN_003b8de0,0x003B8DE0,0x003B8F30,332
thunk_FUN_003c3570,0x003B8F30,0x003B8F38,8
FUN_003b8f40,0x003B8F40,0x003B9148,512
FUN_003b9150,0x003B9150,0x003B9158,8
FUN_003b9160,0x003B9160,0x003B9168,8
FUN_003b9170,0x003B9170,0x003B9180,16
FUN_003b9180,0x003B9180,0x003B930C,396
FUN_003b9310,0x003B9310,0x003B9338,40
FUN_003b9340,0x003B9340,0x003B9394,84
FUN_003b93a0,0x003B93A0,0x003B9474,212
FUN_003b9480,0x003B9480,0x003B949C,28
FUN_003b94a0,0x003B94A0,0x003B94E4,68
FUN_003b94f0,0x003B94F0,0x003B9590,160
FUN_003b9590,0x003B9590,0x003B96C0,304
FUN_003b96c0,0x003B96C0,0x003B9758,152
FUN_003b9760,0x003B9760,0x003B9814,180
FUN_003b9820,0x003B9820,0x003B984C,44
FUN_003b9850,0x003B9850,0x003B9BC8,884
FUN_003b9bd0,0x003B9BD0,0x003BA0CC,1264
FUN_003ba0d0,0x003BA0D0,0x003BA278,424
FUN_003ba280,0x003BA280,0x003BA2E8,104
FUN_003ba2f0,0x003BA2F0,0x003BA2F8,8
FUN_003ba300,0x003BA300,0x003BA3E4,228
FUN_003ba3f0,0x003BA3F0,0x003BA4D4,220
FUN_003ba4e0,0x003BA4E0,0x003BA594,176
FUN_003ba5a0,0x003BA5A0,0x003BA5BC,28
FUN_003ba5c0,0x003BA5C0,0x003BA694,208
FUN_003ba6a0,0x003BA6A0,0x003BA794,240
FUN_003ba7a0,0x003BA7A0,0x003BA914,368
FUN_003ba920,0x003BA920,0x003BA994,112
FUN_003ba9a0,0x003BA9A0,0x003BAA6C,200
FUN_003baa70,0x003BAA70,0x003BAAE8,120
FUN_003baaf0,0x003BAAF0,0x003BAB90,156
FUN_003bab90,0x003BAB90,0x003BAD9C,516
FUN_003bada0,0x003BADA0,0x003BAE38,152
FUN_003bae40,0x003BAE40,0x003BAED8,152
FUN_003baee0,0x003BAEE0,0x003BAF6C,140
FUN_003baf70,0x003BAF70,0x003BAFFC,140
FUN_003bb000,0x003BB000,0x003BB044,68
FUN_003bb050,0x003BB050,0x003BB110,188
FUN_003bb110,0x003BB110,0x003BB178,104
FUN_003bb180,0x003BB180,0x003BB19C,28
FUN_003bb1a0,0x003BB1A0,0x003BB230,144
FUN_003bb230,0x003BB230,0x003BB298,104
FUN_003bb2a0,0x003BB2A0,0x003BB2BC,28
FUN_003bb2c0,0x003BB2C0,0x003BB470,432
FUN_003bb470,0x003BB470,0x003BB4D8,104
FUN_003bb4e0,0x003BB4E0,0x003BB4FC,28
FUN_003bb500,0x003BB500,0x003BB614,272
FUN_003bb620,0x003BB620,0x003BB688,104
FUN_003bb690,0x003BB690,0x003BB6AC,28
FUN_003bb6b0,0x003BB6B0,0x003BB748,152
FUN_003bb750,0x003BB750,0x003BB7B8,104
FUN_003bb7c0,0x003BB7C0,0x003BB7DC,28
FUN_003bb7e0,0x003BB7E0,0x003BBF3C,1872
FUN_003bbf40,0x003BBF40,0x003BBFDC,156
FUN_003bbfe0,0x003BBFE0,0x003BC5AC,1472
FUN_003bc5b0,0x003BC5B0,0x003BC674,196
FUN_003bc680,0x003BC680,0x003BCAE0,1108
FUN_003bcae0,0x003BCAE0,0x003BCC9C,444
FUN_003bcca0,0x003BCCA0,0x003BCD08,104
FUN_003bcd10,0x003BCD10,0x003BCD78,104
FUN_003bcd80,0x003BCD80,0x003BCDE8,104
FUN_003bcdf0,0x003BCDF0,0x003BCE58,104
FUN_003bce60,0x003BCE60,0x003BCEC8,104
FUN_003bced0,0x003BCED0,0x003BD3B0,1248
FUN_003bd3b0,0x003BD3B0,0x003BD6C0,784
FUN_003bd6c0,0x003BD6C0,0x003BD840,380
FUN_003bd840,0x003BD840,0x003BD848,8
FUN_003bd850,0x003BD850,0x003BD858,8
FUN_003bd860,0x003BD860,0x003BD868,8
FUN_003bd870,0x003BD870,0x003BD914,164
FUN_003bd920,0x003BD920,0x003BD99C,124
FUN_003bd9a0,0x003BD9A0,0x003BD9D8,56
FUN_003bd9e0,0x003BD9E0,0x003BE5E8,3064
FUN_003be5f0,0x003BE5F0,0x003BE7A8,440
FUN_003be7b0,0x003BE7B0,0x003BE7FC,76
FUN_003be800,0x003BE800,0x003BE8BC,188
FUN_003be8c0,0x003BE8C0,0x003BE8E4,36
FUN_003be8f0,0x003BE8F0,0x003BE930,64
FUN_003be930,0x003BE930,0x003BE9B0,128
FUN_003be9b0,0x003BE9B0,0x003BEA1C,108
FUN_003bea20,0x003BEA20,0x003BEA5C,60
FUN_003bea60,0x003BEA60,0x003BEAF8,152
FUN_003beb00,0x003BEB00,0x003BEBB0,176
FUN_003bebb0,0x003BEBB0,0x003BEBCC,28
FUN_003bebd0,0x003BEBD0,0x003BEC40,112
FUN_003bec40,0x003BEC40,0x003BEC90,80
FUN_003bec90,0x003BEC90,0x003BEC98,8
FUN_003beca0,0x003BECA0,0x003BEFD4,816
FUN_003befe0,0x003BEFE0,0x003BF004,36
FUN_003bf010,0x003BF010,0x003BF050,64
FUN_003bf050,0x003BF050,0x003BF10C,188
FUN_003bf110,0x003BF110,0x003BF19C,140
FUN_003bf1a0,0x003BF1A0,0x003BF220,128
FUN_003bf220,0x003BF220,0x003BF28C,108
FUN_003bf290,0x003BF290,0x003BF3D0,312
FUN_003bf3d0,0x003BF3D0,0x003BF434,96
FUN_003bf440,0x003BF440,0x003BF4BC,124
FUN_003bf4c0,0x003BF4C0,0x003BF54C,140
FUN_003bf550,0x003BF550,0x003BF68C,316
FUN_003bf690,0x003BF690,0x003BF6D4,68
FUN_003bf6e0,0x003BF6E0,0x003BF6F0,16
FUN_003bf6f0,0x003BF6F0,0x003BF754,96
FUN_003bf760,0x003BF760,0x003BF7DC,124
FUN_003bf7e0,0x003BF7E0,0x003BF86C,140
FUN_003bf870,0x003BF870,0x003BF9B0,320
FUN_003bf9b0,0x003BF9B0,0x003BF9F4,68
FUN_003bfa00,0x003BFA00,0x003BFB34,308
FUN_003bfb40,0x003BFB40,0x003BFB60,32
FUN_003bfb60,0x003BFB60,0x003BFED8,888
FUN_003bfee0,0x003BFEE0,0x003C011C,568
FUN_003c0120,0x003C0120,0x003C01F4,212
FUN_003c0200,0x003C0200,0x003C0278,116
FUN_003c0280,0x003C0280,0x003C033C,188
FUN_003c0340,0x003C0340,0x003C0460,288
FUN_003c0460,0x003C0460,0x003C0614,428
FUN_003c0620,0x003C0620,0x003C0654,52
FUN_003c0660,0x003C0660,0x003C073C,220
FUN_003c0740,0x003C0740,0x003C0794,84
FUN_003c07a0,0x003C07A0,0x003C0830,144
FUN_003c0830,0x003C0830,0x003C08DC,172
FUN_003c08e0,0x003C08E0,0x003C09B8,216
FUN_003c09c0,0x003C09C0,0x003C0AB4,244
FUN_003c0ac0,0x003C0AC0,0x003C0B8C,204
FUN_003c0b90,0x003C0B90,0x003C0C14,132
FUN_003c0c20,0x003C0C20,0x003C0C90,112
FUN_003c0c90,0x003C0C90,0x003C0CF0,96
FUN_003c0cf0,0x003C0CF0,0x003C0F64,620
FUN_003c0f70,0x003C0F70,0x003C1138,448
FUN_003c1140,0x003C1140,0x003C15F8,1188
FUN_003c1600,0x003C1600,0x003C1820,540
FUN_003c1820,0x003C1820,0x003C19CC,420
FUN_003c19d0,0x003C19D0,0x003C1A38,104
FUN_003c1a40,0x003C1A40,0x003C1BDC,408
FUN_003c1be0,0x003C1BE0,0x003C1C78,152
FUN_003c1c80,0x003C1C80,0x003C1E14,404
FUN_003c1e20,0x003C1E20,0x003C1F5C,316
FUN_003c1f60,0x003C1F60,0x003C209C,316
FUN_003c20a0,0x003C20A0,0x003C2118,120
FUN_003c2120,0x003C2120,0x003C2250,300
FUN_003c2250,0x003C2250,0x003C240C,440
FUN_003c2410,0x003C2410,0x003C26E0,716
FUN_003c26e0,0x003C26E0,0x003C2948,612
FUN_003c2950,0x003C2950,0x003C2A08,180
FUN_003c2a10,0x003C2A10,0x003C2B08,248
FUN_003c2b10,0x003C2B10,0x003C2C7C,360
FUN_003c2c80,0x003C2C80,0x003C2CAC,44
FUN_003c2cb0,0x003C2CB0,0x003C2FE0,816
FUN_003c2fe0,0x003C2FE0,0x003C3114,308
FUN_003c3120,0x003C3120,0x003C3244,292
FUN_003c3250,0x003C3250,0x003C3384,308
FUN_003c3390,0x003C3390,0x003C3414,132
FUN_003c3420,0x003C3420,0x003C34B0,144
FUN_003c34b0,0x003C34B0,0x003C3570,192
FUN_003c3570,0x003C3570,0x003C36B0,316
FUN_003c36b0,0x003C36B0,0x003C36C0,16
FUN_003c36c0,0x003C36C0,0x003C36C8,8
FUN_003c36d0,0x003C36D0,0x003C38BC,484
FUN_003c38c0,0x003C38C0,0x003C3C30,868
FUN_003c3c30,0x003C3C30,0x003C3CD4,164
FUN_003c3ce0,0x003C3CE0,0x003C3D88,168
FUN_003c3d90,0x003C3D90,0x003C3E8C,252
FUN_003c3e90,0x003C3E90,0x003C4120,656
FUN_003c4120,0x003C4120,0x003C4134,20
FUN_003c4140,0x003C4140,0x003C4184,68
FUN_003c4190,0x003C4190,0x003C42D0,320
FUN_003c42d0,0x003C42D0,0x003C4384,180
FUN_003c4390,0x003C4390,0x003C45A8,536
FUN_003c45b0,0x003C45B0,0x003C4698,232
FUN_003c46a0,0x003C46A0,0x003C46F4,84
FUN_003c4700,0x003C4700,0x003C4AAC,940
FUN_003c4ab0,0x003C4AB0,0x003C4AF8,68
FUN_003c4b00,0x003C4B00,0x003C4B40,64
FUN_003c4b40,0x003C4B40,0x003C4B88,72
FUN_003c4b90,0x003C4B90,0x003C4C04,116
FUN_003c4c10,0x003C4C10,0x003C4C40,48
FUN_003c4c40,0x003C4C40,0x003C4CE4,160
FUN_003c4cf0,0x003C4CF0,0x003C4D34,68
FUN_003c4d40,0x003C4D40,0x003C4E4C,268
FUN_003c4e50,0x003C4E50,0x003C4E78,40
FUN_003c4e80,0x003C4E80,0x003C4EB0,48
FUN_003c4eb0,0x003C4EB0,0x003C4F28,116
FUN_003c4f30,0x003C4F30,0x003C4F70,64
FUN_003c4f70,0x003C4F70,0x003C501C,168
FUN_003c5020,0x003C5020,0x003C5064,68
FUN_003c5070,0x003C5070,0x003C516C,252
FUN_003c5170,0x003C5170,0x003C5198,40
FUN_003c51a0,0x003C51A0,0x003C51A8,8
FUN_003c51b0,0x003C51B0,0x003C51B8,8
FUN_003c51c0,0x003C51C0,0x003C51C8,8
FUN_003c51d0,0x003C51D0,0x003C51F4,36
FUN_003c5200,0x003C5200,0x003C5208,8
FUN_003c5210,0x003C5210,0x003C530C,248
FUN_003c5310,0x003C5310,0x003C5724,1036
FUN_003c5730,0x003C5730,0x003C573C,12
FUN_003c5740,0x003C5740,0x003C5830,240
FUN_003c5830,0x003C5830,0x003C588C,92
FUN_003c5890,0x003C5890,0x003C5928,152
FUN_003c5930,0x003C5930,0x003C5950,32
FUN_003c5950,0x003C5950,0x003C5960,16
FUN_003c5960,0x003C5960,0x003C5968,8
FUN_003c5970,0x003C5970,0x003C5978,8
FUN_003c5980,0x003C5980,0x003C59B8,56
FUN_003c59c0,0x003C59C0,0x003C5A4C,140
FUN_003c5a50,0x003C5A50,0x003C5A80,48
FUN_003c5a80,0x003C5A80,0x003C5A88,8
FUN_003c5a90,0x003C5A90,0x003C5A98,8
FUN_003c5aa0,0x003C5AA0,0x003C5AA8,8
FUN_003c5ab0,0x003C5AB0,0x003C5AB8,8
FUN_003c5ac0,0x003C5AC0,0x003C5B18,88
FUN_003c5b20,0x003C5B20,0x003C5C20,252
FUN_003c5c20,0x003C5C20,0x003C5C70,76
FUN_003c5c70,0x003C5C70,0x003C5C98,40
FUN_003c5ca0,0x003C5CA0,0x003C5CC8,40
FUN_003c5cd0,0x003C5CD0,0x003C5D18,72
FUN_003c5d20,0x003C5D20,0x003C5D80,96
FUN_003c5d80,0x003C5D80,0x003C5E04,132
FUN_003c5e10,0x003C5E10,0x003C5E40,48
FUN_003c5e40,0x003C5E40,0x003C5E70,48
FUN_003c5e70,0x003C5E70,0x003C5EA8,56
FUN_003c5eb0,0x003C5EB0,0x003C5EB8,8
FUN_003c5ec0,0x003C5EC0,0x003C5EC8,8
FUN_003c5ed0,0x003C5ED0,0x003C5ED8,8
FUN_003c5ee0,0x003C5EE0,0x003C5F00,32
FUN_003c5f00,0x003C5F00,0x003C5F20,32
FUN_003c5f20,0x003C5F20,0x003C5F28,8
FUN_003c5f30,0x003C5F30,0x003C5F38,8
FUN_003c5f40,0x003C5F40,0x003C5F60,32
FUN_003c5f60,0x003C5F60,0x003C5F68,8
FUN_003c5f70,0x003C5F70,0x003C5F78,8
FUN_003c5f80,0x003C5F80,0x003C5F88,8
FUN_003c5f90,0x003C5F90,0x003C5F98,8
FUN_003c5fa0,0x003C5FA0,0x003C5FA8,8
FUN_003c5fb0,0x003C5FB0,0x003C5FB8,8
FUN_003c5fc0,0x003C5FC0,0x003C5FC8,8
FUN_003c5fd0,0x003C5FD0,0x003C5FD8,8
FUN_003c5fe0,0x003C5FE0,0x003C5FE8,8
FUN_003c5ff0,0x003C5FF0,0x003C5FF8,8
FUN_003c6000,0x003C6000,0x003C6008,8
FUN_003c6010,0x003C6010,0x003C6018,8
FUN_003c6020,0x003C6020,0x003C6028,8
FUN_003c6030,0x003C6030,0x003C6038,8
FUN_003c6040,0x003C6040,0x003C6048,8
FUN_003c6050,0x003C6050,0x003C6058,8
FUN_003c6060,0x003C6060,0x003C6068,8
FUN_003c6070,0x003C6070,0x003C6078,8
FUN_003c6080,0x003C6080,0x003C6088,8
FUN_003c6090,0x003C6090,0x003C6098,8
FUN_003c60a0,0x003C60A0,0x003C60A8,8
FUN_003c60b0,0x003C60B0,0x003C60B8,8
FUN_003c60c0,0x003C60C0,0x003C60C8,8
FUN_003c60d0,0x003C60D0,0x003C60D8,8
FUN_003c60e0,0x003C60E0,0x003C60E8,8
FUN_003c60f0,0x003C60F0,0x003C60F8,8
FUN_003c6100,0x003C6100,0x003C6108,8
FUN_003c6110,0x003C6110,0x003C6118,8
FUN_003c6120,0x003C6120,0x003C613C,28
FUN_003c6140,0x003C6140,0x003C6148,8
FUN_003c6150,0x003C6150,0x003C6158,8
FUN_003c6160,0x003C6160,0x003C6168,8
FUN_003c6170,0x003C6170,0x003C6178,8
FUN_003c6180,0x003C6180,0x003C6188,8
FUN_003c6190,0x003C6190,0x003C6198,8
FUN_003c61a0,0x003C61A0,0x003C61A8,8
FUN_003c61b0,0x003C61B0,0x003C61B8,8
FUN_003c61c0,0x003C61C0,0x003C6210,80
FUN_003c6210,0x003C6210,0x003C6260,80
FUN_003c6260,0x003C6260,0x003C62B0,80
FUN_003c62b0,0x003C62B0,0x003C6300,80
FUN_003c6300,0x003C6300,0x003C6308,8
FUN_003c6310,0x003C6310,0x003C6318,8
FUN_003c6320,0x003C6320,0x003C63C4,164
FUN_003c63d0,0x003C63D0,0x003C645C,140
FUN_003c6460,0x003C6460,0x003C6510,176
FUN_003c6510,0x003C6510,0x003C6554,68
FUN_003c6560,0x003C6560,0x003C6610,168
FUN_003c6610,0x003C6610,0x003C66CC,184
FUN_003c66d0,0x003C66D0,0x003C67E0,272
FUN_003c67e0,0x003C67E0,0x003C6860,128
FUN_003c6860,0x003C6860,0x003C6878,24
FUN_003c6880,0x003C6880,0x003C6900,128
FUN_003c6900,0x003C6900,0x003C690C,12
FUN_003c6910,0x003C6910,0x003C691C,12
FUN_003c6920,0x003C6920,0x003C6980,96
FUN_003c6980,0x003C6980,0x003C698C,12
FUN_003c6990,0x003C6990,0x003C69B8,40
FUN_003c69c0,0x003C69C0,0x003C6AC0,256
FUN_003c6ac0,0x003C6AC0,0x003C6AE0,32
FUN_003c6ae0,0x003C6AE0,0x003C6BCC,232
FUN_003c6bd0,0x003C6BD0,0x003C6C2C,92
FUN_003c6c30,0x003C6C30,0x003C6CBC,140
FUN_003c6cc0,0x003C6CC0,0x003C6EC8,520
FUN_003c6ed0,0x003C6ED0,0x003C6F00,48
FUN_003c6f00,0x003C6F00,0x003C6F58,88
FUN_003c6f60,0x003C6F60,0x003C7054,240
FUN_003c7060,0x003C7060,0x003C70D8,120
FUN_003c70e0,0x003C70E0,0x003C7170,140
FUN_003c7170,0x003C7170,0x003C71CC,92
FUN_003c71d0,0x003C71D0,0x003C7280,176
FUN_003c7280,0x003C7280,0x003C73FC,380
FUN_003c7400,0x003C7400,0x003C7490,144
FUN_003c7490,0x003C7490,0x003C7600,368
FUN_003c7600,0x003C7600,0x003C7AD0,1224
FUN_003c7ad0,0x003C7AD0,0x003C7AD8,8
FUN_003c7ae0,0x003C7AE0,0x003C7AE8,8
FUN_003c7af0,0x003C7AF0,0x003C7D48,596
FUN_003c7d50,0x003C7D50,0x003C7DC8,120
FUN_003c7dd0,0x003C7DD0,0x003C7EE0,268
FUN_003c7ee0,0x003C7EE0,0x003C80DC,496
FUN_003c80e0,0x003C80E0,0x003C82E4,508
FUN_003c82f0,0x003C82F0,0x003C8310,32
FUN_003c8310,0x003C8310,0x003C8324,20
FUN_003c8330,0x003C8330,0x003C8738,1032
FUN_003c8740,0x003C8740,0x003C874C,12
FUN_003c8750,0x003C8750,0x003C891C,456
FUN_003c8920,0x003C8920,0x003C8F50,1564
FUN_003c8f50,0x003C8F50,0x003C9530,1496
FUN_003c9530,0x003C9530,0x003C999C,1120
FUN_003c99a0,0x003C99A0,0x003C9B70,460
FUN_003c9b70,0x003C9B70,0x003C9FB0,1072
FUN_003c9fb0,0x003C9FB0,0x003CA594,1484
FUN_003ca5a0,0x003CA5A0,0x003CABDC,1588
FUN_003cabe0,0x003CABE0,0x003CAEE0,760
FUN_003caee0,0x003CAEE0,0x003CAF60,124
FUN_003caf60,0x003CAF60,0x003CB194,564
FUN_003cb1a0,0x003CB1A0,0x003CB5F4,1100
FUN_003cb600,0x003CB600,0x003CB7E0,480
FUN_003cb7e0,0x003CB7E0,0x003CB8A0,192
FUN_003cb8a0,0x003CB8A0,0x003CB8F0,80
FUN_003cb8f0,0x003CB8F0,0x003CBB30,568
FUN_003cbb30,0x003CBB30,0x003CBC5C,300
FUN_003cbc60,0x003CBC60,0x003CBDE8,388
FUN_003cbdf0,0x003CBDF0,0x003CBF78,388
FUN_003cbf80,0x003CBF80,0x003CBFB8,56
FUN_003cbfc0,0x003CBFC0,0x003CC0A8,228
FUN_003cc0b0,0x003CC0B0,0x003CC0E8,56
FUN_003cc0f0,0x003CC0F0,0x003CC1E8,248
FUN_003cc1f0,0x003CC1F0,0x003CC2C4,212
FUN_003cc2d0,0x003CC2D0,0x003CC3B4,228
FUN_003cc3c0,0x003CC3C0,0x003CC4F4,308
FUN_003cc500,0x003CC500,0x003CC67C,376
FUN_003cc680,0x003CC680,0x003CC770,228
FUN_003cc770,0x003CC770,0x003CC988,536
FUN_003cc990,0x003CC990,0x003CCA90,256
FUN_003cca90,0x003CCA90,0x003CCBB4,284
FUN_003ccbc0,0x003CCBC0,0x003CCC8C,204
FUN_003ccc90,0x003CCC90,0x003CCD88,248
FUN_003ccd90,0x003CCD90,0x003CCEA8,280
FUN_003cceb0,0x003CCEB0,0x003CD150,672
FUN_003cd150,0x003CD150,0x003CD39C,588
FUN_003cd3a0,0x003CD3A0,0x003CD410,112
FUN_003cd410,0x003CD410,0x003CD450,64
FUN_003cd450,0x003CD450,0x003CD458,8
FUN_003cd460,0x003CD460,0x003CD474,20
FUN_003cd480,0x003CD480,0x003CD6AC,556
FUN_003cd6b0,0x003CD6B0,0x003CD738,136
FUN_003cd740,0x003CD740,0x003CD810,208
FUN_003cd810,0x003CD810,0x003CDA30,544
FUN_003cda30,0x003CDA30,0x003CEDAC,4976
FUN_003cedb0,0x003CEDB0,0x003CF18C,988
FUN_003cf190,0x003CF190,0x003CF1D4,68
FUN_003cf1e0,0x003CF1E0,0x003CF1E8,8
FUN_003cf1f0,0x003CF1F0,0x003CFAFC,2052
FUN_003cfb00,0x003CFB00,0x003CFB08,8
FUN_003cfb10,0x003CFB10,0x003CFB18,8
FUN_003cfb20,0x003CFB20,0x003CFC38,280
FUN_003cfc40,0x003CFC40,0x003CFCE8,164
FUN_003cfcf0,0x003CFCF0,0x003CFD68,116
FUN_003cfd70,0x003CFD70,0x003CFE38,192
FUN_003cfe40,0x003CFE40,0x003CFEE8,168
FUN_003cfef0,0x003CFEF0,0x003CFF78,136
FUN_003cff80,0x003CFF80,0x003CFFB0,48
FUN_003cffb0,0x003CFFB0,0x003CFFC0,16
FUN_003cffc0,0x003CFFC0,0x003CFFCC,12
FUN_003cffd0,0x003CFFD0,0x003D0020,80
FUN_003d0020,0x003D0020,0x003D002C,12
FUN_003d0030,0x003D0030,0x003D0060,48
FUN_003d0060,0x003D0060,0x003D0090,48
FUN_003d0090,0x003D0090,0x003D009C,12
FUN_003d00a0,0x003D00A0,0x003D00D0,48
FUN_003d00d0,0x003D00D0,0x003D00F8,40
FUN_003d0100,0x003D0100,0x003D0120,32
FUN_003d0120,0x003D0120,0x003D0134,20
FUN_003d0140,0x003D0140,0x003D01B4,116
FUN_003d01c0,0x003D01C0,0x003D01D4,20
FUN_003d01e0,0x003D01E0,0x003D0288,160
FUN_003d0290,0x003D0290,0x003D034C,188
FUN_003d0350,0x003D0350,0x003D03B4,100
FUN_003d03c0,0x003D03C0,0x003D03CC,12
FUN_003d03d0,0x003D03D0,0x003D0414,68
FUN_003d0420,0x003D0420,0x003D046C,76
FUN_003d0470,0x003D0470,0x003D0630,440
FUN_003d0630,0x003D0630,0x003D0868,568
FUN_003d0870,0x003D0870,0x003D0928,184
FUN_003d0930,0x003D0930,0x003D09D0,160
FUN_003d09d0,0x003D09D0,0x003D0AC0,236
FUN_003d0ac0,0x003D0AC0,0x003D0B30,112
FUN_003d0b30,0x003D0B30,0x003D0B70,64
FUN_003d0b70,0x003D0B70,0x003D0B78,8
FUN_003d0b80,0x003D0B80,0x003D0B94,20
FUN_003d0ba0,0x003D0BA0,0x003D0FC4,1052
FUN_003d0fd0,0x003D0FD0,0x003D1010,64
FUN_003d1010,0x003D1010,0x003D1058,72
FUN_003d1060,0x003D1060,0x003D11F0,400
FUN_003d11f0,0x003D11F0,0x003D13A0,432
FUN_003d13a0,0x003D13A0,0x003D15C0,544
FUN_003d15c0,0x003D15C0,0x003D16A8,232
FUN_003d16b0,0x003D16B0,0x003D17D0,284
FUN_003d17d0,0x003D17D0,0x003D19A0,400
FUN_003d19a0,0x003D19A0,0x003D19DC,60
FUN_003d19e0,0x003D19E0,0x003D1A58,116
FUN_003d1a60,0x003D1A60,0x003D1C70,468
FUN_003d1c70,0x003D1C70,0x003D1C8C,28
FUN_003d1c90,0x003D1C90,0x003D1CAC,28
FUN_003d1cb0,0x003D1CB0,0x003D1CD8,40
FUN_003d1ce0,0x003D1CE0,0x003D1D08,40
FUN_003d1d10,0x003D1D10,0x003D1D84,116
FUN_003d1d90,0x003D1D90,0x003D1DA0,16
FUN_003d1da0,0x003D1DA0,0x003D1DB0,16
FUN_003d1db0,0x003D1DB0,0x003D1E08,88
FUN_003d1e10,0x003D1E10,0x003D1E18,8
FUN_003d1e20,0x003D1E20,0x003D1E94,116
FUN_003d1ea0,0x003D1EA0,0x003D1EFC,88
FUN_003d1f00,0x003D1F00,0x003D1F44,64
FUN_003d1f50,0x003D1F50,0x003D1F8C,60
FUN_003d1f90,0x003D1F90,0x003D1FFC,108
FUN_003d2000,0x003D2000,0x003D2008,8
FUN_003d2010,0x003D2010,0x003D2018,8
FUN_003d2020,0x003D2020,0x003D2028,8
FUN_003d2030,0x003D2030,0x003D2038,8
FUN_003d2040,0x003D2040,0x003D2048,8
FUN_003d2050,0x003D2050,0x003D2058,8
FUN_003d2060,0x003D2060,0x003D2068,8
FUN_003d2070,0x003D2070,0x003D20D4,100
FUN_003d20e0,0x003D20E0,0x003D2144,100
FUN_003d2150,0x003D2150,0x003D21B0,96
FUN_003d21b0,0x003D21B0,0x003D21B8,8
FUN_003d21c0,0x003D21C0,0x003D2220,96
FUN_003d2220,0x003D2220,0x003D2270,80
FUN_003d2270,0x003D2270,0x003D2280,16
FUN_003d2280,0x003D2280,0x003D2288,8
FUN_003d2290,0x003D2290,0x003D2298,8
FUN_003d22a0,0x003D22A0,0x003D22A8,8
FUN_003d22b0,0x003D22B0,0x003D22CC,28
FUN_003d22d0,0x003D22D0,0x003D22D8,8
FUN_003d22e0,0x003D22E0,0x003D230C,44
FUN_003d2310,0x003D2310,0x003D2318,8
FUN_003d2320,0x003D2320,0x003D234C,44
FUN_003d2350,0x003D2350,0x003D2390,60
FUN_003d2390,0x003D2390,0x003D2398,8
FUN_003d23a0,0x003D23A0,0x003D23A8,8
FUN_003d23b0,0x003D23B0,0x003D23F0,60
FUN_003d23f0,0x003D23F0,0x003D23F8,8
FUN_003d2400,0x003D2400,0x003D2408,8
FUN_003d2410,0x003D2410,0x003D2418,8
FUN_003d2420,0x003D2420,0x003D2464,68
FUN_003d2470,0x003D2470,0x003D24B4,68
FUN_003d24c0,0x003D24C0,0x003D252C,108
FUN_003d2530,0x003D2530,0x003D259C,108
FUN_003d25a0,0x003D25A0,0x003D260C,108
FUN_003d2610,0x003D2610,0x003D267C,108
FUN_003d2680,0x003D2680,0x003D2740,184
FUN_003d2740,0x003D2740,0x003D2748,8
FUN_003d2750,0x003D2750,0x003D2758,8
FUN_003d2760,0x003D2760,0x003D2768,8
FUN_003d2770,0x003D2770,0x003D27A4,52
FUN_003d27b0,0x003D27B0,0x003D27B8,8
FUN_003d27c0,0x003D27C0,0x003D27C8,8
FUN_003d27d0,0x003D27D0,0x003D27D8,8
FUN_003d27e0,0x003D27E0,0x003D27E8,8
FUN_003d27f0,0x003D27F0,0x003D27F8,8
FUN_003d2800,0x003D2800,0x003D2808,8
FUN_003d2810,0x003D2810,0x003D2818,8
FUN_003d2820,0x003D2820,0x003D2828,8
FUN_003d2830,0x003D2830,0x003D2838,8
FUN_003d2840,0x003D2840,0x003D2848,8
FUN_003d2850,0x003D2850,0x003D28BC,108
FUN_003d28c0,0x003D28C0,0x003D292C,108
FUN_003d2930,0x003D2930,0x003D299C,108
FUN_003d29a0,0x003D29A0,0x003D29A8,8
FUN_003d29b0,0x003D29B0,0x003D29B8,8
FUN_003d29c0,0x003D29C0,0x003D29C8,8
FUN_003d29d0,0x003D29D0,0x003D29D8,8
FUN_003d29e0,0x003D29E0,0x003D29E8,8
FUN_003d29f0,0x003D29F0,0x003D29F8,8
FUN_003d2a00,0x003D2A00,0x003D2A10,16
FUN_003d2a10,0x003D2A10,0x003D2A18,8
FUN_003d2a20,0x003D2A20,0x003D2A28,8
FUN_003d2a30,0x003D2A30,0x003D2A60,48
FUN_003d2a60,0x003D2A60,0x003D2A80,32
FUN_003d2a80,0x003D2A80,0x003D2AC0,64
FUN_003d2ac0,0x003D2AC0,0x003D2B2C,108
FUN_003d2b30,0x003D2B30,0x003D2B9C,108
FUN_003d2ba0,0x003D2BA0,0x003D2C0C,108
FUN_003d2c10,0x003D2C10,0x003D2C18,8
FUN_003d2c20,0x003D2C20,0x003D2C28,8
FUN_003d2c30,0x003D2C30,0x003D2C38,8
FUN_003d2c40,0x003D2C40,0x003D2C48,8
FUN_003d2c50,0x003D2C50,0x003D2D6C,276
FUN_003d2d70,0x003D2D70,0x003D3224,1196
FUN_003d3230,0x003D3230,0x003D3750,1312
FUN_003d3750,0x003D3750,0x003D3790,64
FUN_003d3790,0x003D3790,0x003D379C,12
FUN_003d37a0,0x003D37A0,0x003D37AC,12
FUN_003d37b0,0x003D37B0,0x003D37BC,12
FUN_003d37c0,0x003D37C0,0x003D37CC,12
FUN_003d37d0,0x003D37D0,0x003D37D8,8
FUN_003d37e0,0x003D37E0,0x003D38A8,196
FUN_003d38b0,0x003D38B0,0x003D3928,116
FUN_003d3930,0x003D3930,0x003D3974,68
FUN_003d3980,0x003D3980,0x003D39D8,84
FUN_003d39e0,0x003D39E0,0x003D3C20,576
FUN_003d3c20,0x003D3C20,0x003D3D90,368
FUN_003d3d90,0x003D3D90,0x003D425C,1216
FUN_003d4260,0x003D4260,0x003D4380,288
FUN_003d4380,0x003D4380,0x003D4390,16
FUN_003d4390,0x003D4390,0x003D43A0,16
FUN_003d43a0,0x003D43A0,0x003D43C0,32
FUN_003d43c0,0x003D43C0,0x003D43D4,20
FUN_003d43e0,0x003D43E0,0x003D43FC,28
FUN_003d4400,0x003D4400,0x003D4410,16
FUN_003d4410,0x003D4410,0x003D4418,8
FUN_003d4420,0x003D4420,0x003D4428,8
FUN_003d4430,0x003D4430,0x003D4438,8
FUN_003d4440,0x003D4440,0x003D444C,12
FUN_003d4450,0x003D4450,0x003D44C0,108
FUN_003d44c0,0x003D44C0,0x003D44D8,24
FUN_003d44e0,0x003D44E0,0x003D44E8,8
FUN_003d44f0,0x003D44F0,0x003D44F8,8
FUN_003d4500,0x003D4500,0x003D4508,8
FUN_003d4510,0x003D4510,0x003D4518,8
FUN_003d4520,0x003D4520,0x003D4528,8
FUN_003d4530,0x003D4530,0x003D4538,8
FUN_003d4540,0x003D4540,0x003D4548,8
FUN_003d4550,0x003D4550,0x003D4558,8
FUN_003d4560,0x003D4560,0x003D4568,8
FUN_003d4570,0x003D4570,0x003D4578,8
FUN_003d4580,0x003D4580,0x003D4588,8
FUN_003d4590,0x003D4590,0x003D4598,8
FUN_003d45a0,0x003D45A0,0x003D45A8,8
FUN_003d45b0,0x003D45B0,0x003D45E4,52
FUN_003d45f0,0x003D45F0,0x003D4648,88
FUN_003d4650,0x003D4650,0x003D46AC,92
FUN_003d46b0,0x003D46B0,0x003D470C,92
FUN_003d4710,0x003D4710,0x003D47A0,144
FUN_003d47a0,0x003D47A0,0x003D480C,108
FUN_003d4810,0x003D4810,0x003D4824,20
FUN_003d4830,0x003D4830,0x003D4838,8
FUN_003d4840,0x003D4840,0x003D48FC,188
FUN_003d4900,0x003D4900,0x003D4934,52
FUN_003d4940,0x003D4940,0x003D49D8,152
FUN_003d49e0,0x003D49E0,0x003D4AC8,232
FUN_003d4ad0,0x003D4AD0,0x003D4B74,164
FUN_003d4b80,0x003D4B80,0x003D4BA8,40
FUN_003d4bb0,0x003D4BB0,0x003D4BB8,8
FUN_003d4bc0,0x003D4BC0,0x003D4BE0,32
FUN_003d4be0,0x003D4BE0,0x003D4BEC,12
FUN_003d4bf0,0x003D4BF0,0x003D4EC4,720
FUN_003d4ed0,0x003D4ED0,0x003D502C,340
FUN_003d5030,0x003D5030,0x003D53C4,912
FUN_003d53d0,0x003D53D0,0x003D5520,336
FUN_003d5520,0x003D5520,0x003D55FC,220
FUN_003d5600,0x003D5600,0x003D56E4,228
FUN_003d56f0,0x003D56F0,0x003D57D0,224
FUN_003d57d0,0x003D57D0,0x003D57F4,36
FUN_003d5800,0x003D5800,0x003D5860,96
FUN_003d5860,0x003D5860,0x003D5948,232
FUN_003d6750,0x003D6750,0x003E01BC,39532
FUN_003dc110,0x003DC110,0x003E01BC,16556
FUN_003dc370,0x003DC370,0x003E01BC,15948
FUN_003dc850,0x003DC850,0x003E01BC,14700
FUN_003dc8c0,0x003DC8C0,0x003E01BC,14588
FUN_003dc9c0,0x003DC9C0,0x003E01BC,14332
FUN_003dcae8,0x003DCAE8,0x003E01BC,14036
FUN_003dcfbc,0x003DCFBC,0x003E01BC,12800
FUN_003dd020,0x003DD020,0x003E01BC,12700
FUN_003dd060,0x003DD060,0x003E01BC,12636
FUN_003dd090,0x003DD090,0x003E01BC,12588
FUN_003de1f0,0x003DE1F0,0x003E01BC,8140
FUN_003de1f8,0x003DE1F8,0x003E01BC,8132
FUN_003de3d0,0x003DE3D0,0x003E01BC,7660
FUN_003de760,0x003DE760,0x003E01BC,6748
FUN_003de770,0x003DE770,0x003E01BC,6732
FUN_003de780,0x003DE780,0x003E01BC,6716
FUN_003de7e8,0x003DE7E8,0x003E01BC,6612
FUN_003de8e0,0x003DE8E0,0x003E01BC,6364
FUN_003de918,0x003DE918,0x003E01BC,6308
FUN_003de920,0x003DE920,0x003E01BC,6300
FUN_003df200,0x003DF200,0x003E01BC,4028
FUN_003df228,0x003DF228,0x003E01BC,3988
FUN_003df238,0x003DF238,0x003E01BC,3972
FUN_003df250,0x003DF250,0x003E01BC,3948
FUN_003df260,0x003DF260,0x003E01BC,3932
FUN_003df320,0x003DF320,0x003E01BC,3740
FUN_003df328,0x003DF328,0x003E01BC,3732
FUN_003df360,0x003DF360,0x003E01BC,3676
FUN_003dff88,0x003DFF88,0x003E01BC,564
FUN_003dff98,0x003DFF98,0x003E01BC,548
FUN_003dffa0,0x003DFFA0,0x003E01BC,540
FUN_003e01bc,0x003E01BC,0x003E01C0,4
FUN_003e0218,0x003E0218,0x003E021C,4
FUN_003e0230,0x003E0230,0x003E0234,4
FUN_003e04f0,0x003E04F0,0x003E06C0,464
FUN_003e0648,0x003E0648,0x003E06C0,120
FUN_003e0660,0x003E0660,0x003E06C0,96
FUN_003e06c0,0x003E06C0,0x003E06C1,1
FUN_003e0740,0x003E0740,0x003E16A8,3944
FUN_003e0770,0x003E0770,0x003E16A8,3896
FUN_003e0780,0x003E0780,0x003E16A8,3880
FUN_003e0818,0x003E0818,0x003E16A8,3728
FUN_003e0820,0x003E0820,0x003E16A8,3720
FUN_003e0840,0x003E0840,0x003E16A8,3688
FUN_003e0850,0x003E0850,0x003E16A8,3672
FUN_003e09b0,0x003E09B0,0x003E16A8,3320
FUN_003e09c4,0x003E09C4,0x003E16A8,3300
FUN_003e0ab0,0x003E0AB0,0x003E16A8,3064
FUN_003e0ad0,0x003E0AD0,0x003E16A8,3032
FUN_003e0bf0,0x003E0BF0,0x003E16A8,2744
FUN_003e0c00,0x003E0C00,0x003E16A8,2728
FUN_003e0ce0,0x003E0CE0,0x003E16A8,2504
FUN_003e0dd0,0x003E0DD0,0x003E16A8,2264
FUN_003e0fc0,0x003E0FC0,0x003E16A8,1768
FUN_003e1080,0x003E1080,0x003E16A8,1576
FUN_003e1200,0x003E1200,0x003E16A8,1192
FUN_003e1240,0x003E1240,0x003E16A8,1128
FUN_003e1260,0x003E1260,0x003E16A8,1096
FUN_003e13e0,0x003E13E0,0x003E16A8,712
FUN_003e14f0,0x003E14F0,0x003E16A8,440
FUN_003e1508,0x003E1508,0x003E16A8,416
FUN_003e16a8,0x003E16A8,0x003E16A9,1
FUN_003e16b8,0x003E16B8,0x003E16E8,48
FUN_003e16e8,0x003E16E8,0x003E16E9,1
FUN_003e1700,0x003E1700,0x003E1701,1
FUN_003e1720,0x003E1720,0x003E1721,1
FUN_003e1738,0x003E1738,0x003E1760,40
FUN_003e1760,0x003E1760,0x003E1761,1
FUN_003e1870,0x003E1870,0x003E1E48,1496
FUN_003e1900,0x003E1900,0x003E1E48,1352
FUN_003e1b20,0x003E1B20,0x003E1E48,808
FUN_003e1c70,0x003E1C70,0x003E1E48,472
FUN_003e1c78,0x003E1C78,0x003E1E48,464
FUN_003e1c80,0x003E1C80,0x003E1E48,456
FUN_003e1c98,0x003E1C98,0x003E1E48,432
FUN_003e1cb0,0x003E1CB0,0x003E1E48,408
FUN_003e1d08,0x003E1D08,0x003E1E48,320
FUN_003e1d30,0x003E1D30,0x003E1E48,280
FUN_003e1db8,0x003E1DB8,0x003E1E48,144
FUN_003e1e10,0x003E1E10,0x003E1E48,56
FUN_003e1e48,0x003E1E48,0x003E1E49,1
FUN_003e1e78,0x003E1E78,0x003E1E88,16
FUN_003e1ed0,0x003E1ED0,0x003E2160,656
FUN_003e1fb0,0x003E1FB0,0x003E2160,432
FUN_003e2098,0x003E2098,0x003E2160,200
FUN_003e2100,0x003E2100,0x003E2160,96
FUN_003e2110,0x003E2110,0x003E2160,80
FUN_003e2160,0x003E2160,0x003E2170,16
FUN_003e2240,0x003E2240,0x003E29C8,1928
FUN_003e2310,0x003E2310,0x003E29C8,1720
FUN_003e2328,0x003E2328,0x003E29C8,1696
FUN_003e2340,0x003E2340,0x003E29C8,1672
FUN_003e2350,0x003E2350,0x003E29C8,1656
FUN_003e2370,0x003E2370,0x003E29C8,1624
FUN_003e2428,0x003E2428,0x003E29C8,1440
FUN_003e2458,0x003E2458,0x003E29C8,1392
FUN_003e2470,0x003E2470,0x003E29C8,1368
FUN_003e2490,0x003E2490,0x003E29C8,1336
FUN_003e24b0,0x003E24B0,0x003E29C8,1304
FUN_003e2510,0x003E2510,0x003E29C8,1208
FUN_003e26b0,0x003E26B0,0x003E29C8,792
FUN_003e2730,0x003E2730,0x003E29C8,664
FUN_003e2750,0x003E2750,0x003E29C8,632
FUN_003e2818,0x003E2818,0x003E29C8,432
FUN_003e2980,0x003E2980,0x003E29C8,72
FUN_003e29c8,0x003E29C8,0x003E29D8,16
FUN_003e29f8,0x003E29F8,0x003E2CC0,712
FUN_003e2a00,0x003E2A00,0x003E2CC0,704
FUN_003e2a58,0x003E2A58,0x003E2CC0,616
FUN_003e2cc0,0x003E2CC0,0x003E2CC1,1
FUN_003e2ce0,0x003E2CE0,0x003E2D08,40
FUN_003e2d08,0x003E2D08,0x003E2D18,16
FUN_003e2d70,0x003E2D70,0x003E2EA0,304
FUN_003e2d80,0x003E2D80,0x003E2EA0,288
FUN_003e2d88,0x003E2D88,0x003E2EA0,280
FUN_003e2db0,0x003E2DB0,0x003E2EA0,240
FUN_003e2e30,0x003E2E30,0x003E2EA0,112
FUN_003e2e70,0x003E2E70,0x003E2EA0,48
FUN_003e2e78,0x003E2E78,0x003E2EA0,40
FUN_003e2ea0,0x003E2EA0,0x003E2EA1,1
FUN_003e2ef8,0x003E2EF8,0x003E2EF9,1
FUN_003e2f30,0x003E2F30,0x003E2F40,16
FUN_003e2f90,0x003E2F90,0x003E2FC0,48
FUN_003e2fc0,0x003E2FC0,0x003E2FC1,1
FUN_003e3078,0x003E3078,0x003E3658,1504
FUN_003e3080,0x003E3080,0x003E3658,1496
FUN_003e34e0,0x003E34E0,0x003E3658,376
FUN_003e3578,0x003E3578,0x003E3658,224
FUN_003e3598,0x003E3598,0x003E3658,192
FUN_003e3658,0x003E3658,0x003E3664,12
FUN_003e3668,0x003E3668,0x003E3669,1
FUN_003e3678,0x003E3678,0x003E3679,1
FUN_003e3690,0x003E3690,0x003E3691,1
FUN_003e36a8,0x003E36A8,0x003E36C0,24
FUN_003e36c0,0x003E36C0,0x003E36C1,1
FUN_003e36f0,0x003E36F0,0x003E36F1,1
FUN_003e3740,0x003E3740,0x003E3741,1
FUN_003e3778,0x003E3778,0x003E377C,4
FUN_003e3780,0x003E3780,0x003E3781,1
FUN_003e37a0,0x003E37A0,0x003E37A1,1
FUN_003e37d0,0x003E37D0,0x003E37D1,1
FUN_003e3850,0x003E3850,0x003E3870,32
FUN_003e3870,0x003E3870,0x003E3871,1
FUN_003e3900,0x003E3900,0x003E3901,1
FUN_003e3908,0x003E3908,0x003E3909,1
FUN_003e3a88,0x003E3A88,0x003E3AA0,24
FUN_003e3aa0,0x003E3AA0,0x003E3AA1,1
FUN_003e3af0,0x003E3AF0,0x003E3AF1,1
FUN_003e3ba0,0x003E3BA0,0x003E3E70,720
FUN_003e3be0,0x003E3BE0,0x003E3E70,656
FUN_003e3c80,0x003E3C80,0x003E3E70,496
FUN_003e3ca0,0x003E3CA0,0x003E3E70,464
FUN_003e3d80,0x003E3D80,0x003E3E70,240
FUN_003e3e70,0x003E3E70,0x003E3E71,1
FUN_003e3ed8,0x003E3ED8,0x003E4030,344
FUN_003e3f50,0x003E3F50,0x003E4030,224
FUN_003e4030,0x003E4030,0x003E4031,1
FUN_003e4040,0x003E4040,0x003E4058,24
FUN_003e4058,0x003E4058,0x003E4059,1
FUN_003e4140,0x003E4140,0x003E4141,1
FUN_003e4170,0x003E4170,0x003E4171,1
FUN_003e4198,0x003E4198,0x003E4270,216
FUN_003e4270,0x003E4270,0x003E4271,1
FUN_003e42a0,0x003E42A0,0x003E42A1,1
FUN_003e4388,0x003E4388,0x003E43E0,88
FUN_003e43e0,0x003E43E0,0x003E43E1,1
FUN_003e4458,0x003E4458,0x003E4459,1
FUN_003e4810,0x003E4810,0x003E4811,1
FUN_003e4850,0x003E4850,0x003E4AC0,624
FUN_003e4860,0x003E4860,0x003E4AC0,608
FUN_003e4ac0,0x003E4AC0,0x003E4AC1,1
FUN_003e4ae8,0x003E4AE8,0x003E4F80,1176
FUN_003e4de8,0x003E4DE8,0x003E4F80,408
FUN_003e4df8,0x003E4DF8,0x003E4F80,392
FUN_003e4e08,0x003E4E08,0x003E4F80,376
FUN_003e4e10,0x003E4E10,0x003E4F80,368
FUN_003e4e48,0x003E4E48,0x003E4F80,312
FUN_003e4e68,0x003E4E68,0x003E4F80,280
FUN_003e4e98,0x003E4E98,0x003E4F80,232
FUN_003e4f08,0x003E4F08,0x003E4F80,120
FUN_003e4f18,0x003E4F18,0x003E4F80,104
FUN_003e4f28,0x003E4F28,0x003E4F80,88
FUN_003e4f80,0x003E4F80,0x003E4F81,1
FUN_003e4fc8,0x003E4FC8,0x003E4FF0,40
FUN_003e4ff0,0x003E4FF0,0x003E4FF1,1
FUN_003e51a0,0x003E51A0,0x003E51A1,1
FUN_003e5208,0x003E5208,0x003E5218,16
FUN_003e5280,0x003E5280,0x003E5458,472
FUN_003e5320,0x003E5320,0x003E5458,312
FUN_003e5340,0x003E5340,0x003E5458,280
FUN_003e5350,0x003E5350,0x003E5458,264
FUN_003e5440,0x003E5440,0x003E5458,24
FUN_003e5458,0x003E5458,0x003E5459,1
FUN_003e54d0,0x003E54D0,0x003E54D1,1
FUN_003e5630,0x003E5630,0x003E5631,1
FUN_003e5670,0x003E5670,0x003E5671,1
FUN_003e56d0,0x003E56D0,0x003E56D1,1
FUN_003e5760,0x003E5760,0x003E5761,1
FUN_003e57c0,0x003E57C0,0x003E5A20,608
FUN_003e57d0,0x003E57D0,0x003E5A20,592
FUN_003e57f0,0x003E57F0,0x003E5A20,560
FUN_003e5810,0x003E5810,0x003E5A20,528
FUN_003e5870,0x003E5870,0x003E5A20,432
FUN_003e5a20,0x003E5A20,0x003E5A21,1
FUN_003e5aa0,0x003E5AA0,0x003E5AA1,1
FUN_003e5b48,0x003E5B48,0x003E5B58,16
FUN_003e5c48,0x003E5C48,0x003E5C58,16
FUN_003e5cb0,0x003E5CB0,0x003E66F0,2624
FUN_003e5cc0,0x003E5CC0,0x003E66F0,2608
FUN_003e5cd0,0x003E5CD0,0x003E66F0,2592
FUN_003e5ce0,0x003E5CE0,0x003E66F0,2576
FUN_003e5cf0,0x003E5CF0,0x003E66F0,2560
FUN_003e5cf8,0x003E5CF8,0x003E66F0,2552
FUN_003e5d08,0x003E5D08,0x003E66F0,2536
FUN_003e5d78,0x003E5D78,0x003E66F0,2424
FUN_003e5dd0,0x003E5DD0,0x003E66F0,2336
FUN_003e5de8,0x003E5DE8,0x003E66F0,2312
FUN_003e5e10,0x003E5E10,0x003E66F0,2272
FUN_003e5e48,0x003E5E48,0x003E66F0,2216
FUN_003e5e80,0x003E5E80,0x003E66F0,2160
FUN_003e5e90,0x003E5E90,0x003E66F0,2144
FUN_003e5ea0,0x003E5EA0,0x003E66F0,2128
FUN_003e5eb0,0x003E5EB0,0x003E66F0,2112
FUN_003e5ec0,0x003E5EC0,0x003E66F0,2096
FUN_003e5ed0,0x003E5ED0,0x003E66F0,2080
FUN_003e5ee0,0x003E5EE0,0x003E66F0,2064
FUN_003e5f28,0x003E5F28,0x003E66F0,1992
FUN_003e5f60,0x003E5F60,0x003E66F0,1936
FUN_003e5ff8,0x003E5FF8,0x003E66F0,1784
FUN_003e6180,0x003E6180,0x003E66F0,1392
FUN_003e61e0,0x003E61E0,0x003E66F0,1296
FUN_003e6210,0x003E6210,0x003E66F0,1248
FUN_003e6278,0x003E6278,0x003E66F0,1144
FUN_003e6298,0x003E6298,0x003E66F0,1112
FUN_003e62b8,0x003E62B8,0x003E66F0,1080
FUN_003e62d8,0x003E62D8,0x003E66F0,1048
FUN_003e62f8,0x003E62F8,0x003E66F0,1016
FUN_003e6318,0x003E6318,0x003E66F0,984
FUN_003e6338,0x003E6338,0x003E66F0,952
FUN_003e6358,0x003E6358,0x003E66F0,920
FUN_003e6370,0x003E6370,0x003E66F0,896
FUN_003e63c0,0x003E63C0,0x003E66F0,816
FUN_003e6410,0x003E6410,0x003E66F0,736
FUN_003e6568,0x003E6568,0x003E66F0,392
FUN_003e65b8,0x003E65B8,0x003E66F0,312
FUN_003e6600,0x003E6600,0x003E66F0,240
FUN_003e6620,0x003E6620,0x003E66F0,208
FUN_003e6668,0x003E6668,0x003E66F0,136
FUN_003e66b8,0x003E66B8,0x003E66F0,56
FUN_003e66f0,0x003E66F0,0x003E66F1,1
FUN_003e6750,0x003E6750,0x003E6890,320
FUN_003e6890,0x003E6890,0x003E6891,1
FUN_003e68e0,0x003E68E0,0x003E68E1,1
FUN_003e6940,0x003E6940,0x003E6941,1
FUN_003e6980,0x003E6980,0x003E6981,1
FUN_003e6988,0x003E6988,0x003E6989,1
FUN_003e6998,0x003E6998,0x003E6999,1
FUN_003e69a0,0x003E69A0,0x003E69A1,1
FUN_003e69a8,0x003E69A8,0x003E69A9,1
FUN_003e69b0,0x003E69B0,0x003E69B1,1
FUN_003e6ab8,0x003E6AB8,0x003E6BD0,280
FUN_003e6ac0,0x003E6AC0,0x003E6BD0,272
FUN_003e6af0,0x003E6AF0,0x003E6BD0,224
FUN_003e6b30,0x003E6B30,0x003E6BD0,160
FUN_003e6b40,0x003E6B40,0x003E6BD0,144
FUN_003e6b50,0x003E6B50,0x003E6BD0,128
FUN_003e6b70,0x003E6B70,0x003E6BD0,96
FUN_003e6b90,0x003E6B90,0x003E6BD0,64
FUN_003e6bd0,0x003E6BD0,0x003E6BD1,1
FUN_003e6c00,0x003E6C00,0x003E6C01,1
FUN_003e6c30,0x003E6C30,0x003E6D70,320
FUN_003e6d70,0x003E6D70,0x003E6D71,1
FUN_003e6db0,0x003E6DB0,0x003E6DB1,1
FUN_003e6df0,0x003E6DF0,0x003E6DF1,1
FUN_003e6e50,0x003E6E50,0x003E6E51,1
FUN_003e6e98,0x003E6E98,0x003E8328,5264
FUN_003e6ec8,0x003E6EC8,0x003E8328,5216
FUN_003e78f8,0x003E78F8,0x003E8328,2608
FUN_003e7958,0x003E7958,0x003E8328,2512
FUN_003e7968,0x003E7968,0x003E8328,2496
FUN_003e79a0,0x003E79A0,0x003E8328,2440
FUN_003e7ac0,0x003E7AC0,0x003E8328,2152
FUN_003e7b10,0x003E7B10,0x003E8328,2072
FUN_003e7bb8,0x003E7BB8,0x003E8328,1904
FUN_003e7c00,0x003E7C00,0x003E8328,1832
FUN_003e7e48,0x003E7E48,0x003E8328,1248
FUN_003e8018,0x003E8018,0x003E8328,784
FUN_003e8070,0x003E8070,0x003E8328,696
FUN_003e8160,0x003E8160,0x003E8328,456
FUN_003e81d0,0x003E81D0,0x003E8328,344
FUN_003e8208,0x003E8208,0x003E8328,288
FUN_003e82b8,0x003E82B8,0x003E8328,112
FUN_003e82e8,0x003E82E8,0x003E8328,64
FUN_003e8328,0x003E8328,0x003E8329,1
FUN_003e8348,0x003E8348,0x003E8349,1
FUN_003e8378,0x003E8378,0x003E8379,1
FUN_003e83b8,0x003E83B8,0x003E83B9,1
FUN_003e8438,0x003E8438,0x003E8440,8
FUN_003e84a8,0x003E84A8,0x003E84AC,4
FUN_003e84f8,0x003E84F8,0x003E84F9,1
FUN_003e86f8,0x003E86F8,0x003E86F9,1
FUN_003e87f8,0x003E87F8,0x003E87F9,1
FUN_003e8948,0x003E8948,0x003E8949,1
FUN_003e8c48,0x003E8C48,0x003E8C49,1
FUN_003e8e98,0x003E8E98,0x003E8E99,1
FUN_003e8f98,0x003E8F98,0x003E8F99,1
FUN_003e90f0,0x003E90F0,0x003E90F1,1
FUN_003e92f0,0x003E92F0,0x003E92F1,1
FUN_003e94c8,0x003E94C8,0x003E94C9,1
FUN_003e9758,0x003E9758,0x003E9760,8
FUN_003e9858,0x003E9858,0x003EA238,2528
FUN_003e98e0,0x003E98E0,0x003EA238,2392
FUN_003e9968,0x003E9968,0x003EA238,2256
FUN_003e9a68,0x003E9A68,0x003EA238,2000
FUN_003e9ab8,0x003E9AB8,0x003EA238,1920
FUN_003e9b28,0x003E9B28,0x003EA238,1808
FUN_003e9bf0,0x003E9BF0,0x003EA238,1608
FUN_003e9c70,0x003E9C70,0x003EA238,1480
FUN_003e9c90,0x003E9C90,0x003EA238,1448
FUN_003e9cd0,0x003E9CD0,0x003EA238,1384
FUN_003e9d40,0x003E9D40,0x003EA238,1272
FUN_003e9e38,0x003E9E38,0x003EA238,1024
FUN_003e9eb8,0x003E9EB8,0x003EA238,896
FUN_003e9f68,0x003E9F68,0x003EA238,720
FUN_003ea238,0x003EA238,0x003EA239,1
FUN_003ea258,0x003EA258,0x003EA7E8,1424
FUN_003ea270,0x003EA270,0x003EA7E8,1400
FUN_003ea280,0x003EA280,0x003EA7E8,1384
FUN_003ea298,0x003EA298,0x003EA7E8,1360
FUN_003ea2f8,0x003EA2F8,0x003EA7E8,1264
FUN_003ea3c0,0x003EA3C0,0x003EA7E8,1064
FUN_003ea428,0x003EA428,0x003EA7E8,960
FUN_003ea460,0x003EA460,0x003EA7E8,904
FUN_003ea4b8,0x003EA4B8,0x003EA7E8,816
FUN_003ea4e0,0x003EA4E0,0x003EA7E8,776
FUN_003ea530,0x003EA530,0x003EA7E8,696
FUN_003ea658,0x003EA658,0x003EA7E8,400
FUN_003ea6b0,0x003EA6B0,0x003EA7E8,312
FUN_003ea700,0x003EA700,0x003EA7E8,232
FUN_003ea7e8,0x003EA7E8,0x003EA7E9,1
FUN_003eabf0,0x003EABF0,0x003EC558,6504
FUN_003eafb0,0x003EAFB0,0x003EC558,5544
FUN_003eaff0,0x003EAFF0,0x003EC558,5480
FUN_003eb808,0x003EB808,0x003EC558,3408
FUN_003eb868,0x003EB868,0x003EC558,3312
FUN_003eb880,0x003EB880,0x003EC558,3288
FUN_003eb8a0,0x003EB8A0,0x003EC558,3256
FUN_003ebc98,0x003EBC98,0x003EC558,2240
FUN_003ec1c8,0x003EC1C8,0x003EC558,912
FUN_003ec278,0x003EC278,0x003EC558,736
FUN_003ec420,0x003EC420,0x003EC558,312
FUN_003ec558,0x003EC558,0x003EC559,1
FUN_003ec970,0x003EC970,0x003ECB98,552
FUN_003ec990,0x003EC990,0x003ECB98,520
FUN_003eca78,0x003ECA78,0x003ECB98,288
FUN_003ecb38,0x003ECB38,0x003ECB98,96
FUN_003ecb98,0x003ECB98,0x003ECB99,1
FUN_003ecbb0,0x003ECBB0,0x003ECBB1,1
FUN_003ecbd0,0x003ECBD0,0x003ECBD1,1
FUN_003ecbe8,0x003ECBE8,0x003ED1A8,1472
FUN_003eccc0,0x003ECCC0,0x003ED1A8,1256
FUN_003eccd0,0x003ECCD0,0x003ED1A8,1240
FUN_003eccd8,0x003ECCD8,0x003ED1A8,1232
FUN_003ecce0,0x003ECCE0,0x003ED1A8,1224
FUN_003ecce8,0x003ECCE8,0x003ED1A8,1216
FUN_003eccf0,0x003ECCF0,0x003ED1A8,1208
FUN_003ecd08,0x003ECD08,0x003ED1A8,1184
FUN_003ecd18,0x003ECD18,0x003ED1A8,1168
FUN_003ecd28,0x003ECD28,0x003ED1A8,1152
FUN_003ecd38,0x003ECD38,0x003ED1A8,1136
FUN_003ecd80,0x003ECD80,0x003ED1A8,1064
FUN_003ecda0,0x003ECDA0,0x003ED1A8,1032
FUN_003ecdc0,0x003ECDC0,0x003ED1A8,1000
FUN_003ecde0,0x003ECDE0,0x003ED1A8,968
FUN_003ecdf8,0x003ECDF8,0x003ED1A8,944
FUN_003ece08,0x003ECE08,0x003ED1A8,928
FUN_003ece20,0x003ECE20,0x003ED1A8,904
FUN_003ece38,0x003ECE38,0x003ED1A8,880
FUN_003ece60,0x003ECE60,0x003ED1A8,840
FUN_003ece80,0x003ECE80,0x003ED1A8,808
FUN_003eceb0,0x003ECEB0,0x003ED1A8,760
FUN_003ecf00,0x003ECF00,0x003ED1A8,680
FUN_003ecf30,0x003ECF30,0x003ED1A8,632
FUN_003ed050,0x003ED050,0x003ED1A8,344
FUN_003ed070,0x003ED070,0x003ED1A8,312
FUN_003ed090,0x003ED090,0x003ED1A8,280
FUN_003ed098,0x003ED098,0x003ED1A8,272
FUN_003ed0c0,0x003ED0C0,0x003ED1A8,232
FUN_003ed0d0,0x003ED0D0,0x003ED1A8,216
FUN_003ed0e8,0x003ED0E8,0x003ED1A8,192
FUN_003ed110,0x003ED110,0x003ED1A8,152
FUN_003ed150,0x003ED150,0x003ED1A8,88
FUN_003ed158,0x003ED158,0x003ED1A8,80
FUN_003ed1a8,0x003ED1A8,0x003ED1A9,1
FUN_003ed1bc,0x003ED1BC,0x003ED1BD,1
FUN_003ed1c0,0x003ED1C0,0x003ED3D8,536
FUN_003ed248,0x003ED248,0x003ED3D8,400
FUN_003ed3d8,0x003ED3D8,0x003ED3D9,1
FUN_003ed3e0,0x003ED3E0,0x003ED3E1,1
FUN_003ed460,0x003ED460,0x003ED578,280
FUN_003ed478,0x003ED478,0x003ED578,256
FUN_003ed4a0,0x003ED4A0,0x003ED578,216
FUN_003ed578,0x003ED578,0x003ED579,1
FUN_003ed5a0,0x003ED5A0,0x003ED5A1,1
FUN_003ed5c8,0x003ED5C8,0x003ED5C9,1
FUN_003ed5f0,0x003ED5F0,0x003ED5F1,1
FUN_003ed618,0x003ED618,0x003ED619,1
FUN_003ed640,0x003ED640,0x003ED641,1
FUN_003ed668,0x003ED668,0x003ED669,1
FUN_003ee920,0x003EE920,0x003EF740,3616
FUN_003ee9d0,0x003EE9D0,0x003EF740,3440
FUN_003ee9d8,0x003EE9D8,0x003EF740,3432
FUN_003eea50,0x003EEA50,0x003EF740,3312
FUN_003eea58,0x003EEA58,0x003EF740,3304
FUN_003eeab8,0x003EEAB8,0x003EF740,3208
FUN_003eeb40,0x003EEB40,0x003EF740,3072
FUN_003eeb58,0x003EEB58,0x003EF740,3048
FUN_003eeba0,0x003EEBA0,0x003EF740,2976
FUN_003eebb8,0x003EEBB8,0x003EF740,2952
FUN_003eebc8,0x003EEBC8,0x003EF740,2936
FUN_003eecd8,0x003EECD8,0x003EF740,2664
FUN_003eedb0,0x003EEDB0,0x003EF740,2448
FUN_003eedc8,0x003EEDC8,0x003EF740,2424
FUN_003eedd8,0x003EEDD8,0x003EF740,2408
FUN_003eede0,0x003EEDE0,0x003EF740,2400
FUN_003eee78,0x003EEE78,0x003EF740,2248
FUN_003eee80,0x003EEE80,0x003EF740,2240
FUN_003eee90,0x003EEE90,0x003EF740,2224
FUN_003eeea0,0x003EEEA0,0x003EF740,2208
FUN_003eeee0,0x003EEEE0,0x003EF740,2144
FUN_003eef60,0x003EEF60,0x003EF740,2016
FUN_003eefe0,0x003EEFE0,0x003EF740,1888
FUN_003ef050,0x003EF050,0x003EF740,1776
FUN_003ef348,0x003EF348,0x003EF740,1016
FUN_003ef368,0x003EF368,0x003EF740,984
FUN_003ef468,0x003EF468,0x003EF740,728
FUN_003ef488,0x003EF488,0x003EF740,696
FUN_003ef4e8,0x003EF4E8,0x003EF740,600
FUN_003ef4f8,0x003EF4F8,0x003EF740,584
FUN_003ef598,0x003EF598,0x003EF740,424
FUN_003ef5b0,0x003EF5B0,0x003EF740,400
FUN_003ef5c8,0x003EF5C8,0x003EF740,376
FUN_003ef5e0,0x003EF5E0,0x003EF740,352
FUN_003ef608,0x003EF608,0x003EF740,312
FUN_003ef628,0x003EF628,0x003EF740,280
FUN_003ef640,0x003EF640,0x003EF740,256
FUN_003ef658,0x003EF658,0x003EF740,232
FUN_003ef700,0x003EF700,0x003EF740,64
FUN_003ef740,0x003EF740,0x003EF741,1
FUN_003ef918,0x003EF918,0x003EFAF0,472
FUN_003efa70,0x003EFA70,0x003EFAF0,128
FUN_003efa88,0x003EFA88,0x003EFAF0,104
FUN_003efaf0,0x003EFAF0,0x003EFAF1,1
FUN_003efb68,0x003EFB68,0x003EFB69,1
FUN_003efb70,0x003EFB70,0x003EFB71,1
FUN_003efc98,0x003EFC98,0x003EFD20,136
FUN_003efce8,0x003EFCE8,0x003EFD20,56
FUN_003efd10,0x003EFD10,0x003EFD20,16
FUN_003efd20,0x003EFD20,0x003EFD21,1
FUN_003efdc8,0x003EFDC8,0x003EFEA0,216
FUN_003efdd0,0x003EFDD0,0x003EFEA0,208
FUN_003efde0,0x003EFDE0,0x003EFEA0,192
FUN_003efdf8,0x003EFDF8,0x003EFEA0,168
FUN_003efe58,0x003EFE58,0x003EFEA0,72
FUN_003efe68,0x003EFE68,0x003EFEA0,56
FUN_003efea0,0x003EFEA0,0x003EFEA1,1
FUN_003eff08,0x003EFF08,0x003F0058,336
FUN_003eff20,0x003EFF20,0x003F0058,312
FUN_003eff30,0x003EFF30,0x003F0058,296
FUN_003eff40,0x003EFF40,0x003F0058,280
FUN_003eff60,0x003EFF60,0x003F0058,248
FUN_003eff70,0x003EFF70,0x003F0058,232
FUN_003effc0,0x003EFFC0,0x003F0058,152
FUN_003effd0,0x003EFFD0,0x003F0058,136
FUN_003f0058,0x003F0058,0x003F0059,1
FUN_003f0060,0x003F0060,0x003F0064,4
FUN_003f0070,0x003F0070,0x003F0071,1
FUN_003f0090,0x003F0090,0x003F0091,1
FUN_003f0570,0x003F0570,0x003F0571,1
FUN_003f0948,0x003F0948,0x003F0949,1
FUN_003f0950,0x003F0950,0x003F0951,1
FUN_003f0ab0,0x003F0AB0,0x003F1D38,4744
FUN_003f0b60,0x003F0B60,0x003F1D38,4568
FUN_003f0b98,0x003F0B98,0x003F1D38,4512
FUN_003f0d00,0x003F0D00,0x003F1D38,4152
FUN_003f0d48,0x003F0D48,0x003F1D38,4080
FUN_003f0e28,0x003F0E28,0x003F1D38,3856
FUN_003f0e78,0x003F0E78,0x003F1D38,3776
FUN_003f0e88,0x003F0E88,0x003F1D38,3760
FUN_003f0e98,0x003F0E98,0x003F1D38,3744
FUN_003f0ea8,0x003F0EA8,0x003F1D38,3728
FUN_003f0eb8,0x003F0EB8,0x003F1D38,3712
FUN_003f0ec8,0x003F0EC8,0x003F1D38,3696
FUN_003f0ed8,0x003F0ED8,0x003F1D38,3680
FUN_003f0ee8,0x003F0EE8,0x003F1D38,3664
FUN_003f0ef8,0x003F0EF8,0x003F1D38,3648
FUN_003f0f10,0x003F0F10,0x003F1D38,3624
FUN_003f0f20,0x003F0F20,0x003F1D38,3608
FUN_003f0f30,0x003F0F30,0x003F1D38,3592
FUN_003f0f40,0x003F0F40,0x003F1D38,3576
FUN_003f1060,0x003F1060,0x003F1D38,3288
FUN_003f10e8,0x003F10E8,0x003F1D38,3152
FUN_003f1110,0x003F1110,0x003F1D38,3112
FUN_003f1120,0x003F1120,0x003F1D38,3096
FUN_003f1150,0x003F1150,0x003F1D38,3048
FUN_003f1170,0x003F1170,0x003F1D38,3016
FUN_003f1308,0x003F1308,0x003F1D38,2608
FUN_003f1400,0x003F1400,0x003F1D38,2360
FUN_003f1408,0x003F1408,0x003F1D38,2352
FUN_003f1550,0x003F1550,0x003F1D38,2024
FUN_003f1580,0x003F1580,0x003F1D38,1976
FUN_003f15a0,0x003F15A0,0x003F1D38,1944
FUN_003f1668,0x003F1668,0x003F1D38,1744
FUN_003f1688,0x003F1688,0x003F1D38,1712
FUN_003f16c8,0x003F16C8,0x003F1D38,1648
FUN_003f18a8,0x003F18A8,0x003F1D38,1168
FUN_003f1918,0x003F1918,0x003F1D38,1056
FUN_003f1980,0x003F1980,0x003F1D38,952
FUN_003f1a78,0x003F1A78,0x003F1D38,704
FUN_003f1bd0,0x003F1BD0,0x003F1D38,360
FUN_003f1c18,0x003F1C18,0x003F1D38,288
FUN_003f1c20,0x003F1C20,0x003F1D38,280
FUN_003f1c30,0x003F1C30,0x003F1D38,264
FUN_003f1c40,0x003F1C40,0x003F1D38,248
FUN_003f1d38,0x003F1D38,0x003F1D40,8
FUN_003f1d40,0x003F1D40,0x003F1D41,1
FUN_003f1de0,0x003F1DE0,0x003F1ED0,240
FUN_003f1e30,0x003F1E30,0x003F1ED0,160
FUN_003f1ed0,0x003F1ED0,0x003F1EE0,16
FUN_003f1ee0,0x003F1EE0,0x003F1EE1,1
FUN_003f1ef0,0x003F1EF0,0x003F1EF8,8
FUN_003f2080,0x003F2080,0x003F2210,400
FUN_003f2178,0x003F2178,0x003F2210,152
FUN_003f2210,0x003F2210,0x003F2211,1
FUN_003f2250,0x003F2250,0x003F2251,1
FUN_003f2358,0x003F2358,0x003F2EC0,2920
FUN_003f23a8,0x003F23A8,0x003F2EC0,2840
FUN_003f2478,0x003F2478,0x003F2EC0,2632
FUN_003f2530,0x003F2530,0x003F2EC0,2448
FUN_003f2550,0x003F2550,0x003F2EC0,2416
FUN_003f25b8,0x003F25B8,0x003F2EC0,2312
FUN_003f2700,0x003F2700,0x003F2EC0,1984
FUN_003f2720,0x003F2720,0x003F2EC0,1952
FUN_003f2760,0x003F2760,0x003F2EC0,1888
FUN_003f28b0,0x003F28B0,0x003F2EC0,1552
FUN_003f2a40,0x003F2A40,0x003F2EC0,1152
FUN_003f2a68,0x003F2A68,0x003F2EC0,1112
FUN_003f2a88,0x003F2A88,0x003F2EC0,1080
FUN_003f2ab0,0x003F2AB0,0x003F2EC0,1040
FUN_003f2b00,0x003F2B00,0x003F2EC0,960
FUN_003f2b20,0x003F2B20,0x003F2EC0,928
FUN_003f2be0,0x003F2BE0,0x003F2EC0,736
FUN_003f2d78,0x003F2D78,0x003F2EC0,328
FUN_003f2e38,0x003F2E38,0x003F2EC0,136
FUN_003f2e60,0x003F2E60,0x003F2EC0,96
FUN_003f2ec0,0x003F2EC0,0x003F2EC1,1
FUN_003f2f48,0x003F2F48,0x003F2F49,1
FUN_003f2ff0,0x003F2FF0,0x003F33C8,984
FUN_003f3010,0x003F3010,0x003F33C8,952
FUN_003f30a0,0x003F30A0,0x003F33C8,808
FUN_003f30c0,0x003F30C0,0x003F33C8,776
FUN_003f30e0,0x003F30E0,0x003F33C8,744
FUN_003f3100,0x003F3100,0x003F33C8,712
FUN_003f3120,0x003F3120,0x003F33C8,680
FUN_003f3160,0x003F3160,0x003F33C8,616
FUN_003f31a0,0x003F31A0,0x003F33C8,552
FUN_003f31d0,0x003F31D0,0x003F33C8,504
FUN_003f31f0,0x003F31F0,0x003F33C8,472
FUN_003f3240,0x003F3240,0x003F33C8,392
FUN_003f3260,0x003F3260,0x003F33C8,360
FUN_003f32a0,0x003F32A0,0x003F33C8,296
FUN_003f32e0,0x003F32E0,0x003F33C8,232
FUN_003f33a8,0x003F33A8,0x003F33C8,32
FUN_003f33c8,0x003F33C8,0x003F33C9,1
FUN_003f33f0,0x003F33F0,0x003F35F0,512
FUN_003f3420,0x003F3420,0x003F35F0,464
FUN_003f3428,0x003F3428,0x003F35F0,456
FUN_003f3558,0x003F3558,0x003F35F0,152
FUN_003f3560,0x003F3560,0x003F35F0,144
FUN_003f3568,0x003F3568,0x003F35F0,136
FUN_003f3570,0x003F3570,0x003F35F0,128
FUN_003f35f0,0x003F35F0,0x003F35F1,1
FUN_003f3660,0x003F3660,0x003F3661,1
FUN_003f3690,0x003F3690,0x003F3691,1
FUN_003f36b8,0x003F36B8,0x003F3D78,1728
FUN_003f3708,0x003F3708,0x003F3D78,1648
FUN_003f3728,0x003F3728,0x003F3D78,1616
FUN_003f37d0,0x003F37D0,0x003F3D78,1448
FUN_003f37e0,0x003F37E0,0x003F3D78,1432
FUN_003f3890,0x003F3890,0x003F3D78,1256
FUN_003f38d0,0x003F38D0,0x003F3D78,1192
FUN_003f38e8,0x003F38E8,0x003F3D78,1168
FUN_003f3900,0x003F3900,0x003F3D78,1144
FUN_003f3920,0x003F3920,0x003F3D78,1112
FUN_003f3950,0x003F3950,0x003F3D78,1064
FUN_003f3960,0x003F3960,0x003F3D78,1048
FUN_003f39e0,0x003F39E0,0x003F3D78,920
FUN_003f39f8,0x003F39F8,0x003F3D78,896
FUN_003f3b00,0x003F3B00,0x003F3D78,632
FUN_003f3ba0,0x003F3BA0,0x003F3D78,472
FUN_003f3bb8,0x003F3BB8,0x003F3D78,448
FUN_003f3cf8,0x003F3CF8,0x003F3D78,128
FUN_003f3d78,0x003F3D78,0x003F3D79,1
FUN_003f3d80,0x003F3D80,0x003F3D81,1
FUN_003f3db0,0x003F3DB0,0x003F3DB1,1
FUN_003f3dd0,0x003F3DD0,0x003F3DD1,1
FUN_003f3e10,0x003F3E10,0x003F5C90,7808
FUN_003f3ef8,0x003F3EF8,0x003F5C90,7576
FUN_003f3f10,0x003F3F10,0x003F5C90,7552
FUN_003f3f80,0x003F3F80,0x003F5C90,7440
FUN_003f3fc0,0x003F3FC0,0x003F5C90,7376
FUN_003f4000,0x003F4000,0x003F5C90,7312
FUN_003f40d0,0x003F40D0,0x003F5C90,7104
FUN_003f4280,0x003F4280,0x003F5C90,6672
FUN_003f43b8,0x003F43B8,0x003F5C90,6360
FUN_003f44e8,0x003F44E8,0x003F5C90,6056
FUN_003f45c8,0x003F45C8,0x003F5C90,5832
FUN_003f46c8,0x003F46C8,0x003F5C90,5576
FUN_003f4830,0x003F4830,0x003F5C90,5216
FUN_003f4860,0x003F4860,0x003F5C90,5168
FUN_003f4960,0x003F4960,0x003F5C90,4912
FUN_003f4a20,0x003F4A20,0x003F5C90,4720
FUN_003f4b68,0x003F4B68,0x003F5C90,4392
FUN_003f4b80,0x003F4B80,0x003F5C90,4368
FUN_003f4c18,0x003F4C18,0x003F5C90,4216
FUN_003f4c30,0x003F4C30,0x003F5C90,4192
FUN_003f4c38,0x003F4C38,0x003F5C90,4184
FUN_003f4c58,0x003F4C58,0x003F5C90,4152
FUN_003f4ca0,0x003F4CA0,0x003F5C90,4080
FUN_003f4cc0,0x003F4CC0,0x003F5C90,4048
FUN_003f4cd0,0x003F4CD0,0x003F5C90,4032
FUN_003f4d28,0x003F4D28,0x003F5C90,3944
FUN_003f4d40,0x003F4D40,0x003F5C90,3920
FUN_003f4d60,0x003F4D60,0x003F5C90,3888
FUN_003f4d70,0x003F4D70,0x003F5C90,3872
FUN_003f4e88,0x003F4E88,0x003F5C90,3592
FUN_003f4ea0,0x003F4EA0,0x003F5C90,3568
FUN_003f4eb0,0x003F4EB0,0x003F5C90,3552
FUN_003f4f08,0x003F4F08,0x003F5C90,3464
FUN_003f5640,0x003F5640,0x003F5C90,1616
FUN_003f5648,0x003F5648,0x003F5C90,1608
FUN_003f5658,0x003F5658,0x003F5C90,1592
FUN_003f5660,0x003F5660,0x003F5C90,1584
FUN_003f56d8,0x003F56D8,0x003F5C90,1464
FUN_003f57a8,0x003F57A8,0x003F5C90,1256
FUN_003f5928,0x003F5928,0x003F5C90,872
FUN_003f5980,0x003F5980,0x003F5C90,784
FUN_003f59c0,0x003F59C0,0x003F5C90,720
FUN_003f59e8,0x003F59E8,0x003F5C90,680
FUN_003f5a80,0x003F5A80,0x003F5C90,528
FUN_003f5af8,0x003F5AF8,0x003F5C90,408
FUN_003f5b00,0x003F5B00,0x003F5C90,400
FUN_003f5b50,0x003F5B50,0x003F5C90,320
FUN_003f5b60,0x003F5B60,0x003F5C90,304
FUN_003f5c90,0x003F5C90,0x003F5C91,1
FUN_003f5cc0,0x003F5CC0,0x003F5E38,376
FUN_003f5cd0,0x003F5CD0,0x003F5E38,360
FUN_003f5d18,0x003F5D18,0x003F5E38,288
FUN_003f5d20,0x003F5D20,0x003F5E38,280
FUN_003f5d28,0x003F5D28,0x003F5E38,272
FUN_003f5d40,0x003F5D40,0x003F5E38,248
FUN_003f5d68,0x003F5D68,0x003F5E38,208
FUN_003f5d70,0x003F5D70,0x003F5E38,200
FUN_003f5d80,0x003F5D80,0x003F5E38,184
FUN_003f5dd8,0x003F5DD8,0x003F5E38,96
FUN_003f5e38,0x003F5E38,0x003F5E39,1
FUN_003f5f60,0x003F5F60,0x003F6348,1000
FUN_003f6010,0x003F6010,0x003F6348,824
FUN_003f6028,0x003F6028,0x003F6348,800
FUN_003f6118,0x003F6118,0x003F6348,560
FUN_003f6140,0x003F6140,0x003F6348,520
FUN_003f62a0,0x003F62A0,0x003F6348,168
FUN_003f6348,0x003F6348,0x003F6349,1
FUN_003f65d0,0x003F65D0,0x003F6A70,1184
FUN_003f65f0,0x003F65F0,0x003F6A70,1152
FUN_003f6610,0x003F6610,0x003F6A70,1120
FUN_003f6630,0x003F6630,0x003F6A70,1088
FUN_003f6650,0x003F6650,0x003F6A70,1056
FUN_003f6660,0x003F6660,0x003F6A70,1040
FUN_003f6680,0x003F6680,0x003F6A70,1008
FUN_003f66a0,0x003F66A0,0x003F6A70,976
FUN_003f66c0,0x003F66C0,0x003F6A70,944
FUN_003f66e0,0x003F66E0,0x003F6A70,912
FUN_003f6700,0x003F6700,0x003F6A70,880
FUN_003f6708,0x003F6708,0x003F6A70,872
FUN_003f6710,0x003F6710,0x003F6A70,864
FUN_003f6720,0x003F6720,0x003F6A70,848
FUN_003f6770,0x003F6770,0x003F6A70,768
FUN_003f6790,0x003F6790,0x003F6A70,736
FUN_003f67c0,0x003F67C0,0x003F6A70,688
FUN_003f67f0,0x003F67F0,0x003F6A70,640
FUN_003f6848,0x003F6848,0x003F6A70,552
FUN_003f6858,0x003F6858,0x003F6A70,536
FUN_003f6870,0x003F6870,0x003F6A70,512
FUN_003f6890,0x003F6890,0x003F6A70,480
FUN_003f68a0,0x003F68A0,0x003F6A70,464
FUN_003f68c0,0x003F68C0,0x003F6A70,432
FUN_003f68e0,0x003F68E0,0x003F6A70,400
FUN_003f6900,0x003F6900,0x003F6A70,368
FUN_003f6a08,0x003F6A08,0x003F6A70,104
FUN_003f6a18,0x003F6A18,0x003F6A70,88
FUN_003f6a70,0x003F6A70,0x003F6A71,1
FUN_003f6aa0,0x003F6AA0,0x003F6AA1,1
FUN_003f6ae0,0x003F6AE0,0x003F6AE1,1
FUN_003f6af8,0x003F6AF8,0x003F6B38,64
FUN_003f6b38,0x003F6B38,0x003F6B39,1
FUN_003f6b50,0x003F6B50,0x003F6B51,1
FUN_003f6b60,0x003F6B60,0x003F6B70,16
FUN_003f6b70,0x003F6B70,0x003F6B71,1
FUN_003f6b88,0x003F6B88,0x003F6DB0,552
FUN_003f6bc0,0x003F6BC0,0x003F6DB0,496
FUN_003f6bd8,0x003F6BD8,0x003F6DB0,472
FUN_003f6bf0,0x003F6BF0,0x003F6DB0,448
FUN_003f6d40,0x003F6D40,0x003F6DB0,112
FUN_003f6db0,0x003F6DB0,0x003F6DB1,1
FUN_003f6e10,0x003F6E10,0x003F6EA0,144
FUN_003f6e18,0x003F6E18,0x003F6EA0,136
FUN_003f6e30,0x003F6E30,0x003F6EA0,112
FUN_003f6e40,0x003F6E40,0x003F6EA0,96
FUN_003f6e50,0x003F6E50,0x003F6EA0,80
FUN_003f6e58,0x003F6E58,0x003F6EA0,72
FUN_003f6ea0,0x003F6EA0,0x003F6EA1,1
FUN_003f6ec0,0x003F6EC0,0x003F6F38,120
FUN_003f6f38,0x003F6F38,0x003F6F39,1
FUN_003f6f40,0x003F6F40,0x003F6F41,1
FUN_003f7028,0x003F7028,0x003F7040,24
FUN_003f7040,0x003F7040,0x003F7041,1
FUN_003f70c0,0x003F70C0,0x003F70D0,16
FUN_003f70d0,0x003F70D0,0x003F70D1,1
FUN_003f7138,0x003F7138,0x003F79B0,2168
FUN_003f7140,0x003F7140,0x003F79B0,2160
FUN_003f7170,0x003F7170,0x003F79B0,2112
FUN_003f7378,0x003F7378,0x003F79B0,1592
FUN_003f73a0,0x003F73A0,0x003F79B0,1552
FUN_003f76d0,0x003F76D0,0x003F79B0,736
FUN_003f7710,0x003F7710,0x003F79B0,672
FUN_003f7728,0x003F7728,0x003F79B0,648
FUN_003f7740,0x003F7740,0x003F79B0,624
FUN_003f7758,0x003F7758,0x003F79B0,600
FUN_003f7768,0x003F7768,0x003F79B0,584
FUN_003f77a8,0x003F77A8,0x003F79B0,520
FUN_003f77c8,0x003F77C8,0x003F79B0,488
FUN_003f77e0,0x003F77E0,0x003F79B0,464
FUN_003f77f0,0x003F77F0,0x003F79B0,448
FUN_003f78b8,0x003F78B8,0x003F79B0,248
FUN_003f7900,0x003F7900,0x003F79B0,176
FUN_003f79b0,0x003F79B0,0x003F79B1,1
FUN_003f7a10,0x003F7A10,0x003F7A11,1
FUN_003f7a28,0x003F7A28,0x003F7B58,304
FUN_003f7a50,0x003F7A50,0x003F7B58,264
FUN_003f7a58,0x003F7A58,0x003F7B58,256
FUN_003f7b58,0x003F7B58,0x003F7B59,1
FUN_003f7b88,0x003F7B88,0x003F7B89,1
FUN_003f7bc0,0x003F7BC0,0x003F8158,1432
FUN_003f7c00,0x003F7C00,0x003F8158,1368
FUN_003f7c40,0x003F7C40,0x003F8158,1304
FUN_003f7c80,0x003F7C80,0x003F8158,1240
FUN_003f7cc0,0x003F7CC0,0x003F8158,1176
FUN_003f7d00,0x003F7D00,0x003F8158,1112
FUN_003f7d40,0x003F7D40,0x003F8158,1048
FUN_003f7d58,0x003F7D58,0x003F8158,1024
FUN_003f7d80,0x003F7D80,0x003F8158,984
FUN_003f7ff8,0x003F7FF8,0x003F8158,352
FUN_003f8158,0x003F8158,0x003F8159,1
FUN_003f8170,0x003F8170,0x003F8338,456
FUN_003f81b8,0x003F81B8,0x003F8338,384
FUN_003f81c8,0x003F81C8,0x003F8338,368
FUN_003f8218,0x003F8218,0x003F8338,288
FUN_003f8220,0x003F8220,0x003F8338,280
FUN_003f8228,0x003F8228,0x003F8338,272
FUN_003f8270,0x003F8270,0x003F8338,200
FUN_003f8338,0x003F8338,0x003F8339,1
FUN_003f8380,0x003F8380,0x003F84C0,320
FUN_003f8390,0x003F8390,0x003F84C0,304
FUN_003f83a0,0x003F83A0,0x003F84C0,288
FUN_003f84c0,0x003F84C0,0x003F84C1,1
FUN_003f84f0,0x003F84F0,0x003F86F0,512
FUN_003f8530,0x003F8530,0x003F86F0,448
FUN_003f86f0,0x003F86F0,0x003F86F1,1
FUN_003f8730,0x003F8730,0x003F8731,1
FUN_003f8858,0x003F8858,0x003F8B40,744
FUN_003f88c0,0x003F88C0,0x003F8B40,640
FUN_003f88c8,0x003F88C8,0x003F8B40,632
FUN_003f8b40,0x003F8B40,0x003F8B41,1
FUN_003f8b70,0x003F8B70,0x003F8B71,1
FUN_003f8c08,0x003F8C08,0x003F8C09,1
FUN_003f8c40,0x003F8C40,0x003F8F30,752
FUN_003f8c88,0x003F8C88,0x003F8F30,680
FUN_003f8cf0,0x003F8CF0,0x003F8F30,576
FUN_003f8d00,0x003F8D00,0x003F8F30,560
FUN_003f8d10,0x003F8D10,0x003F8F30,544
FUN_003f8e60,0x003F8E60,0x003F8F30,208
FUN_003f8e98,0x003F8E98,0x003F8F30,152
FUN_003f8ea0,0x003F8EA0,0x003F8F30,144
FUN_003f8eb0,0x003F8EB0,0x003F8F30,128
FUN_003f8ec0,0x003F8EC0,0x003F8F30,112
FUN_003f8ed0,0x003F8ED0,0x003F8F30,96
FUN_003f8f30,0x003F8F30,0x003F8F31,1
FUN_003f8f50,0x003F8F50,0x003F8F70,32
FUN_003f8f70,0x003F8F70,0x003F8F71,1
FUN_003f8fe0,0x003F8FE0,0x003F8FE1,1
FUN_003f9020,0x003F9020,0x003F9021,1
FUN_003f9098,0x003F9098,0x003F9470,984
FUN_003f90c0,0x003F90C0,0x003F9470,944
FUN_003f90c8,0x003F90C8,0x003F9470,936
FUN_003f90d0,0x003F90D0,0x003F9470,928
FUN_003f90d8,0x003F90D8,0x003F9470,920
FUN_003f9150,0x003F9150,0x003F9470,800
FUN_003f9160,0x003F9160,0x003F9470,784
FUN_003f9170,0x003F9170,0x003F9470,768
FUN_003f9178,0x003F9178,0x003F9470,760
FUN_003f91e0,0x003F91E0,0x003F9470,656
FUN_003f9218,0x003F9218,0x003F9470,600
FUN_003f9228,0x003F9228,0x003F9470,584
FUN_003f9238,0x003F9238,0x003F9470,568
FUN_003f92a0,0x003F92A0,0x003F9470,464
FUN_003f92a8,0x003F92A8,0x003F9470,456
FUN_003f92b8,0x003F92B8,0x003F9470,440
FUN_003f92d8,0x003F92D8,0x003F9470,408
FUN_003f92e8,0x003F92E8,0x003F9470,392
FUN_003f92f8,0x003F92F8,0x003F9470,376
FUN_003f9308,0x003F9308,0x003F9470,360
FUN_003f9470,0x003F9470,0x003F9471,1
FUN_003f94d0,0x003F94D0,0x003F94D1,1
FUN_003f9530,0x003F9530,0x003F9531,1
FUN_003f9560,0x003F9560,0x003F9561,1
FUN_003f95d0,0x003F95D0,0x003F95D1,1
FUN_003f9610,0x003F9610,0x003F9611,1
FUN_003f9650,0x003F9650,0x003F9651,1
FUN_003f9690,0x003F9690,0x003F9691,1
FUN_003f96f0,0x003F96F0,0x003F96F1,1
FUN_003f9760,0x003F9760,0x003F9761,1
FUN_003f97a0,0x003F97A0,0x003F97A1,1
FUN_003f97e0,0x003F97E0,0x003F97E1,1
FUN_003f9830,0x003F9830,0x003F9831,1
FUN_003f9880,0x003F9880,0x003F9881,1
FUN_003f98e0,0x003F98E0,0x003F98E1,1
FUN_003f9930,0x003F9930,0x003F9931,1
FUN_003f9990,0x003F9990,0x003F9991,1
FUN_003f99e0,0x003F99E0,0x003F99E1,1
FUN_003f9a50,0x003F9A50,0x003F9A51,1
FUN_003f9a80,0x003F9A80,0x003F9A81,1
FUN_003f9ac0,0x003F9AC0,0x003F9B40,128
FUN_003f9ac8,0x003F9AC8,0x003F9B40,120
FUN_003f9b00,0x003F9B00,0x003F9B40,64
FUN_003f9b40,0x003F9B40,0x003F9B41,1
FUN_003f9b60,0x003F9B60,0x003F9B61,1
FUN_003f9b88,0x003F9B88,0x003FA1D0,1608
FUN_003f9b98,0x003F9B98,0x003FA1D0,1592
FUN_003f9bb8,0x003F9BB8,0x003FA1D0,1560
FUN_003f9bc0,0x003F9BC0,0x003FA1D0,1552
FUN_003f9bc8,0x003F9BC8,0x003FA1D0,1544
FUN_003f9bf8,0x003F9BF8,0x003FA1D0,1496
FUN_003f9c78,0x003F9C78,0x003FA1D0,1368
FUN_003f9c90,0x003F9C90,0x003FA1D0,1344
FUN_003f9cb0,0x003F9CB0,0x003FA1D0,1312
FUN_003f9d38,0x003F9D38,0x003FA1D0,1176
FUN_003f9d58,0x003F9D58,0x003FA1D0,1144
FUN_003f9d70,0x003F9D70,0x003FA1D0,1120
FUN_003f9d80,0x003F9D80,0x003FA1D0,1104
FUN_003f9db0,0x003F9DB0,0x003FA1D0,1056
FUN_003f9dd0,0x003F9DD0,0x003FA1D0,1024
FUN_003f9de8,0x003F9DE8,0x003FA1D0,1000
FUN_003f9e00,0x003F9E00,0x003FA1D0,976
FUN_003f9e10,0x003F9E10,0x003FA1D0,960
FUN_003f9e18,0x003F9E18,0x003FA1D0,952
FUN_003f9e38,0x003F9E38,0x003FA1D0,920
FUN_003f9e68,0x003F9E68,0x003FA1D0,872
FUN_003f9ea0,0x003F9EA0,0x003FA1D0,816
FUN_003f9eb8,0x003F9EB8,0x003FA1D0,792
FUN_003f9f08,0x003F9F08,0x003FA1D0,712
FUN_003f9f68,0x003F9F68,0x003FA1D0,616
FUN_003f9fc8,0x003F9FC8,0x003FA1D0,520
FUN_003f9fd0,0x003F9FD0,0x003FA1D0,512
FUN_003fa058,0x003FA058,0x003FA1D0,376
FUN_003fa068,0x003FA068,0x003FA1D0,360
FUN_003fa070,0x003FA070,0x003FA1D0,352
FUN_003fa080,0x003FA080,0x003FA1D0,336
FUN_003fa0a0,0x003FA0A0,0x003FA1D0,304
FUN_003fa0a8,0x003FA0A8,0x003FA1D0,296
FUN_003fa0f0,0x003FA0F0,0x003FA1D0,224
FUN_003fa110,0x003FA110,0x003FA1D0,192
FUN_003fa158,0x003FA158,0x003FA1D0,120
FUN_003fa170,0x003FA170,0x003FA1D0,96
FUN_003fa190,0x003FA190,0x003FA1D0,64
FUN_003fa1d0,0x003FA1D0,0x003FA1D1,1
FUN_003fa2e0,0x003FA2E0,0x003FA458,376
FUN_003fa308,0x003FA308,0x003FA458,336
FUN_003fa328,0x003FA328,0x003FA458,304
FUN_003fa340,0x003FA340,0x003FA458,280
FUN_003fa370,0x003FA370,0x003FA458,232
FUN_003fa3d0,0x003FA3D0,0x003FA458,136
FUN_003fa458,0x003FA458,0x003FA459,1
FUN_003fa460,0x003FA460,0x003FA461,1
FUN_003fa4b0,0x003FA4B0,0x003FA510,96
FUN_003fa4b8,0x003FA4B8,0x003FA510,88
FUN_003fa4c0,0x003FA4C0,0x003FA510,80
FUN_003fa510,0x003FA510,0x003FA511,1
FUN_003fa520,0x003FA520,0x003FA521,1
FUN_003fa540,0x003FA540,0x003FA541,1
FUN_003fa570,0x003FA570,0x003FA571,1
FUN_003fa588,0x003FA588,0x003FA600,120
FUN_003fa598,0x003FA598,0x003FA600,104
FUN_003fa600,0x003FA600,0x003FA601,1
FUN_003fa620,0x003FA620,0x003FA621,1
FUN_003fa650,0x003FA650,0x003FA651,1
FUN_003fa698,0x003FA698,0x003FA699,1
FUN_003fa6b0,0x003FA6B0,0x003FA6B1,1
FUN_003fa6e0,0x003FA6E0,0x003FA6E1,1
FUN_003fa710,0x003FA710,0x003FA711,1
FUN_003fa750,0x003FA750,0x003FA751,1
FUN_003fa790,0x003FA790,0x003FA791,1
FUN_003fa7b0,0x003FA7B0,0x003FA7B1,1
FUN_003fa7f0,0x003FA7F0,0x003FA7F1,1
FUN_003fa820,0x003FA820,0x003FA821,1
FUN_003fa868,0x003FA868,0x003FA9D8,368
FUN_003fa888,0x003FA888,0x003FA9D8,336
FUN_003fa898,0x003FA898,0x003FA9D8,320
FUN_003fa8b0,0x003FA8B0,0x003FA9D8,296
FUN_003fa8e0,0x003FA8E0,0x003FA9D8,248
FUN_003fa908,0x003FA908,0x003FA9D8,208
FUN_003fa928,0x003FA928,0x003FA9D8,176
FUN_003fa938,0x003FA938,0x003FA9D8,160
FUN_003fa9a0,0x003FA9A0,0x003FA9D8,56
FUN_003fa9d8,0x003FA9D8,0x003FA9D9,1
FUN_003fa9f0,0x003FA9F0,0x003FA9F1,1
FUN_003faa20,0x003FAA20,0x003FAA21,1
FUN_003faa50,0x003FAA50,0x003FAA51,1
FUN_003faa90,0x003FAA90,0x003FAA91,1
FUN_003faad0,0x003FAAD0,0x003FAAD1,1
FUN_003fab10,0x003FAB10,0x003FAB11,1
FUN_003fab50,0x003FAB50,0x003FAB51,1
FUN_003fab80,0x003FAB80,0x003FAB81,1
FUN_003fac60,0x003FAC60,0x003FAEC0,608
FUN_003fada0,0x003FADA0,0x003FAEC0,288
FUN_003fae60,0x003FAE60,0x003FAEC0,96
FUN_003faec0,0x003FAEC0,0x003FAEC1,1
FUN_003fb158,0x003FB158,0x003FB159,1
FUN_003fb170,0x003FB170,0x003FBC30,2752
FUN_003fb250,0x003FB250,0x003FBC30,2528
FUN_003fb3e0,0x003FB3E0,0x003FBC30,2128
FUN_003fb4f8,0x003FB4F8,0x003FBC30,1848
FUN_003fb520,0x003FB520,0x003FBC30,1808
FUN_003fb600,0x003FB600,0x003FBC30,1584
FUN_003fb610,0x003FB610,0x003FBC30,1568
FUN_003fb758,0x003FB758,0x003FBC30,1240
FUN_003fb788,0x003FB788,0x003FBC30,1192
FUN_003fb7f0,0x003FB7F0,0x003FBC30,1088
FUN_003fb840,0x003FB840,0x003FBC30,1008
FUN_003fb860,0x003FB860,0x003FBC30,976
FUN_003fb9d0,0x003FB9D0,0x003FBC30,608
FUN_003fba80,0x003FBA80,0x003FBC30,432
FUN_003fbb10,0x003FBB10,0x003FBC30,288
FUN_003fbb20,0x003FBB20,0x003FBC30,272
FUN_003fbb28,0x003FBB28,0x003FBC30,264
FUN_003fbb30,0x003FBB30,0x003FBC30,256
FUN_003fbb68,0x003FBB68,0x003FBC30,200
FUN_003fbb70,0x003FBB70,0x003FBC30,192
FUN_003fbb80,0x003FBB80,0x003FBC30,176
FUN_003fbba8,0x003FBBA8,0x003FBC30,136
FUN_003fbc08,0x003FBC08,0x003FBC30,40
FUN_003fbc30,0x003FBC30,0x003FBC31,1
FUN_003fbc98,0x003FBC98,0x003FBFB0,792
FUN_003fbce0,0x003FBCE0,0x003FBFB0,720
FUN_003fbd20,0x003FBD20,0x003FBFB0,656
FUN_003fbd70,0x003FBD70,0x003FBFB0,576
FUN_003fbe80,0x003FBE80,0x003FBFB0,304
FUN_003fbeb0,0x003FBEB0,0x003FBFB0,256
FUN_003fbec0,0x003FBEC0,0x003FBFB0,240
FUN_003fbfb0,0x003FBFB0,0x003FBFB1,1
FUN_003fbff8,0x003FBFF8,0x003FC130,312
FUN_003fc010,0x003FC010,0x003FC130,288
FUN_003fc018,0x003FC018,0x003FC130,280
FUN_003fc028,0x003FC028,0x003FC130,264
FUN_003fc0b0,0x003FC0B0,0x003FC130,128
FUN_003fc130,0x003FC130,0x003FC131,1
FUN_003fc158,0x003FC158,0x003FC2B0,344
FUN_003fc160,0x003FC160,0x003FC2B0,336
FUN_003fc220,0x003FC220,0x003FC2B0,144
FUN_003fc240,0x003FC240,0x003FC2B0,112
FUN_003fc258,0x003FC258,0x003FC2B0,88
FUN_003fc2b0,0x003FC2B0,0x003FC2B1,1
FUN_003fc3b8,0x003FC3B8,0x003FC588,464
FUN_003fc528,0x003FC528,0x003FC588,96
FUN_003fc530,0x003FC530,0x003FC588,88
FUN_003fc540,0x003FC540,0x003FC588,72
FUN_003fc588,0x003FC588,0x003FC589,1
FUN_003fc658,0x003FC658,0x003FD5A8,3920
FUN_003fc968,0x003FC968,0x003FD5A8,3136
FUN_003fc9f0,0x003FC9F0,0x003FD5A8,3000
FUN_003fca50,0x003FCA50,0x003FD5A8,2904
FUN_003fca70,0x003FCA70,0x003FD5A8,2872
FUN_003fcae0,0x003FCAE0,0x003FD5A8,2760
FUN_003fcc48,0x003FCC48,0x003FD5A8,2400
FUN_003fcd70,0x003FCD70,0x003FD5A8,2104
FUN_003fd358,0x003FD358,0x003FD5A8,592
FUN_003fd3e0,0x003FD3E0,0x003FD5A8,456
FUN_003fd450,0x003FD450,0x003FD5A8,344
FUN_003fd5a8,0x003FD5A8,0x003FD5A9,1
FUN_003fd680,0x003FD680,0x003FD70C,140
FUN_003fd710,0x003FD710,0x003FD7A4,148
FUN_003fd7b0,0x003FD7B0,0x003FD848,152
FUN_003fd850,0x003FD850,0x003FD8CC,124
FUN_003fd8d0,0x003FD8D0,0x003FD934,100
FUN_003fd940,0x003FD940,0x003FD9D0,144
FUN_003fd9d0,0x003FD9D0,0x003FDA34,100
FUN_003fda40,0x003FDA40,0x003FDAAC,108
FUN_003fdab0,0x003FDAB0,0x003FDB14,100
FUN_003fdb20,0x003FDB20,0x003FDBC0,160
FUN_003fdbc0,0x003FDBC0,0x003FDE7C,700
FUN_003fde80,0x003FDE80,0x003FE188,776
FUN_003fe190,0x003FE190,0x003FE444,692
FUN_003fe450,0x003FE450,0x003FE484,52
FUN_003fe490,0x003FE490,0x003FE4F4,100
FUN_003fe500,0x003FE500,0x003FE548,72
FUN_003fe550,0x003FE550,0x003FE700,432
FUN_003fe700,0x003FE700,0x003FE7EC,236
FUN_003fe7f0,0x003FE7F0,0x003FE854,100
FUN_003fe860,0x003FE860,0x003FE934,212
FUN_003fe940,0x003FE940,0x003FE974,52
FUN_003fe980,0x003FE980,0x003FF350,2512
FUN_003ff350,0x003FF350,0x003FF3B4,100
FUN_003ff3c0,0x003FF3C0,0x003FF424,100
FUN_003ff430,0x003FF430,0x003FF4A0,112
FUN_003ff4a0,0x003FF4A0,0x003FF608,360
FUN_003ff610,0x003FF610,0x003FF674,100
FUN_003ff680,0x003FF680,0x003FF7A4,292
FUN_003ff7b0,0x003FF7B0,0x003FF7EC,60
FUN_003ff7f0,0x003FF7F0,0x003FF9C0,464
FUN_003ff9c0,0x003FF9C0,0x003FFA48,136
FUN_003ffa50,0x003FFA50,0x003FFB00,176
FUN_003ffb00,0x003FFB00,0x003FFB64,100
FUN_003ffb70,0x003FFB70,0x003FFBD4,100
FUN_003ffbe0,0x003FFBE0,0x003FFC30,80
FUN_003ffc30,0x003FFC30,0x003FFC94,100
FUN_003ffca0,0x003FFCA0,0x003FFCDC,60
FUN_003ffce0,0x003FFCE0,0x003FFDC4,228
FUN_003ffdd0,0x003FFDD0,0x003FFF60,400
FUN_003fff60,0x003FFF60,0x003FFFA4,68
FUN_003fffb0,0x003FFFB0,0x0040002C,124
FUN_00400030,0x00400030,0x004000BC,140
FUN_004000c0,0x004000C0,0x004000F4,52
FUN_00400100,0x00400100,0x0040015C,92
FUN_00400160,0x00400160,0x00400330,464
FUN_00400330,0x00400330,0x00400398,104
FUN_004003a0,0x004003A0,0x004003DC,60
FUN_004003e0,0x004003E0,0x00400400,32
FUN_00400400,0x00400400,0x00400644,580
FUN_00400650,0x00400650,0x004006A8,88
FUN_004006b0,0x004006B0,0x004006B8,8
FUN_004006c0,0x004006C0,0x00400728,104
FUN_00400730,0x00400730,0x00400764,52
FUN_00400770,0x00400770,0x004007C8,88
FUN_004007d0,0x004007D0,0x0040082C,92
FUN_00400830,0x00400830,0x0040086C,60
FUN_00400870,0x00400870,0x00401BBC,4940
FUN_00401bc0,0x00401BC0,0x00401BD0,16
FUN_00401bd0,0x00401BD0,0x00401C04,52
FUN_00401c10,0x00401C10,0x00401C74,100
FUN_00401c80,0x00401C80,0x00401CB4,52
FUN_00401cc0,0x00401CC0,0x00401CE4,36
FUN_00401cf0,0x00401CF0,0x00401D78,136
FUN_00401d80,0x00401D80,0x00401DA8,40
FUN_00401db0,0x00401DB0,0x00401E28,120
FUN_00401e30,0x00401E30,0x00401E6C,60
FUN_00401e70,0x00401E70,0x00401EA4,52
FUN_00401eb0,0x00401EB0,0x00401F94,228
FUN_00401fa0,0x00401FA0,0x004020D4,308
FUN_004020e0,0x004020E0,0x00402248,360
FUN_00402250,0x00402250,0x004022C8,120
FUN_004022d0,0x004022D0,0x00402414,324
FUN_00402420,0x00402420,0x004024F0,208
FUN_004024f0,0x004024F0,0x00402568,120
FUN_00402570,0x00402570,0x004025D4,100
FUN_004025e0,0x004025E0,0x00402628,72
FUN_00402630,0x00402630,0x004026B4,132
FUN_004026c0,0x004026C0,0x00402744,132
FUN_00402750,0x00402750,0x004027F8,168
FUN_00402800,0x00402800,0x004028D0,208
FUN_004028d0,0x004028D0,0x00402940,112
FUN_00402940,0x00402940,0x00402960,32
FUN_00402960,0x00402960,0x00402990,48
FUN_00402990,0x00402990,0x004029F4,100
FUN_00402a00,0x00402A00,0x00402A8C,140
FUN_00402a90,0x00402A90,0x00402ACC,60
FUN_00402ad0,0x00402AD0,0x00402BB0,224
FUN_00402bb0,0x00402BB0,0x00402C34,132
FUN_00402c40,0x00402C40,0x00402CD4,148
FUN_00402ce0,0x00402CE0,0x00402D6C,140
FUN_00402d70,0x00402D70,0x00402DAC,60
FUN_00402db0,0x00402DB0,0x00402DEC,60
FUN_00402df0,0x00402DF0,0x00402E54,100
FUN_00402e60,0x00402E60,0x00402F7C,284
FUN_00402f80,0x00402F80,0x00402FE4,100
FUN_00402ff0,0x00402FF0,0x00403230,576
FUN_00403230,0x00403230,0x004032D4,164
FUN_004032e0,0x004032E0,0x0040336C,140
FUN_00403370,0x00403370,0x00403420,176
FUN_00403420,0x00403420,0x0040345C,60
FUN_00403460,0x00403460,0x004034C4,100
FUN_004034d0,0x004034D0,0x004034EC,28
FUN_004034f0,0x004034F0,0x00403580,144
FUN_00403580,0x00403580,0x004035BC,60
FUN_004035c0,0x004035C0,0x00403620,96
FUN_00403620,0x00403620,0x004036BC,156
FUN_004036c0,0x004036C0,0x00403724,100
FUN_00403730,0x00403730,0x00403764,52
FUN_00403770,0x00403770,0x004037F4,132
FUN_00403800,0x00403800,0x0040410C,2316
FUN_00404110,0x00404110,0x0040419C,140
FUN_004041a0,0x004041A0,0x00404234,148
FUN_00404240,0x00404240,0x004043A0,352
FUN_004043a0,0x004043A0,0x0040448C,236
FUN_00404490,0x00404490,0x004044F4,100
FUN_00404500,0x00404500,0x00404564,100
FUN_00404570,0x00404570,0x004049E0,1136
FUN_004049e0,0x004049E0,0x00404A08,40
FUN_00404a10,0x00404A10,0x00404AA4,148
FUN_00404ab0,0x00404AB0,0x00404B30,128
FUN_00404b30,0x00404B30,0x00404B6C,60
FUN_00404b70,0x00404B70,0x00404BAC,60
FUN_00404bb0,0x00404BB0,0x00404C04,84
FUN_00404c10,0x00404C10,0x00404CD0,192
FUN_00404cd0,0x00404CD0,0x00404D0C,60
FUN_00404f60,0x00404F60,0x004C5380,787488
FUN_00405060,0x00405060,0x004C5380,787232
FUN_004051c0,0x004051C0,0x004C5380,786880
FUN_00405400,0x00405400,0x004C5380,786304
FUN_004054b0,0x004054B0,0x004C5380,786128
FUN_00405990,0x00405990,0x004C5380,784880
FUN_00405a00,0x00405A00,0x004C5380,784768
FUN_00405fd0,0x00405FD0,0x004C5380,783280
FUN_00406000,0x00406000,0x004C5380,783232
FUN_00406030,0x00406030,0x004C5380,783184
FUN_00406060,0x00406060,0x004C5380,783136
FUN_004060e0,0x004060E0,0x004C5380,783008
FUN_004062d0,0x004062D0,0x004C5380,782512
FUN_00406600,0x00406600,0x004C5380,781696
FUN_00406650,0x00406650,0x004C5380,781616
FUN_004066d0,0x004066D0,0x004C5380,781488
FUN_00406730,0x00406730,0x004C5380,781392
FUN_00406740,0x00406740,0x004C5380,781376
FUN_00406800,0x00406800,0x004C5380,781184
FUN_00406850,0x00406850,0x004C5380,781104
FUN_00406bb0,0x00406BB0,0x004C5380,780240
FUN_00406c10,0x00406C10,0x004C5380,780144
FUN_00406e80,0x00406E80,0x004C5380,779520
FUN_00407050,0x00407050,0x004C5380,779056
FUN_00407140,0x00407140,0x004C5380,778816
FUN_00407550,0x00407550,0x004C5380,777776
FUN_004075c0,0x004075C0,0x004C5380,777664
FUN_00407700,0x00407700,0x004C5380,777344
FUN_0040777c,0x0040777C,0x004C5380,777220
FUN_00407820,0x00407820,0x004C5380,777056
FUN_004079e0,0x004079E0,0x004C5380,776608
FUN_00407a70,0x00407A70,0x004C5380,776464
FUN_00407b40,0x00407B40,0x004C5380,776256
FUN_00407d40,0x00407D40,0x004C5380,775744
FUN_00407dd0,0x00407DD0,0x004C5380,775600
FUN_00407ef0,0x00407EF0,0x004C5380,775312
FUN_00408000,0x00408000,0x004C5380,775040
FUN_00408010,0x00408010,0x004C5380,775024
FUN_004080a0,0x004080A0,0x004C5380,774880
FUN_00408110,0x00408110,0x004C5380,774768
FUN_00408180,0x00408180,0x004C5380,774656
FUN_004081f0,0x004081F0,0x004C5380,774544
FUN_00408250,0x00408250,0x004C5380,774448
FUN_004082c0,0x004082C0,0x004C5380,774336
FUN_00408330,0x00408330,0x004C5380,774224
FUN_00408350,0x00408350,0x004C5380,774192
FUN_004083d0,0x004083D0,0x004C5380,774064
FUN_004c5380,0x004C5380,0x004C5388,8
thunk_FUN_001e7040,0x004C53C0,0x004C53C8,8
FUN_004c5400,0x004C5400,0x004C5610,524
FUN_004c5610,0x004C5610,0x004C5670,96
FUN_004c5670,0x004C5670,0x004C5678,8
FUN_004c5678,0x004C5678,0x004C56D8,96
FUN_004c56d8,0x004C56D8,0x004C5738,96
FUN_004c5738,0x004C5738,0x004C5798,96
FUN_004c5798,0x004C5798,0x004C57F8,96
FUN_004c57f8,0x004C57F8,0x004C5960,360
FUN_004c5960,0x004C5960,0x004C5AE4,380
FUN_004c5ae8,0x004C5AE8,0x004C5C6C,376
FUN_004c5c70,0x004C5C70,0x004C5C80,16
FUN_004c5c80,0x004C5C80,0x004C5CC4,68
FUN_004c5cc8,0x004C5CC8,0x004C5CD4,12
FUN_004c5cd8,0x004C5CD8,0x004C5D64,140
FUN_004c5d68,0x004C5D68,0x004C5DA4,56
FUN_004c5da8,0x004C5DA8,0x004C5E48,160
FUN_004c5e48,0x004C5E48,0x004C5E90,72
FUN_004c5e90,0x004C5E90,0x004C5F24,148
FUN_004c5f28,0x004C5F28,0x004C6078,336
FUN_004c6078,0x004C6078,0x004C60F8,120
FUN_004c60f8,0x004C60F8,0x004C6118,32
FUN_004c6118,0x004C6118,0x004C6150,56
FUN_004c6150,0x004C6150,0x004C6160,16
FUN_004c6160,0x004C6160,0x004C616C,12
FUN_004c6170,0x004C6170,0x004C619C,44
FUN_004c61a0,0x004C61A0,0x004C61A8,8
FUN_004c61a8,0x004C61A8,0x004C6230,136
FUN_004c6230,0x004C6230,0x004C63F8,448
FUN_004c63f8,0x004C63F8,0x004C64C8,208
FUN_004c64c8,0x004C64C8,0x004C65CC,260
FUN_004c65d0,0x004C65D0,0x004C6714,320
FUN_004c6718,0x004C6718,0x004C6838,284
FUN_004c6838,0x004C6838,0x004C6940,264
FUN_004c6940,0x004C6940,0x004C6A48,264
FUN_004c6a48,0x004C6A48,0x004C6B50,260
FUN_004c6b50,0x004C6B50,0x004C6C28,212
FUN_004c6c28,0x004C6C28,0x004C6CD4,136
FUN_004c6cd8,0x004C6CD8,0x004C6DF0,276
FUN_004c6df0,0x004C6DF0,0x004C6E98,168
FUN_004c6e98,0x004C6E98,0x004C6FF0,340
FUN_004c6ff0,0x004C6FF0,0x004C7164,364
FUN_004c7168,0x004C7168,0x004C7238,204
FUN_004c7238,0x004C7238,0x004C7328,232
FUN_004c7328,0x004C7328,0x004C73F0,196
FUN_004c73f0,0x004C73F0,0x004C741C,44
FUN_004c7420,0x004C7420,0x004C7504,228
FUN_004c7508,0x004C7508,0x004C76A0,408
FUN_004c76a0,0x004C76A0,0x004C7714,116
FUN_004c7718,0x004C7718,0x004C77B8,160
FUN_004c77b8,0x004C77B8,0x004C77F4,60
FUN_004c77f8,0x004C77F8,0x004C7944,332
FUN_004c7948,0x004C7948,0x004C7A44,248
FUN_004c7a48,0x004C7A48,0x004C7AD4,136
FUN_004c7ad8,0x004C7AD8,0x004C7B64,136
FUN_004c7b68,0x004C7B68,0x004C7B90,40
FUN_004c7b90,0x004C7B90,0x004C7BB8,40
FUN_004c7bb8,0x004C7BB8,0x004C7CBC,256
FUN_004c7cc0,0x004C7CC0,0x004C7DC4,256
FUN_004c7dc8,0x004C7DC8,0x004C7DF0,40
FUN_004c7df0,0x004C7DF0,0x004C7E18,40
FUN_004c7e18,0x004C7E18,0x004C7F30,280
FUN_004c7f30,0x004C7F30,0x004C7FF0,184
FUN_004c7ff0,0x004C7FF0,0x004C8124,308
FUN_004c8128,0x004C8128,0x004C822C,256
FUN_004c8230,0x004C8230,0x004C82F0,192
FUN_004c82f0,0x004C82F0,0x004C842C,316
FUN_004c8430,0x004C8430,0x004C848C,92
FUN_004c8490,0x004C8490,0x004C8578,228
FUN_004c8578,0x004C8578,0x004C8660,228
FUN_004c8660,0x004C8660,0x004C8754,240
FUN_004c8758,0x004C8758,0x004C87C0,100
FUN_004c87c0,0x004C87C0,0x004C8820,96
FUN_004c8820,0x004C8820,0x004C887C,92
FUN_004c8880,0x004C8880,0x004C88A0,32
FUN_004c88a0,0x004C88A0,0x004C89BC,284
FUN_004c89c0,0x004C89C0,0x004C8A7C,184
FUN_004c8a80,0x004C8A80,0x004C8A94,20
FUN_004c8a98,0x004C8A98,0x004C8B68,200
FUN_004c8b68,0x004C8B68,0x004C8C38,200
FUN_004c8c38,0x004C8C38,0x004C8CB8,128
FUN_004c8cb8,0x004C8CB8,0x004C8D10,88
FUN_004c8d10,0x004C8D10,0x004C8E68,344
FUN_004c8e68,0x004C8E68,0x004C8F0C,164
FUN_004c8f10,0x004C8F10,0x004C8F40,48
FUN_004c8f40,0x004C8F40,0x004C91A4,480
FUN_004c91a8,0x004C91A8,0x004C91DC,52
FUN_004c91e0,0x004C91E0,0x004C91FC,28
FUN_004c9200,0x004C9200,0x004C9228,40
FUN_004c9228,0x004C9228,0x004C9290,104
FUN_004c9290,0x004C9290,0x004C92D4,68
FUN_004c92d8,0x004C92D8,0x004C9580,672
FUN_004c9580,0x004C9580,0x004C9778,496
FUN_004c9778,0x004C9778,0x004C999C,544
FUN_004c99a0,0x004C99A0,0x004C9AF8,336
FUN_004c9af8,0x004C9AF8,0x004C9CBC,444
FUN_004c9cc0,0x004C9CC0,0x004C9DFC,316
FUN_004c9e00,0x004C9E00,0x004C9F2C,296
FUN_004c9f30,0x004C9F30,0x004CA114,480
FUN_004ca118,0x004CA118,0x004CA39C,632
FUN_004ca3a0,0x004CA3A0,0x004CA620,628
FUN_004ca620,0x004CA620,0x004CAA58,984
FUN_004caa58,0x004CAA58,0x004CAD38,648
FUN_004cad38,0x004CAD38,0x004CAF38,496
FUN_004caf38,0x004CAF38,0x004CB4D8,1412
FUN_004cb4d8,0x004CB4D8,0x004CB868,892
FUN_004cb868,0x004CB868,0x004CBAF4,632
FUN_004cbaf8,0x004CBAF8,0x004CBC68,360
FUN_004cbc68,0x004CBC68,0x004CBD6C,256
FUN_004cbd70,0x004CBD70,0x004CBF64,492
FUN_004cbf68,0x004CBF68,0x004CC0E0,364
FUN_004cc0e0,0x004CC0E0,0x004CC258,364
FUN_004cc258,0x004CC258,0x004CC364,264
FUN_004cc368,0x004CC368,0x004CC460,244
FUN_004cc460,0x004CC460,0x004CC620,440
FUN_004cc620,0x004CC620,0x004CC810,488
FUN_004cc810,0x004CC810,0x004CC820,16
FUN_004cc820,0x004CC820,0x004CC958,304
FUN_004cc958,0x004CC958,0x004CCA90,304
FUN_004cca90,0x004CCA90,0x004CCACC,60
FUN_004ccad0,0x004CCAD0,0x004CCAE8,24
FUN_004ccae8,0x004CCAE8,0x004CCB2C,68
FUN_004ccb30,0x004CCB30,0x004CCC50,280
FUN_004ccc50,0x004CCC50,0x004CCC68,24
FUN_004ccc68,0x004CCC68,0x004CCC80,24
FUN_004ccc80,0x004CCC80,0x004CCCAC,40
FUN_004cccb0,0x004CCCB0,0x004CCD3C,140
FUN_004ccd40,0x004CCD40,0x004CCD78,56
FUN_004ccd78,0x004CCD78,0x004CCD98,32
FUN_004ccd98,0x004CCD98,0x004CCDC4,44
FUN_004ccdc8,0x004CCDC8,0x004CCDF4,44
FUN_004ccdf8,0x004CCDF8,0x004CCE90,152
FUN_004cce90,0x004CCE90,0x004CD190,764
FUN_004cd190,0x004CD190,0x004CD61C,1160
FUN_004cd620,0x004CD620,0x004CE254,3100
FUN_004ce258,0x004CE258,0x004CE42C,468
FUN_004ce430,0x004CE430,0x004CE4E8,180
FUN_004ce4e8,0x004CE4E8,0x004CE5EC,260
FUN_004ce5f0,0x004CE5F0,0x004CED54,1840
FUN_004ced58,0x004CED58,0x004CF250,1256
FUN_004cf250,0x004CF250,0x004CF6FC,1192
FUN_004cf700,0x004CF700,0x004CFB60,1100
FUN_004cfb60,0x004CFB60,0x004D0008,1180
FUN_004d0008,0x004D0008,0x004D0100,248
FUN_004d0100,0x004D0100,0x004D0980,2164
FUN_004d0980,0x004D0980,0x004D09A8,40
FUN_004d09a8,0x004D09A8,0x004D0AA8,252
FUN_004d0aa8,0x004D0AA8,0x004D0BD8,304
FUN_004d0bd8,0x004D0BD8,0x004D1B20,3876
FUN_004d1b20,0x004D1B20,0x004D1C18,248
FUN_004d1c18,0x004D1C18,0x004D1E9C,644
FUN_004d1ea0,0x004D1EA0,0x004D2198,756
FUN_004d2198,0x004D2198,0x004D3318,4436
FUN_004d3318,0x004D3318,0x004D344C,296
FUN_004d3450,0x004D3450,0x004D375C,768
FUN_004d3760,0x004D3760,0x004D404C,2244
FUN_004d4050,0x004D4050,0x004D45A4,1352
FUN_004d45a8,0x004D45A8,0x004D47B0,516
FUN_004d47b0,0x004D47B0,0x004D5054,2204
FUN_004d5058,0x004D5058,0x004D52F8,660
FUN_004d52f8,0x004D52F8,0x004D5318,32
FUN_004d5318,0x004D5318,0x004D53C8,176
FUN_004d53c8,0x004D53C8,0x004D5594,452
FUN_004d5598,0x004D5598,0x004D5718,376
FUN_004d5718,0x004D5718,0x004D582C,276
FUN_004d5830,0x004D5830,0x004D59B4,388
FUN_004d59b8,0x004D59B8,0x004D5AA8,236
FUN_004d5aa8,0x004D5AA8,0x004D5AB8,16
FUN_004d5ab8,0x004D5AB8,0x004D5B18,96
FUN_004d5b18,0x004D5B18,0x004D63A0,2148
FUN_004d63a0,0x004D63A0,0x004D670C,872
FUN_004d6710,0x004D6710,0x004D6BBC,1192
FUN_004d6bc0,0x004D6BC0,0x004D6FC0,1016
FUN_004d6fc0,0x004D6FC0,0x004D7460,1172
FUN_004d7460,0x004D7460,0x004D753C,220
FUN_004d7540,0x004D7540,0x004D8140,3056
FUN_004d8140,0x004D8140,0x004D8168,40
FUN_004d8168,0x004D8168,0x004D8268,252
FUN_004d8268,0x004D8268,0x004D8398,304
FUN_004d8398,0x004D8398,0x004D9278,3768
FUN_004d9278,0x004D9278,0x004D98F0,1640
FUN_004d98f0,0x004D98F0,0x004D9AC8,468
FUN_004d9ac8,0x004D9AC8,0x004D9EC8,1024
FUN_004d9ec8,0x004D9EC8,0x004DA0D8,524
FUN_004da0d8,0x004DA0D8,0x004DA29C,444
FUN_004da2a0,0x004DA2A0,0x004DA3F8,344
FUN_004da3f8,0x004DA3F8,0x004DA57C,376
FUN_004da580,0x004DA580,0x004DA6F8,372
FUN_004da6f8,0x004DA6F8,0x004DA82C,300
FUN_004da830,0x004DA830,0x004DAA00,460
FUN_004daa00,0x004DAA00,0x004DAADC,220
FUN_004daae0,0x004DAAE0,0x004DACA8,384
FUN_004daca8,0x004DACA8,0x004DAD8C,224
FUN_004dad90,0x004DAD90,0x004DB350,1380
FUN_004db350,0x004DB350,0x004DB970,1552
FUN_004db970,0x004DB970,0x004DBDAC,1064
FUN_004dbdb0,0x004DBDB0,0x004DBF6C,436
FUN_004dbf70,0x004DBF70,0x004DC174,508
FUN_004dc178,0x004DC178,0x004DCAD0,2376
FUN_004dcad0,0x004DCAD0,0x004DCC54,376
FUN_004dcc58,0x004DCC58,0x004DD070,1028
FUN_004dd070,0x004DD070,0x004DD1D4,344
FUN_004dd1d8,0x004DD1D8,0x004DD604,1064
FUN_004dd608,0x004DD608,0x004DDF44,2348
FUN_004ddf48,0x004DDF48,0x004DE044,252
FUN_004de048,0x004DE048,0x004DE124,220
FUN_004de128,0x004DE128,0x004DE14C,36
FUN_004de150,0x004DE150,0x004DE174,36
FUN_004de178,0x004DE178,0x004DE258,216
FUN_004de258,0x004DE258,0x004DE2C0,104
FUN_004de2c0,0x004DE2C0,0x004DE2F8,56
FUN_004de2f8,0x004DE2F8,0x004DE3BC,192
FUN_004de3c0,0x004DE3C0,0x004DE48C,200
FUN_004de490,0x004DE490,0x004DE4D0,60
FUN_004de4d0,0x004DE4D0,0x004DE510,60
FUN_004de510,0x004DE510,0x004DE570,92
FUN_004de570,0x004DE570,0x004DE5F0,124
FUN_004de5f0,0x004DE5F0,0x004DE5F8,8
FUN_004de5f8,0x004DE5F8,0x004DE654,88
FUN_004de658,0x004DE658,0x004DE6B8,96
FUN_004de6b8,0x004DE6B8,0x004DE70C,84
FUN_004de710,0x004DE710,0x004DE8D0,448
FUN_004de8d0,0x004DE8D0,0x004DE910,64
FUN_004de910,0x004DE910,0x004DE930,32
FUN_004de930,0x004DE930,0x004DE984,80
FUN_004de988,0x004DE988,0x004DE9D4,76
FUN_004de9d8,0x004DE9D8,0x004DEA38,96
FUN_004dea38,0x004DEA38,0x004DEAAC,116
FUN_004deab0,0x004DEAB0,0x004DEAE4,52
FUN_004deae8,0x004DEAE8,0x004DEB1C,52
FUN_004deb20,0x004DEB20,0x004DEB48,40
FUN_004deb48,0x004DEB48,0x004DEB58,16
FUN_004deb58,0x004DEB58,0x004DEB9C,68
FUN_004deba0,0x004DEBA0,0x004DEC04,100
FUN_004dec08,0x004DEC08,0x004DEC64,92
FUN_004dec68,0x004DEC68,0x004DECC0,88
FUN_004decc0,0x004DECC0,0x004DEE24,344
FUN_004dee28,0x004DEE28,0x004DEE9C,116
FUN_004deea0,0x004DEEA0,0x004DEF20,128
FUN_004def20,0x004DEF20,0x004DEF94,116
FUN_004def98,0x004DEF98,0x004DF0B8,288
FUN_004df0b8,0x004DF0B8,0x004DF0C4,12
FUN_004df0c8,0x004DF0C8,0x004DF158,140
FUN_004df158,0x004DF158,0x004DF1E8,140
FUN_004df1e8,0x004DF1E8,0x004DF200,24
FUN_004df200,0x004DF200,0x004DF258,88
FUN_004df258,0x004DF258,0x004DF278,32
FUN_004df278,0x004DF278,0x004DF288,16
FUN_004df288,0x004DF288,0x004DF2C8,60
FUN_004df2c8,0x004DF2C8,0x004DF420,344
FUN_004df420,0x004DF420,0x004DF46C,76
FUN_004df470,0x004DF470,0x004DF894,1056
FUN_004df898,0x004DF898,0x004DFD20,1156
FUN_004dfd20,0x004DFD20,0x004E0050,812
FUN_004e0050,0x004E0050,0x004E0D00,3248
FUN_004e0d00,0x004E0D00,0x004E0FD4,724
FUN_004e1024,0x004E1024,0x004E11D0,428
FUN_004e11d0,0x004E11D0,0x004E1254,132
FUN_004e1258,0x004E1258,0x004E14E0,648
FUN_004e14e0,0x004E14E0,0x004E1708,552
FUN_004e1708,0x004E1708,0x004E1B28,1056
FUN_004e1b28,0x004E1B28,0x004E1D04,464
FUN_004e1d08,0x004E1D08,0x004E1E2C,292
FUN_004e1e30,0x004E1E30,0x004E1F04,212
FUN_004e1f08,0x004E1F08,0x004E2008,252
FUN_004e2008,0x004E2008,0x004E2240,560
FUN_004e2240,0x004E2240,0x004E25D8,912
FUN_004e25d8,0x004E25D8,0x004E2C78,1692
FUN_004e2c78,0x004E2C78,0x004E35C8,2364
FUN_004e35c8,0x004E35C8,0x004E37F8,560
FUN_004e37f8,0x004E37F8,0x004E3A24,552
FUN_004e3a28,0x004E3A28,0x004E3CC8,668
FUN_004e3cc8,0x004E3CC8,0x004E3D1C,84
FUN_004e3d20,0x004E3D20,0x004E3E08,228
FUN_004e3e08,0x004E3E08,0x004E3ED4,204
FUN_004e3ed8,0x004E3ED8,0x004E3F28,80
FUN_004e3f28,0x004E3F28,0x004E3F78,80
FUN_004e3f78,0x004E3F78,0x004E3FC8,76
FUN_004e3fc8,0x004E3FC8,0x004E4004,60
FUN_004e4008,0x004E4008,0x004E408C,132
FUN_004e4090,0x004E4090,0x004E4170,224
FUN_004e4170,0x004E4170,0x004E4254,228
FUN_004e4258,0x004E4258,0x004E42A4,76
FUN_004e42a8,0x004E42A8,0x004E4414,356
FUN_004e4418,0x004E4418,0x004E4454,60
FUN_004e4458,0x004E4458,0x004E4550,248
FUN_004e4550,0x004E4550,0x004E4628,212
FUN_004e4628,0x004E4628,0x004E47F8,464
FUN_004e47f8,0x004E47F8,0x004E4A40,584
FUN_004e4a40,0x004E4A40,0x004E4B60,284
FUN_004e4b60,0x004E4B60,0x004E4DC0,608
FUN_004e4dc0,0x004E4DC0,0x004E53DC,1540
FUN_004e53e0,0x004E53E0,0x004E5538,340
FUN_004e5538,0x004E5538,0x004E5664,296
FUN_004e5668,0x004E5668,0x004E58E4,624
FUN_004e58e8,0x004E58E8,0x004E5944,92
FUN_004e5948,0x004E5948,0x004E5960,24
FUN_004e5950,0x004E5950,0x004E5960,16
FUN_004e5960,0x004E5960,0x004E5B34,464
FUN_004e5b38,0x004E5B38,0x004E5D6C,560
FUN_004e5d70,0x004E5D70,0x004E5FFC,644
FUN_004e6000,0x004E6000,0x004E64DC,1232
FUN_004e64e0,0x004E64E0,0x004E660C,292
FUN_004e6610,0x004E6610,0x004E67B0,400
FUN_004e67b0,0x004E67B0,0x004E69DC,540
FUN_004e69e0,0x004E69E0,0x004E6A3C,92
FUN_004e6a40,0x004E6A40,0x004E6A48,8
FUN_004e6a48,0x004E6A48,0x004E6AF0,164
FUN_004e6af0,0x004E6AF0,0x004E6BBC,204
FUN_004e6bc0,0x004E6BC0,0x004E6C20,96
FUN_004e6c20,0x004E6C20,0x004E6EE8,712
FUN_004e6ee8,0x004E6EE8,0x004E711C,544
FUN_004e7120,0x004E7120,0x004E715C,60
FUN_004e7160,0x004E7160,0x004E71B8,88
FUN_004e71b8,0x004E71B8,0x004E71F8,64
FUN_004e71f8,0x004E71F8,0x004E7AB4,2228
FUN_004e7ab8,0x004E7AB8,0x004E7C78,448
FUN_004e7c78,0x004E7C78,0x004E8088,1040
FUN_004e8088,0x004E8088,0x004E870C,1660
FUN_004e8710,0x004E8710,0x004E89BC,680
FUN_004e89c0,0x004E89C0,0x004E8A4C,140
FUN_004e8a50,0x004E8A50,0x004E8AE4,140
FUN_004e8ae8,0x004E8AE8,0x004E8D74,648
FUN_004e8d78,0x004E8D78,0x004E8EA8,304
FUN_004e8ea8,0x004E8EA8,0x004E907C,464
FUN_004e9080,0x004E9080,0x004E935C,728
FUN_004e9360,0x004E9360,0x004EA0F8,3456
FUN_004ea0f8,0x004EA0F8,0x004EAA24,2328
FUN_004eaa28,0x004EAA28,0x004EAB2C,260
FUN_004eab30,0x004EAB30,0x004EAE38,768
FUN_004eae38,0x004EAE38,0x004EB074,572
FUN_004eb078,0x004EB078,0x004EB3A0,808
FUN_004eb3a0,0x004EB3A0,0x004EB3DC,60
FUN_004eb3e0,0x004EB3E0,0x004EB4A8,200
FUN_004eb4a8,0x004EB4A8,0x004EB5C0,280
FUN_004eb5c0,0x004EB5C0,0x004EB5E8,40
FUN_004eb5c8,0x004EB5C8,0x004EB5E8,32
FUN_004eb5e8,0x004EB5E8,0x004EB7D4,492
FUN_004eb7d8,0x004EB7D8,0x004EBB98,956
FUN_004ebb98,0x004EBB98,0x004EBCAC,276
FUN_004ebcb0,0x004EBCB0,0x004EC12C,1144
FUN_004ec130,0x004EC130,0x004EC1F8,200
FUN_004ec1f8,0x004EC1F8,0x004EC3A0,408
FUN_004ec3a0,0x004EC3A0,0x004EC594,484
FUN_004ec598,0x004EC598,0x004ED6DC,4348
FUN_004ed6e0,0x004ED6E0,0x004EF06C,6432
FUN_004ef070,0x004EF070,0x004EF18C,284
FUN_004ef190,0x004EF190,0x004EF6C4,1312
FUN_004ef6c8,0x004EF6C8,0x004EF950,636
FUN_004ef950,0x004EF950,0x004EFB14,444
FUN_004efb18,0x004EFB18,0x004EFC5C,316
FUN_004efc60,0x004EFC60,0x004EFF68,772
FUN_004eff68,0x004EFF68,0x004F0BBC,3112
FUN_004f0bc0,0x004F0BC0,0x004F0BFC,60
FUN_004f0c00,0x004F0C00,0x004F0C7C,124
FUN_004f0c80,0x004F0C80,0x004F0CB8,56
FUN_004f0cb0,0x004F0CB0,0x004F0CB8,8
FUN_004f0cb8,0x004F0CB8,0x004F10BC,1020
FUN_004f10c0,0x004F10C0,0x004F14F8,1080
FUN_004f14f8,0x004F14F8,0x004F1894,920
FUN_004f1898,0x004F1898,0x004F1A48,428
FUN_004f1a48,0x004F1A48,0x004F1D80,812
FUN_004f1d80,0x004F1D80,0x004F1F5C,468
FUN_004f1f60,0x004F1F60,0x004F24F4,1412
FUN_004f24f8,0x004F24F8,0x004F28BC,956
FUN_004f28c0,0x004F28C0,0x004F28FC,60
FUN_004f2900,0x004F2900,0x004F2B2C,556
FUN_004f2b30,0x004F2B30,0x004F2D24,496
FUN_004f2d28,0x004F2D28,0x004F2D64,60
FUN_004f2d68,0x004F2D68,0x004F2EA0,312
FUN_004f2ea0,0x004F2EA0,0x004F2F8C,232
FUN_004f2f90,0x004F2F90,0x004F3104,372
FUN_004f3108,0x004F3108,0x004F3144,60
FUN_004f3148,0x004F3148,0x004F3248,256
FUN_004f3248,0x004F3248,0x004F332C,216
FUN_004f3330,0x004F3330,0x004F336C,60
FUN_004f3370,0x004F3370,0x004F3498,296
FUN_004f3498,0x004F3498,0x004F34C8,48
FUN_004f34c8,0x004F34C8,0x004F35A0,212
FUN_004f35a0,0x004F35A0,0x004F3690,240
FUN_004f3690,0x004F3690,0x004F3824,400
FUN_004f3828,0x004F3828,0x004F3EA8,1644
FUN_004f3ea8,0x004F3EA8,0x004F4150,672
FUN_004f4150,0x004F4150,0x004F43A0,588
FUN_004f43a0,0x004F43A0,0x004F43DC,60
FUN_004f43e0,0x004F43E0,0x004F46F0,784
FUN_004f46f0,0x004F46F0,0x004F472C,60
FUN_004f4730,0x004F4730,0x004F4824,244
FUN_004f4824,0x004F4824,0x004F48FC,340
FUN_004f4900,0x004F4900,0x004F494C,76
FUN_004f4950,0x004F4950,0x004F4EDC,1380
FUN_004f4ee0,0x004F4EE0,0x004F5428,1352
FUN_004f5428,0x004F5428,0x004F5704,728
FUN_004f5708,0x004F5708,0x004F5940,564
FUN_004f5940,0x004F5940,0x004F5E6C,1312
FUN_004f5e70,0x004F5E70,0x004F5EAC,60
FUN_004f5eb0,0x004F5EB0,0x004F5F1C,108
FUN_004f5f20,0x004F5F20,0x004F5FFC,216
FUN_004f6000,0x004F6000,0x004F610C,268
FUN_004f6110,0x004F6110,0x004F6918,2036
FUN_004f6918,0x004F6918,0x004F6954,60
FUN_004f6958,0x004F6958,0x004F6B08,432
FUN_004f6b08,0x004F6B08,0x004F6C78,360
FUN_004f6c78,0x004F6C78,0x004F6CDC,100
FUN_004f6ce0,0x004F6CE0,0x004F700C,804
FUN_004f7010,0x004F7010,0x004F7034,36
FUN_004f7038,0x004F7038,0x004F7088,80
FUN_004f7088,0x004F7088,0x004F70A0,24
FUN_004f70a0,0x004F70A0,0x004F70C4,36
FUN_004f70c8,0x004F70C8,0x004F7148,128
FUN_004f7148,0x004F7148,0x004F7300,440
FUN_004f7300,0x004F7300,0x004F7428,296
FUN_004f7428,0x004F7428,0x004F74C0,148
FUN_004f74c0,0x004F74C0,0x004F757C,184
FUN_004f7580,0x004F7580,0x004F7674,244
FUN_004f7678,0x004F7678,0x004F769C,36
FUN_004f76a0,0x004F76A0,0x004F76F0,80
FUN_004f76f0,0x004F76F0,0x004F7778,136
FUN_004f7778,0x004F7778,0x004F77F8,128
FUN_004f77f8,0x004F77F8,0x004F7880,136
FUN_004f7880,0x004F7880,0x004F78A4,36
FUN_004f78a8,0x004F78A8,0x004F7A44,412
FUN_004f7a48,0x004F7A48,0x004F7C48,508
FUN_004f7c48,0x004F7C48,0x004F80A4,1108
FUN_004f80a8,0x004F80A8,0x004F812C,132
FUN_004f8130,0x004F8130,0x004F8374,576
FUN_004f8378,0x004F8378,0x004F8468,240
FUN_004f8468,0x004F8468,0x004F9670,4580
FUN_004f9670,0x004F9670,0x004F9894,536
FUN_004f9898,0x004F9898,0x004F9CA4,1024
FUN_004f9ca8,0x004F9CA8,0x004F9CE4,60
FUN_004f9ce8,0x004F9CE8,0x004F9DC0,216
FUN_004f9dc0,0x004F9DC0,0x004FA098,728
FUN_004fa098,0x004FA098,0x004FA1FC,352
FUN_004fa200,0x004FA200,0x004FA440,568
FUN_004fa440,0x004FA440,0x004FA620,480
FUN_004fa620,0x004FA620,0x004FA800,480
FUN_004fa800,0x004FA800,0x004FAF54,1848
FUN_004faf58,0x004FAF58,0x004FB1BC,612
FUN_004fb1c0,0x004FB1C0,0x004FB51C,828
FUN_004fb520,0x004FB520,0x004FB998,1144
FUN_004fb998,0x004FB998,0x004FBA34,156
FUN_004fba38,0x004FBA38,0x004FBB98,348
FUN_004fbb98,0x004FBB98,0x004FC004,1132
FUN_004fc008,0x004FC008,0x004FC044,60
FUN_004fc048,0x004FC048,0x004FC0A0,88
FUN_004fc0a0,0x004FC0A0,0x004FC0D8,56
FUN_004fc0d8,0x004FC0D8,0x004FC0E0,8
FUN_004fc0e0,0x004FC0E0,0x004FC164,124
FUN_004fc168,0x004FC168,0x004FC200,152
FUN_004fc200,0x004FC200,0x004FC240,64
FUN_004fc240,0x004FC240,0x004FC620,992
FUN_004fc620,0x004FC620,0x004FCB2C,1284
FUN_004fcb30,0x004FCB30,0x004FCDA4,624
FUN_004fcda8,0x004FCDA8,0x004FCDE4,60
FUN_004fcde8,0x004FCDE8,0x004FCEA8,192
FUN_004fcea8,0x004FCEA8,0x004FD2A4,1012
FUN_004fd2a8,0x004FD2A8,0x004FD2E4,60
FUN_004fd2e8,0x004FD2E8,0x004FD3E8,256
FUN_004fd3e8,0x004FD3E8,0x004FD4E4,240
FUN_004fd4e8,0x004FD4E8,0x004FD5C4,220
FUN_004fd5c8,0x004FD5C8,0x004FD7F4,556
FUN_004fd7f8,0x004FD7F8,0x004FDE04,1548
FUN_004fde08,0x004FDE08,0x004FE6C8,2224
FUN_004fe6c8,0x004FE6C8,0x004FF158,2700
FUN_004ff158,0x004FF158,0x004FF380,552
FUN_004ff380,0x004FF380,0x004FF5A4,548
FUN_004ff5a8,0x004FF5A8,0x004FFAC0,1292
FUN_004ffac0,0x004FFAC0,0x004FFCE4,544
FUN_004ffce8,0x004FFCE8,0x004FFF14,556
FUN_004fff18,0x004FFF18,0x005006E4,1956
FUN_005006e8,0x005006E8,0x00500DF8,1788
FUN_00500df8,0x00500DF8,0x00500EB8,192
FUN_00500eb8,0x00500EB8,0x00500EC0,8
FUN_00500ec0,0x00500EC0,0x00500EC8,8
FUN_00500ec8,0x00500EC8,0x00501024,348
FUN_00500ff8,0x00500FF8,0x00501024,44
FUN_00501024,0x00501024,0x005011AC,392
FUN_005011b0,0x005011B0,0x005011B8,8
FUN_005011b8,0x005011B8,0x0050122C,116
FUN_00501230,0x00501230,0x00501354,288
FUN_00501358,0x00501358,0x00501388,48
FUN_00501388,0x00501388,0x00501414,140
FUN_00501418,0x00501418,0x00501454,60
FUN_00501458,0x00501458,0x00501568,272
FUN_00501568,0x00501568,0x005015CC,100
FUN_005015d0,0x005015D0,0x00501690,192
FUN_00501690,0x00501690,0x00501914,640
FUN_00501918,0x00501918,0x00501954,60
FUN_00501958,0x00501958,0x005019C8,112
FUN_005019c8,0x005019C8,0x00501A8C,192
FUN_00501a90,0x00501A90,0x00501E1C,904
FUN_00501e20,0x00501E20,0x00501F34,276
FUN_00501f38,0x00501F38,0x00502294,860
FUN_00502298,0x00502298,0x00502654,956
FUN_00502658,0x00502658,0x005028F0,644
FUN_005028f0,0x005028F0,0x00502A04,268
FUN_00502a08,0x00502A08,0x00502F10,1264
FUN_00502f10,0x00502F10,0x00502F4C,60
FUN_00502f50,0x00502F50,0x00503410,1216
FUN_00503410,0x00503410,0x005037A8,912
FUN_005037a8,0x005037A8,0x00503B7C,980
FUN_00503b80,0x00503B80,0x005041C0,1588
FUN_005041c0,0x005041C0,0x005042B8,248
FUN_005042b8,0x005042B8,0x0050451C,612
FUN_00504520,0x00504520,0x0050497C,1116
FUN_00504980,0x00504980,0x005049BC,60
FUN_005049c0,0x005049C0,0x00504AC0,252
FUN_00504ac0,0x00504AC0,0x00504C5C,408
FUN_00504c60,0x00504C60,0x00504D64,256
FUN_00504d68,0x00504D68,0x00504DE4,124
FUN_00504de8,0x00504DE8,0x00504E48,92
FUN_00504e48,0x00504E48,0x00504E58,16
FUN_00504e58,0x00504E58,0x00504F6C,276
FUN_00504f70,0x00504F70,0x00504FAC,60
FUN_00504fb0,0x00504FB0,0x00505288,728
FUN_00505288,0x00505288,0x005053C4,316
FUN_005053c8,0x005053C8,0x00505404,60
FUN_00505408,0x00505408,0x00505480,120
FUN_00505480,0x00505480,0x0050572C,680
FUN_00505730,0x00505730,0x005058A4,368
FUN_005058a8,0x005058A8,0x00505BF0,828
FUN_00505bf0,0x00505BF0,0x00505CC8,216
FUN_00505cc8,0x00505CC8,0x00505D8C,192
FUN_00505d90,0x00505D90,0x005063C0,1552
FUN_005063c0,0x005063C0,0x0050654C,388
FUN_00506550,0x00506550,0x00506974,1020
FUN_00506978,0x00506978,0x00506D58,984
FUN_00506d58,0x00506D58,0x00506D94,60
FUN_00506d98,0x00506D98,0x005077E0,2588
FUN_005077e0,0x005077E0,0x00507B40,860
FUN_00507b40,0x00507B40,0x00507E58,772
FUN_00507e58,0x00507E58,0x0050813C,736
FUN_00508140,0x00508140,0x005081E4,164
FUN_005081e8,0x005081E8,0x00508254,108
FUN_00508258,0x00508258,0x00508330,212
FUN_00508330,0x00508330,0x00508344,20
FUN_00508348,0x00508348,0x00508354,12
FUN_00508358,0x00508358,0x00508364,12
FUN_00508368,0x00508368,0x00508374,12
FUN_00508378,0x00508378,0x00508384,12
FUN_00508388,0x00508388,0x00508394,12
FUN_00508398,0x00508398,0x005083A4,12
FUN_005083a8,0x005083A8,0x005083B4,12
FUN_005083b8,0x005083B8,0x005083C4,12
FUN_005083c8,0x005083C8,0x005083D4,12
FUN_005083d8,0x005083D8,0x005083E4,12
FUN_005083e8,0x005083E8,0x005083F4,12
FUN_005083f8,0x005083F8,0x00508404,12
FUN_00508408,0x00508408,0x00508414,12
FUN_00508418,0x00508418,0x0050842C,20
FUN_00508430,0x00508430,0x00508444,20
FUN_00508448,0x00508448,0x00508454,12
FUN_00508458,0x00508458,0x00508480,40
FUN_00508480,0x00508480,0x005084B8,56
FUN_005084b8,0x005084B8,0x00508504,76
FUN_00508508,0x00508508,0x00508718,528
FUN_00508718,0x00508718,0x00508800,228
FUN_00508800,0x00508800,0x00508880,128
FUN_00508880,0x00508880,0x005088A4,36
FUN_005088a8,0x005088A8,0x005088B8,16
FUN_005088b8,0x005088B8,0x005088CC,20
FUN_005088d0,0x005088D0,0x005088DC,12
FUN_005088e0,0x005088E0,0x005088EC,12
FUN_005088f0,0x005088F0,0x005088FC,12
FUN_00508900,0x00508900,0x0050890C,12
FUN_00508910,0x00508910,0x00508924,20
FUN_00508928,0x00508928,0x00508934,12
FUN_00508938,0x00508938,0x00508944,12
FUN_00508948,0x00508948,0x00508954,12
FUN_00508958,0x00508958,0x00508964,12
FUN_00508968,0x00508968,0x00508974,12
FUN_00508978,0x00508978,0x00508984,12
FUN_00508988,0x00508988,0x00508994,12
FUN_00508998,0x00508998,0x005089A4,12
FUN_005089a8,0x005089A8,0x005089B4,12
FUN_005089b8,0x005089B8,0x005089C4,12
FUN_005089c8,0x005089C8,0x005089D4,12
FUN_005089d8,0x005089D8,0x005089E4,12
FUN_005089e8,0x005089E8,0x005089F4,12
FUN_005089f8,0x005089F8,0x00508A04,12
FUN_00508a08,0x00508A08,0x00508A14,12
FUN_00508a18,0x00508A18,0x00508A24,12
FUN_00508a28,0x00508A28,0x00508A34,12
FUN_00508a38,0x00508A38,0x00508A44,12
FUN_00508a48,0x00508A48,0x00508A54,12
FUN_00508a58,0x00508A58,0x00508A64,12
FUN_00508a68,0x00508A68,0x00508A70,8
FUN_00508a70,0x00508A70,0x00508A78,8
FUN_00508a78,0x00508A78,0x00508A80,8
FUN_00508a80,0x00508A80,0x00508A88,8
FUN_00508a88,0x00508A88,0x00508A90,8
FUN_00508a90,0x00508A90,0x00508A98,8
FUN_00508a98,0x00508A98,0x00508AA4,12
FUN_00508aa8,0x00508AA8,0x00508AB4,12
FUN_00508ab8,0x00508AB8,0x00508AD0,24
FUN_00508ad0,0x00508AD0,0x00508AFC,44
FUN_00508b00,0x00508B00,0x00508B3C,60
FUN_00508b40,0x00508B40,0x00508B8C,76
FUN_00508b90,0x00508B90,0x00508D18,388
FUN_00508d18,0x00508D18,0x00508EB0,404
FUN_00508eb0,0x00508EB0,0x00509058,424
FUN_00509058,0x00509058,0x0050921C,452
FUN_00509220,0x00509220,0x005093F4,468
FUN_005093f8,0x005093F8,0x00509418,32
FUN_00509418,0x00509418,0x00509438,32
FUN_00509438,0x00509438,0x005094D0,148
FUN_005094d0,0x005094D0,0x005094E8,24
FUN_005094e8,0x005094E8,0x005094F0,8
FUN_005094f0,0x005094F0,0x00509504,20
FUN_00509508,0x00509508,0x00509510,8
FUN_00509510,0x00509510,0x00509530,32
FUN_00509530,0x00509530,0x00509560,48
FUN_00509560,0x00509560,0x005095A0,64
FUN_005095a0,0x005095A0,0x00509614,116
FUN_00509618,0x00509618,0x0050964C,52
FUN_00509650,0x00509650,0x00509660,16
FUN_00509660,0x00509660,0x00509668,8
FUN_00509668,0x00509668,0x00509670,8
FUN_00509670,0x00509670,0x00509678,8
FUN_00509678,0x00509678,0x00509680,8
FUN_00509680,0x00509680,0x00509688,8
FUN_00509688,0x00509688,0x00509690,8
FUN_00509690,0x00509690,0x00509698,8
FUN_00509698,0x00509698,0x005096A0,8
FUN_005096a0,0x005096A0,0x005096A8,8
FUN_005096a8,0x005096A8,0x005096B0,8
FUN_005096b0,0x005096B0,0x005096B8,8
FUN_005096b8,0x005096B8,0x005096D8,32
FUN_005096d8,0x005096D8,0x005096E0,8
FUN_005096e0,0x005096E0,0x00509700,32
FUN_00509700,0x00509700,0x00509730,48
FUN_00509730,0x00509730,0x00509AEC,924
FUN_00509af0,0x00509AF0,0x00509BE8,244
FUN_00509be8,0x00509BE8,0x00509F04,784
FUN_00509f08,0x00509F08,0x0050A0EC,480
FUN_0050a0f0,0x0050A0F0,0x0050A370,636
FUN_0050a370,0x0050A370,0x0050A3EC,124
FUN_0050a3f0,0x0050A3F0,0x0050A4FC,264
FUN_0050a500,0x0050A500,0x0050A5C0,192
FUN_0050a5c0,0x0050A5C0,0x0050A730,364
FUN_0050a730,0x0050A730,0x0050A900,456
FUN_0050a900,0x0050A900,0x0050A9F8,244
FUN_0050a9f8,0x0050A9F8,0x0050AA40,68
FUN_0050aa40,0x0050AA40,0x0050AB14,212
FUN_0050ab18,0x0050AB18,0x0050AC20,264
FUN_0050ac20,0x0050AC20,0x0050ACEC,204
FUN_0050acf0,0x0050ACF0,0x0050AD24,52
FUN_0050ad28,0x0050AD28,0x0050AED8,420
FUN_0050aed8,0x0050AED8,0x0050B2C0,984
FUN_0050b2c0,0x0050B2C0,0x0050B5BC,752
FUN_0050b5c0,0x0050B5C0,0x0050B928,844
FUN_0050b928,0x0050B928,0x0050BB48,536
FUN_0050bb48,0x0050BB48,0x0050C0E0,1408
FUN_0050c0e0,0x0050C0E0,0x0050C1FC,284
FUN_0050c200,0x0050C200,0x0050C3F0,488
FUN_0050c3f0,0x0050C3F0,0x0050C71C,808
FUN_0050c720,0x0050C720,0x0050C948,540
FUN_0050c948,0x0050C948,0x0050CB60,528
FUN_0050cb60,0x0050CB60,0x0050CBA0,64
FUN_0050cba0,0x0050CBA0,0x0050CBE0,60
FUN_0050cbe0,0x0050CBE0,0x0050CD9C,444
FUN_0050cda0,0x0050CDA0,0x0050CDE4,64
FUN_0050cde8,0x0050CDE8,0x0050CE40,88
FUN_0050ce40,0x0050CE40,0x0050CE98,88
FUN_0050ce98,0x0050CE98,0x0050CFB0,280
FUN_0050cfb0,0x0050CFB0,0x0050D17C,460
FUN_0050d180,0x0050D180,0x0050D188,8
FUN_0050d188,0x0050D188,0x0050D210,136
FUN_0050d210,0x0050D210,0x0050D2A8,152
FUN_0050d2a8,0x0050D2A8,0x0050D360,184
FUN_0050d360,0x0050D360,0x0050D45C,252
FUN_0050d460,0x0050D460,0x0050D554,240
FUN_0050d558,0x0050D558,0x0050D560,8
FUN_0050d560,0x0050D560,0x0050D678,280
FUN_0050d678,0x0050D678,0x0050D6C4,76
FUN_0050d6c8,0x0050D6C8,0x0050D80C,320
FUN_0050d810,0x0050D810,0x0050D830,32
FUN_0050d830,0x0050D830,0x0050D894,100
FUN_0050d898,0x0050D898,0x0050D8BC,36
FUN_0050d8c0,0x0050D8C0,0x0050D8C8,8
FUN_0050d8c8,0x0050D8C8,0x0050D8D0,8
FUN_0050d8d0,0x0050D8D0,0x0050D930,96
FUN_0050d930,0x0050D930,0x0050D964,52
FUN_0050d968,0x0050D968,0x0050D988,32
FUN_0050d988,0x0050D988,0x0050D998,16
FUN_0050d998,0x0050D998,0x0050D9A8,16
FUN_0050d9a8,0x0050D9A8,0x0050D9B8,16
FUN_0050d9b8,0x0050D9B8,0x0050DAA0,228
FUN_0050daa0,0x0050DAA0,0x0050DB84,224
FUN_0050db88,0x0050DB88,0x0050DC48,188
FUN_0050dc50,0x0050DC50,0x0050DE18,436
FUN_0050de20,0x0050DE20,0x0050DF10,224
FUN_0050df10,0x0050DF10,0x0050DF30,32
FUN_0050df30,0x0050DF30,0x0050DF8C,88
FUN_0050df90,0x0050DF90,0x0050DFEC,88
FUN_0050dff0,0x0050DFF0,0x0050E190,412
FUN_0050e190,0x0050E190,0x0050E3D0,576
FUN_0050e3d0,0x0050E3D0,0x0050E404,52
FUN_0050e410,0x0050E410,0x0050E540,304
FUN_0050e540,0x0050E540,0x0050E588,72
FUN_0050e590,0x0050E590,0x0050E728,408
FUN_0050e730,0x0050E730,0x0050E7B8,132
FUN_0050e7c0,0x0050E7C0,0x0050E848,136
FUN_0050e850,0x0050E850,0x0050E8A0,76
FUN_0050e8a0,0x0050E8A0,0x0050E95C,188
FUN_0050e960,0x0050E960,0x0050EA44,224
FUN_0050ea50,0x0050EA50,0x0050EBF4,416
FUN_0050ec00,0x0050EC00,0x0050ECC8,200
FUN_0050ecd0,0x0050ECD0,0x0050ED74,164
FUN_0050ed80,0x0050ED80,0x0050EE30,172
FUN_0050ee30,0x0050EE30,0x0050EF24,240
FUN_0050ef30,0x0050EF30,0x0050F11C,492
FUN_0050f120,0x0050F120,0x0050F14C,44
FUN_0050f150,0x0050F150,0x0050F1B4,100
FUN_0050f1c0,0x0050F1C0,0x0050F340,384
FUN_0050f340,0x0050F340,0x0050F4C0,324
FUN_0050f4c0,0x0050F4C0,0x0050F510,72
FUN_0050f510,0x0050F510,0x0050F558,72
FUN_0050f560,0x0050F560,0x0050F594,52
caseD_0,0x0050F590,0x0050F59C,12
caseD_1,0x0050F5A0,0x0050F5AC,12
caseD_a,0x0050F5B0,0x0050F5BC,12
caseD_2,0x0050F5C0,0x0050F5CC,12
caseD_3,0x0050F5D0,0x0050F5DC,12
caseD_4,0x0050F5E0,0x0050F5EC,12
caseD_6,0x0050F5F0,0x0050F5FC,12
caseD_5,0x0050F600,0x0050F60C,12
caseD_c,0x0050F610,0x0050F61C,12
caseD_7,0x0050F620,0x0050F62C,12
caseD_8,0x0050F630,0x0050F63C,12
caseD_9,0x0050F640,0x0050F64C,12
caseD_b,0x0050F650,0x0050F670,20
FUN_0050f670,0x0050F670,0x0050F768,248
FUN_0050f770,0x0050F770,0x0050F780,16
FUN_0050f780,0x0050F780,0x0050F80C,136
FUN_0050f810,0x0050F810,0x0050F840,48
FUN_0050f840,0x0050F840,0x0050F84C,12
FUN_0050f850,0x0050F850,0x0050F864,20
FUN_0050f870,0x0050F870,0x0050F884,20
FUN_0050f890,0x0050F890,0x0050F988,248
FUN_0050f990,0x0050F990,0x0050FA4C,184
FUN_0050fa50,0x0050FA50,0x0050FAC4,116
FUN_0050fad0,0x0050FAD0,0x0050FBD0,256
FUN_0050fbd0,0x0050FBD0,0x0050FC8C,184
FUN_0050fc90,0x0050FC90,0x0050FD90,256
FUN_0050fd90,0x0050FD90,0x0050FE7C,236
FUN_0050fe80,0x0050FE80,0x0050FECC,76
FUN_0050fed0,0x0050FED0,0x0050FEDC,12
FUN_0050fee0,0x0050FEE0,0x0050FF9C,184
FUN_0050ffa0,0x0050FFA0,0x0050FFB8,24
FUN_0050ffc0,0x0050FFC0,0x0050FFD8,24
FUN_0050ffe0,0x0050FFE0,0x00510060,128
FUN_00510060,0x00510060,0x0051006C,12
FUN_00510070,0x00510070,0x0051007C,12
FUN_00510080,0x00510080,0x00510100,128
FUN_00510100,0x00510100,0x0051010C,12
FUN_00510110,0x00510110,0x005101C0,176
FUN_005101c0,0x005101C0,0x00510220,96
FUN_00510220,0x00510220,0x00510280,96
FUN_00510280,0x00510280,0x00510288,8
FUN_00510290,0x00510290,0x005102E0,80
FUN_005102e0,0x005102E0,0x0051034C,108
FUN_00510350,0x00510350,0x0051038C,60
FUN_00510390,0x00510390,0x005104DC,328
FUN_005104e0,0x005104E0,0x00510524,68
FUN_00510530,0x00510530,0x0051056C,60
FUN_00510570,0x00510570,0x00510734,444
FUN_00510740,0x00510740,0x005107B0,112
FUN_005107b0,0x005107B0,0x00510944,396
FUN_00510950,0x00510950,0x00510964,20
thunk_FUN_00510980,0x00510970,0x005109A8,56
FUN_005109b0,0x005109B0,0x005109BC,12
FUN_005109c0,0x005109C0,0x005109CC,12
FUN_005109d0,0x005109D0,0x00510B7C,428
FUN_00510b80,0x00510B80,0x00510B88,8
FUN_00510b90,0x00510B90,0x00510BCC,60
FUN_00510bd0,0x00510BD0,0x00510BE0,16
FUN_00510be0,0x00510BE0,0x00510BF4,20
FUN_00510c00,0x00510C00,0x00510C10,16
FUN_00510c10,0x00510C10,0x00510C1C,12
FUN_00510c20,0x00510C20,0x00510C28,8
FUN_00510c30,0x00510C30,0x00510C74,68
FUN_00510c80,0x00510C80,0x00510CB4,52
FUN_00510cc0,0x00510CC0,0x00510CF8,56
FUN_00510d00,0x00510D00,0x00510D08,8
FUN_00510d10,0x00510D10,0x00510DB8,168
FUN_00510dc0,0x00510DC0,0x00510E34,116
FUN_00510e40,0x00510E40,0x00510FDC,412
FUN_00510fe0,0x00510FE0,0x00510FF0,16
FUN_00510ff0,0x00510FF0,0x00511F38,3880
FUN_00511f40,0x00511F40,0x00511F7C,60
FUN_00511f80,0x00511F80,0x005120A0,288
FUN_005120a0,0x005120A0,0x005120A8,8
FUN_005120b0,0x005120B0,0x005120C0,16
FUN_005120c0,0x005120C0,0x005120F8,56
FUN_00512100,0x00512100,0x00512118,24
FUN_00512120,0x00512120,0x00512140,32
FUN_00512140,0x00512140,0x005121C0,128
FUN_005121c0,0x005121C0,0x0051239C,472
FUN_005123a0,0x005123A0,0x00512558,440
FUN_00512560,0x00512560,0x00512814,692
FUN_00512820,0x00512820,0x00512880,96
FUN_00512880,0x00512880,0x005128C0,64
thunk_FUN_005151f0,0x005128C0,0x005128C8,8
FUN_005128d0,0x005128D0,0x005128E4,20
FUN_005128f0,0x005128F0,0x00512924,52
FUN_00512930,0x00512930,0x00512CA8,884
FUN_00512cb0,0x00512CB0,0x00512DBC,264
FUN_00512dc0,0x00512DC0,0x00513078,696
FUN_00513080,0x00513080,0x00513298,532
FUN_005132a0,0x005132A0,0x005132A8,8
FUN_005132b0,0x005132B0,0x00513458,424
FUN_00513460,0x00513460,0x005136AC,588
FUN_005136b0,0x005136B0,0x00513D94,1752
FUN_00513da0,0x00513DA0,0x00513F90,496
FUN_00513f90,0x00513F90,0x00514884,2280
FUN_00514890,0x00514890,0x00514FE4,1864
FUN_00514ff0,0x00514FF0,0x005151F0,512
FUN_005151f0,0x005151F0,0x005151F8,8
FUN_00515200,0x00515200,0x00515268,104
FUN_00515270,0x00515270,0x00515340,208
FUN_00515340,0x00515340,0x005153A8,104
FUN_005153b0,0x005153B0,0x005153B8,8
FUN_005153c0,0x005153C0,0x00515420,96
FUN_00515420,0x00515420,0x005154A0,128
FUN_005154a0,0x005154A0,0x00515520,128
FUN_00515520,0x00515520,0x00515580,96
FUN_00515580,0x00515580,0x00515714,404
FUN_00515720,0x00515720,0x00515748,40
FUN_00515750,0x00515750,0x00515878,296
FUN_00515880,0x00515880,0x005158F8,120
FUN_00515900,0x00515900,0x00515DD4,1236
FUN_00515de0,0x00515DE0,0x00515F78,404
FUN_00515f80,0x00515F80,0x00516118,408
FUN_00516120,0x00516120,0x00516128,8
FUN_00516130,0x00516130,0x00516138,8
FUN_00516140,0x00516140,0x00516178,56
FUN_00516180,0x00516180,0x005168DC,1876
FUN_005168e0,0x005168E0,0x005168E8,8
FUN_005168f0,0x005168F0,0x005168F8,8
FUN_00516900,0x00516900,0x00516908,8
FUN_00516910,0x00516910,0x0051691C,12
FUN_00516920,0x00516920,0x00516934,20
FUN_00516940,0x00516940,0x005169B0,108
FUN_005169b0,0x005169B0,0x00516F08,1368
FUN_00516f10,0x00516F10,0x00516FB4,164
FUN_00516fc0,0x00516FC0,0x00517048,136
FUN_00517050,0x00517050,0x005173D8,904
FUN_005173e0,0x005173E0,0x00517464,132
FUN_00517470,0x00517470,0x005176C4,596
FUN_005176d0,0x005176D0,0x005176D8,8
FUN_005176e0,0x005176E0,0x005176F8,24
FUN_00517700,0x00517700,0x00517754,84
FUN_00517760,0x00517760,0x00517768,8
FUN_00517770,0x00517770,0x00517778,8
FUN_00517780,0x00517780,0x00517788,8
FUN_00517790,0x00517790,0x0051784C,188
FUN_00517850,0x00517850,0x00517EA4,1620
FUN_00517eb0,0x00517EB0,0x005180A8,504
FUN_005180b0,0x005180B0,0x00518180,208
FUN_00518180,0x00518180,0x005181A8,40
FUN_005181b0,0x005181B0,0x005181E8,56
FUN_005181f0,0x005181F0,0x00518448,600
FUN_00518450,0x00518450,0x0051862C,476
FUN_00518630,0x00518630,0x00518690,96
FUN_00518690,0x00518690,0x005186F8,104
FUN_00518700,0x00518700,0x00518760,96
FUN_00518760,0x00518760,0x005187D8,120
FUN_005187e0,0x005187E0,0x005188F8,224
FUN_00518900,0x00518900,0x00518AE0,480
FUN_00518ae0,0x00518AE0,0x00518B5C,124
FUN_00518b60,0x00518B60,0x00518D38,472
FUN_00518d40,0x00518D40,0x00518D78,56
FUN_00518d80,0x00518D80,0x00518E98,248
FUN_00518ea0,0x00518EA0,0x00519078,440
FUN_00519080,0x00519080,0x00519128,160
FUN_00519130,0x00519130,0x00519248,252
FUN_00519250,0x00519250,0x00519268,24
FUN_00519270,0x00519270,0x00519288,24
FUN_00519290,0x00519290,0x005192E0,76
FUN_005192e0,0x005192E0,0x00519700,1052
FUN_00519700,0x00519700,0x0051979C,156
FUN_005197a0,0x005197A0,0x00519808,104
FUN_00519810,0x00519810,0x00519878,104
FUN_00519880,0x00519880,0x005198E8,104
FUN_005198f0,0x005198F0,0x00519958,104
FUN_00519960,0x00519960,0x005199C8,104
FUN_005199d0,0x005199D0,0x00519A38,104
FUN_00519a40,0x00519A40,0x00519AA8,104
FUN_00519ab0,0x00519AB0,0x00519B18,104
FUN_00519b20,0x00519B20,0x00519B88,104
FUN_00519b90,0x00519B90,0x00519DB0,544
FUN_00519db0,0x00519DB0,0x0051A2B4,1272
FUN_0051a2c0,0x0051A2C0,0x0051A2C8,8
FUN_0051a2d0,0x0051A2D0,0x0051A2D8,8
FUN_0051a2e0,0x0051A2E0,0x0051A2E8,8
FUN_0051a2f0,0x0051A2F0,0x0051A2F8,8
FUN_0051a300,0x0051A300,0x0051A308,8
FUN_0051a310,0x0051A310,0x0051A39C,140
FUN_0051a3a0,0x0051A3A0,0x0051A3A8,8
FUN_0051a3b0,0x0051A3B0,0x0051A3B8,8
FUN_0051a3c0,0x0051A3C0,0x0051A484,196
FUN_0051a490,0x0051A490,0x0051A6C8,568
FUN_0051a6d0,0x0051A6D0,0x0051A908,568
FUN_0051a910,0x0051A910,0x0051AB48,568
FUN_0051ab50,0x0051AB50,0x0051AD88,568
FUN_0051ad90,0x0051AD90,0x0051AEF0,352
FUN_0051aef0,0x0051AEF0,0x0051AFD4,228
FUN_0051afe0,0x0051AFE0,0x0051B150,344
FUN_0051b150,0x0051B150,0x0051B24C,252
FUN_0051b250,0x0051B250,0x0051B2A4,84
FUN_0051b2b0,0x0051B2B0,0x0051B390,220
FUN_0051b390,0x0051B390,0x0051B490,256
FUN_0051b490,0x0051B490,0x0051B5AC,284
FUN_0051b5b0,0x0051B5B0,0x0051B6B4,260
FUN_0051b6c0,0x0051B6C0,0x0051B76C,168
FUN_0051b770,0x0051B770,0x0051B81C,168
FUN_0051b820,0x0051B820,0x0051B8D4,176
FUN_0051b8e0,0x0051B8E0,0x0051B994,176
FUN_0051b9a0,0x0051B9A0,0x0051BA54,176
FUN_0051ba60,0x0051BA60,0x0051BB14,176
FUN_0051bb20,0x0051BB20,0x0051BBD4,176
FUN_0051bbe0,0x0051BBE0,0x0051BD40,348
FUN_0051bd40,0x0051BD40,0x0051BEC8,388
FUN_0051bed0,0x0051BED0,0x0051C068,408
FUN_0051c070,0x0051C070,0x0051C1B4,320
FUN_0051c1c0,0x0051C1C0,0x0051C228,104
FUN_0051c230,0x0051C230,0x0051C34C,280
FUN_0051c350,0x0051C350,0x0051C3E8,152
FUN_0051c3f0,0x0051C3F0,0x0051C494,164
FUN_0051c4a0,0x0051C4A0,0x0051C50C,108
FUN_0051c510,0x0051C510,0x0051C630,288
FUN_0051c630,0x0051C630,0x0051C6CC,156
FUN_0051c6d0,0x0051C6D0,0x0051C840,364
FUN_0051c840,0x0051C840,0x0051C8E4,164
FUN_0051c8f0,0x0051C8F0,0x0051CA40,332
FUN_0051ca40,0x0051CA40,0x0051CB34,240
FUN_0051cb40,0x0051CB40,0x0051CCC8,388
FUN_0051ccd0,0x0051CCD0,0x0051CCD8,8
FUN_0051cce0,0x0051CCE0,0x0051CCE8,8
FUN_0051ccf0,0x0051CCF0,0x0051D1A8,1196
FUN_0051d1b0,0x0051D1B0,0x0051D20C,92
FUN_0051d210,0x0051D210,0x0051D218,8
FUN_0051d220,0x0051D220,0x0051D410,496
FUN_0051d410,0x0051D410,0x0051DB9C,1920
FUN_0051dba0,0x0051DBA0,0x0051DD48,420
FUN_0051dd50,0x0051DD50,0x0051E2B8,1372
FUN_0051e2c0,0x0051E2C0,0x0051E428,360
FUN_0051e430,0x0051E430,0x0051E4CC,152
FUN_0051e4d0,0x0051E4D0,0x0051E53C,108
FUN_0051e540,0x0051E540,0x0051E5A8,104
FUN_0051e5b0,0x0051E5B0,0x0051E618,104
FUN_0051e620,0x0051E620,0x0051E79C,380
FUN_0051e7a0,0x0051E7A0,0x0051EB08,868
FUN_0051eb10,0x0051EB10,0x0051EE88,888
FUN_0051ee90,0x0051EE90,0x0051F79C,2304
FUN_0051f7a0,0x0051F7A0,0x0051FB70,976
FUN_0051fb70,0x0051FB70,0x005208AC,3376
FUN_005208b0,0x005208B0,0x00520A88,472
FUN_00520a90,0x00520A90,0x0052142C,2448
FUN_00521430,0x00521430,0x005217B8,904
FUN_005217c0,0x005217C0,0x005220D4,2312
FUN_005220e0,0x005220E0,0x005222B8,472
FUN_005222c0,0x005222C0,0x00522A4C,1920
FUN_00522a50,0x00522A50,0x00522DA8,856
FUN_00522db0,0x00522DB0,0x005236BC,2308
FUN_005236c0,0x005236C0,0x00523820,352
FUN_00523820,0x00523820,0x00524144,2328
FUN_00524150,0x00524150,0x00524158,8
FUN_00524160,0x00524160,0x00524168,8
FUN_00524170,0x00524170,0x00524658,1252
FUN_00524660,0x00524660,0x00524754,236
FUN_00524760,0x00524760,0x00524880,288
FUN_00524880,0x00524880,0x00524950,204
FUN_00524950,0x00524950,0x00524CD0,896
FUN_00524cd0,0x00524CD0,0x00524CFC,44
FUN_00524d00,0x00524D00,0x00524D48,72
FUN_00524d50,0x00524D50,0x005251FC,1192
FUN_00525200,0x00525200,0x00525208,8
FUN_00525210,0x00525210,0x0052533C,300
FUN_00525340,0x00525340,0x0052551C,468
FUN_00525520,0x00525520,0x00525810,752
FUN_00525810,0x00525810,0x00525C60,1104
FUN_00525c60,0x00525C60,0x00525C78,24
FUN_00525c80,0x00525C80,0x0052630C,1672
FUN_00526310,0x00526310,0x00526378,104
FUN_00526380,0x00526380,0x0052644C,204
FUN_00526450,0x00526450,0x005264B0,96
FUN_005264b0,0x005264B0,0x005264F0,64
FUN_005264f0,0x005264F0,0x0052653C,76
FUN_00526540,0x00526540,0x00526798,600
FUN_005267a0,0x005267A0,0x00526808,104
FUN_00526810,0x00526810,0x00526C04,1008
FUN_00526c10,0x00526C10,0x00526F20,780
FUN_00526f20,0x00526F20,0x005272FC,984
FUN_00527300,0x00527300,0x00527308,8
FUN_00527310,0x00527310,0x005273B8,164
FUN_005273c0,0x005273C0,0x0052746C,168
FUN_00527470,0x00527470,0x005274AC,60
FUN_005274b0,0x005274B0,0x005278B8,1016
FUN_005278c0,0x005278C0,0x005278FC,60
FUN_00527900,0x00527900,0x00527964,100
FUN_00527970,0x00527970,0x005279DC,108
FUN_005279e0,0x005279E0,0x00527C40,608
FUN_00527c40,0x00527C40,0x00527C78,56
FUN_00527c80,0x00527C80,0x00527CD8,88
FUN_00527ce0,0x00527CE0,0x00527E6C,392
FUN_00527e70,0x00527E70,0x00527FB4,324
FUN_00527fc0,0x00527FC0,0x00527FC8,8
FUN_00527fd0,0x00527FD0,0x005281AC,476
FUN_005281b0,0x005281B0,0x00528338,392
FUN_00528340,0x00528340,0x00528424,228
FUN_00528430,0x00528430,0x0052850C,216
FUN_00528510,0x00528510,0x00528528,24
FUN_00528530,0x00528530,0x005285EC,188
FUN_005285f0,0x005285F0,0x005287CC,476
FUN_005287d0,0x005287D0,0x00528C30,1116
FUN_00528c30,0x00528C30,0x00528C7C,76
FUN_00528c80,0x00528C80,0x00528DE0,352
FUN_00528de0,0x00528DE0,0x00529028,584
FUN_00529030,0x00529030,0x005291F0,448
FUN_005291f0,0x005291F0,0x005292CC,220
FUN_005292d0,0x005292D0,0x005292FC,44
FUN_00529300,0x00529300,0x00529A24,1808
FUN_00529a30,0x00529A30,0x00529A84,84
FUN_00529a90,0x00529A90,0x00529BFC,360
FUN_00529c00,0x00529C00,0x00529D2C,296
FUN_00529d30,0x00529D30,0x00529D6C,60
FUN_00529d70,0x00529D70,0x00529E88,272
FUN_00529e90,0x00529E90,0x00529E9C,12
FUN_00529ea0,0x00529EA0,0x00529EB0,16
FUN_00529eb0,0x00529EB0,0x00529EC8,24
FUN_00529ed0,0x00529ED0,0x00529ED8,8
FUN_00529ee0,0x00529EE0,0x0052A08C,428
FUN_0052a090,0x0052A090,0x0052A180,240
FUN_0052a180,0x0052A180,0x0052A1F8,120
FUN_0052a200,0x0052A200,0x0052A3BC,444
FUN_0052a3c0,0x0052A3C0,0x0052A6B0,752
FUN_0052a6b0,0x0052A6B0,0x0052A768,184
FUN_0052a770,0x0052A770,0x0052A81C,172
FUN_0052a820,0x0052A820,0x0052A8B4,148
FUN_0052a8c0,0x0052A8C0,0x0052ACC0,1024
FUN_0052acc0,0x0052ACC0,0x0052AE18,344
FUN_0052ae20,0x0052AE20,0x0052B0CC,680
FUN_0052b0d0,0x0052B0D0,0x0052B2D4,516
FUN_0052b2e0,0x0052B2E0,0x0052B458,372
FUN_0052b460,0x0052B460,0x0052B5B8,340
FUN_0052b5c0,0x0052B5C0,0x0052B7DC,520
FUN_0052b7e0,0x0052B7E0,0x0052B814,52
FUN_0052b820,0x0052B820,0x0052BB70,836
FUN_0052bb70,0x0052BB70,0x0052BDE4,628
FUN_0052bdf0,0x0052BDF0,0x0052C308,1284
FUN_0052c310,0x0052C310,0x0052C318,8
FUN_0052c320,0x0052C320,0x0052C5A4,640
FUN_0052c5b0,0x0052C5B0,0x0052C5BC,12
FUN_0052c5c0,0x0052C5C0,0x0052CBC8,1516
FUN_0052cbd0,0x0052CBD0,0x0052CC7C,172
FUN_0052cc80,0x0052CC80,0x0052CD2C,172
FUN_0052cd30,0x0052CD30,0x0052CE0C,216
FUN_0052ce10,0x0052CE10,0x0052D1F8,984
FUN_0052d200,0x0052D200,0x0052D26C,108
FUN_0052d270,0x0052D270,0x0052D280,16
FUN_0052d280,0x0052D280,0x0052D290,16
FUN_0052d290,0x0052D290,0x0052D480,488
FUN_0052d480,0x0052D480,0x0052D69C,536
FUN_0052d6a0,0x0052D6A0,0x0052D7CC,296
FUN_0052d7d0,0x0052D7D0,0x0052D80C,60
FUN_0052d810,0x0052D810,0x0052D8A4,148
FUN_0052d8b0,0x0052D8B0,0x0052D944,148
FUN_0052d950,0x0052D950,0x0052D9E4,148
FUN_0052d9f0,0x0052D9F0,0x0052DAA0,172
FUN_0052daa0,0x0052DAA0,0x0052DB64,192
FUN_0052db70,0x0052DB70,0x0052DC68,248
FUN_0052dc70,0x0052DC70,0x0052E6A4,2600
FUN_0052e6b0,0x0052E6B0,0x0052E720,112
FUN_0052e720,0x0052E720,0x0052E77C,92
FUN_0052e780,0x0052E780,0x0052E7C0,64
FUN_0052e7c0,0x0052E7C0,0x0052E8A4,228
FUN_0052e8b0,0x0052E8B0,0x0052E8F0,64
thunk_FUN_0051a2c0,0x0052E8F0,0x0052E8F8,8
FUN_0052e900,0x0052E900,0x0052E914,20
FUN_0052e920,0x0052E920,0x0052E960,64
thunk_FUN_0051a300,0x0052E960,0x0052E968,8
FUN_0052e970,0x0052E970,0x0052E984,20
FUN_0052e990,0x0052E990,0x0052EA04,116
FUN_0052ea10,0x0052EA10,0x0052EAF8,232
FUN_0052eb00,0x0052EB00,0x0052EB14,20
FUN_0052eb20,0x0052EB20,0x0052EB40,32
FUN_0052eb40,0x0052EB40,0x0052EB58,24
FUN_0052eb60,0x0052EB60,0x0052EB98,56
FUN_0052eba0,0x0052EBA0,0x0052EC54,180
FUN_0052ec60,0x0052EC60,0x0052EEA0,576
FUN_0052eea0,0x0052EEA0,0x0052EEDC,60
FUN_0052eee0,0x0052EEE0,0x0052F2F0,1032
FUN_0052f2f0,0x0052F2F0,0x0052F308,24
FUN_0052f310,0x0052F310,0x0052F328,24
FUN_0052f330,0x0052F330,0x0052F394,100
FUN_0052f3a0,0x0052F3A0,0x0052F3B4,20
FUN_0052f3c0,0x0052F3C0,0x0052F3D0,16
FUN_0052f3d0,0x0052F3D0,0x0052F3D8,8
FUN_0052f3e0,0x0052F3E0,0x0052F3EC,12
FUN_0052f3f0,0x0052F3F0,0x0052F400,16
FUN_0052f400,0x0052F400,0x0052F470,112
FUN_0052f470,0x0052F470,0x0052F49C,44
FUN_0052f4a0,0x0052F4A0,0x0052F8D8,1060
FUN_0052f8e0,0x0052F8E0,0x0052F8F0,16
FUN_0052f8f0,0x0052F8F0,0x0052FC38,832
FUN_0052fc40,0x0052FC40,0x0052FC84,68
FUN_0052fc90,0x0052FC90,0x0052FD64,212
FUN_0052fd70,0x0052FD70,0x0052FD84,20
FUN_0052fd90,0x0052FD90,0x0052FE60,208
FUN_0052fe60,0x0052FE60,0x0052FF40,216
FUN_0052ff40,0x0052FF40,0x0052FFB8,120
FUN_0052ffc0,0x0052FFC0,0x00530094,212
FUN_005300a0,0x005300A0,0x00530230,400
FUN_00530230,0x00530230,0x00530370,320
FUN_00530370,0x00530370,0x00530444,208
FUN_00530450,0x00530450,0x00530500,172
FUN_00530500,0x00530500,0x005306E4,480
FUN_005306f0,0x005306F0,0x005307A0,172
FUN_005307a0,0x005307A0,0x00530980,476
FUN_00530980,0x00530980,0x005309A0,32
FUN_005309a0,0x005309A0,0x005309C4,36
FUN_005309d0,0x005309D0,0x005309F0,32
FUN_005309f0,0x005309F0,0x00530AA0,172
FUN_00530aa0,0x00530AA0,0x00530AD4,52
FUN_00530ae0,0x00530AE0,0x00530AF8,24
FUN_00530b00,0x00530B00,0x00530B20,32
FUN_00530b20,0x00530B20,0x00530BD0,172
FUN_00530bd0,0x00530BD0,0x00530C58,136
FUN_00530c60,0x00530C60,0x00530D10,172
FUN_00530d10,0x00530D10,0x00530DC0,172
FUN_00530dc0,0x00530DC0,0x00530EBC,252
FUN_00530ec0,0x00530EC0,0x00530F08,72
FUN_00530f10,0x00530F10,0x00530F40,48
FUN_00530f40,0x00530F40,0x00530FF0,172
FUN_00530ff0,0x00530FF0,0x00530FF8,8
FUN_00531000,0x00531000,0x005310F0,236
FUN_005310f0,0x005310F0,0x00531120,48
FUN_00531120,0x00531120,0x00531190,112
FUN_00531190,0x00531190,0x005311B8,40
FUN_005311c0,0x005311C0,0x005311D8,24
FUN_005311e0,0x005311E0,0x005312C4,220
FUN_005312d0,0x005312D0,0x00532000,3348
FUN_00532000,0x00532000,0x005321AC,428
FUN_005321b0,0x005321B0,0x005328DC,1828
FUN_005328e0,0x005328E0,0x005329EC,268
FUN_005329f0,0x005329F0,0x00532D0C,796
FUN_00532d10,0x00532D10,0x00532F3C,544
FUN_00532f40,0x00532F40,0x00532F78,56
FUN_00532f80,0x00532F80,0x00532FB8,56
FUN_00532fc0,0x00532FC0,0x00532FF8,56
FUN_00533000,0x00533000,0x00533038,56
FUN_00533040,0x00533040,0x00533190,328
FUN_00533190,0x00533190,0x005331C4,52
FUN_005331d0,0x005331D0,0x0053336C,412
FUN_00533370,0x00533370,0x00533718,928
FUN_00533720,0x00533720,0x005337F0,204
FUN_005337f0,0x005337F0,0x0053391C,300
FUN_00533920,0x00533920,0x0053396C,76
FUN_00533970,0x00533970,0x005339D0,96
FUN_005339d0,0x005339D0,0x00533A10,64
thunk_FUN_00535040,0x00533A10,0x00533A18,8
FUN_00533a20,0x00533A20,0x00533A34,20
FUN_00533a40,0x00533A40,0x00533A54,20
FUN_00533a60,0x00533A60,0x00533C04,416
FUN_00533c10,0x00533C10,0x00533CF0,220
FUN_00533cf0,0x00533CF0,0x00533DA8,184
FUN_00533db0,0x00533DB0,0x0053403C,652
FUN_00534040,0x00534040,0x00534320,736
FUN_00534320,0x00534320,0x005343F4,212
FUN_00534400,0x00534400,0x00534450,76
FUN_00534450,0x00534450,0x00534630,480
FUN_00534630,0x00534630,0x00534830,508
FUN_00534830,0x00534830,0x00534848,24
FUN_00534848,0x00534848,0x00534AF0,680
FUN_00534c4c,0x00534C4C,0x00534D38,272
FUN_00534d40,0x00534D40,0x00535018,728
FUN_00535018,0x00535018,0x00535038,32
FUN_00535040,0x00535040,0x00535048,8
FUN_00535050,0x00535050,0x005350B8,104
FUN_005350c0,0x005350C0,0x005352D0,524
FUN_005352d0,0x005352D0,0x0053572C,1116
FUN_00535730,0x00535730,0x00535A40,784
FUN_00535a40,0x00535A40,0x00535DF0,936
FUN_00535df0,0x00535DF0,0x00536228,1064
FUN_00536230,0x00536230,0x00536AE4,2216
FUN_00536af0,0x00536AF0,0x00536B40,80
FUN_00536b40,0x00536B40,0x00536B90,80
FUN_00536b90,0x00536B90,0x00536BE0,80
FUN_00536be0,0x00536BE0,0x00536C78,152
FUN_00536c80,0x00536C80,0x00537400,1912
FUN_00537400,0x00537400,0x00537E48,2620
FUN_00537e50,0x00537E50,0x00538978,2844
FUN_00538980,0x00538980,0x00538A58,216
FUN_00538a60,0x00538A60,0x00538D04,664
FUN_00538d10,0x00538D10,0x00538E30,288
FUN_00538e30,0x00538E30,0x00538EE4,180
FUN_00538ef0,0x00538EF0,0x0053906C,380
FUN_00539070,0x00539070,0x00539090,32
FUN_00539090,0x00539090,0x005390B0,32
FUN_005390b0,0x005390B0,0x005390D0,32
FUN_005390d0,0x005390D0,0x00539240,368
FUN_00539240,0x00539240,0x005393F4,428
FUN_00539400,0x00539400,0x0053957C,372
FUN_00539580,0x00539580,0x005396C0,320
FUN_005396c0,0x005396C0,0x00539AA0,976
FUN_00539aa0,0x00539AA0,0x00539B70,208
FUN_00539b70,0x00539B70,0x00539BC0,76
FUN_00539bc0,0x00539BC0,0x00539C7C,184
FUN_00539c80,0x00539C80,0x00539CF4,116
FUN_00539d00,0x00539D00,0x00539D50,80
FUN_00539d50,0x00539D50,0x00539E70,288
FUN_00539e70,0x00539E70,0x00539E88,24
FUN_00539e90,0x00539E90,0x00539EB0,32
FUN_00539eb0,0x00539EB0,0x0053A160,688
FUN_0053a160,0x0053A160,0x0053A410,688
FUN_0053a410,0x0053A410,0x0053A4FC,232
FUN_0053a500,0x0053A500,0x0053A5E0,220
FUN_0053a5e0,0x0053A5E0,0x0053A730,332
FUN_0053a730,0x0053A730,0x0053A864,308
FUN_0053a870,0x0053A870,0x0053A8E8,120
FUN_0053a8f0,0x0053A8F0,0x0053A920,48
FUN_0053a920,0x0053A920,0x0053A95C,60
FUN_0053a960,0x0053A960,0x0053A9C0,96
FUN_0053a9c0,0x0053A9C0,0x0053AA4C,140
FUN_0053aa50,0x0053AA50,0x0053AABC,108
FUN_0053aac0,0x0053AAC0,0x0053ABE0,288
FUN_0053abe0,0x0053ABE0,0x0053AE18,564
FUN_0053ae20,0x0053AE20,0x0053AEE8,188
FUN_0053aef0,0x0053AEF0,0x0053AF2C,60
FUN_0053af30,0x0053AF30,0x0053AF54,36
FUN_0053af60,0x0053AF60,0x0053B00C,172
FUN_0053b010,0x0053B010,0x0053B018,8
FUN_0053b020,0x0053B020,0x0053B028,8
FUN_0053b030,0x0053B030,0x0053B038,8
FUN_0053b040,0x0053B040,0x0053B048,8
FUN_0053b050,0x0053B050,0x0053B058,8
FUN_0053b060,0x0053B060,0x0053B068,8
FUN_0053b070,0x0053B070,0x0053B154,228
FUN_0053b160,0x0053B160,0x0053B2F4,404
FUN_0053b300,0x0053B300,0x0053B39C,156
FUN_0053b3a0,0x0053B3A0,0x0053B3EC,76
FUN_0053b3f0,0x0053B3F0,0x0053B420,48
FUN_0053b420,0x0053B420,0x0053B4A8,136
FUN_0053b4b0,0x0053B4B0,0x0053B5F0,312
FUN_0053b5f0,0x0053B5F0,0x0053B70C,280
FUN_0053b710,0x0053B710,0x0053B8E8,464
FUN_0053b8f0,0x0053B8F0,0x0053B930,64
FUN_0053b930,0x0053B930,0x0053BA18,232
FUN_0053ba20,0x0053BA20,0x0053BA90,112
FUN_0053ba90,0x0053BA90,0x0053BAD0,64
FUN_0053bad0,0x0053BAD0,0x0053BAD8,8
FUN_0053bae0,0x0053BAE0,0x0053BAF4,20
FUN_0053bb00,0x0053BB00,0x0053BBC8,200
FUN_0053bbd0,0x0053BBD0,0x0053BEF0,800
FUN_0053bef0,0x0053BEF0,0x0053C104,524
FUN_0053c110,0x0053C110,0x0053C200,236
FUN_0053c200,0x0053C200,0x0053C39C,412
FUN_0053c3a0,0x0053C3A0,0x0053C940,1096
FUN_0053c940,0x0053C940,0x0053C9A8,104
FUN_0053c9b0,0x0053C9B0,0x0053CA40,144
FUN_0053ca40,0x0053CA40,0x0053CB14,212
FUN_0053cb20,0x0053CB20,0x0053CC9C,380
FUN_0053cca0,0x0053CCA0,0x0053CE00,352
FUN_0053ce00,0x0053CE00,0x0053D5EC,2016
FUN_0053d5f0,0x0053D5F0,0x0053D7B8,456
FUN_0053d7c0,0x0053D7C0,0x0053DDAC,1512
FUN_0053ddb0,0x0053DDB0,0x0053DF48,408
FUN_0053df50,0x0053DF50,0x0053DFD0,128
FUN_0053dfd0,0x0053DFD0,0x0053E00C,60
FUN_0053e010,0x0053E010,0x0053E168,340
FUN_0053e170,0x0053E170,0x0053E218,168
FUN_0053e220,0x0053E220,0x0053EC5C,2592
FUN_0053ec60,0x0053EC60,0x0053ED4C,236
FUN_0053ed50,0x0053ED50,0x0053EE04,176
FUN_0053ee10,0x0053EE10,0x0053EED8,200
FUN_0053eee0,0x0053EEE0,0x0053EF4C,108
FUN_0053ef50,0x0053EF50,0x0053EF94,68
FUN_0053efa0,0x0053EFA0,0x0053EFC8,40
FUN_0053efd0,0x0053EFD0,0x0053EFEC,28
FUN_0053eff0,0x0053EFF0,0x0053F0A8,184
FUN_0053f0b0,0x0053F0B0,0x0053F1A0,232
FUN_0053f1a0,0x0053F1A0,0x0053F28C,228
FUN_0053f290,0x0053F290,0x0053F370,220
FUN_0053f370,0x0053F370,0x0053F730,956
FUN_0053f730,0x0053F730,0x0053FA98,868
FUN_0053faa0,0x0053FAA0,0x0053FAD0,48
FUN_0053fad0,0x0053FAD0,0x0053FB38,104
FUN_0053fb40,0x0053FB40,0x0053FD60,544
FUN_0053fd60,0x0053FD60,0x00540264,1272
FUN_00540270,0x00540270,0x00540410,416
FUN_00540410,0x00540410,0x00540910,1268
FUN_00540910,0x00540910,0x00540918,8
FUN_00540920,0x00540920,0x00540988,104
FUN_00540990,0x00540990,0x00540A4C,188
FUN_00540a50,0x00540A50,0x00540B48,248
FUN_00540b50,0x00540B50,0x00540BB8,104
FUN_00540bc0,0x00540BC0,0x00540C6C,172
FUN_00540c70,0x00540C70,0x00540CFC,140
FUN_00540d00,0x00540D00,0x005410BC,944
FUN_005410c0,0x005410C0,0x00541144,128
FUN_00541150,0x00541150,0x005411E0,144
FUN_005411e0,0x005411E0,0x00541234,84
FUN_00541240,0x00541240,0x0054128C,76
FUN_00541290,0x00541290,0x005414E8,588
FUN_005414f0,0x005414F0,0x00541504,20
FUN_00541510,0x00541510,0x0054164C,312
FUN_00541650,0x00541650,0x005416B0,96
FUN_005416b0,0x005416B0,0x005416C0,16
FUN_005416c0,0x005416C0,0x005416D4,20
FUN_005416e0,0x005416E0,0x00541700,32
FUN_00541700,0x00541700,0x005418A8,420
FUN_005418b0,0x005418B0,0x00541910,96
FUN_00541910,0x00541910,0x005419C0,172
FUN_005419c0,0x005419C0,0x00541A14,84
FUN_00541a20,0x00541A20,0x00541A8C,108
FUN_00541a90,0x00541A90,0x00541AAC,28
FUN_00541ab0,0x00541AB0,0x00541ACC,28
FUN_00541ad0,0x00541AD0,0x00541BA8,216
FUN_00541bb0,0x00541BB0,0x00541C48,136
thunk_FUN_00541c48,0x00541C10,0x00541C1C,12
FUN_00541c48,0x00541C48,0x00541C5C,20
FUN_00541c60,0x00541C60,0x00541CC0,96
FUN_00541cc0,0x00541CC0,0x00541CCC,12
FUN_00541cd0,0x00541CD0,0x00541D40,108
FUN_00541d40,0x00541D40,0x00541D80,64
FUN_00541d80,0x00541D80,0x00541F10,400
FUN_00541f10,0x00541F10,0x0054202C,284
FUN_00542030,0x00542030,0x005420A8,116
FUN_005420b0,0x005420B0,0x00542170,192
FUN_00542170,0x00542170,0x00542180,16
FUN_00542180,0x00542180,0x005421F0,112
FUN_005421f0,0x005421F0,0x00542284,148
FUN_00542290,0x00542290,0x005423DC,328
FUN_005423e0,0x005423E0,0x00542468,136
FUN_00542470,0x00542470,0x005427DC,864
FUN_005427e0,0x005427E0,0x00542850,112
FUN_00542850,0x00542850,0x005428C0,112
FUN_005428c0,0x005428C0,0x00542930,112
FUN_00542930,0x00542930,0x00542B88,596
FUN_00542b90,0x00542B90,0x00542DF0,608
FUN_00542df0,0x00542DF0,0x00542E50,96
FUN_00542e50,0x00542E50,0x00542FBC,364
FUN_00542fc0,0x00542FC0,0x00542FD8,24
FUN_00542fe0,0x00542FE0,0x00542FE8,8
FUN_00542ff0,0x00542FF0,0x00542FF8,8
FUN_00543000,0x00543000,0x00543008,8
FUN_00543010,0x00543010,0x00543018,8
FUN_00543020,0x00543020,0x00543028,8
FUN_00543030,0x00543030,0x005431DC,420
FUN_005431e0,0x005431E0,0x005431E8,8
FUN_005431f0,0x005431F0,0x005431F8,8
FUN_00543200,0x00543200,0x005432F0,240
FUN_005432f0,0x005432F0,0x005433B8,200
FUN_005433c0,0x005433C0,0x00543464,164
FUN_00543470,0x00543470,0x00543478,8
FUN_00543480,0x00543480,0x005434AC,44
FUN_005434b0,0x005434B0,0x00543680,452
FUN_00543680,0x00543680,0x005437D0,336
FUN_005437d0,0x005437D0,0x00543930,340
FUN_00543930,0x00543930,0x00543A80,336
FUN_00543a80,0x00543A80,0x00543ACC,76
FUN_00543ad0,0x00543AD0,0x00543B34,100
FUN_00543b40,0x00543B40,0x00543B90,80
FUN_00543b90,0x00543B90,0x00543D34,416
FUN_00543d40,0x00543D40,0x00543D48,8
FUN_00543d50,0x00543D50,0x00543F6C,532
FUN_00543f70,0x00543F70,0x005441F8,644
FUN_00544200,0x00544200,0x00544208,8
FUN_00544210,0x00544210,0x005442BC,172
FUN_005442c0,0x005442C0,0x005443F8,308
FUN_00544400,0x00544400,0x00544578,364
caseD_0,0x00544550,0x00544558,8
caseD_0,0x00544578,0x005445A8,48
FUN_005445b0,0x005445B0,0x00544860,428
FUN_00544708,0x00544708,0x00544780,120
FUN_00544788,0x00544788,0x005447D8,80
FUN_005447d8,0x005447D8,0x00544810,56
caseD_2,0x00544860,0x00544894,52
FUN_005448a0,0x005448A0,0x005448F8,88
FUN_005448f8,0x005448F8,0x00544B58,552
FUN_00544b60,0x00544B60,0x00544C20,192
FUN_00544c20,0x00544C20,0x00544C2C,12
FUN_00544c30,0x00544C30,0x00544C3C,12
FUN_00544c40,0x00544C40,0x00544C58,24
FUN_00544c60,0x00544C60,0x00544C78,24
FUN_00544c80,0x00544C80,0x00544C94,20
FUN_00544ca0,0x00544CA0,0x00544CA8,8
FUN_00544ca8,0x00544CA8,0x00544CF0,36
FUN_00544cf0,0x00544CF0,0x00544D54,100
FUN_00544d60,0x00544D60,0x00544FC0,608
FUN_00544fc0,0x00544FC0,0x005450F4,308
FUN_00545100,0x00545100,0x00545114,20
FUN_00545120,0x00545120,0x00545134,20
FUN_00545140,0x00545140,0x00545154,20
FUN_00545160,0x00545160,0x00545174,20
FUN_00545180,0x00545180,0x00545194,20
FUN_005451a0,0x005451A0,0x005451B4,20
FUN_005451c0,0x005451C0,0x005451D4,20
FUN_005451e0,0x005451E0,0x005451F4,20
FUN_00545200,0x00545200,0x00545290,144
FUN_00545290,0x00545290,0x00545388,248
FUN_00545390,0x00545390,0x00545478,232
FUN_00545480,0x00545480,0x00545524,164
FUN_00545530,0x00545530,0x005455CC,156
FUN_005455d0,0x005455D0,0x00545650,128
FUN_00545650,0x00545650,0x00545748,248
FUN_00545750,0x00545750,0x00545800,176
FUN_00545800,0x00545800,0x0054588C,124
FUN_00545890,0x00545890,0x00545898,8
FUN_005458a0,0x005458A0,0x005459B4,276
FUN_005459c0,0x005459C0,0x00545A24,100
FUN_00545a30,0x00545A30,0x00545B0C,220
FUN_00545b10,0x00545B10,0x00545B90,128
FUN_00545b90,0x00545B90,0x00545C10,128
FUN_00545c10,0x00545C10,0x00545C90,128
FUN_00545c90,0x00545C90,0x00545D10,128
FUN_00545d10,0x00545D10,0x00545D74,100
FUN_00545d80,0x00545D80,0x00545EDC,348
FUN_00545ee0,0x00545EE0,0x00546208,800
FUN_00546210,0x00546210,0x005463BC,420
FUN_005463c0,0x005463C0,0x005469BC,1516
FUN_005469c0,0x005469C0,0x005469E0,32
FUN_005469e0,0x005469E0,0x005469F8,24
FUN_005469f8,0x005469F8,0x00546A00,8
FUN_00546a00,0x00546A00,0x00546A34,48
FUN_00546a40,0x00546A40,0x00546B30,240
FUN_00546b30,0x00546B30,0x00546B48,24
FUN_00546b50,0x00546B50,0x00546BF8,168
FUN_00546c00,0x00546C00,0x00546C34,48
FUN_00546c40,0x00546C40,0x00546CCC,136
FUN_00546cd0,0x00546CD0,0x00546CF0,32
FUN_00546cf0,0x00546CF0,0x00546E34,324
FUN_00546e40,0x00546E40,0x00546F98,344
FUN_00546fa0,0x00546FA0,0x00547170,460
FUN_00547170,0x00547170,0x00547348,472
FUN_00547350,0x00547350,0x0054756C,524
FUN_00547570,0x00547570,0x00547700,396
FUN_00547700,0x00547700,0x0054777C,124
FUN_00547780,0x00547780,0x00547794,20
FUN_005477a0,0x005477A0,0x00547854,176
FUN_00547860,0x00547860,0x00547A8C,544
FUN_00547a90,0x00547A90,0x00547A98,8
FUN_00547aa0,0x00547AA0,0x00547AF0,80
FUN_00547af0,0x00547AF0,0x0054804C,1344
FUN_00548050,0x00548050,0x00548084,52
FUN_00548090,0x00548090,0x005483C8,808
FUN_005483d0,0x005483D0,0x005499C8,5592
FUN_005499d0,0x005499D0,0x005499D8,8
FUN_005499e0,0x005499E0,0x00549C30,576
FUN_00549c30,0x00549C30,0x00549F30,760
FUN_00549f30,0x00549F30,0x0054A3C8,1168
FUN_0054a3d0,0x0054A3D0,0x0054A6D0,756
FUN_0054a6d0,0x0054A6D0,0x0054A8A4,460
FUN_0054a8b0,0x0054A8B0,0x0054AA28,376
FUN_0054aa30,0x0054AA30,0x0054D61C,11160
FUN_0054d620,0x0054D620,0x0054D9A0,892
FUN_0054d9a0,0x0054D9A0,0x0054E428,2692
FUN_0054e430,0x0054E430,0x0054E75C,804
FUN_0054e760,0x0054E760,0x0054E8E4,384
FUN_0054e8f0,0x0054E8F0,0x0054EA80,392
FUN_0054ea80,0x0054EA80,0x0054ECD0,588
FUN_0054ecd0,0x0054ECD0,0x0054EDE8,280
FUN_0054edf0,0x0054EDF0,0x0054F32C,1332
FUN_0054f330,0x0054F330,0x0054F410,224
FUN_0054f410,0x0054F410,0x0054F568,340
FUN_0054f570,0x0054F570,0x0054F6D8,360
FUN_0054f6e0,0x0054F6E0,0x0054F7DC,252
FUN_0054f7e0,0x0054F7E0,0x00550330,2844
FUN_00550330,0x00550330,0x0055056C,572
FUN_00550570,0x00550570,0x00550694,292
FUN_005506a0,0x005506A0,0x00550A74,976
FUN_00550a80,0x00550A80,0x00550E50,968
FUN_00550e50,0x00550E50,0x00550EE8,152
FUN_00550ef0,0x00550EF0,0x00551EBC,3996
FUN_00551ec0,0x00551EC0,0x0055277C,2212
FUN_00552780,0x00552780,0x00552850,208
FUN_00552850,0x00552850,0x00552D58,1276
FUN_00552d60,0x00552D60,0x00552EB8,336
FUN_00552ec0,0x00552EC0,0x00553284,920
FUN_00553290,0x00553290,0x005533DC,324
FUN_005533e0,0x005533E0,0x00553D54,2420
FUN_00553d60,0x00553D60,0x00553DA4,68
FUN_00553db0,0x00553DB0,0x00553DB8,8
FUN_00553dc0,0x00553DC0,0x00553E00,64
FUN_00553e00,0x00553E00,0x00553E14,20
FUN_00553e20,0x00553E20,0x00553E5C,60
FUN_00553e60,0x00553E60,0x00553E9C,60
FUN_00553ea0,0x00553EA0,0x0055503C,4508
FUN_00555040,0x00555040,0x005550B0,112
FUN_005550b0,0x005550B0,0x005550C0,16
FUN_005550c0,0x005550C0,0x005550D0,16
FUN_005550d0,0x005550D0,0x00555138,104
FUN_00555140,0x00555140,0x00555148,8
FUN_00555150,0x00555150,0x00555158,8
FUN_00555160,0x00555160,0x00555168,8
FUN_00555170,0x00555170,0x00555198,40
FUN_005551a0,0x005551A0,0x005551B4,20
FUN_005551c0,0x005551C0,0x0055520C,76
FUN_00555210,0x00555210,0x00555278,104
FUN_00555280,0x00555280,0x00555288,8
FUN_00555290,0x00555290,0x00555298,8
FUN_005552a0,0x005552A0,0x005552A8,8
FUN_005552b0,0x005552B0,0x005552B8,8
FUN_005552c0,0x005552C0,0x00555338,120
FUN_00555340,0x00555340,0x00555348,8
FUN_00555350,0x00555350,0x00555358,8
FUN_00555360,0x00555360,0x0055536C,12
FUN_00555370,0x00555370,0x00555378,8
FUN_00555380,0x00555380,0x0055538C,12
FUN_00555390,0x00555390,0x00555398,8
FUN_005553a0,0x005553A0,0x005553A8,8
FUN_005553b0,0x005553B0,0x005553B8,8
FUN_005553c0,0x005553C0,0x005553C8,8
FUN_005553d0,0x005553D0,0x005553D8,8
FUN_005553e0,0x005553E0,0x005553E8,8
FUN_005553f0,0x005553F0,0x005553F8,8
FUN_00555400,0x00555400,0x00555408,8
FUN_00555410,0x00555410,0x00555418,8
FUN_00555420,0x00555420,0x00555694,616
FUN_005556a0,0x005556A0,0x005557A8,260
FUN_005557b0,0x005557B0,0x00555810,96
FUN_00555810,0x00555810,0x0055581C,12
FUN_00555820,0x00555820,0x00555884,100
FUN_00555890,0x00555890,0x00555898,8
FUN_005558a0,0x005558A0,0x005558D0,48
FUN_005558d0,0x005558D0,0x00555900,48
FUN_00555900,0x00555900,0x00555B80,628
FUN_00555b80,0x00555B80,0x00555C44,188
FUN_00555c50,0x00555C50,0x005561B4,1372
FUN_005561c0,0x005561C0,0x00556274,180
FUN_00556280,0x00556280,0x00556370,240
FUN_00556370,0x00556370,0x00556ED4,2752
FUN_00556ee0,0x00556EE0,0x00557188,676
FUN_00557190,0x00557190,0x00557D8C,3064
FUN_00557d90,0x00557D90,0x00557DC0,48
FUN_00557dc0,0x00557DC0,0x00557E0C,76
FUN_00557e10,0x00557E10,0x00557E58,72
FUN_00557e60,0x00557E60,0x00557E8C,44
FUN_00557e90,0x00557E90,0x00557EDC,76
FUN_00557ee0,0x00557EE0,0x00557F30,80
FUN_00557f30,0x00557F30,0x00557F5C,44
FUN_00557f60,0x00557F60,0x00558028,196
FUN_00558030,0x00558030,0x005582A4,620
thunk_FUN_005582c0,0x005582B0,0x005582B8,8
FUN_005582c0,0x005582C0,0x00558434,364
FUN_00558440,0x00558440,0x00558588,324
FUN_00558590,0x00558590,0x005585B0,32
FUN_005585b0,0x005585B0,0x005585D4,36
FUN_005585e0,0x005585E0,0x005585FC,28
FUN_00558600,0x00558600,0x0055861C,28
FUN_00558620,0x00558620,0x0055863C,28
FUN_00558640,0x00558640,0x00558A78,1076
FUN_00558a80,0x00558A80,0x00558AA0,32
FUN_00558aa0,0x00558AA0,0x00558AD4,52
FUN_00558ae0,0x00558AE0,0x00558F7C,1168
FUN_00558f80,0x00558F80,0x00558FA4,36
FUN_00558fb0,0x00558FB0,0x00558FFC,76
FUN_00559000,0x00559000,0x0055906C,108
FUN_00559070,0x00559070,0x00559464,996
FUN_00559470,0x00559470,0x005594B0,64
FUN_005594b0,0x005594B0,0x0055957C,204
FUN_00559580,0x00559580,0x00559928,932
FUN_00559930,0x00559930,0x0055A758,3592
FUN_0055a760,0x0055A760,0x0055A7D0,112
FUN_0055a7d0,0x0055A7D0,0x0055A804,52
FUN_0055a810,0x0055A810,0x0055A8C8,152
FUN_0055a8d0,0x0055A8D0,0x0055A920,76
FUN_0055a920,0x0055A920,0x0055ABB8,660
FUN_0055abc0,0x0055ABC0,0x0055AC18,84
FUN_0055ac20,0x0055AC20,0x0055C330,5840
FUN_0055c330,0x0055C330,0x0055C478,328
FUN_0055c480,0x0055C480,0x0055C5D4,336
FUN_0055c5e0,0x0055C5E0,0x0055C68C,172
FUN_0055c690,0x0055C690,0x0055C73C,172
FUN_0055c740,0x0055C740,0x0055C870,304
FUN_0055c870,0x0055C870,0x0055CC9C,1060
FUN_0055cca0,0x0055CCA0,0x0055CCD0,48
FUN_0055ccd0,0x0055CCD0,0x0055CDC0,236
FUN_0055cdc0,0x0055CDC0,0x0055D11C,856
FUN_0055d120,0x0055D120,0x0055E3A8,4672
FUN_0055e3b0,0x0055E3B0,0x0055E65C,668
FUN_0055e660,0x0055E660,0x0055E668,8
FUN_0055e670,0x0055E670,0x0055EAA0,1068
FUN_0055eaa0,0x0055EAA0,0x0055EBD8,308
FUN_0055ebe0,0x0055EBE0,0x0055ECBC,220
FUN_0055ecc0,0x0055ECC0,0x0055F09C,980
FUN_0055f0a0,0x0055F0A0,0x0055F3AC,768
FUN_0055f3b0,0x0055F3B0,0x0055F6E8,812
FUN_0055f6f0,0x0055F6F0,0x0055F7E4,244
FUN_0055f7f0,0x0055F7F0,0x0055F938,328
FUN_0055f940,0x0055F940,0x0055FA88,328
FUN_0055fa90,0x0055FA90,0x0055FEDC,1092
FUN_0055fee0,0x0055FEE0,0x0055FF54,116
FUN_0055ff60,0x0055FF60,0x00560280,796
FUN_00560280,0x00560280,0x00560340,188
FUN_00560340,0x00560340,0x005604B8,376
FUN_005604c0,0x005604C0,0x005604C8,8
FUN_005604d0,0x005604D0,0x00560534,100
FUN_00560540,0x00560540,0x005605A0,96
FUN_005605a0,0x005605A0,0x00560894,756
FUN_005608a0,0x005608A0,0x005608A8,8
FUN_005608b0,0x005608B0,0x00560914,100
FUN_00560920,0x00560920,0x0056092C,12
FUN_00560930,0x00560930,0x00560938,8
FUN_00560940,0x00560940,0x00560948,8
FUN_00560950,0x00560950,0x00560958,8
FUN_00560960,0x00560960,0x005609C8,104
FUN_005609d0,0x005609D0,0x005609E4,20
FUN_005609f0,0x005609F0,0x00560A58,104
FUN_00560a60,0x00560A60,0x00560AB8,88
FUN_00560ac0,0x00560AC0,0x00560B18,88
FUN_00560b20,0x00560B20,0x00561104,1500
FUN_00561110,0x00561110,0x005612E4,468
FUN_005612f0,0x005612F0,0x00561544,596
FUN_00561550,0x00561550,0x00561B8C,1580
FUN_00561b90,0x00561B90,0x00561D1C,396
FUN_00561d20,0x00561D20,0x00561E14,240
FUN_00561e20,0x00561E20,0x00561EF4,208
FUN_00561f00,0x00561F00,0x0056202C,296
FUN_00562030,0x00562030,0x005621B0,384
FUN_005621b0,0x005621B0,0x005621B8,8
FUN_005621c0,0x005621C0,0x005621EC,44
FUN_005621f0,0x005621F0,0x005621F8,8
FUN_00562200,0x00562200,0x005623A8,424
FUN_005623b0,0x005623B0,0x0056278C,988
FUN_00562790,0x00562790,0x005627D8,72
FUN_005627e0,0x005627E0,0x005628E8,260
FUN_005628f0,0x005628F0,0x00562958,100
FUN_00562960,0x00562960,0x005629B0,76
FUN_005629b0,0x005629B0,0x00562A08,88
FUN_00562a10,0x00562A10,0x00562AC4,180
FUN_00562ad0,0x00562AD0,0x00562B70,160
FUN_00562b70,0x00562B70,0x00562C80,268
FUN_00562c80,0x00562C80,0x00562FBC,824
FUN_00562fc0,0x00562FC0,0x00563044,128
FUN_00563050,0x00563050,0x00563100,176
FUN_00563100,0x00563100,0x005631A0,160
FUN_005631a0,0x005631A0,0x005631AC,12
FUN_005631b0,0x005631B0,0x00563294,228
FUN_005632a0,0x005632A0,0x00563468,452
FUN_00563470,0x00563470,0x00563BA4,1784
FUN_00563bb0,0x00563BB0,0x00563BB8,8
FUN_00563bc0,0x00563BC0,0x00563BC8,8
FUN_00563bd0,0x00563BD0,0x00563E0C,568
FUN_00563e10,0x00563E10,0x00564CE4,3744
FUN_00564cf0,0x00564CF0,0x00564D18,40
FUN_00564d20,0x00564D20,0x00565104,988
FUN_00565110,0x00565110,0x00565458,828
FUN_00565460,0x00565460,0x005657B4,840
FUN_005657c0,0x005657C0,0x005658C8,260
FUN_005658d0,0x005658D0,0x005659DC,268
FUN_005659e0,0x005659E0,0x00565AE0,252
FUN_00565ae0,0x00565AE0,0x00565B78,152
FUN_00565b80,0x00565B80,0x00565D24,416
FUN_00565d30,0x00565D30,0x005664EC,1928
FUN_005664f0,0x005664F0,0x00566538,68
FUN_00566540,0x00566540,0x005668E8,928
FUN_005668f0,0x005668F0,0x00566938,72
FUN_00566940,0x00566940,0x00566CF0,940
FUN_00566cf0,0x00566CF0,0x00566DB4,196
FUN_00566dc0,0x00566DC0,0x0056733C,1404
FUN_00567340,0x00567340,0x00567350,16
FUN_00567350,0x00567350,0x0056768C,824
FUN_00567690,0x00567690,0x0056783C,428
FUN_00567840,0x00567840,0x005678E4,164
FUN_005678f0,0x005678F0,0x00567900,16
FUN_00567900,0x00567900,0x00567C5C,852
FUN_00567c60,0x00567C60,0x00567CE8,136
FUN_00567ce8,0x00567CE8,0x00567EE4,504
FUN_00567ee8,0x00567EE8,0x00569524,5280
FUN_00569530,0x00569530,0x00569544,20
FUN_00569550,0x00569550,0x00569894,832
FUN_005698a0,0x005698A0,0x00569A94,492
FUN_00569aa0,0x00569AA0,0x00569C44,416
FUN_00569c50,0x00569C50,0x00569C60,16
FUN_00569c60,0x00569C60,0x00569E3C,468
FUN_00569e40,0x00569E40,0x0056A124,732
FUN_0056a130,0x0056A130,0x0056A2D8,424
FUN_0056a2e0,0x0056A2E0,0x0056A75C,1120
FUN_0056a760,0x0056A760,0x0056A8D4,368
FUN_0056a8e0,0x0056A8E0,0x0056AC68,904
FUN_0056ac70,0x0056AC70,0x0056ACD8,104
FUN_0056ace0,0x0056ACE0,0x0056AE08,296
FUN_0056ae10,0x0056AE10,0x0056AE40,48
FUN_0056ae40,0x0056AE40,0x0056AF48,264
FUN_0056af50,0x0056AF50,0x0056BD04,3484
FUN_0056bd10,0x0056BD10,0x0056BEF0,460
FUN_0056bef0,0x0056BEF0,0x0056C010,288
FUN_0056c010,0x0056C010,0x0056C078,104
FUN_0056c080,0x0056C080,0x0056C214,404
FUN_0056c220,0x0056C220,0x0056C338,272
FUN_0056c340,0x0056C340,0x0056C548,516
FUN_0056c550,0x0056C550,0x0056CBE8,1672
FUN_0056cbf0,0x0056CBF0,0x0056D08C,1156
FUN_0056d090,0x0056D090,0x0056D0C0,48
FUN_0056d0c0,0x0056D0C0,0x0056D2A8,488
FUN_0056d2b0,0x0056D2B0,0x0056D450,408
FUN_0056d450,0x0056D450,0x0056D524,212
FUN_0056d530,0x0056D530,0x0056D6A0,364
FUN_0056d6a0,0x0056D6A0,0x0056D88C,488
FUN_0056d890,0x0056D890,0x0056D918,136
FUN_0056d920,0x0056D920,0x0056DA98,372
FUN_0056daa0,0x0056DAA0,0x0056DB94,244
FUN_0056dba0,0x0056DBA0,0x0056DC98,248
FUN_0056dca0,0x0056DCA0,0x0056DD48,168
FUN_0056dd50,0x0056DD50,0x0056DDB8,104
FUN_0056ddc0,0x0056DDC0,0x0056DE10,80
FUN_0056de10,0x0056DE10,0x0056EE74,4136
FUN_0056ee80,0x0056EE80,0x0056F204,888
FUN_0056f210,0x0056F210,0x0056F458,576
FUN_0056f460,0x0056F460,0x0056F4C0,96
FUN_0056f4c0,0x0056F4C0,0x0056F6BC,496
FUN_0056f6c0,0x0056F6C0,0x0056F95C,652
FUN_0056f960,0x0056F960,0x0056F968,8
FUN_0056f970,0x0056F970,0x0056FD00,908
FUN_0056fd00,0x0056FD00,0x00570D10,4036
FUN_00570d10,0x00570D10,0x00570D18,8
FUN_00570d20,0x00570D20,0x00570D48,40
FUN_00570d50,0x00570D50,0x00570D5C,12
FUN_00570d60,0x00570D60,0x00570D90,48
FUN_00570d90,0x00570D90,0x00570DF8,104
FUN_00570e00,0x00570E00,0x00570F8C,396
FUN_00570f90,0x00570F90,0x00570FFC,108
FUN_00571000,0x00571000,0x00571008,8
FUN_00571010,0x00571010,0x005710FC,236
FUN_00571100,0x00571100,0x00571148,72
FUN_00571150,0x00571150,0x005712E8,408
FUN_005712f0,0x005712F0,0x0057141C,296
FUN_00571420,0x00571420,0x005714A4,132
FUN_005714b0,0x005714B0,0x00571AA4,1508
FUN_00571ab0,0x00571AB0,0x00571B10,96
FUN_00571b10,0x00571B10,0x00572184,1640
FUN_00572190,0x00572190,0x0057223C,172
FUN_00572240,0x00572240,0x00572304,196
FUN_00572310,0x00572310,0x00572328,24
FUN_00572330,0x00572330,0x00572880,1336
FUN_00572880,0x00572880,0x005729E8,352
FUN_005729f0,0x005729F0,0x00572D30,824
FUN_00572d30,0x00572D30,0x00572D6C,60
FUN_00572d70,0x00572D70,0x00572F98,552
FUN_00572fa0,0x00572FA0,0x00573104,356
FUN_00573110,0x00573110,0x00573130,32
FUN_00573130,0x00573130,0x00573B7C,2608
FUN_00573b80,0x00573B80,0x00573BCC,76
FUN_00573bd0,0x00573BD0,0x00573D14,324
FUN_00573d20,0x00573D20,0x00573E54,296
FUN_00573e60,0x00573E60,0x00573F18,184
FUN_00573f20,0x00573F20,0x00573F78,88
FUN_00573f80,0x00573F80,0x00573FF0,112
FUN_00573ff0,0x00573FF0,0x00574078,136
FUN_00574080,0x00574080,0x005743C0,832
FUN_005743c0,0x005743C0,0x00574724,820
FUN_00574730,0x00574730,0x005747F4,184
FUN_00574800,0x00574800,0x00574830,48
FUN_00574830,0x00574830,0x00574AD4,668
FUN_00574ae0,0x00574AE0,0x00574B30,80
FUN_00574b30,0x00574B30,0x00574BA0,112
FUN_00574ba0,0x00574BA0,0x00574BC4,36
FUN_00574bd0,0x00574BD0,0x00574C24,84
FUN_00574c30,0x00574C30,0x00574EF0,700
FUN_00574ef0,0x00574EF0,0x00575098,408
FUN_005750a0,0x005750A0,0x005750AC,12
FUN_005750b0,0x005750B0,0x005750BC,12
FUN_005750c0,0x005750C0,0x005750D0,16
FUN_005750d0,0x005750D0,0x005750FC,44
FUN_00575100,0x00575100,0x00575208,240
FUN_00575210,0x00575210,0x005752A8,132
FUN_005752b0,0x005752B0,0x00575408,308
FUN_00575410,0x00575410,0x00575488,120
FUN_00575490,0x00575490,0x005756A8,416
FUN_005756b0,0x005756B0,0x00575790,208
FUN_00575790,0x00575790,0x005758D0,280
FUN_005758d0,0x005758D0,0x00575948,120
FUN_00575950,0x00575950,0x00575964,20
FUN_00575970,0x00575970,0x00575984,20
FUN_00575990,0x00575990,0x00575998,8
FUN_005759a0,0x005759A0,0x00575A98,248
FUN_00575aa0,0x00575AA0,0x00575AA8,8
FUN_00575ab0,0x00575AB0,0x00575B28,120
FUN_00575b30,0x00575B30,0x00575B38,8
FUN_00575b40,0x00575B40,0x00575B48,8
FUN_00575b50,0x00575B50,0x00575BC8,120
FUN_00575bd0,0x00575BD0,0x00575BD8,8
FUN_00575be0,0x00575BE0,0x00575BE8,8
FUN_00575bf0,0x00575BF0,0x00575BF8,8
FUN_00575c00,0x00575C00,0x00575C08,8
FUN_00575c10,0x00575C10,0x00575C18,8
FUN_00575c20,0x00575C20,0x00575C28,8
FUN_00575c30,0x00575C30,0x00575C38,8
FUN_00575c40,0x00575C40,0x00575C48,8
FUN_00575c50,0x00575C50,0x00575C7C,44
FUN_00575c80,0x00575C80,0x00575CAC,44
FUN_00575cb0,0x00575CB0,0x00575CE8,56
FUN_00575cf0,0x00575CF0,0x00575DAC,184
FUN_00575db0,0x00575DB0,0x00575E24,116
FUN_00575e30,0x00575E30,0x00575F40,272
FUN_00575f40,0x00575F40,0x00575FFC,184
FUN_00576000,0x00576000,0x00576118,280
FUN_00576120,0x00576120,0x005761A4,132
FUN_005761b0,0x005761B0,0x005762D8,296
FUN_005762e0,0x005762E0,0x005763DC,252
FUN_005763e0,0x005763E0,0x005765E8,496
FUN_005765f0,0x005765F0,0x00576700,272
FUN_00576700,0x00576700,0x00576860,352
FUN_00576860,0x00576860,0x00576BA4,816
FUN_00576bb0,0x00576BB0,0x00576E30,636
FUN_00576e30,0x00576E30,0x00576FFC,452
FUN_00577000,0x00577000,0x00577700,1780
FUN_00577700,0x00577700,0x005777CC,204
FUN_005777d0,0x005777D0,0x00577B94,960
FUN_00577ba0,0x00577BA0,0x00577DEC,588
FUN_00577df0,0x00577DF0,0x00577E3C,76
FUN_00577e40,0x00577E40,0x00577E94,84
FUN_00577ea0,0x00577EA0,0x005780D8,568
FUN_005780e0,0x005780E0,0x00578108,40
FUN_00578110,0x00578110,0x00578150,64
FUN_00578150,0x00578150,0x005781A8,88
FUN_005781b0,0x005781B0,0x005781B8,8
FUN_005781c0,0x005781C0,0x00578494,720
FUN_005784a0,0x005784A0,0x005788BC,1044
FUN_005788c0,0x005788C0,0x005788D8,24
FUN_005788e0,0x005788E0,0x005788F8,24
FUN_00578900,0x00578900,0x00578914,20
FUN_00578920,0x00578920,0x0057893C,28
FUN_00578940,0x00578940,0x00578948,8
FUN_00578950,0x00578950,0x00578958,8
FUN_00578960,0x00578960,0x00578970,16
FUN_00578970,0x00578970,0x0057897C,12
FUN_00578980,0x00578980,0x00578988,8
FUN_00578990,0x00578990,0x00578D0C,888
FUN_00578d10,0x00578D10,0x00578F90,640
FUN_00578f90,0x00578F90,0x0057920C,628
FUN_00579210,0x00579210,0x00579220,16
FUN_00579220,0x00579220,0x005794CC,680
FUN_005794d0,0x005794D0,0x00579714,572
FUN_00579720,0x00579720,0x00579A2C,768
FUN_00579a30,0x00579A30,0x00579DA0,872
FUN_00579da0,0x00579DA0,0x00579E90,240
FUN_00579e90,0x00579E90,0x00579EA0,16
FUN_00579ea0,0x00579EA0,0x00579EE4,68
FUN_00579ef0,0x00579EF0,0x0057A004,272
FUN_0057a010,0x0057A010,0x0057A330,776
FUN_0057a330,0x0057A330,0x0057B508,4508
FUN_0057b510,0x0057B510,0x0057B548,56
FUN_0057b550,0x0057B550,0x0057D508,8096
FUN_0057d510,0x0057D510,0x0057D540,48
FUN_0057d540,0x0057D540,0x0057D5E0,160
FUN_0057d5e0,0x0057D5E0,0x0057D704,288
FUN_0057d710,0x0057D710,0x0057D808,248
FUN_0057d810,0x0057D810,0x0057DBA8,912
FUN_0057dbb0,0x0057DBB0,0x0057DC18,104
FUN_0057dc20,0x0057DC20,0x0057DC78,88
FUN_0057dc80,0x0057DC80,0x0057DCBC,60
FUN_0057dcc0,0x0057DCC0,0x0057DDE4,292
FUN_0057ddf0,0x0057DDF0,0x0057DF0C,280
FUN_0057df10,0x0057DF10,0x0057DF1C,12
FUN_0057df20,0x0057DF20,0x0057DFE0,192
FUN_0057dfe0,0x0057DFE0,0x0057E050,108
FUN_0057e050,0x0057E050,0x0057E130,224
FUN_0057e130,0x0057E130,0x0057E1B0,128
FUN_0057e1b0,0x0057E1B0,0x0057E534,892
FUN_0057e540,0x0057E540,0x0057E768,544
FUN_0057e770,0x0057E770,0x0057ED10,1424
FUN_0057ed10,0x0057ED10,0x0057EDF4,228
FUN_0057ee00,0x0057EE00,0x0057EFE0,476
FUN_0057efe0,0x0057EFE0,0x0057F148,360
FUN_0057f150,0x0057F150,0x0057F2A0,336
FUN_0057f2a0,0x0057F2A0,0x0057F310,112
FUN_0057f310,0x0057F310,0x0057F3D4,192
FUN_0057f3e0,0x0057F3E0,0x0057F52C,328
FUN_0057f530,0x0057F530,0x0057F5A8,116
FUN_0057f5b0,0x0057F5B0,0x0057F688,216
FUN_0057f690,0x0057F690,0x0057F7C4,304
FUN_0057f7d0,0x0057F7D0,0x0057F878,168
FUN_0057f880,0x0057F880,0x0057F9B4,304
FUN_0057f9c0,0x0057F9C0,0x0057FA68,168
FUN_0057fa70,0x0057FA70,0x0057FCE0,604
FUN_0057fce0,0x0057FCE0,0x005802AC,1476
FUN_005802b0,0x005802B0,0x0058035C,172
FUN_00580360,0x00580360,0x005804D4,372
FUN_005804e0,0x005804E0,0x005805A8,196
FUN_005805b0,0x005805B0,0x005807C8,528
FUN_005807d0,0x005807D0,0x00580A80,684
FUN_00580a80,0x00580A80,0x00580B68,228
FUN_00580b70,0x00580B70,0x0058110C,1368
FUN_00581110,0x00581110,0x005812B8,420
FUN_005812c0,0x005812C0,0x00581428,356
FUN_00581430,0x00581430,0x00581534,256
FUN_00581540,0x00581540,0x00581658,272
FUN_00581660,0x00581660,0x005817CC,356
FUN_005817d0,0x005817D0,0x0058198C,432
FUN_00581990,0x00581990,0x00581C10,632
FUN_00581c10,0x00581C10,0x00581DBC,416
FUN_00581dc0,0x00581DC0,0x00581EC4,260
FUN_00581ed0,0x00581ED0,0x005824F8,1560
FUN_00582500,0x00582500,0x00582538,56
FUN_00582540,0x00582540,0x00582D0C,1960
FUN_00582d10,0x00582D10,0x00583024,776
FUN_00583030,0x00583030,0x00583348,788
FUN_00583350,0x00583350,0x005834F4,412
FUN_00583500,0x00583500,0x0058395C,1096
FUN_00583960,0x00583960,0x00583AEC,396
FUN_00583af0,0x00583AF0,0x00583E64,880
FUN_00583e70,0x00583E70,0x00584238,960
FUN_00584240,0x00584240,0x00584384,324
FUN_00584390,0x00584390,0x005845B4,544
FUN_005845c0,0x005845C0,0x00584AFC,1320
FUN_00584b00,0x00584B00,0x00584C10,256
FUN_00584c10,0x00584C10,0x00584C58,72
FUN_00584c60,0x00584C60,0x005857E0,2904
FUN_005857e0,0x005857E0,0x00585898,176
FUN_005858a0,0x005858A0,0x00585CCC,1040
FUN_00585cd0,0x00585CD0,0x00585FEC,796
FUN_00585ff0,0x00585FF0,0x00586050,96
FUN_00586050,0x00586050,0x00586238,480
FUN_00586240,0x00586240,0x00586570,796
FUN_00586570,0x00586570,0x00586C04,1664
FUN_00586c10,0x00586C10,0x00586EFC,744
FUN_00586f00,0x00586F00,0x005870D4,460
FUN_005870e0,0x005870E0,0x00587664,1380
FUN_00587670,0x00587670,0x005876B0,64
FUN_005876b0,0x005876B0,0x0058773C,140
FUN_00587740,0x00587740,0x00587760,32
FUN_00587760,0x00587760,0x00587780,32
FUN_00587780,0x00587780,0x00587A30,680
FUN_00587a30,0x00587A30,0x00587B38,264
FUN_00587b40,0x00587B40,0x00587C18,216
FUN_00587c20,0x00587C20,0x00587DFC,460
FUN_00587e00,0x00587E00,0x00587E74,116
FUN_00587e80,0x00587E80,0x00587F10,144
FUN_00587f10,0x00587F10,0x00587F50,64
FUN_00587f50,0x00587F50,0x00587F90,64
FUN_00587f90,0x00587F90,0x00587FD8,72
FUN_00587fe0,0x00587FE0,0x00588028,72
FUN_00588030,0x00588030,0x00588078,72
FUN_00588080,0x00588080,0x005880D4,84
FUN_005880e0,0x005880E0,0x00588AA8,2464
FUN_00588ab0,0x00588AB0,0x00588B38,136
FUN_00588b40,0x00588B40,0x00588BBC,124
FUN_00588bc0,0x00588BC0,0x00589900,3288
FUN_00589900,0x00589900,0x00589A9C,408
FUN_00589aa0,0x00589AA0,0x0058A464,2452
FUN_0058a470,0x0058A470,0x0058A4C8,88
FUN_0058a4d0,0x0058A4D0,0x0058A5DC,264
FUN_0058a5e0,0x0058A5E0,0x0058A6A8,196
FUN_0058a6b0,0x0058A6B0,0x0058A710,96
FUN_0058a710,0x0058A710,0x0058A718,8
FUN_0058a720,0x0058A720,0x0058A820,252
FUN_0058a820,0x0058A820,0x0058A8B8,144
FUN_0058a8c0,0x0058A8C0,0x0058A918,84
FUN_0058a920,0x0058A920,0x0058A948,40
FUN_0058a950,0x0058A950,0x0058A998,72
FUN_0058a9a0,0x0058A9A0,0x0058A9E4,68
FUN_0058a9f0,0x0058A9F0,0x0058AAA0,176
FUN_0058aaa0,0x0058AAA0,0x0058AAC0,32
FUN_0058aac0,0x0058AAC0,0x0058AB28,104
FUN_0058ab30,0x0058AB30,0x0058AC44,276
FUN_0058ac50,0x0058AC50,0x0058AC90,64
FUN_0058ac90,0x0058AC90,0x0058AC98,8
FUN_0058aca0,0x0058ACA0,0x0058ACB4,20
FUN_0058acc0,0x0058ACC0,0x0058B040,876
FUN_0058b040,0x0058B040,0x0058B0E4,164
FUN_0058b0f0,0x0058B0F0,0x0058B19C,172
FUN_0058b1a0,0x0058B1A0,0x0058B624,1124
FUN_0058b630,0x0058B630,0x0058B790,352
FUN_0058b790,0x0058B790,0x0058B95C,456
FUN_0058b960,0x0058B960,0x0058BAA8,328
FUN_0058bab0,0x0058BAB0,0x0058BB48,152
FUN_0058bb50,0x0058BB50,0x0058BBF8,152
FUN_0058bc00,0x0058BC00,0x0058BCA8,152
FUN_0058bcb0,0x0058BCB0,0x0058BDEC,308
FUN_0058bdf0,0x0058BDF0,0x0058C2B0,1208
FUN_0058c2b0,0x0058C2B0,0x0058C2E8,56
FUN_0058c2f0,0x0058C2F0,0x0058C350,96
FUN_0058c350,0x0058C350,0x0058C49C,332
FUN_0058c4a0,0x0058C4A0,0x0058C4B0,16
FUN_0058c4b0,0x0058C4B0,0x0058C5CC,280
FUN_0058c5d0,0x0058C5D0,0x0058C5F8,40
FUN_0058c600,0x0058C600,0x0058C81C,536
FUN_0058c820,0x0058C820,0x0058C958,304
FUN_0058c960,0x0058C960,0x0058C968,8
FUN_0058c970,0x0058C970,0x0058C9DC,100
FUN_0058c9e0,0x0058C9E0,0x0058CA60,124
FUN_0058ca60,0x0058CA60,0x0058CB30,208
FUN_0058cb30,0x0058CB30,0x0058CC24,244
FUN_0058cc30,0x0058CC30,0x0058CE54,548
FUN_0058ce60,0x0058CE60,0x0058CE6C,12
FUN_0058ce70,0x0058CE70,0x0058CEE8,120
FUN_0058cef0,0x0058CEF0,0x0058D018,292
FUN_0058d020,0x0058D020,0x0058D090,112
FUN_0058d090,0x0058D090,0x0058D150,188
FUN_0058d150,0x0058D150,0x0058D190,64
FUN_0058d190,0x0058D190,0x0058D250,184
FUN_0058d250,0x0058D250,0x0058D2B0,96
FUN_0058d2b0,0x0058D2B0,0x0058D444,400
FUN_0058d450,0x0058D450,0x0058D6CC,636
FUN_0058d6d0,0x0058D6D0,0x0058D6D8,8
FUN_0058d6e0,0x0058D6E0,0x0058D6E8,8
FUN_0058d6f0,0x0058D6F0,0x0058D72C,60
FUN_0058d730,0x0058D730,0x0058D738,8
FUN_0058d740,0x0058D740,0x0058D864,284
FUN_0058d870,0x0058D870,0x0058DA90,532
FUN_0058da90,0x0058DA90,0x0058DB20,144
FUN_0058db20,0x0058DB20,0x0058DBB0,144
FUN_0058dbb0,0x0058DBB0,0x0058DD68,372
FUN_0058dd70,0x0058DD70,0x0058DEB0,272
FUN_0058deb0,0x0058DEB0,0x0058DF20,112
FUN_0058df20,0x0058DF20,0x0058DF98,116
FUN_0058dfa0,0x0058DFA0,0x0058E01C,120
FUN_0058e020,0x0058E020,0x0058E098,120
FUN_0058e0a0,0x0058E0A0,0x0058E118,120
FUN_0058e120,0x0058E120,0x0058E354,440
FUN_0058e360,0x0058E360,0x0058E4C4,304
FUN_0058e4d0,0x0058E4D0,0x0058E744,488
FUN_0058e750,0x0058E750,0x0058E8F4,332
FUN_0058e900,0x0058E900,0x0058E944,60
FUN_0058e950,0x0058E950,0x0058EAF4,332
FUN_0058eb00,0x0058EB00,0x0058ED60,472
FUN_0058ed60,0x0058ED60,0x0058EF80,420
FUN_0058ef80,0x0058EF80,0x0058F188,404
FUN_0058f190,0x0058F190,0x0058F230,160
FUN_0058f230,0x0058F230,0x0058F6D8,1188
FUN_0058f6e0,0x0058F6E0,0x0058F89C,440
FUN_0058f8a0,0x0058F8A0,0x0058F95C,184
FUN_0058f960,0x0058F960,0x0058FA6C,260
FUN_0058fa70,0x0058FA70,0x0058FBD4,352
FUN_0058fbe0,0x0058FBE0,0x00590AA4,3728
FUN_00590ab0,0x00590AB0,0x00590AB8,8
FUN_00590ac0,0x00590AC0,0x00590BB4,236
FUN_00590bc0,0x00590BC0,0x00591130,1372
FUN_00591130,0x00591130,0x005911E0,176
FUN_005911e0,0x005911E0,0x005911E8,8
FUN_005911f0,0x005911F0,0x0059137C,388
FUN_00591380,0x00591380,0x00591520,416
FUN_00591520,0x00591520,0x00591770,588
FUN_00591770,0x00591770,0x00591AAC,824
FUN_00591ab0,0x00591AB0,0x00591DB8,772
FUN_00591dc0,0x00591DC0,0x00591FBC,504
FUN_00591fc0,0x00591FC0,0x00591FDC,28
FUN_00591fe0,0x00591FE0,0x00591FFC,28
FUN_00592000,0x00592000,0x0059201C,28
FUN_00592020,0x00592020,0x00592028,8
FUN_00592030,0x00592030,0x00592050,32
FUN_00592050,0x00592050,0x00592098,72
FUN_005920a0,0x005920A0,0x005920C0,32
FUN_005920c0,0x005920C0,0x0059225C,408
FUN_00592260,0x00592260,0x00592400,412
FUN_00592400,0x00592400,0x005924A4,164
FUN_005924b0,0x005924B0,0x0059255C,168
FUN_00592560,0x00592560,0x00592880,800
FUN_00592880,0x00592880,0x00592908,128
FUN_00592910,0x00592910,0x00592998,128
FUN_005929a0,0x005929A0,0x00592AC0,284
FUN_00592ac0,0x00592AC0,0x00592B38,120
FUN_00592b40,0x00592B40,0x00592BA0,96
FUN_00592ba0,0x00592BA0,0x00592BD0,48
FUN_00592bd0,0x00592BD0,0x00592BDC,12
FUN_00592be0,0x00592BE0,0x00592BEC,12
FUN_00592bf0,0x00592BF0,0x00592C10,32
FUN_00592c10,0x00592C10,0x00592C30,32
FUN_00592c30,0x00592C30,0x00592C70,64
FUN_00592c70,0x00592C70,0x00592C94,36
FUN_00592ca0,0x00592CA0,0x00592D38,152
FUN_00592d40,0x00592D40,0x00592D48,8
FUN_00592d50,0x00592D50,0x005934F8,1904
FUN_00593500,0x00593500,0x005937BC,692
FUN_005937c0,0x005937C0,0x00593D00,1324
FUN_00593d00,0x00593D00,0x00593D9C,156
FUN_00593da0,0x00593DA0,0x005940D0,796
FUN_005940d0,0x005940D0,0x00594348,624
FUN_00594350,0x00594350,0x00594474,288
FUN_00594480,0x00594480,0x005945FC,380
FUN_00594600,0x00594600,0x00594B6C,1344
FUN_00594b70,0x00594B70,0x00594C8C,280
FUN_00594c90,0x00594C90,0x00594CEC,92
FUN_00594cf0,0x00594CF0,0x00596698,6468
FUN_005966a0,0x005966A0,0x00596D60,1704
FUN_00596d60,0x00596D60,0x00596F10,420
FUN_00596f10,0x00596F10,0x005970B0,416
FUN_005970b0,0x005970B0,0x005974EC,1084
FUN_005974f0,0x005974F0,0x0059752C,60
FUN_00597530,0x00597530,0x005975AC,124
FUN_005975b0,0x005975B0,0x005975C4,20
FUN_005975d0,0x005975D0,0x00597624,84
FUN_00597630,0x00597630,0x0059764C,28
FUN_00597650,0x00597650,0x0059769C,76
FUN_005976a0,0x005976A0,0x005976E0,64
FUN_005976e0,0x005976E0,0x00597740,96
FUN_00597740,0x00597740,0x00597788,72
FUN_00597790,0x00597790,0x00597808,104
FUN_00597810,0x00597810,0x00597888,108
FUN_00597890,0x00597890,0x00597898,8
FUN_005978a0,0x005978A0,0x00597998,248
FUN_005979a0,0x005979A0,0x00597B00,352
FUN_00597b00,0x00597B00,0x00597BF8,248
FUN_00597c00,0x00597C00,0x00597E40,568
FUN_00597e40,0x00597E40,0x00597E80,64
FUN_00597e80,0x00597E80,0x00597EA4,36
FUN_00597eb0,0x00597EB0,0x00597F48,152
FUN_00597f50,0x00597F50,0x00597FEC,156
FUN_00597ff0,0x00597FF0,0x00597FF8,8
FUN_00598000,0x00598000,0x00598218,532
FUN_00598220,0x00598220,0x00598280,96
FUN_00598280,0x00598280,0x00598838,1460
FUN_00598840,0x00598840,0x00598860,32
FUN_00598860,0x00598860,0x00598B8C,812
FUN_00598b90,0x00598B90,0x005994A0,2300
FUN_005994a0,0x005994A0,0x0059968C,492
FUN_00599690,0x00599690,0x00599808,376
FUN_00599810,0x00599810,0x00599818,8
FUN_00599820,0x00599820,0x005998B0,144
FUN_005998b0,0x005998B0,0x005999D4,292
FUN_005999e0,0x005999E0,0x00599B60,380
FUN_00599b60,0x00599B60,0x00599EFC,920
FUN_00599f00,0x00599F00,0x0059A448,1340
FUN_0059a450,0x0059A450,0x0059A62C,476
FUN_0059a630,0x0059A630,0x0059A644,20
FUN_0059a650,0x0059A650,0x0059A664,20
FUN_0059a670,0x0059A670,0x0059A680,16
FUN_0059a680,0x0059A680,0x0059A698,24
FUN_0059a6a0,0x0059A6A0,0x0059A6B8,24
FUN_0059a6c0,0x0059A6C0,0x0059A6D4,20
FUN_0059a6e0,0x0059A6E0,0x0059A6E8,8
FUN_0059a6f0,0x0059A6F0,0x0059A700,16
FUN_0059a700,0x0059A700,0x0059A708,8
FUN_0059a710,0x0059A710,0x0059A718,8
FUN_0059a720,0x0059A720,0x0059A72C,12
FUN_0059a730,0x0059A730,0x0059A7E8,180
FUN_0059a7f0,0x0059A7F0,0x0059A8E0,236
FUN_0059a8e0,0x0059A8E0,0x0059AA58,368
FUN_0059aa60,0x0059AA60,0x0059AB28,200
FUN_0059ab30,0x0059AB30,0x0059ABB8,132
FUN_0059abc0,0x0059ABC0,0x0059AC58,152
FUN_0059ac60,0x0059AC60,0x0059ACD0,112
FUN_0059acd0,0x0059ACD0,0x0059AD24,80
FUN_0059ad30,0x0059AD30,0x0059AFC8,660
FUN_0059afd0,0x0059AFD0,0x0059B440,1124
FUN_0059b440,0x0059B440,0x0059B86C,1068
FUN_0059b870,0x0059B870,0x0059BA78,512
FUN_0059ba80,0x0059BA80,0x0059CF0C,5260
FUN_0059cf10,0x0059CF10,0x0059D48C,1392
FUN_0059d490,0x0059D490,0x0059D638,424
FUN_0059d640,0x0059D640,0x0059D6A8,104
FUN_0059d6b0,0x0059D6B0,0x0059D6B8,8
FUN_0059d6c0,0x0059D6C0,0x0059D750,144
FUN_0059d750,0x0059D750,0x0059D828,216
FUN_0059d830,0x0059D830,0x0059D978,328
FUN_0059d980,0x0059D980,0x0059D9E8,104
FUN_0059d9f0,0x0059D9F0,0x0059DA60,112
FUN_0059da60,0x0059DA60,0x0059DA68,8
FUN_0059da70,0x0059DA70,0x0059DA78,8
FUN_0059da80,0x0059DA80,0x0059DAB0,48
FUN_0059dab0,0x0059DAB0,0x0059DCDC,548
FUN_0059dce0,0x0059DCE0,0x0059DD28,72
FUN_0059dd30,0x0059DD30,0x0059DDA8,120
FUN_0059ddb0,0x0059DDB0,0x0059DEF0,320
FUN_0059def0,0x0059DEF0,0x0059DF58,104
FUN_0059df60,0x0059DF60,0x0059DFB0,80
FUN_0059dfb0,0x0059DFB0,0x0059E574,1440
FUN_0059e580,0x0059E580,0x0059E830,664
FUN_0059e830,0x0059E830,0x0059E9DC,424
FUN_0059e9e0,0x0059E9E0,0x0059EC60,640
FUN_0059ec60,0x0059EC60,0x0059EE14,436
FUN_0059ee20,0x0059EE20,0x0059F0B4,644
FUN_0059f0c0,0x0059F0C0,0x0059F608,1340
FUN_0059f610,0x0059F610,0x0059F6EC,220
FUN_0059f6f0,0x0059F6F0,0x0059F724,52
FUN_0059f730,0x0059F730,0x0059FAB8,896
FUN_0059fac0,0x0059FAC0,0x0059FD44,644
FUN_0059fd50,0x0059FD50,0x005A0038,740
FUN_005a0040,0x005A0040,0x005A0268,552
FUN_005a0270,0x005A0270,0x005A06F4,1132
FUN_005a0700,0x005A0700,0x005A0944,572
FUN_005a0950,0x005A0950,0x005A0B60,528
FUN_005a0b60,0x005A0B60,0x005A0BA8,72
FUN_005a0bb0,0x005A0BB0,0x005A0BF8,72
FUN_005a0c00,0x005A0C00,0x005A0CC8,200
FUN_005a0cd0,0x005A0CD0,0x005A0D98,200
FUN_005a0da0,0x005A0DA0,0x005A0E68,200
FUN_005a0e70,0x005A0E70,0x005A1618,1940
FUN_005a1620,0x005A1620,0x005A18A4,632
FUN_005a18b0,0x005A18B0,0x005A1B70,688
FUN_005a1b70,0x005A1B70,0x005A1B80,16
FUN_005a1b80,0x005A1B80,0x005A1FCC,1088
FUN_005a1fd0,0x005A1FD0,0x005A1FEC,28
FUN_005a1ff0,0x005A1FF0,0x005A21A4,436
FUN_005a21b0,0x005A21B0,0x005A238C,476
FUN_005a2390,0x005A2390,0x005A2488,244
FUN_005a2490,0x005A2490,0x005A2678,488
FUN_005a2680,0x005A2680,0x005A2690,16
FUN_005a2690,0x005A2690,0x005A2F90,2276
FUN_005a2f90,0x005A2F90,0x005A3064,212
FUN_005a3070,0x005A3070,0x005A3160,240
FUN_005a3160,0x005A3160,0x005A31B8,88
FUN_005a31c0,0x005A31C0,0x005A3218,88
FUN_005a3220,0x005A3220,0x005A3278,88
FUN_005a3280,0x005A3280,0x005A33AC,300
FUN_005a33b0,0x005A33B0,0x005A3568,440
FUN_005a3570,0x005A3570,0x005A39A4,1068
FUN_005a39b0,0x005A39B0,0x005A3B48,404
FUN_005a3b50,0x005A3B50,0x005A3BA8,88
FUN_005a3bb0,0x005A3BB0,0x005A3C58,168
FUN_005a3c60,0x005A3C60,0x005A3CC0,96
FUN_005a3cc0,0x005A3CC0,0x005A3D00,64
thunk_FUN_005b7910,0x005A3D00,0x005A3D08,8
FUN_005a3d10,0x005A3D10,0x005A3D24,20
FUN_005a3d30,0x005A3D30,0x005A3E90,352
FUN_005a3e90,0x005A3E90,0x005A3FF0,352
FUN_005a3ff0,0x005A3FF0,0x005A4150,352
FUN_005a4150,0x005A4150,0x005A4318,456
FUN_005a4320,0x005A4320,0x005A44E8,456
FUN_005a44f0,0x005A44F0,0x005A46B8,456
FUN_005a46c0,0x005A46C0,0x005A4840,384
FUN_005a4840,0x005A4840,0x005A49E8,424
FUN_005a49f0,0x005A49F0,0x005A4CD8,744
thunk_FUN_005a49f0,0x005A4CE0,0x005A4CE8,8
FUN_005a4cf0,0x005A4CF0,0x005A4F68,632
FUN_005a4f70,0x005A4F70,0x005A4F80,16
FUN_005a4f80,0x005A4F80,0x005A50A0,288
FUN_005a50a0,0x005A50A0,0x005A5244,416
FUN_005a5250,0x005A5250,0x005A53C4,372
FUN_005a53d0,0x005A53D0,0x005A542C,92
FUN_005a5430,0x005A5430,0x005A544C,28
FUN_005a5450,0x005A5450,0x005A5488,56
FUN_005a5490,0x005A5490,0x005A54D0,64
FUN_005a54d0,0x005A54D0,0x005A56C8,500
FUN_005a56d0,0x005A56D0,0x005A5790,192
FUN_005a5790,0x005A5790,0x005A582C,152
FUN_005a5830,0x005A5830,0x005A5A80,588
FUN_005a5a80,0x005A5A80,0x005A5D98,780
FUN_005a5da0,0x005A5DA0,0x005A60CC,792
FUN_005a60d0,0x005A60D0,0x005A64B4,996
FUN_005a64c0,0x005A64C0,0x005A6B64,1628
FUN_005a6b70,0x005A6B70,0x005A6D2C,420
FUN_005a6d30,0x005A6D30,0x005A6EB0,380
FUN_005a6eb0,0x005A6EB0,0x005A6FBC,260
FUN_005a6fc0,0x005A6FC0,0x005A70E4,288
FUN_005a70f0,0x005A70F0,0x005A7258,360
FUN_005a7260,0x005A7260,0x005A73B8,344
FUN_005a73c0,0x005A73C0,0x005A747C,188
FUN_005a7480,0x005A7480,0x005A7520,160
FUN_005a7520,0x005A7520,0x005A75CC,172
FUN_005a75d0,0x005A75D0,0x005A768C,188
FUN_005a7690,0x005A7690,0x005A7730,160
FUN_005a7730,0x005A7730,0x005A77DC,172
FUN_005a77e0,0x005A77E0,0x005A78B8,212
FUN_005a78c0,0x005A78C0,0x005A78D0,16
FUN_005a78d0,0x005A78D0,0x005A7978,168
FUN_005a7980,0x005A7980,0x005A7AB0,304
FUN_005a7ab0,0x005A7AB0,0x005A7D10,608
FUN_005a7d10,0x005A7D10,0x005A7DE0,208
FUN_005a7de0,0x005A7DE0,0x005A81D0,988
FUN_005a81d0,0x005A81D0,0x005A82D8,260
FUN_005a82e0,0x005A82E0,0x005A8790,1144
FUN_005a8790,0x005A8790,0x005A8850,184
FUN_005a8850,0x005A8850,0x005A88C0,112
FUN_005a88c0,0x005A88C0,0x005A89B8,248
FUN_005a89c0,0x005A89C0,0x005A8CA4,716
FUN_005a8cb0,0x005A8CB0,0x005A8DA0,224
FUN_005a8da0,0x005A8DA0,0x005A90B0,768
FUN_005a90b0,0x005A90B0,0x005A9420,856
FUN_005a9420,0x005A9420,0x005A94F8,216
FUN_005a9500,0x005A9500,0x005A98B0,920
FUN_005a98b0,0x005A98B0,0x005A9C68,944
FUN_005a9c70,0x005A9C70,0x005A9F38,708
FUN_005a9f40,0x005A9F40,0x005AA108,456
FUN_005aa110,0x005AA110,0x005AA240,300
FUN_005aa240,0x005AA240,0x005AA470,552
FUN_005aa470,0x005AA470,0x005AA5F4,388
FUN_005aa600,0x005AA600,0x005AA608,8
FUN_005aa610,0x005AA610,0x005AA618,8
FUN_005aa620,0x005AA620,0x005AA690,108
FUN_005aa690,0x005AA690,0x005AA6C4,52
FUN_005aa6d0,0x005AA6D0,0x005AA6D8,8
FUN_005aa6e0,0x005AA6E0,0x005AB1B4,2744
FUN_005ab1c0,0x005AB1C0,0x005AB58C,964
FUN_005ab590,0x005AB590,0x005AB844,692
FUN_005ab850,0x005AB850,0x005ABBB4,860
FUN_005abbc0,0x005ABBC0,0x005AC070,1172
FUN_005ac070,0x005AC070,0x005AC1EC,380
FUN_005ac1f0,0x005AC1F0,0x005AC614,1028
FUN_005ac620,0x005AC620,0x005AC660,64
FUN_005ac660,0x005AC660,0x005AC66C,12
FUN_005ac670,0x005AC670,0x005ACA04,892
FUN_005aca10,0x005ACA10,0x005ACA6C,92
FUN_005aca70,0x005ACA70,0x005AD3FC,2436
FUN_005ad400,0x005AD400,0x005AD4C8,200
FUN_005ad4d0,0x005AD4D0,0x005AD598,200
FUN_005ad5a0,0x005AD5A0,0x005AD5A8,8
FUN_005ad5b0,0x005AD5B0,0x005AD728,376
FUN_005ad730,0x005AD730,0x005AD870,320
FUN_005ad870,0x005AD870,0x005AD91C,172
FUN_005ad920,0x005AD920,0x005AD9C8,168
FUN_005ad9d0,0x005AD9D0,0x005ADC6C,656
FUN_005adc70,0x005ADC70,0x005AE034,956
FUN_005ae040,0x005AE040,0x005AE3AC,864
FUN_005ae3b0,0x005AE3B0,0x005AE44C,156
FUN_005ae450,0x005AE450,0x005AE4AC,92
FUN_005ae4b0,0x005AE4B0,0x005AE63C,392
FUN_005ae640,0x005AE640,0x005AE6A0,96
FUN_005ae6a0,0x005AE6A0,0x005AE724,132
FUN_005ae730,0x005AE730,0x005AE97C,576
FUN_005ae980,0x005AE980,0x005AF468,2792
FUN_005af470,0x005AF470,0x005AF500,140
FUN_005af500,0x005AF500,0x005AF590,144
FUN_005af590,0x005AF590,0x005AF92C,912
FUN_005af930,0x005AF930,0x005B0404,2724
FUN_005b0410,0x005B0410,0x005B041C,12
FUN_005b0420,0x005B0420,0x005B0800,980
FUN_005b0800,0x005B0800,0x005B083C,60
FUN_005b0840,0x005B0840,0x005B0BA4,856
FUN_005b0bb0,0x005B0BB0,0x005B0C08,84
FUN_005b0c10,0x005B0C10,0x005B0C68,84
FUN_005b0c70,0x005B0C70,0x005B0CD0,92
FUN_005b0cd0,0x005B0CD0,0x005B0D28,84
FUN_005b0d30,0x005B0D30,0x005B0DC4,148
FUN_005b0dd0,0x005B0DD0,0x005B0EAC,220
FUN_005b0eb0,0x005B0EB0,0x005B10AC,508
FUN_005b10b0,0x005B10B0,0x005B1128,120
FUN_005b1130,0x005B1130,0x005B1350,524
FUN_005b1350,0x005B1350,0x005B14E0,400
FUN_005b14e0,0x005B14E0,0x005B1564,132
FUN_005b1570,0x005B1570,0x005B1750,460
FUN_005b1750,0x005B1750,0x005B188C,316
FUN_005b1890,0x005B1890,0x005B1A0C,380
FUN_005b1a10,0x005B1A10,0x005B1C7C,608
FUN_005b1c80,0x005B1C80,0x005B2614,2440
FUN_005b2620,0x005B2620,0x005B2D20,1760
FUN_005b2d20,0x005B2D20,0x005B333C,1544
FUN_005b3340,0x005B3340,0x005B3884,1336
FUN_005b3890,0x005B3890,0x005B3A58,456
FUN_005b3a60,0x005B3A60,0x005B3CDC,632
FUN_005b3ce0,0x005B3CE0,0x005B4340,1580
FUN_005b4340,0x005B4340,0x005B4B3C,2016
FUN_005b4b40,0x005B4B40,0x005B4F30,988
FUN_005b4f30,0x005B4F30,0x005B5050,288
FUN_005b5050,0x005B5050,0x005B52B0,608
FUN_005b52b0,0x005B52B0,0x005B56B4,1016
FUN_005b56c0,0x005B56C0,0x005B5D34,1620
FUN_005b5d40,0x005B5D40,0x005B619C,1112
FUN_005b61a0,0x005B61A0,0x005B623C,156
FUN_005b6240,0x005B6240,0x005B6490,592
FUN_005b6490,0x005B6490,0x005B67F0,864
FUN_005b67f0,0x005B67F0,0x005B6890,160
FUN_005b6890,0x005B6890,0x005B68DC,76
FUN_005b68e0,0x005B68E0,0x005B6BC8,740
FUN_005b6bd0,0x005B6BD0,0x005B6CE0,272
FUN_005b6ce0,0x005B6CE0,0x005B71A4,1208
FUN_005b71b0,0x005B71B0,0x005B7348,408
FUN_005b7350,0x005B7350,0x005B790C,1456
FUN_005b7910,0x005B7910,0x005B7918,8
FUN_005b7920,0x005B7920,0x005B7988,104
FUN_005b7990,0x005B7990,0x005B7B20,400
FUN_005b7b20,0x005B7B20,0x005B7B94,116
FUN_005b7ba0,0x005B7BA0,0x005B818C,1508
FUN_005b8190,0x005B8190,0x005B8258,196
FUN_005b8260,0x005B8260,0x005B8270,16
FUN_005b8270,0x005B8270,0x005B82D0,96
FUN_005b82d0,0x005B82D0,0x005B82D8,8
FUN_005b82e0,0x005B82E0,0x005B8598,684
FUN_005b85a0,0x005B85A0,0x005B862C,140
FUN_005b8630,0x005B8630,0x005B8754,284
FUN_005b8760,0x005B8760,0x005B8818,180
FUN_005b8820,0x005B8820,0x005B88C0,156
FUN_005b88c0,0x005B88C0,0x005B891C,92
FUN_005b8920,0x005B8920,0x005B8F14,1516
FUN_005b8f20,0x005B8F20,0x005B8FC0,160
FUN_005b8fc0,0x005B8FC0,0x005B8FF0,48
FUN_005b8ff0,0x005B8FF0,0x005B901C,44
FUN_005b9020,0x005B9020,0x005B902C,12
FUN_005b9030,0x005B9030,0x005B90BC,140
FUN_005b90c0,0x005B90C0,0x005B90D0,16
FUN_005b90d0,0x005B90D0,0x005B90D8,8
FUN_005b90e0,0x005B90E0,0x005B90E8,8
FUN_005b90f0,0x005B90F0,0x005B9104,20
FUN_005b9110,0x005B9110,0x005B9180,112
FUN_005b9180,0x005B9180,0x005B91B4,52
FUN_005b91c0,0x005B91C0,0x005B9274,180
FUN_005b9280,0x005B9280,0x005B9798,1292
FUN_005b97a0,0x005B97A0,0x005B98C0,288
FUN_005b98c0,0x005B98C0,0x005B9984,196
FUN_005b9990,0x005B9990,0x005B99A4,20
FUN_005b99b0,0x005B99B0,0x005B99CC,28
FUN_005b99d0,0x005B99D0,0x005B99F4,36
FUN_005b9a00,0x005B9A00,0x005B9BA8,420
FUN_005b9bb0,0x005B9BB0,0x005B9E08,600
FUN_005b9e10,0x005B9E10,0x005B9EFC,232
FUN_005b9f00,0x005B9F00,0x005BA034,308
FUN_005ba040,0x005BA040,0x005BA3D0,908
FUN_005ba3d0,0x005BA3D0,0x005BA5B0,472
FUN_005ba5b0,0x005BA5B0,0x005BA770,444
FUN_005ba770,0x005BA770,0x005BAC30,1184
FUN_005bac30,0x005BAC30,0x005BAE58,536
FUN_005bae60,0x005BAE60,0x005BAFF4,392
FUN_005bb000,0x005BB000,0x005BB98C,2388
FUN_005bb990,0x005BB990,0x005BBF08,1392
FUN_005bbf10,0x005BBF10,0x005BC1F4,732
FUN_005bc200,0x005BC200,0x005BC2A0,160
FUN_005bc2a0,0x005BC2A0,0x005BC2A8,8
FUN_005bc2b0,0x005BC2B0,0x005BC2B8,8
FUN_005bc2c0,0x005BC2C0,0x005BC300,64
FUN_005bc300,0x005BC300,0x005BC410,264
FUN_005bc410,0x005BC410,0x005BC5D0,448
FUN_005bc5d0,0x005BC5D0,0x005BC69C,204
FUN_005bc6a0,0x005BC6A0,0x005BC72C,140
FUN_005bc730,0x005BC730,0x005BD030,2292
FUN_005bd030,0x005BD030,0x005BD0F8,200
FUN_005bd100,0x005BD100,0x005BD524,1052
FUN_005bd530,0x005BD530,0x005BD6C8,404
FUN_005bd6d0,0x005BD6D0,0x005BD7D4,248
FUN_005bd7e0,0x005BD7E0,0x005BD7E8,8
FUN_005bd7f0,0x005BD7F0,0x005BD8E4,240
FUN_005bd8f0,0x005BD8F0,0x005BD9F8,264
FUN_005bda00,0x005BDA00,0x005BDA08,8
FUN_005bda10,0x005BDA10,0x005BDA68,84
FUN_005bda70,0x005BDA70,0x005BDB00,140
FUN_005bdb00,0x005BDB00,0x005BDB14,20
FUN_005bdb20,0x005BDB20,0x005BDC30,264
FUN_005bdc30,0x005BDC30,0x005BDE14,472
FUN_005bde20,0x005BDE20,0x005BDEB4,148
FUN_005bdec0,0x005BDEC0,0x005BDFA4,228
FUN_005bdfb0,0x005BDFB0,0x005BE01C,104
FUN_005be020,0x005BE020,0x005BE028,8
FUN_005be030,0x005BE030,0x005BE038,8
FUN_005be040,0x005BE040,0x005BE048,8
FUN_005be050,0x005BE050,0x005BE110,184
FUN_005be110,0x005BE110,0x005BE1C8,180
FUN_005be1d0,0x005BE1D0,0x005BE238,100
FUN_005be240,0x005BE240,0x005BE2E8,168
FUN_005be2f0,0x005BE2F0,0x005BE2F8,8
FUN_005be300,0x005BE300,0x005BE558,560
FUN_005be560,0x005BE560,0x005BE568,8
FUN_005be570,0x005BE570,0x005BE5E4,116
FUN_005be5f0,0x005BE5F0,0x005BE64C,92
FUN_005be650,0x005BE650,0x005BE658,8
FUN_005be660,0x005BE660,0x005BE6BC,92
FUN_005be6c0,0x005BE6C0,0x005BE6F0,48
FUN_005be6f0,0x005BE6F0,0x005BE988,664
FUN_005be990,0x005BE990,0x005BE998,8
FUN_005be9a0,0x005BE9A0,0x005BF8A0,3796
FUN_005bf8a0,0x005BF8A0,0x005BFABC,540
FUN_005bfac0,0x005BFAC0,0x005BFE38,884
FUN_005bfe40,0x005BFE40,0x005BFE60,32
FUN_005bfe60,0x005BFE60,0x005C0020,444
FUN_005c0020,0x005C0020,0x005C0128,256
FUN_005c0130,0x005C0130,0x005C024C,284
FUN_005c0250,0x005C0250,0x005C0934,1748
FUN_005c0940,0x005C0940,0x005C09E8,160
FUN_005c09f0,0x005C09F0,0x005C0AC8,208
FUN_005c0ad0,0x005C0AD0,0x005C0AD8,8
FUN_005c0ae0,0x005C0AE0,0x005C0FCC,1240
FUN_005c0fd0,0x005C0FD0,0x005C1660,1668
FUN_005c1660,0x005C1660,0x005C1800,412
FUN_005c1800,0x005C1800,0x005C1970,364
FUN_005c1970,0x005C1970,0x005C23FC,2676
FUN_005c2400,0x005C2400,0x005C2424,36
FUN_005c2430,0x005C2430,0x005C2670,576
FUN_005c2670,0x005C2670,0x005C2A84,1028
FUN_005c2a90,0x005C2A90,0x005C2FF8,1356
FUN_005c3000,0x005C3000,0x005C32B0,668
FUN_005c32b0,0x005C32B0,0x005C3360,176
FUN_005c3360,0x005C3360,0x005C3740,984
FUN_005c3740,0x005C3740,0x005C3774,52
FUN_005c3780,0x005C3780,0x005C3788,8
FUN_005c3790,0x005C3790,0x005C37A4,20
FUN_005c37b0,0x005C37B0,0x005C3884,212
FUN_005c3890,0x005C3890,0x005C3898,8
FUN_005c38a0,0x005C38A0,0x005C3C0C,864
FUN_005c3c10,0x005C3C10,0x005C3CE0,208
FUN_005c3ce0,0x005C3CE0,0x005C3CE8,8
FUN_005c3cf0,0x005C3CF0,0x005C3ED4,476
FUN_005c3ee0,0x005C3EE0,0x005C447C,1396
FUN_005c4480,0x005C4480,0x005C45B4,304
FUN_005c45c0,0x005C45C0,0x005C4600,64
FUN_005c4600,0x005C4600,0x005C4888,644
FUN_005c4890,0x005C4890,0x005C4898,8
FUN_005c48a0,0x005C48A0,0x005C48A8,8
FUN_005c48b0,0x005C48B0,0x005C4958,168
FUN_005c4960,0x005C4960,0x005C4968,8
FUN_005c4970,0x005C4970,0x005C49B0,64
FUN_005c49b0,0x005C49B0,0x005C4B04,336
FUN_005c4b10,0x005C4B10,0x005C4FC8,1204
FUN_005c4fd0,0x005C4FD0,0x005C5030,96
FUN_005c5030,0x005C5030,0x005C50B0,128
FUN_005c50b0,0x005C50B0,0x005C5340,644
FUN_005c5340,0x005C5340,0x005C6510,4496
FUN_005c6510,0x005C6510,0x005C6528,24
FUN_005c6530,0x005C6530,0x005C65F8,196
FUN_005c6600,0x005C6600,0x005C67C4,448
FUN_005c67d0,0x005C67D0,0x005C6914,316
FUN_005c6920,0x005C6920,0x005C6968,72
FUN_005c6970,0x005C6970,0x005C6978,8
FUN_005c6980,0x005C6980,0x005C6A40,192
FUN_005c6a40,0x005C6A40,0x005C6D98,844
FUN_005c6da0,0x005C6DA0,0x005C7108,860
FUN_005c7110,0x005C7110,0x005C71A0,140
FUN_005c71a0,0x005C71A0,0x005C7230,140
FUN_005c7230,0x005C7230,0x005C72C0,140
FUN_005c72c0,0x005C72C0,0x005C744C,396
FUN_005c7450,0x005C7450,0x005C74D4,132
FUN_005c74e0,0x005C74E0,0x005C75F0,272
FUN_005c75f0,0x005C75F0,0x005C77A4,436
FUN_005c77b0,0x005C77B0,0x005C7830,128
thunk_FUN_005c77b0,0x005C7830,0x005C7838,8
FUN_005c7840,0x005C7840,0x005C7CD8,1156
FUN_005c7ce0,0x005C7CE0,0x005C7E00,288
FUN_005c7e00,0x005C7E00,0x005C8038,568
FUN_005c8040,0x005C8040,0x005C8074,52
FUN_005c8080,0x005C8080,0x005C80E8,100
FUN_005c80f0,0x005C80F0,0x005C8104,20
FUN_005c8110,0x005C8110,0x005C8190,128
FUN_005c8190,0x005C8190,0x005C85C8,1076
FUN_005c85d0,0x005C85D0,0x005C8640,112
FUN_005c8640,0x005C8640,0x005C86F0,172
FUN_005c86f0,0x005C86F0,0x005C8750,96
FUN_005c8750,0x005C8750,0x005C8870,288
FUN_005c8870,0x005C8870,0x005C8928,180
FUN_005c8930,0x005C8930,0x005C897C,76
FUN_005c8980,0x005C8980,0x005C89CC,76
FUN_005c89d0,0x005C89D0,0x005C8A1C,76
FUN_005c8a20,0x005C8A20,0x005C9198,1896
FUN_005c91a0,0x005C91A0,0x005C91AC,12
FUN_005c91b0,0x005C91B0,0x005C922C,124
FUN_005c9230,0x005C9230,0x005C9250,32
FUN_005c9250,0x005C9250,0x005C9268,24
FUN_005c9270,0x005C9270,0x005C933C,200
FUN_005c9340,0x005C9340,0x005C93B4,116
FUN_005c93c0,0x005C93C0,0x005C93F8,56
FUN_005c9400,0x005C9400,0x005C9518,280
FUN_005c9520,0x005C9520,0x005C9720,508
FUN_005c9720,0x005C9720,0x005C9798,120
FUN_005c97a0,0x005C97A0,0x005C97D0,48
FUN_005c97d0,0x005C97D0,0x005C9828,88
FUN_005c9830,0x005C9830,0x005C98A4,116
FUN_005c98b0,0x005C98B0,0x005C992C,124
FUN_005c9930,0x005C9930,0x005C9AFC,452
FUN_005c9b00,0x005C9B00,0x005C9B08,8
FUN_005c9b10,0x005C9B10,0x005C9B30,32
FUN_005c9b30,0x005C9B30,0x005CA16C,1572
FUN_005ca170,0x005CA170,0x005CA454,720
FUN_005ca460,0x005CA460,0x005CA468,8
FUN_005ca470,0x005CA470,0x005CA9F0,1396
FUN_005ca9f0,0x005CA9F0,0x005CAC00,528
FUN_005cac00,0x005CAC00,0x005CB448,2064
FUN_005cb450,0x005CB450,0x005CB624,460
FUN_005cb630,0x005CB630,0x005CB864,556
FUN_005cb870,0x005CB870,0x005CBA1C,420
FUN_005cba20,0x005CBA20,0x005CC0CC,1700
FUN_005cc0d0,0x005CC0D0,0x005CC100,48
FUN_005cc100,0x005CC100,0x005CC11C,28
FUN_005cc120,0x005CC120,0x005CC5F0,1208
FUN_005cc5f0,0x005CC5F0,0x005CC6B4,196
FUN_005cc6c0,0x005CC6C0,0x005CC764,164
FUN_005cc770,0x005CC770,0x005CC7A8,56
FUN_005cc7b0,0x005CC7B0,0x005CC7C4,20
FUN_005cc7d0,0x005CC7D0,0x005CC7DC,12
FUN_005cc7e0,0x005CC7E0,0x005CC7F4,20
FUN_005cc800,0x005CC800,0x005CC844,68
FUN_005cc850,0x005CC850,0x005CC85C,12
FUN_005cc860,0x005CC860,0x005CC870,16
FUN_005cc870,0x005CC870,0x005CC87C,12
FUN_005cc880,0x005CC880,0x005CC888,8
FUN_005cc890,0x005CC890,0x005CC898,8
FUN_005cc8a0,0x005CC8A0,0x005CCA30,400
FUN_005cca30,0x005CCA30,0x005CCCD0,672
FUN_005cccd0,0x005CCCD0,0x005CD86C,2948
FUN_005cd870,0x005CD870,0x005CD8A0,48
FUN_005cd8a0,0x005CD8A0,0x005CD8B4,20
FUN_005cd8c0,0x005CD8C0,0x005CD8CC,12
FUN_005cd8d0,0x005CD8D0,0x005CD8E4,20
FUN_005cd8f0,0x005CD8F0,0x005CD914,36
FUN_005cd920,0x005CD920,0x005CD930,16
FUN_005cd930,0x005CD930,0x005CD940,16
FUN_005cd940,0x005CD940,0x005CD94C,12
FUN_005cd950,0x005CD950,0x005CD95C,12
FUN_005cd960,0x005CD960,0x005CDA1C,184
FUN_005cda20,0x005CDA20,0x005CDA94,116
FUN_005cdaa0,0x005CDAA0,0x005CDBA8,264
FUN_005cdbb0,0x005CDBB0,0x005CDBC8,24
FUN_005cdbd0,0x005CDBD0,0x005CDD9C,456
FUN_005cdda0,0x005CDDA0,0x005CDEF4,332
FUN_005cdf00,0x005CDF00,0x005CE040,316
FUN_005ce040,0x005CE040,0x005CE194,328
FUN_005ce1a0,0x005CE1A0,0x005CE654,1188
FUN_005ce660,0x005CE660,0x005CE8DC,616
FUN_005ce8e0,0x005CE8E0,0x005CEA40,352
FUN_005cea40,0x005CEA40,0x005CEC34,488
FUN_005cec40,0x005CEC40,0x005CED58,276
FUN_005ced60,0x005CED60,0x005CF284,1296
FUN_005cf290,0x005CF290,0x005CF47C,480
FUN_005cf480,0x005CF480,0x005CF6E4,600
FUN_005cf6f0,0x005CF6F0,0x005CF7F8,264
FUN_005cf800,0x005CF800,0x005CF854,84
FUN_005cf860,0x005CF860,0x005CF930,208
FUN_005cf930,0x005CF930,0x005D01EC,2188
FUN_005d01f0,0x005D01F0,0x005D0728,1272
FUN_005d0730,0x005D0730,0x005D0894,344
FUN_005d08a0,0x005D08A0,0x005D09E8,316
FUN_005d09f0,0x005D09F0,0x005D0B38,316
FUN_005d0b40,0x005D0B40,0x005D0C88,328
FUN_005d0c90,0x005D0C90,0x005D1210,1384
FUN_005d1210,0x005D1210,0x005D124C,60
FUN_005d1250,0x005D1250,0x005D1290,64
FUN_005d1290,0x005D1290,0x005D16DC,1100
FUN_005d16e0,0x005D16E0,0x005D1B6C,1132
FUN_005d1b70,0x005D1B70,0x005D1DF8,620
FUN_005d1e00,0x005D1E00,0x005D2304,1248
FUN_005d2310,0x005D2310,0x005D2474,352
FUN_005d2480,0x005D2480,0x005D262C,416
FUN_005d2630,0x005D2630,0x005D288C,600
FUN_005d2890,0x005D2890,0x005D28A0,16
FUN_005d28a0,0x005D28A0,0x005D29F0,320
FUN_005d29f0,0x005D29F0,0x005D2AA0,176
FUN_005d2aa0,0x005D2AA0,0x005D2F28,1128
FUN_005d2f30,0x005D2F30,0x005D3738,2000
FUN_005d3740,0x005D3740,0x005D3C80,1308
FUN_005d3c80,0x005D3C80,0x005D3EFC,632
FUN_005d3f00,0x005D3F00,0x005D4080,384
FUN_005d4080,0x005D4080,0x005D4184,248
FUN_005d4190,0x005D4190,0x005D42F8,348
FUN_005d4300,0x005D4300,0x005D4480,372
FUN_005d4480,0x005D4480,0x005D4504,132
FUN_005d4510,0x005D4510,0x005D4764,580
FUN_005d4770,0x005D4770,0x005D5140,2416
FUN_005d5140,0x005D5140,0x005D56F4,1444
FUN_005d5700,0x005D5700,0x005D57B4,176
FUN_005d57c0,0x005D57C0,0x005D5A20,572
FUN_005d5a20,0x005D5A20,0x005D5B34,268
FUN_005d5b40,0x005D5B40,0x005D5CF4,428
FUN_005d5d00,0x005D5D00,0x005D64B0,1928
FUN_005d64b0,0x005D64B0,0x005D6764,692
FUN_005d6770,0x005D6770,0x005D69E8,616
FUN_005d69f0,0x005D69F0,0x005D6DBC,936
FUN_005d6dc0,0x005D6DC0,0x005D7034,608
FUN_005d7040,0x005D7040,0x005D7170,292
FUN_005d7170,0x005D7170,0x005D7284,272
FUN_005d7290,0x005D7290,0x005D73D0,312
FUN_005d73d0,0x005D73D0,0x005D784C,1128
FUN_005d7850,0x005D7850,0x005D79F0,408
FUN_005d79f0,0x005D79F0,0x005D7E6C,1140
FUN_005d7e70,0x005D7E70,0x005D7FD0,352
FUN_005d7fd0,0x005D7FD0,0x005D868C,1696
FUN_005d8690,0x005D8690,0x005D8834,416
FUN_005d8840,0x005D8840,0x005D8B7C,804
FUN_005d8b80,0x005D8B80,0x005D8CC0,320
FUN_005d8cc0,0x005D8CC0,0x005D8E20,352
FUN_005d8e20,0x005D8E20,0x005D8F60,308
FUN_005d8f60,0x005D8F60,0x005D90D4,360
FUN_005d90e0,0x005D90E0,0x005D9268,380
FUN_005d9270,0x005D9270,0x005D9428,432
FUN_005d9430,0x005D9430,0x005D9534,252
FUN_005d9540,0x005D9540,0x005D9628,232
FUN_005d9630,0x005D9630,0x005D96A0,112
FUN_005d96a0,0x005D96A0,0x005D96E0,64
FUN_005d96e0,0x005D96E0,0x005D96E8,8
FUN_005d96f0,0x005D96F0,0x005D9704,20
FUN_005d9710,0x005D9710,0x005D983C,296
FUN_005d9840,0x005D9840,0x005D9E64,1552
FUN_005d9e70,0x005D9E70,0x005DAF44,4208
FUN_005daf50,0x005DAF50,0x005DB350,996
FUN_005db350,0x005DB350,0x005DB508,428
FUN_005db510,0x005DB510,0x005DB72C,520
FUN_005db730,0x005DB730,0x005DB8E8,428
FUN_005db8f0,0x005DB8F0,0x005DBF64,1636
FUN_005dbf70,0x005DBF70,0x005DC3C0,1104
FUN_005dc3c0,0x005DC3C0,0x005DC6AC,728
FUN_005dc6b0,0x005DC6B0,0x005DC7F8,316
FUN_005dc800,0x005DC800,0x005DC89C,156
FUN_005dc8a0,0x005DC8A0,0x005DC9D0,292
FUN_005dc9d0,0x005DC9D0,0x005DCC00,544
FUN_005dcc00,0x005DCC00,0x005DCE70,620
FUN_005dce70,0x005DCE70,0x005DD0D0,600
FUN_005dd0d0,0x005DD0D0,0x005DD0E0,16
FUN_005dd0e0,0x005DD0E0,0x005DD2A0,448
FUN_005dd2a0,0x005DD2A0,0x005DD3B4,268
FUN_005dd3c0,0x005DD3C0,0x005DD4E8,288
FUN_005dd4f0,0x005DD4F0,0x005DD604,268
FUN_005dd610,0x005DD610,0x005DD620,16
FUN_005dd620,0x005DD620,0x005DD7BC,400
FUN_005dd7c0,0x005DD7C0,0x005DD988,448
FUN_005dd990,0x005DD990,0x005DDD5C,944
FUN_005ddd60,0x005DDD60,0x005DDFA0,572
FUN_005ddfa0,0x005DDFA0,0x005DE24C,664
FUN_005de250,0x005DE250,0x005DE31C,204
FUN_005de320,0x005DE320,0x005DEB0C,2028
FUN_005deb10,0x005DEB10,0x005DECA8,320
FUN_005decb0,0x005DECB0,0x005DED68,168
FUN_005ded70,0x005DED70,0x005DEE70,252
FUN_005dee70,0x005DEE70,0x005DEE88,24
FUN_005dee90,0x005DEE90,0x005DEEBC,44
FUN_005deec0,0x005DEEC0,0x005DF368,1168
FUN_005df370,0x005DF370,0x005DF3D4,96
FUN_005df3e0,0x005DF3E0,0x005DF444,96
FUN_005df450,0x005DF450,0x005DF4E0,144
FUN_005df4e0,0x005DF4E0,0x005DF5FC,280
FUN_005df600,0x005DF600,0x005DF8AC,656
FUN_005df8b0,0x005DF8B0,0x005DF924,116
FUN_005df930,0x005DF930,0x005DFAC8,404
FUN_005dfad0,0x005DFAD0,0x005DFB64,148
FUN_005dfb70,0x005DFB70,0x005DFC78,264
FUN_005dfc80,0x005DFC80,0x005DFE2C,424
FUN_005dfe30,0x005DFE30,0x005DFFB8,392
FUN_005dffc0,0x005DFFC0,0x005DFFEC,44
FUN_005dfff0,0x005DFFF0,0x005E0004,20
FUN_005e0010,0x005E0010,0x005E0024,20
FUN_005e0030,0x005E0030,0x005E0450,1052
FUN_005e0450,0x005E0450,0x005E0690,576
FUN_005e0690,0x005E0690,0x005E199C,4876
FUN_005e19a0,0x005E19A0,0x005E19C8,40
FUN_005e19d0,0x005E19D0,0x005E1A10,64
FUN_005e1a10,0x005E1A10,0x005E1A50,64
FUN_005e1a50,0x005E1A50,0x005E1A90,64
FUN_005e1a90,0x005E1A90,0x005E1AF0,92
FUN_005e1af0,0x005E1AF0,0x005E1BF0,256
FUN_005e1bf0,0x005E1BF0,0x005E1CF0,256
FUN_005e1cf0,0x005E1CF0,0x005E1DF0,256
FUN_005e1df0,0x005E1DF0,0x005E30EC,4860
FUN_005e30f0,0x005E30F0,0x005E3714,1572
FUN_005e3720,0x005E3720,0x005E3738,24
FUN_005e3740,0x005E3740,0x005E3940,512
FUN_005e3940,0x005E3940,0x005E3AC0,380
FUN_005e3ac0,0x005E3AC0,0x005E3B20,92
FUN_005e3b20,0x005E3B20,0x005E3C1C,244
FUN_005e3c20,0x005E3C20,0x005E3D8C,348
FUN_005e3d90,0x005E3D90,0x005E3D98,8
FUN_005e3da0,0x005E3DA0,0x005E3E04,100
FUN_005e3e10,0x005E3E10,0x005E3E74,96
FUN_005e3e80,0x005E3E80,0x005E3EE0,92
FUN_005e3ee0,0x005E3EE0,0x005E3F7C,156
FUN_005e3f80,0x005E3F80,0x005E3FF0,112
FUN_005e3ff0,0x005E3FF0,0x005E4F18,3860
FUN_005e4f20,0x005E4F20,0x005E4F8C,104
FUN_005e4f90,0x005E4F90,0x005E4FFC,104
FUN_005e5000,0x005E5000,0x005E506C,104
FUN_005e5070,0x005E5070,0x005E50E0,104
FUN_005e50e0,0x005E50E0,0x005E5344,612
FUN_005e5350,0x005E5350,0x005E5500,432
FUN_005e5500,0x005E5500,0x005E5600,252
FUN_005e5600,0x005E5600,0x005E56C8,196
FUN_005e56d0,0x005E56D0,0x005E5790,180
FUN_005e5790,0x005E5790,0x005E5880,224
FUN_005e5880,0x005E5880,0x005E5970,232
FUN_005e5970,0x005E5970,0x005E5AA8,304
FUN_005e5ab0,0x005E5AB0,0x005E5B08,84
FUN_005e5b10,0x005E5B10,0x005E5BEC,220
FUN_005e5bf0,0x005E5BF0,0x005E5CB4,196
FUN_005e5cc0,0x005E5CC0,0x005E6120,1108
FUN_005e6120,0x005E6120,0x005E6188,104
FUN_005e6190,0x005E6190,0x005E6224,148
FUN_005e6230,0x005E6230,0x005E6238,8
FUN_005e6240,0x005E6240,0x005E6248,8
FUN_005e6250,0x005E6250,0x005E6258,8
FUN_005e6260,0x005E6260,0x005E6268,8
FUN_005e6270,0x005E6270,0x005E6278,8
FUN_005e6280,0x005E6280,0x005E6288,8
FUN_005e6290,0x005E6290,0x005E62FC,108
FUN_005e6300,0x005E6300,0x005E6308,8
FUN_005e6310,0x005E6310,0x005E63F4,228
FUN_005e6400,0x005E6400,0x005E6978,1392
FUN_005e6980,0x005E6980,0x005E69A0,32
FUN_005e69a0,0x005E69A0,0x005E69FC,88
FUN_005e6a00,0x005E6A00,0x005E6A4C,76
FUN_005e6a50,0x005E6A50,0x005E6A9C,76
FUN_005e6aa0,0x005E6AA0,0x005E6AB0,16
FUN_005e6ab0,0x005E6AB0,0x005E6C84,468
FUN_005e6c90,0x005E6C90,0x005E6D60,208
FUN_005e6d60,0x005E6D60,0x005E6DC4,100
FUN_005e6dd0,0x005E6DD0,0x005E6E40,112
FUN_005e6e40,0x005E6E40,0x005E7028,460
FUN_005e7030,0x005E7030,0x005E7228,504
FUN_005e7230,0x005E7230,0x005E738C,348
FUN_005e7390,0x005E7390,0x005E7580,492
FUN_005e7580,0x005E7580,0x005E7658,212
FUN_005e7660,0x005E7660,0x005E7684,36
FUN_005e7690,0x005E7690,0x005E76C8,56
FUN_005e76d0,0x005E76D0,0x005E7830,352
FUN_005e7830,0x005E7830,0x005E7960,304
FUN_005e7960,0x005E7960,0x005E7F1C,1440
FUN_005e7f20,0x005E7F20,0x005E7FA4,128
FUN_005e7fb0,0x005E7FB0,0x005E7FBC,12
FUN_005e7fc0,0x005E7FC0,0x005E7FCC,12
FUN_005e7fd0,0x005E7FD0,0x005E8054,132
FUN_005e8060,0x005E8060,0x005E8850,2012
FUN_005e8850,0x005E8850,0x005E8A38,488
FUN_005e8a40,0x005E8A40,0x005E8A4C,12
FUN_005e8a50,0x005E8A50,0x005E8A5C,12
FUN_005e8a60,0x005E8A60,0x005E8A70,16
FUN_005e8a70,0x005E8A70,0x005E8A7C,12
FUN_005e8a80,0x005E8A80,0x005E8A88,8
FUN_005e8a90,0x005E8A90,0x005E8C40,416
FUN_005e8c40,0x005E8C40,0x005E8C4C,12
FUN_005e8c50,0x005E8C50,0x005E8C5C,12
FUN_005e8c60,0x005E8C60,0x005E8C6C,12
FUN_005e8c70,0x005E8C70,0x005E8C78,8
FUN_005e8c80,0x005E8C80,0x005E8C88,8
FUN_005e8c90,0x005E8C90,0x005E8C98,8
FUN_005e8ca0,0x005E8CA0,0x005E8E08,352
FUN_005e8e10,0x005E8E10,0x005EA450,5616
FUN_005ea450,0x005EA450,0x005EA4B8,104
FUN_005ea4c0,0x005EA4C0,0x005EA4C8,8
FUN_005ea4d0,0x005EA4D0,0x005EA548,120
FUN_005ea550,0x005EA550,0x005EA5D0,128
FUN_005ea5d0,0x005EA5D0,0x005EA77C,428
FUN_005ea780,0x005EA780,0x005EA7B8,56
FUN_005ea7c0,0x005EA7C0,0x005EA7D4,20
FUN_005ea7e0,0x005EA7E0,0x005EA868,136
FUN_005ea870,0x005EA870,0x005EA878,8
FUN_005ea880,0x005EA880,0x005EA8B4,52
FUN_005ea8c0,0x005EA8C0,0x005EAA70,432
FUN_005eaa70,0x005EAA70,0x005EAB98,296
FUN_005eaba0,0x005EABA0,0x005EAD64,448
FUN_005ead70,0x005EAD70,0x005EAEAC,312
FUN_005eaeb0,0x005EAEB0,0x005EAF18,100
FUN_005eaf20,0x005EAF20,0x005EB190,616
FUN_005eb190,0x005EB190,0x005EB578,988
FUN_005eb580,0x005EB580,0x005EB6C8,328
FUN_005eb6d0,0x005EB6D0,0x005EB89C,460
FUN_005eb8a0,0x005EB8A0,0x005EB910,108
FUN_005eb910,0x005EB910,0x005EBB50,576
FUN_005ebb50,0x005EBB50,0x005EBDA0,588
FUN_005ebda0,0x005EBDA0,0x005EBDC0,32
FUN_005ebdc0,0x005EBDC0,0x005EBF00,320
FUN_005ebf00,0x005EBF00,0x005EC224,800
FUN_005ec230,0x005EC230,0x005EC4D4,668
FUN_005ec4e0,0x005EC4E0,0x005EC698,432
FUN_005ec6a0,0x005EC6A0,0x005EC9E8,840
FUN_005ec9f0,0x005EC9F0,0x005ECCC4,724
FUN_005eccd0,0x005ECCD0,0x005ECEE4,532
FUN_005ecef0,0x005ECEF0,0x005ECF8C,156
FUN_005ecf90,0x005ECF90,0x005ED13C,420
FUN_005ed140,0x005ED140,0x005ED4E8,924
FUN_005ed4f0,0x005ED4F0,0x005ED6E0,496
FUN_005ed6e0,0x005ED6E0,0x005ED6F4,20
FUN_005ed700,0x005ED700,0x005ED714,20
FUN_005ed720,0x005ED720,0x005ED730,16
FUN_005ed730,0x005ED730,0x005ED744,20
FUN_005ed750,0x005ED750,0x005ED75C,12
FUN_005ed760,0x005ED760,0x005ED774,20
FUN_005ed780,0x005ED780,0x005ED78C,12
FUN_005ed790,0x005ED790,0x005ED79C,12
FUN_005ed7a0,0x005ED7A0,0x005ED7B0,16
FUN_005ed7b0,0x005ED7B0,0x005ED878,192
FUN_005ed880,0x005ED880,0x005ED894,20
FUN_005ed8a0,0x005ED8A0,0x005ED8B4,20
FUN_005ed8c0,0x005ED8C0,0x005ED8D0,16
FUN_005ed8d0,0x005ED8D0,0x005ED8E4,20
FUN_005ed8f0,0x005ED8F0,0x005ED91C,44
FUN_005ed920,0x005ED920,0x005ED934,20
FUN_005ed940,0x005ED940,0x005ED94C,12
FUN_005ed950,0x005ED950,0x005ED97C,44
FUN_005ed980,0x005ED980,0x005ED99C,28
FUN_005ed9a0,0x005ED9A0,0x005ED9AC,12
FUN_005ed9b0,0x005ED9B0,0x005EDBA8,504
FUN_005edbb0,0x005EDBB0,0x005EDCB8,260
FUN_005edcc0,0x005EDCC0,0x005EDDB8,236
FUN_005eddc0,0x005EDDC0,0x005EDDD0,16
FUN_005eddd0,0x005EDDD0,0x005EDE40,112
FUN_005ede40,0x005EDE40,0x005EDF90,336
FUN_005edf90,0x005EDF90,0x005EE160,464
FUN_005ee160,0x005EE160,0x005EE248,232
FUN_005ee250,0x005EE250,0x005EE4C8,632
FUN_005ee4d0,0x005EE4D0,0x005EE6F0,544
FUN_005ee6f0,0x005EE6F0,0x005EE7E4,244
FUN_005ee7f0,0x005EE7F0,0x005EEDAC,1436
FUN_005eedb0,0x005EEDB0,0x005EEF74,448
FUN_005eef80,0x005EEF80,0x005EF1C8,572
FUN_005ef1d0,0x005EF1D0,0x005EF214,68
FUN_005ef220,0x005EF220,0x005EF2E8,196
FUN_005ef2f0,0x005EF2F0,0x005EF340,80
FUN_005ef340,0x005EF340,0x005EF380,64
FUN_005ef380,0x005EF380,0x005EF46C,232
FUN_005ef470,0x005EF470,0x005EF608,408
FUN_005ef610,0x005EF610,0x005EF6CC,184
FUN_005ef6d0,0x005EF6D0,0x005EF7D0,256
FUN_005ef7d0,0x005EF7D0,0x005EF7E8,24
FUN_005ef7f0,0x005EF7F0,0x005EF8D0,212
FUN_005ef8d0,0x005EF8D0,0x005EF948,120
FUN_005ef950,0x005EF950,0x005EF9A8,88
FUN_005ef9b0,0x005EF9B0,0x005EF9C8,24
FUN_005ef9d0,0x005EF9D0,0x005EFA48,120
FUN_005efa50,0x005EFA50,0x005F0180,1824
FUN_005f0180,0x005F0180,0x005F0384,516
FUN_005f0390,0x005F0390,0x005F0468,176
FUN_005f0470,0x005F0470,0x005F06B0,564
FUN_005f06b0,0x005F06B0,0x005F0740,140
FUN_005f0740,0x005F0740,0x005F07A0,96
FUN_005f07a0,0x005F07A0,0x005F07AC,12
FUN_005f07b0,0x005F07B0,0x005F07C0,16
FUN_005f07c0,0x005F07C0,0x005F07C8,8
FUN_005f07d0,0x005F07D0,0x005F07E0,16
FUN_005f07e0,0x005F07E0,0x005F0828,68
FUN_005f0830,0x005F0830,0x005F098C,348
FUN_005f0990,0x005F0990,0x005F0B28,408
FUN_005f0b30,0x005F0B30,0x005F0CC8,408
FUN_005f0cd0,0x005F0CD0,0x005F115C,1156
FUN_005f1160,0x005F1160,0x005F15A0,1080
FUN_005f15a0,0x005F15A0,0x005F1754,432
FUN_005f1760,0x005F1760,0x005F17FC,156
FUN_005f1800,0x005F1800,0x005F194C,324
FUN_005f1950,0x005F1950,0x005F195C,12
FUN_005f1960,0x005F1960,0x005F1AD0,364
FUN_005f1ad0,0x005F1AD0,0x005F1B50,120
FUN_005f1b50,0x005F1B50,0x005F1BEC,156
FUN_005f1bf0,0x005F1BF0,0x005F1C70,124
FUN_005f1c70,0x005F1C70,0x005F1E3C,460
FUN_005f1e40,0x005F1E40,0x005F2120,716
FUN_005f2120,0x005F2120,0x005F3100,4016
FUN_005f3100,0x005F3100,0x005F3270,364
FUN_005f3270,0x005F3270,0x005F339C,300
FUN_005f33a0,0x005F33A0,0x005F33D0,48
caseD_0,0x005F33C8,0x005F33D4,12
caseD_1,0x005F33D8,0x005F33E4,12
caseD_2,0x005F33E8,0x005F33F4,12
caseD_3,0x005F33F8,0x005F3404,12
caseD_4,0x005F3408,0x005F3414,12
caseD_5,0x005F3418,0x005F3424,12
caseD_6,0x005F3428,0x005F3434,12
caseD_7,0x005F3438,0x005F3444,12
caseD_8,0x005F3448,0x005F3454,12
caseD_9,0x005F3458,0x005F3464,12
caseD_a,0x005F3468,0x005F3474,12
caseD_b,0x005F3478,0x005F3484,12
caseD_c,0x005F3488,0x005F3494,12
caseD_d,0x005F3498,0x005F34A4,12
caseD_e,0x005F34A8,0x005F34C8,20
FUN_005f34d0,0x005F34D0,0x005F3518,68
FUN_005f3520,0x005F3520,0x005F361C,248
FUN_005f3620,0x005F3620,0x005F37C0,412
FUN_005f37c0,0x005F37C0,0x005F3B94,956
FUN_005f3ba0,0x005F3BA0,0x005F3FB4,1032
FUN_005f3fc0,0x005F3FC0,0x005F3FE8,40
FUN_005f3ff0,0x005F3FF0,0x005F4080,140
FUN_005f4080,0x005F4080,0x005F4088,8
FUN_005f4090,0x005F4090,0x005F40F0,96
FUN_005f40f0,0x005F40F0,0x005F4170,128
FUN_005f4170,0x005F4170,0x005F41F0,128
FUN_005f41f0,0x005F41F0,0x005F435C,360
FUN_005f4360,0x005F4360,0x005F43A4,68
FUN_005f43b0,0x005F43B0,0x005F446C,188
FUN_005f4470,0x005F4470,0x005F500C,2932
FUN_005f5010,0x005F5010,0x005F519C,388
FUN_005f51a0,0x005F51A0,0x005F52D0,304
FUN_005f52d0,0x005F52D0,0x005F5514,564
FUN_005f5520,0x005F5520,0x005F5588,104
FUN_005f5590,0x005F5590,0x005F55E0,76
FUN_005f55e0,0x005F55E0,0x005F5AC8,1256
FUN_005f5ad0,0x005F5AD0,0x005F5B04,52
FUN_005f5b10,0x005F5B10,0x005F5B18,8
FUN_005f5b20,0x005F5B20,0x005F5BA0,124
FUN_005f5ba0,0x005F5BA0,0x005F5C00,96
FUN_005f5c00,0x005F5C00,0x005F5C60,96
FUN_005f5c60,0x005F5C60,0x005F5C78,24
FUN_005f5c80,0x005F5C80,0x005F5C98,24
FUN_005f5ca0,0x005F5CA0,0x005F5CAC,12
FUN_005f5cb0,0x005F5CB0,0x005F5CC4,20
FUN_005f5cd0,0x005F5CD0,0x005F5F20,580
FUN_005f5f20,0x005F5F20,0x005F5FB8,152
FUN_005f5fc0,0x005F5FC0,0x005F5FC8,8
FUN_005f5fd0,0x005F5FD0,0x005F6008,56
FUN_005f6010,0x005F6010,0x005F6048,56
FUN_005f6050,0x005F6050,0x005F60F8,168
FUN_005f6100,0x005F6100,0x005F618C,140
FUN_005f6190,0x005F6190,0x005F61D8,72
FUN_005f61e0,0x005F61E0,0x005F6268,136
FUN_005f6270,0x005F6270,0x005F62B4,68
FUN_005f62c0,0x005F62C0,0x005F6350,144
FUN_005f6350,0x005F6350,0x005F654C,504
FUN_005f6550,0x005F6550,0x005F6D38,2020
FUN_005f6d40,0x005F6D40,0x005F6EC4,388
FUN_005f6ed0,0x005F6ED0,0x005F6EF8,40
FUN_005f6f00,0x005F6F00,0x005F6F10,16
FUN_005f6f10,0x005F6F10,0x005F6F1C,12
FUN_005f6f20,0x005F6F20,0x005F6F30,16
FUN_005f6f30,0x005F6F30,0x005F6F40,16
FUN_005f6f40,0x005F6F40,0x005F6F68,40
FUN_005f6f70,0x005F6F70,0x005F6F98,40
FUN_005f6fa0,0x005F6FA0,0x005F7418,1132
FUN_005f7420,0x005F7420,0x005F746C,76
FUN_005f7470,0x005F7470,0x005F7920,1080
FUN_005f7920,0x005F7920,0x005F7984,100
FUN_005f7990,0x005F7990,0x005F7A3C,168
FUN_005f7a40,0x005F7A40,0x005F7B04,188
FUN_005f7b10,0x005F7B10,0x005F7C40,296
FUN_005f7c40,0x005F7C40,0x005F7D78,312
FUN_005f7d80,0x005F7D80,0x005F7EDC,344
FUN_005f7ee0,0x005F7EE0,0x005F8024,324
FUN_005f8030,0x005F8030,0x005F81D0,412
FUN_005f81d0,0x005F81D0,0x005F81D8,8
FUN_005f81e0,0x005F81E0,0x005F826C,140
FUN_005f8270,0x005F8270,0x005F8330,188
FUN_005f8330,0x005F8330,0x005F8354,36
FUN_005f8360,0x005F8360,0x005F8384,36
FUN_005f8390,0x005F8390,0x005F8484,244
FUN_005f8490,0x005F8490,0x005F8520,144
FUN_005f8520,0x005F8520,0x005F8558,56
FUN_005f8560,0x005F8560,0x005F856C,12
FUN_005f8570,0x005F8570,0x005F86A8,312
FUN_005f86b0,0x005F86B0,0x005F86B8,8
FUN_005f86c0,0x005F86C0,0x005F8768,168
FUN_005f8770,0x005F8770,0x005F87E8,120
FUN_005f87f0,0x005F87F0,0x005F87F8,8
FUN_005f8800,0x005F8800,0x005F8878,120
FUN_005f8880,0x005F8880,0x005F88F8,120
FUN_005f8900,0x005F8900,0x005F8908,8
FUN_005f8910,0x005F8910,0x005F8918,8
FUN_005f8920,0x005F8920,0x005F8928,8
FUN_005f8930,0x005F8930,0x005F8938,8
FUN_005f8940,0x005F8940,0x005F89B8,120
FUN_005f89c0,0x005F89C0,0x005F8A38,120
FUN_005f8a40,0x005F8A40,0x005F8A48,8
FUN_005f8a50,0x005F8A50,0x005F8A64,20
FUN_005f8a70,0x005F8A70,0x005F8AE8,120
FUN_005f8af0,0x005F8AF0,0x005F8C00,272
FUN_005f8c00,0x005F8C00,0x005F8C18,24
FUN_005f8c20,0x005F8C20,0x005F8C38,24
FUN_005f8c40,0x005F8C40,0x005F8D40,248
FUN_005f8d40,0x005F8D40,0x005F95C4,2128
FUN_005f95d0,0x005F95D0,0x005FAAD4,5256
FUN_005faae0,0x005FAAE0,0x005FACF8,536
FUN_005fad00,0x005FAD00,0x005FAD4C,76
FUN_005fad50,0x005FAD50,0x005FADE8,148
FUN_005fadf0,0x005FADF0,0x005FAE68,120
FUN_005fae70,0x005FAE70,0x005FB1B8,820
FUN_005fb1c0,0x005FB1C0,0x005FC54C,4968
FUN_005fc550,0x005FC550,0x005FC588,56
FUN_005fc590,0x005FC590,0x005FC7C8,552
FUN_005fc7d0,0x005FC7D0,0x005FC910,320
FUN_005fc910,0x005FC910,0x005FC968,84
FUN_005fc970,0x005FC970,0x005FCC38,712
FUN_005fcc40,0x005FCC40,0x005FCD28,232
FUN_005fcd30,0x005FCD30,0x005FCEFC,460
FUN_005fcf00,0x005FCF00,0x005FCF08,8
FUN_005fcf10,0x005FCF10,0x005FD00C,252
FUN_005fd010,0x005FD010,0x005FD050,64
FUN_005fd050,0x005FD050,0x005FD0D4,132
FUN_005fd0e0,0x005FD0E0,0x005FD144,100
FUN_005fd150,0x005FD150,0x005FD3D8,636
FUN_005fd3e0,0x005FD3E0,0x005FD45C,124
FUN_005fd460,0x005FD460,0x005FD620,440
FUN_005fd620,0x005FD620,0x005FD6E8,192
FUN_005fd6f0,0x005FD6F0,0x005FD784,144
FUN_005fd790,0x005FD790,0x005FDACC,812
FUN_005fdad0,0x005FDAD0,0x005FDCF4,536
FUN_005fdd00,0x005FDD00,0x005FDD38,56
FUN_005fdd40,0x005FDD40,0x005FDEC0,380
FUN_005fdec0,0x005FDEC0,0x005FDF78,152
FUN_005fdf80,0x005FDF80,0x005FE1F0,616
FUN_005fe1f0,0x005FE1F0,0x005FE4B8,712
FUN_005fe4c0,0x005FE4C0,0x005FE824,864
FUN_005fe830,0x005FE830,0x005FE838,8
FUN_005fe840,0x005FE840,0x005FE848,8
FUN_005fe850,0x005FE850,0x005FE874,36
FUN_005fe880,0x005FE880,0x005FEF10,1648
FUN_005fef10,0x005FEF10,0x005FEF18,8
FUN_005fef20,0x005FEF20,0x005FEF28,8
FUN_005fef30,0x005FEF30,0x005FEF38,8
FUN_005fef40,0x005FEF40,0x005FEF48,8
FUN_005fef50,0x005FEF50,0x005FEF58,8
FUN_005fef60,0x005FEF60,0x005FF088,288
FUN_005ff090,0x005FF090,0x005FF0F0,96
FUN_005ff0f0,0x005FF0F0,0x005FF1F4,260
FUN_005ff200,0x005FF200,0x005FF2EC,228
FUN_005ff2f0,0x005FF2F0,0x005FFDA8,2744
FUN_005ffdb0,0x005FFDB0,0x005FFDBC,12
FUN_005ffdc0,0x005FFDC0,0x005FFDC8,8
FUN_005ffdd0,0x005FFDD0,0x005FFDE8,24
FUN_005ffdf0,0x005FFDF0,0x005FFF08,280
FUN_005fff10,0x005FFF10,0x005FFF34,36
FUN_005fff40,0x005FFF40,0x00600064,292
FUN_00600070,0x00600070,0x00600098,40
FUN_006000a0,0x006000A0,0x006000E8,72
FUN_006000f0,0x006000F0,0x00600104,20
FUN_00600110,0x00600110,0x0060011C,12
FUN_00600120,0x00600120,0x00600144,36
FUN_00600150,0x00600150,0x00600184,52
FUN_00600190,0x00600190,0x006001EC,92
FUN_006001f0,0x006001F0,0x00600288,152
FUN_00600290,0x00600290,0x00600438,408
FUN_00600440,0x00600440,0x00600528,228
FUN_00600530,0x00600530,0x00600550,32
FUN_00600550,0x00600550,0x00600CEC,1936
FUN_00600cf0,0x00600CF0,0x00600D40,80
FUN_00600d40,0x00600D40,0x00600DCC,140
FUN_00600dd0,0x00600DD0,0x00600ED0,252
FUN_00600ed0,0x00600ED0,0x00600F6C,156
FUN_00600f70,0x00600F70,0x00601070,252
FUN_00601070,0x00601070,0x006011F8,392
FUN_00601200,0x00601200,0x00601328,292
FUN_00601330,0x00601330,0x00601400,208
FUN_00601400,0x00601400,0x00601804,996
FUN_00601810,0x00601810,0x00601820,16
FUN_00601820,0x00601820,0x00601828,8
FUN_00601830,0x00601830,0x00601850,32
FUN_00601850,0x00601850,0x00601858,8
FUN_00601860,0x00601860,0x00601868,8
FUN_00601870,0x00601870,0x0060187C,12
FUN_00601880,0x00601880,0x006018F8,120
FUN_00601900,0x00601900,0x00601908,8
FUN_00601910,0x00601910,0x00601E48,1304
FUN_00601e50,0x00601E50,0x00601EA8,88
FUN_00601eb0,0x00601EB0,0x00601EB8,8
FUN_00601ec0,0x00601EC0,0x00601F18,88
FUN_00601f20,0x00601F20,0x00601F80,92
FUN_00601f80,0x00601F80,0x0060226C,740
FUN_00602270,0x00602270,0x00602B14,2192
FUN_00602b20,0x00602B20,0x00602D10,492
FUN_00602d10,0x00602D10,0x00602E24,264
FUN_00602e30,0x00602E30,0x00603690,2108
FUN_00603690,0x00603690,0x006036AC,28
FUN_006036b0,0x006036B0,0x0060394C,660
FUN_00603950,0x00603950,0x00604338,2508
FUN_00604340,0x00604340,0x00604384,68
FUN_00604390,0x00604390,0x006043EC,92
FUN_006043f0,0x006043F0,0x00604488,128
FUN_00604490,0x00604490,0x006045AC,280
FUN_006045b0,0x006045B0,0x00604820,616
FUN_00604820,0x00604820,0x00604828,8
FUN_00604830,0x00604830,0x00604878,72
FUN_00604880,0x00604880,0x00604BE4,860
FUN_00604bf0,0x00604BF0,0x00604C60,112
FUN_00604c60,0x00604C60,0x00604CD4,112
FUN_00604ce0,0x00604CE0,0x006055A8,2200
FUN_006055b0,0x006055B0,0x00605770,436
FUN_00605770,0x00605770,0x006057F8,136
FUN_00605800,0x00605800,0x0060594C,332
FUN_00605950,0x00605950,0x006059FC,164
FUN_00605a00,0x00605A00,0x00605A08,8
FUN_00605a10,0x00605A10,0x00605A44,52
FUN_00605a50,0x00605A50,0x00605A58,8
FUN_00605a60,0x00605A60,0x00605A74,20
FUN_00605a80,0x00605A80,0x00605C5C,468
FUN_00605c60,0x00605C60,0x00605F84,788
FUN_00605f90,0x00605F90,0x006060B4,288
FUN_006060c0,0x006060C0,0x00606798,1716
FUN_006067a0,0x006067A0,0x00606DA4,1504
FUN_00606db0,0x00606DB0,0x00606EBC,264
FUN_00606ec0,0x00606EC0,0x00607560,1648
FUN_00607560,0x00607560,0x006075B4,84
FUN_006075c0,0x006075C0,0x00607644,132
FUN_00607650,0x00607650,0x00607828,464
FUN_00607830,0x00607830,0x0060789C,108
FUN_006078a0,0x006078A0,0x00607D04,1120
FUN_00607d10,0x00607D10,0x00607D70,96
FUN_00607d70,0x00607D70,0x00608050,724
FUN_00608050,0x00608050,0x00608060,16
FUN_00608060,0x00608060,0x00608290,552
FUN_00608290,0x00608290,0x006082E0,76
FUN_006082e0,0x006082E0,0x006084AC,460
FUN_006084b0,0x006084B0,0x006085BC,268
FUN_006085c0,0x006085C0,0x0060883C,632
FUN_00608840,0x00608840,0x006089D8,400
FUN_006089e0,0x006089E0,0x006089E8,8
FUN_006089f0,0x006089F0,0x00609188,1928
FUN_00609190,0x00609190,0x00609334,412
FUN_00609340,0x00609340,0x006093E4,164
FUN_006093f0,0x006093F0,0x0060952C,312
FUN_00609530,0x00609530,0x0060970C,472
FUN_00609710,0x00609710,0x00609788,120
FUN_00609790,0x00609790,0x00609808,120
FUN_00609810,0x00609810,0x006098B0,160
FUN_006098b0,0x006098B0,0x006098B8,8
FUN_006098c0,0x006098C0,0x006098C8,8
FUN_006098d0,0x006098D0,0x00609948,120
FUN_00609950,0x00609950,0x00609958,8
FUN_00609960,0x00609960,0x00609968,8
FUN_00609970,0x00609970,0x006099E8,120
FUN_006099f0,0x006099F0,0x00609A68,120
FUN_00609a70,0x00609A70,0x00609AE8,120
FUN_00609af0,0x00609AF0,0x00609AF8,8
FUN_00609b00,0x00609B00,0x00609B78,120
FUN_00609b80,0x00609B80,0x00609B94,20
FUN_00609ba0,0x00609BA0,0x00609C18,120
FUN_00609c20,0x00609C20,0x00609C28,8
FUN_00609c30,0x00609C30,0x00609C3C,12
FUN_00609c40,0x00609C40,0x00609CB8,120
FUN_00609cc0,0x00609CC0,0x00609CC8,8
FUN_00609cd0,0x00609CD0,0x00609D48,120
FUN_00609d50,0x00609D50,0x00609D58,8
FUN_00609d60,0x00609D60,0x00609DD8,120
FUN_00609de0,0x00609DE0,0x00609DE8,8
FUN_00609df0,0x00609DF0,0x00609FFC,524
FUN_0060a000,0x0060A000,0x0060A2C8,696
FUN_0060a2d0,0x0060A2D0,0x0060A2E8,24
FUN_0060a2f0,0x0060A2F0,0x0060A45C,356
FUN_0060a460,0x0060A460,0x0060A58C,296
FUN_0060a590,0x0060A590,0x0060A5A4,20
FUN_0060a5b0,0x0060A5B0,0x0060A5F0,64
FUN_0060a5f0,0x0060A5F0,0x0060A69C,172
FUN_0060a6a0,0x0060A6A0,0x0060A848,416
FUN_0060a850,0x0060A850,0x0060A938,228
FUN_0060a940,0x0060A940,0x0060AA1C,220
FUN_0060aa20,0x0060AA20,0x0060AF9C,1392
FUN_0060afa0,0x0060AFA0,0x0060B114,368
FUN_0060b120,0x0060B120,0x0060B464,832
FUN_0060b470,0x0060B470,0x0060B7EC,884
FUN_0060b7f0,0x0060B7F0,0x0060B8E8,248
FUN_0060b8f0,0x0060B8F0,0x0060BAEC,500
FUN_0060baf0,0x0060BAF0,0x0060BB78,136
FUN_0060bb80,0x0060BB80,0x0060BB90,16
FUN_0060bb90,0x0060BB90,0x0060BBD8,72
FUN_0060bbe0,0x0060BBE0,0x0060BBF4,20
FUN_0060bc00,0x0060BC00,0x0060BC10,16
FUN_0060bc10,0x0060BC10,0x0060BC38,40
FUN_0060bc40,0x0060BC40,0x0060BF0C,708
FUN_0060bf10,0x0060BF10,0x0060BF2C,28
FUN_0060bf30,0x0060BF30,0x0060BF3C,12
FUN_0060bf40,0x0060BF40,0x0060C164,548
FUN_0060c170,0x0060C170,0x0060C188,24
FUN_0060c190,0x0060C190,0x0060C208,120
FUN_0060c210,0x0060C210,0x0060C21C,12
FUN_0060c220,0x0060C220,0x0060C3C4,416
FUN_0060c3d0,0x0060C3D0,0x0060C3E0,16
FUN_0060c3e0,0x0060C3E0,0x0060CAC4,1752
FUN_0060cad0,0x0060CAD0,0x0060CBC4,244
FUN_0060cbd0,0x0060CBD0,0x0060CD34,356
FUN_0060cd40,0x0060CD40,0x0060CDB8,120
FUN_0060cdc0,0x0060CDC0,0x0060CDC8,8
FUN_0060cdd0,0x0060CDD0,0x0060CE3C,108
FUN_0060ce40,0x0060CE40,0x0060D020,476
FUN_0060d020,0x0060D020,0x0060D27C,596
FUN_0060d280,0x0060D280,0x0060D304,132
FUN_0060d310,0x0060D310,0x0060D3F8,232
FUN_0060d400,0x0060D400,0x0060D4A8,168
FUN_0060d4b0,0x0060D4B0,0x0060D538,136
FUN_0060d540,0x0060D540,0x0060D550,16
FUN_0060d550,0x0060D550,0x0060D564,20
FUN_0060d570,0x0060D570,0x0060D584,20
FUN_0060d590,0x0060D590,0x0060D5E4,84
FUN_0060d5f0,0x0060D5F0,0x0060D5FC,12
FUN_0060d600,0x0060D600,0x0060D6C8,200
FUN_0060d6d0,0x0060D6D0,0x0060D738,104
FUN_0060d740,0x0060D740,0x0060D838,248
FUN_0060d840,0x0060D840,0x0060D8EC,172
FUN_0060d8f0,0x0060D8F0,0x0060D9A0,176
FUN_0060d9a0,0x0060D9A0,0x0060DA50,176
FUN_0060da50,0x0060DA50,0x0060DB54,260
FUN_0060db60,0x0060DB60,0x0060DCEC,392
FUN_0060dcf0,0x0060DCF0,0x0060DE28,312
FUN_0060de30,0x0060DE30,0x0060DF40,268
FUN_0060df40,0x0060DF40,0x0060DFB4,112
FUN_0060dfc0,0x0060DFC0,0x0060E000,64
FUN_0060e000,0x0060E000,0x0060E11C,280
FUN_0060e120,0x0060E120,0x0060E168,72
FUN_0060e170,0x0060E170,0x0060E274,244
FUN_0060e280,0x0060E280,0x0060E3C8,328
FUN_0060e3d0,0x0060E3D0,0x0060E3D8,8
FUN_0060e3e0,0x0060E3E0,0x0060E410,48
FUN_0060e410,0x0060E410,0x0060E458,72
FUN_0060e460,0x0060E460,0x0060E4D8,116
FUN_0060e4e0,0x0060E4E0,0x0060E574,148
FUN_0060e580,0x0060E580,0x0060E590,16
FUN_0060e590,0x0060E590,0x0060E608,120
FUN_0060e610,0x0060E610,0x0060E6D8,196
FUN_0060e6e0,0x0060E6E0,0x0060E6EC,12
FUN_0060e6f0,0x0060E6F0,0x0060E7A0,172
FUN_0060e7a0,0x0060E7A0,0x0060E7A8,8
FUN_0060e7b0,0x0060E7B0,0x0060E828,120
FUN_0060e830,0x0060E830,0x0060E8A8,120
FUN_0060e8b0,0x0060E8B0,0x0060E928,120
FUN_0060e930,0x0060E930,0x0060E99C,108
FUN_0060e9a0,0x0060E9A0,0x0060EA84,224
FUN_0060ea90,0x0060EA90,0x0060EB5C,200
FUN_0060eb60,0x0060EB60,0x0060EBEC,140
FUN_0060ebf0,0x0060EBF0,0x0060ED18,296
FUN_0060ed20,0x0060ED20,0x0060ED38,24
FUN_0060ed40,0x0060ED40,0x0060EDF8,184
FUN_0060ee00,0x0060EE00,0x0060EE78,120
FUN_0060ee80,0x0060EE80,0x0060F46C,1508
FUN_0060f470,0x0060F470,0x0060F5BC,328
FUN_0060f5c0,0x0060F5C0,0x0060F5CC,12
FUN_0060f5d0,0x0060F5D0,0x0060F5D8,8
FUN_0060f5e0,0x0060F5E0,0x0060F6B8,216
FUN_0060f6c0,0x0060F6C0,0x0060F754,148
FUN_0060f760,0x0060F760,0x0060F9A0,568
FUN_0060f9a0,0x0060F9A0,0x0060F9B0,16
FUN_0060f9b0,0x0060F9B0,0x0060F9E8,56
FUN_0060f9f0,0x0060F9F0,0x0060FA88,152
FUN_0060fa90,0x0060FA90,0x0060FB2C,152
FUN_0060fb30,0x0060FB30,0x0060FB50,32
FUN_0060fb50,0x0060FB50,0x0060FB74,36
FUN_0060fb78,0x0060FB78,0x0060FBA0,40
FUN_0060fba0,0x0060FBA0,0x0060FBBC,28
FUN_0060fbc0,0x0060FBC0,0x0060FBDC,28
FUN_0060fbe0,0x0060FBE0,0x0060FC8C,172
FUN_0060fc90,0x0060FC90,0x0060FD94,260
FUN_0060fd98,0x0060FD98,0x0060FEB8,284
FUN_0060feb8,0x0060FEB8,0x0060FEFC,68
FUN_0060ff00,0x0060FF00,0x0060FF6C,108
FUN_0060ff70,0x0060FF70,0x0060FFB0,64
FUN_0060ffb0,0x0060FFB0,0x0060FFB8,8
FUN_0060ffb8,0x0060FFB8,0x0060FFC0,8
FUN_0060ffc0,0x0060FFC0,0x0060FFC8,8
FUN_0060ffc8,0x0060FFC8,0x0060FFE0,24
FUN_0060ffe0,0x0060FFE0,0x0060FFF8,24
FUN_0060fff8,0x0060FFF8,0x0061000C,20
FUN_00610010,0x00610010,0x00610314,764
FUN_00610318,0x00610318,0x00610488,364
FUN_00610488,0x00610488,0x00610598,268
FUN_00610598,0x00610598,0x006105F0,88
FUN_006105f0,0x006105F0,0x00610668,120
FUN_00610668,0x00610668,0x00610788,284
FUN_00610788,0x00610788,0x00610938,428
FUN_00610938,0x00610938,0x00610AA4,356
FUN_00610aa8,0x00610AA8,0x00610C1C,368
FUN_00610c20,0x00610C20,0x00610F9C,860
FUN_00610fa0,0x00610FA0,0x006110D8,312
FUN_006110d8,0x006110D8,0x0061117C,160
FUN_00611180,0x00611180,0x0061124C,204
FUN_00611250,0x00611250,0x00611348,248
FUN_00611348,0x00611348,0x00611388,64
FUN_00611388,0x00611388,0x006113A0,24
FUN_006113a0,0x006113A0,0x006113E4,68
FUN_006113e8,0x006113E8,0x006113F0,8
FUN_006113f0,0x006113F0,0x006113F8,8
FUN_006113f8,0x006113F8,0x00611410,24
FUN_00611410,0x00611410,0x00611420,16
FUN_00611420,0x00611420,0x00611434,20
FUN_00611438,0x00611438,0x006115C0,384
FUN_006115c0,0x006115C0,0x006117EC,548
FUN_006117f0,0x006117F0,0x00611894,164
FUN_00611898,0x00611898,0x00611900,104
FUN_00611900,0x00611900,0x00611934,52
FUN_00611938,0x00611938,0x00611A3C,260
FUN_00611a40,0x00611A40,0x00611B08,196
FUN_00611b08,0x00611B08,0x00611BA0,152
FUN_00611ba0,0x00611BA0,0x00611CB0,268
FUN_00611cb0,0x00611CB0,0x00611DE0,292
FUN_00611de0,0x00611DE0,0x00611E44,100
FUN_00611e48,0x00611E48,0x00611E5C,20
FUN_00611e60,0x00611E60,0x00611E70,16
FUN_00611e70,0x00611E70,0x00611E78,8
FUN_00611e78,0x00611E78,0x00611E80,8
FUN_00611e80,0x00611E80,0x00611F08,132
FUN_00611f08,0x00611F08,0x00611FAC,160
FUN_00611fb0,0x00611FB0,0x00612010,96
FUN_00612010,0x00612010,0x00612138,296
FUN_00612138,0x00612138,0x00612210,216
FUN_00612210,0x00612210,0x00612270,92
FUN_00612270,0x00612270,0x00612460,496
FUN_00612460,0x00612460,0x00612518,184
FUN_00612518,0x00612518,0x00612558,64
FUN_00612550,0x00612550,0x00612560,16
FUN_00612560,0x00612560,0x00612570,16
FUN_00612570,0x00612570,0x00612580,16
FUN_00612580,0x00612580,0x00612590,16
FUN_00612590,0x00612590,0x006125A0,16
FUN_006125a0,0x006125A0,0x006125B0,16
FUN_006125b0,0x006125B0,0x006125C0,16
FUN_006125c0,0x006125C0,0x006125D0,16
FUN_006125d0,0x006125D0,0x00612630,96
FUN_00612630,0x00612630,0x006126A0,112
FUN_006126a0,0x006126A0,0x006126E4,68
FUN_006126e8,0x006126E8,0x0061274C,100
FUN_00612750,0x00612750,0x006127CC,124
FUN_006127d0,0x006127D0,0x0061287C,168
FUN_00612880,0x00612880,0x006128E8,104
FUN_006128e8,0x006128E8,0x0061294C,100
FUN_00612950,0x00612950,0x0061299C,76
FUN_006129a0,0x006129A0,0x006129D0,44
FUN_006129d0,0x006129D0,0x00612AAC,220
FUN_00612ab0,0x00612AB0,0x00612BE8,312
FUN_00612be8,0x00612BE8,0x00612C80,152
FUN_00612c80,0x00612C80,0x00612D80,256
FUN_00612d80,0x00612D80,0x00612E44,196
FUN_00612e48,0x00612E48,0x00613158,780
FUN_00613158,0x00613158,0x006132B8,352
FUN_006132b8,0x006132B8,0x00613750,1148
FUN_00613750,0x00613750,0x0061378C,60
FUN_00613790,0x00613790,0x006137E4,84
FUN_006137e8,0x006137E8,0x006137F0,8
FUN_006137f0,0x006137F0,0x006137F8,8
FUN_006137f8,0x006137F8,0x00613800,8
FUN_00613800,0x00613800,0x00613808,8
FUN_00613808,0x00613808,0x00613B7C,868
FUN_00613b80,0x00613B80,0x00613F98,1032
FUN_00613f98,0x00613F98,0x00613FB0,24
FUN_00613fb0,0x00613FB0,0x00613FD0,32
FUN_00613fb8,0x00613FB8,0x00613FD0,24
FUN_00613fc0,0x00613FC0,0x00613FD0,16
FUN_00613fc8,0x00613FC8,0x00613FD0,8
FUN_00613fd0,0x00613FD0,0x00614164,400
FUN_00614168,0x00614168,0x0061425C,244
FUN_00614260,0x00614260,0x00614280,28
FUN_00614280,0x00614280,0x00614290,16
FUN_00614290,0x00614290,0x006142A8,24
FUN_006142a8,0x006142A8,0x00614380,212
FUN_00614380,0x00614380,0x0061449C,280
FUN_006144a0,0x006144A0,0x0061458C,236
FUN_00614590,0x00614590,0x0061464C,184
FUN_00614650,0x00614650,0x006146D8,136
FUN_006146d8,0x006146D8,0x00614754,124
FUN_00614758,0x00614758,0x006147C8,112
FUN_006147c8,0x006147C8,0x006147E0,24
FUN_006147e0,0x006147E0,0x00614838,84
FUN_00614838,0x00614838,0x00614844,12
FUN_00614848,0x00614848,0x00614888,64
FUN_00614888,0x00614888,0x006148B4,40
FUN_006148b8,0x006148B8,0x006148E0,40
FUN_006148e0,0x006148E0,0x006149A0,188
FUN_006149a0,0x006149A0,0x006149E8,72
FUN_006149e8,0x006149E8,0x00614A48,96
FUN_00614a48,0x00614A48,0x00614B14,204
FUN_00614b18,0x00614B18,0x00614E08,752
FUN_00614e08,0x00614E08,0x00614E98,144
FUN_00614e98,0x00614E98,0x00614EC4,44
FUN_00614ec8,0x00614EC8,0x00614F0C,64
FUN_00614f10,0x00614F10,0x00614F54,68
FUN_00614f58,0x00614F58,0x00615024,204
FUN_00615028,0x00615028,0x00615068,64
FUN_00615068,0x00615068,0x0061508C,36
FUN_00615090,0x00615090,0x006150F4,100
FUN_006150f8,0x006150F8,0x00615160,104
FUN_00615160,0x00615160,0x00615200,160
FUN_00615200,0x00615200,0x006152B0,176
FUN_006152b0,0x006152B0,0x0061532C,124
FUN_00615330,0x00615330,0x0061538C,92
FUN_00615390,0x00615390,0x006154B8,296
FUN_006154b8,0x006154B8,0x00615558,160
FUN_00615558,0x00615558,0x0061565C,260
FUN_00615660,0x00615660,0x006157DC,376
FUN_006157e0,0x006157E0,0x006158F4,276
FUN_006158f8,0x006158F8,0x00615B44,588
FUN_00615b48,0x00615B48,0x00615CD0,392
FUN_00615cd0,0x00615CD0,0x00615D84,180
FUN_00615d88,0x00615D88,0x00615DDC,80
FUN_00615de0,0x00615DE0,0x00615E34,80
FUN_00615e38,0x00615E38,0x00615EB0,120
FUN_00615eb0,0x00615EB0,0x00615F4C,156
FUN_00615f50,0x00615F50,0x00615FC8,120
FUN_00615fc8,0x00615FC8,0x0061614C,388
FUN_00616150,0x00616150,0x006161CC,124
FUN_006161d0,0x006161D0,0x00616290,188
FUN_00616290,0x00616290,0x0061639C,264
FUN_006163a0,0x006163A0,0x00616478,212
FUN_00616478,0x00616478,0x006164DC,100
FUN_006164e0,0x006164E0,0x00616748,608
FUN_00616748,0x00616748,0x00616820,212
FUN_00616820,0x00616820,0x00616C10,992
FUN_00616c10,0x00616C10,0x00616C98,136
FUN_00616c98,0x00616C98,0x00616D9C,260
FUN_00616da0,0x00616DA0,0x00616E60,188
FUN_00616e60,0x00616E60,0x00616ED0,112
FUN_00616ed0,0x00616ED0,0x00616F7C,168
FUN_00616f80,0x00616F80,0x00616FAC,44
FUN_00616fb0,0x00616FB0,0x00616FB8,8
FUN_00616fb8,0x00616FB8,0x00616FC4,12
FUN_00616fc8,0x00616FC8,0x00616FD4,12
FUN_00616fd8,0x00616FD8,0x00616FE4,12
FUN_00616fe8,0x00616FE8,0x00616FF4,12
FUN_00616ff8,0x00616FF8,0x00617004,12
FUN_00617008,0x00617008,0x00617014,12
FUN_00617018,0x00617018,0x00617024,12
FUN_00617028,0x00617028,0x00617034,12
FUN_00617038,0x00617038,0x00617044,12
FUN_00617048,0x00617048,0x00617050,8
FUN_00617050,0x00617050,0x0061705C,12
FUN_00617060,0x00617060,0x00617250,492
FUN_00617250,0x00617250,0x00617560,784
FUN_00617560,0x00617560,0x00617610,176
FUN_00617610,0x00617610,0x00617690,128
FUN_00617690,0x00617690,0x00617784,228
FUN_00617788,0x00617788,0x00617CD8,1340
FUN_00617cd8,0x00617CD8,0x00618154,1144
FUN_00618158,0x00618158,0x006181B8,96
FUN_006181b8,0x006181B8,0x00618454,660
FUN_00618458,0x00618458,0x006184A4,76
FUN_006184a8,0x006184A8,0x006184E8,64
FUN_006184e8,0x006184E8,0x0061866C,384
FUN_00618670,0x00618670,0x006186B0,64
FUN_006186b0,0x006186B0,0x0061879C,224
FUN_006187a0,0x006187A0,0x006189C8,540
FUN_006189c8,0x006189C8,0x00618A54,140
FUN_00618a58,0x00618A58,0x00618ACC,116
FUN_00618ad0,0x00618AD0,0x00618B38,104
FUN_00618b38,0x00618B38,0x00618F6C,1076
FUN_00618f70,0x00618F70,0x006190F0,384
FUN_006190f0,0x006190F0,0x00619138,72
FUN_00619138,0x00619138,0x006192A0,360
FUN_006192a0,0x006192A0,0x006193F4,340
FUN_006193f8,0x006193F8,0x006195E0,484
FUN_006195e0,0x006195E0,0x006197A0,448
FUN_006197a0,0x006197A0,0x006199D0,560
FUN_006199d0,0x006199D0,0x00619DD4,1016
FUN_00619dd8,0x00619DD8,0x0061A074,656
FUN_0061a078,0x0061A078,0x0061A114,156
FUN_0061a118,0x0061A118,0x0061A240,292
FUN_0061a240,0x0061A240,0x0061A328,232
FUN_0061a328,0x0061A328,0x0061A488,352
FUN_0061a488,0x0061A488,0x0061A6D4,588
FUN_0061a6d8,0x0061A6D8,0x0061A800,296
FUN_0061a800,0x0061A800,0x0061ABD4,976
FUN_0061abd8,0x0061ABD8,0x0061ACF0,280
FUN_0061acf0,0x0061ACF0,0x0061B29C,1420
FUN_0061b2a0,0x0061B2A0,0x0061B3DC,312
FUN_0061b3e0,0x0061B3E0,0x0061B538,340
FUN_0061b538,0x0061B538,0x0061B650,280
FUN_0061b650,0x0061B650,0x0061B6E8,152
FUN_0061b6e8,0x0061B6E8,0x0061BA10,808
FUN_0061ba10,0x0061BA10,0x0061BC64,596
FUN_0061bc68,0x0061BC68,0x0061BEB4,584
FUN_0061beb8,0x0061BEB8,0x0061BEE4,44
FUN_0061bee8,0x0061BEE8,0x0061C0F0,520
FUN_0061c0f0,0x0061C0F0,0x0061C150,96
FUN_0061c150,0x0061C150,0x0061C2F0,416
FUN_0061c2f0,0x0061C2F0,0x0061C44C,348
FUN_0061c450,0x0061C450,0x0061C474,36
FUN_0061c478,0x0061C478,0x0061C480,8
FUN_0061c480,0x0061C480,0x0061C488,8
FUN_0061c488,0x0061C488,0x0061C490,8
FUN_0061c490,0x0061C490,0x0061C498,8
FUN_0061c498,0x0061C498,0x0061C4A0,8
FUN_0061c4a0,0x0061C4A0,0x0061C4A8,8
FUN_0061c4a8,0x0061C4A8,0x0061C4B0,8
FUN_0061c4b0,0x0061C4B0,0x0061C4B8,8
FUN_0061c4b8,0x0061C4B8,0x0061C4C0,8
FUN_0061c4c0,0x0061C4C0,0x0061C4C8,8
FUN_0061c4c8,0x0061C4C8,0x0061C4D0,8
FUN_0061c4d0,0x0061C4D0,0x0061C4D8,8
FUN_0061c4d8,0x0061C4D8,0x0061C4E0,8
FUN_0061c4e0,0x0061C4E0,0x0061C4E8,8
FUN_0061c4e8,0x0061C4E8,0x0061C4F0,8
FUN_0061c4f0,0x0061C4F0,0x0061C4F8,8
FUN_0061c4f8,0x0061C4F8,0x0061C500,8
FUN_0061c500,0x0061C500,0x0061C50C,12
FUN_0061c510,0x0061C510,0x0061C5A0,144
FUN_0061c5a0,0x0061C5A0,0x0061C600,96
FUN_0061c600,0x0061C600,0x0061C638,56
FUN_0061c638,0x0061C638,0x0061C6C8,144
FUN_0061c6c8,0x0061C6C8,0x0061C71C,84
FUN_0061c720,0x0061C720,0x0061C7A8,132
FUN_0061c7a8,0x0061C7A8,0x0061C864,188
FUN_0061c868,0x0061C868,0x0061C8E8,128
FUN_0061c8e8,0x0061C8E8,0x0061C92C,68
FUN_0061c930,0x0061C930,0x0061C994,100
FUN_0061c998,0x0061C998,0x0061C9E8,80
FUN_0061c9e8,0x0061C9E8,0x0061CB18,304
FUN_0061cb18,0x0061CB18,0x0061CBB4,152
FUN_0061cbb8,0x0061CBB8,0x0061CCA8,240
FUN_0061cca8,0x0061CCA8,0x0061CEF0,576
FUN_0061cef0,0x0061CEF0,0x0061CFF0,256
FUN_0061cff0,0x0061CFF0,0x0061D108,280
FUN_0061d108,0x0061D108,0x0061D1AC,164
FUN_0061d1b0,0x0061D1B0,0x0061D320,368
FUN_0061d320,0x0061D320,0x0061D3C4,164
FUN_0061d3c8,0x0061D3C8,0x0061D440,120
FUN_0061d440,0x0061D440,0x0061D448,8
FUN_0061d448,0x0061D448,0x0061D450,8
FUN_0061d450,0x0061D450,0x0061D458,8
FUN_0061d458,0x0061D458,0x0061D478,32
FUN_0061d478,0x0061D478,0x0061D4D8,96
FUN_0061d4d8,0x0061D4D8,0x0061D530,84
FUN_0061d530,0x0061D530,0x0061D5E8,184
FUN_0061d5e8,0x0061D5E8,0x0061D650,104
FUN_0061d650,0x0061D650,0x0061D7A8,344
FUN_0061d7a8,0x0061D7A8,0x0061D898,236
FUN_0061d898,0x0061D898,0x0061D944,172
FUN_0061d948,0x0061D948,0x0061D9B8,112
FUN_0061d9b8,0x0061D9B8,0x0061D9F4,60
FUN_0061d9f8,0x0061D9F8,0x0061DAA4,172
FUN_0061daa8,0x0061DAA8,0x0061DB9C,240
FUN_0061dba0,0x0061DBA0,0x0061DC8C,236
FUN_0061dc90,0x0061DC90,0x0061DDA8,272
FUN_0061dda8,0x0061DDA8,0x0061DE18,112
FUN_0061de18,0x0061DE18,0x0061DE60,72
FUN_0061de60,0x0061DE60,0x0061DFB0,336
FUN_0061dfb0,0x0061DFB0,0x0061E0C0,268
FUN_0061e0c0,0x0061E0C0,0x0061E124,100
FUN_0061e128,0x0061E128,0x0061E2FC,464
FUN_0061e300,0x0061E300,0x0061E50C,516
FUN_0061e510,0x0061E510,0x0061E6A8,404
FUN_0061e6a8,0x0061E6A8,0x0061E6D0,40
FUN_0061e6d0,0x0061E6D0,0x0061E7F0,288
FUN_0061e7f0,0x0061E7F0,0x0061E854,100
FUN_0061e858,0x0061E858,0x0061E8B8,96
FUN_0061e8b8,0x0061E8B8,0x0061ED44,1156
FUN_0061ed48,0x0061ED48,0x0061EFB0,612
FUN_0061efb0,0x0061EFB0,0x0061F2B4,760
FUN_0061f2b8,0x0061F2B8,0x0061F410,344
FUN_0061f410,0x0061F410,0x0061F514,260
FUN_0061f518,0x0061F518,0x0061F7B0,652
FUN_0061f7b0,0x0061F7B0,0x0061F89C,236
FUN_0061f8a0,0x0061F8A0,0x0061F91C,124
FUN_0061f920,0x0061F920,0x0061FBC4,676
FUN_0061fbc8,0x0061FBC8,0x0061FE14,588
FUN_0061fe18,0x0061FE18,0x00620004,492
FUN_00620008,0x00620008,0x006200CC,196
FUN_006200d0,0x006200D0,0x006203C4,752
FUN_006203c8,0x006203C8,0x006204B4,236
FUN_006204b8,0x006204B8,0x006204E4,44
FUN_006204e8,0x006204E8,0x00620514,44
FUN_00620518,0x00620518,0x00620644,300
FUN_00620648,0x00620648,0x006206A8,96
FUN_006206a8,0x006206A8,0x0062080C,340
FUN_00620810,0x00620810,0x00620908,244
FUN_00620908,0x00620908,0x006209AC,164
FUN_006209b0,0x006209B0,0x00620A88,212
FUN_00620a88,0x00620A88,0x00620B40,180
FUN_00620b40,0x00620B40,0x00620BD8,148
FUN_00620bd8,0x00620BD8,0x00620C60,136
FUN_00620c60,0x00620C60,0x00620D24,196
FUN_00620d28,0x00620D28,0x00620DB0,136
FUN_00620db0,0x00620DB0,0x00620E94,228
FUN_00620e98,0x00620E98,0x00620F50,180
FUN_00620f50,0x00620F50,0x00621014,196
FUN_00621018,0x00621018,0x006210D0,180
FUN_006210d0,0x006210D0,0x00621174,164
FUN_00621178,0x00621178,0x00621264,232
FUN_00621268,0x00621268,0x00621360,248
FUN_00621360,0x00621360,0x00621458,248
FUN_00621458,0x00621458,0x00621544,232
FUN_00621548,0x00621548,0x0062160C,196
FUN_00621610,0x00621610,0x006216B4,164
FUN_006216b8,0x006216B8,0x006216CC,20
FUN_006216d0,0x006216D0,0x00621778,168
FUN_00621778,0x00621778,0x00621810,148
FUN_00621810,0x00621810,0x006218B4,164
FUN_006218b8,0x006218B8,0x00621950,148
FUN_00621950,0x00621950,0x006219F4,164
FUN_006219f8,0x006219F8,0x00621A90,148
FUN_00621a90,0x00621A90,0x00621B28,148
FUN_00621b28,0x00621B28,0x00621BCC,164
FUN_00621bd0,0x00621BD0,0x00621C68,148
FUN_00621c68,0x00621C68,0x00621D0C,164
FUN_00621d10,0x00621D10,0x00621DB4,164
FUN_00621db8,0x00621DB8,0x00621E50,148
FUN_00621e50,0x00621E50,0x00621EF4,164
FUN_00621ef8,0x00621EF8,0x00621F90,148
FUN_00621f90,0x00621F90,0x00622048,180
FUN_00622048,0x00622048,0x006220EC,164
FUN_006220f0,0x006220F0,0x00622200,272
FUN_00622200,0x00622200,0x00622318,280
FUN_00622318,0x00622318,0x00622428,272
FUN_00622428,0x00622428,0x006224E0,180
FUN_006224e0,0x006224E0,0x00622578,148
FUN_00622578,0x00622578,0x0062261C,164
FUN_00622620,0x00622620,0x006226C4,164
FUN_006226c8,0x006226C8,0x0062276C,164
FUN_00622770,0x00622770,0x00622814,164
FUN_00622818,0x00622818,0x006228BC,164
FUN_006228c0,0x006228C0,0x00622964,164
FUN_00622968,0x00622968,0x00622A20,180
FUN_00622a20,0x00622A20,0x00622AD8,180
FUN_00622ad8,0x00622AD8,0x00622B70,148
FUN_00622b70,0x00622B70,0x00622C28,180
FUN_00622c28,0x00622C28,0x00622CC0,148
FUN_00622cc0,0x00622CC0,0x00622D64,164
FUN_00622d68,0x00622D68,0x00622E0C,164
FUN_00622e10,0x00622E10,0x00622EA8,148
FUN_00622ea8,0x00622EA8,0x00622F40,148
FUN_00622f40,0x00622F40,0x00622FE4,164
FUN_00622fe8,0x00622FE8,0x0062308C,164
FUN_00623090,0x00623090,0x00623134,164
FUN_00623138,0x00623138,0x006231DC,164
FUN_006231e0,0x006231E0,0x00623284,164
FUN_00623288,0x00623288,0x0062332C,164
FUN_00623330,0x00623330,0x006233D4,164
FUN_006233d8,0x006233D8,0x00623470,148
FUN_00623470,0x00623470,0x00623508,148
FUN_00623508,0x00623508,0x00623590,136
FUN_00623590,0x00623590,0x00623628,148
FUN_00623628,0x00623628,0x006236C0,148
FUN_006236c0,0x006236C0,0x00623748,136
FUN_00623748,0x00623748,0x006237E0,148
FUN_006237e0,0x006237E0,0x00623868,136
FUN_00623868,0x00623868,0x00623900,148
FUN_00623900,0x00623900,0x00623998,148
FUN_00623998,0x00623998,0x00623A3C,164
FUN_00623a40,0x00623A40,0x00623AE4,164
FUN_00623ae8,0x00623AE8,0x00623BA0,180
FUN_00623ba0,0x00623BA0,0x00623C58,180
FUN_00623c58,0x00623C58,0x00623CFC,164
FUN_00623d00,0x00623D00,0x00623DA4,164
FUN_00623da8,0x00623DA8,0x00623E5C,180
FUN_00623e60,0x00623E60,0x00623EF8,148
FUN_00623ef8,0x00623EF8,0x00623F00,8
FUN_00623f00,0x00623F00,0x00623F08,8
FUN_00623f08,0x00623F08,0x00623F2C,36
FUN_00623f30,0x00623F30,0x00624070,320
FUN_00624070,0x00624070,0x0062417C,268
FUN_00624180,0x00624180,0x00624334,436
FUN_00624338,0x00624338,0x006243BC,132
FUN_006243c0,0x006243C0,0x00624418,88
FUN_00624418,0x00624418,0x00624440,40
FUN_00624440,0x00624440,0x00624460,32
FUN_00624460,0x00624460,0x006244B0,80
FUN_006244b0,0x006244B0,0x0062450C,92
FUN_00624510,0x00624510,0x0062452C,28
FUN_00624530,0x00624530,0x00624570,64
FUN_00624570,0x00624570,0x00624728,436
FUN_00624728,0x00624728,0x00624780,88
FUN_00624780,0x00624780,0x00624788,8
FUN_00624788,0x00624788,0x00624790,8
FUN_00624790,0x00624790,0x006247C4,52
FUN_006247c8,0x006247C8,0x006247E4,28
FUN_006247e8,0x006247E8,0x006247F0,8
FUN_006247f0,0x006247F0,0x00624820,48
FUN_00624820,0x00624820,0x00624828,8
FUN_00624828,0x00624828,0x00624830,8
FUN_00624830,0x00624830,0x00624B38,768
FUN_00624b38,0x00624B38,0x00624B88,80
FUN_00624b88,0x00624B88,0x00624BDC,84
FUN_00624be0,0x00624BE0,0x00624C60,128
FUN_00624c60,0x00624C60,0x00624DC0,348
FUN_00624dc0,0x00624DC0,0x006250CC,772
FUN_006250d0,0x006250D0,0x006253B8,720
FUN_006253b8,0x006253B8,0x00625690,716
FUN_00625690,0x00625690,0x0062610C,2612
FUN_00626110,0x00626110,0x00626140,48
FUN_00626140,0x00626140,0x0062623C,248
FUN_00626240,0x00626240,0x00626350,272
FUN_00626350,0x00626350,0x00626398,72
FUN_00626398,0x00626398,0x0062640C,116
FUN_00626410,0x00626410,0x006264C0,176
FUN_006264c0,0x006264C0,0x006265EC,296
FUN_006265f0,0x006265F0,0x00626658,104
FUN_00626658,0x00626658,0x00626784,300
FUN_00626788,0x00626788,0x0062682C,164
FUN_00626830,0x00626830,0x00626848,24
FUN_00626848,0x00626848,0x00626944,252
FUN_00626948,0x00626948,0x006269A8,96
FUN_006269a8,0x006269A8,0x00626A34,136
FUN_00626a38,0x00626A38,0x00626B0C,212
FUN_00626b10,0x00626B10,0x00626BCC,188
FUN_00626bd0,0x00626BD0,0x00626BE0,16
FUN_00626be0,0x00626BE0,0x00626C18,56
FUN_00626c18,0x00626C18,0x00626C68,80
FUN_00626c68,0x00626C68,0x00626CAC,68
FUN_00626cb0,0x00626CB0,0x00626CD4,36
FUN_00626cd8,0x00626CD8,0x00626CFC,36
FUN_00626d00,0x00626D00,0x00626D28,40
FUN_00626d28,0x00626D28,0x00626D78,80
FUN_00626d78,0x00626D78,0x00626DEC,112
FUN_00626df0,0x00626DF0,0x00626F70,376
FUN_00626f70,0x00626F70,0x006270F0,376
FUN_006270f0,0x006270F0,0x00627270,376
FUN_00627270,0x00627270,0x00627580,780
FUN_00627580,0x00627580,0x006277E8,608
FUN_006277e8,0x006277E8,0x00627AF0,768
FUN_00627af0,0x00627AF0,0x00627D70,636
FUN_00627d70,0x00627D70,0x00627F68,500
FUN_00627f68,0x00627F68,0x006280B8,336
FUN_006280b8,0x006280B8,0x006281B8,256
FUN_006281b8,0x006281B8,0x00628390,472
FUN_00628390,0x00628390,0x006283F4,100
FUN_006283f8,0x006283F8,0x00628B44,1856
FUN_00628b48,0x00628B48,0x00628BC8,128
FUN_00628bc8,0x00628BC8,0x00628C3C,116
FUN_00628c3c,0x00628C3C,0x00628CB0,116
FUN_00628cb0,0x00628CB0,0x00628D30,128
FUN_00628d30,0x00628D30,0x00628DB0,128
FUN_00628db0,0x00628DB0,0x00628EE8,312
FUN_00628ee8,0x00628EE8,0x00629034,332
FUN_00629034,0x00629034,0x006290B8,132
FUN_006290b8,0x006290B8,0x00629154,156
FUN_00629154,0x00629154,0x006291D8,132
FUN_006291d8,0x006291D8,0x00629274,156
FUN_00629274,0x00629274,0x006296A0,1068
FUN_006296a0,0x006296A0,0x00629868,456
FUN_00629868,0x00629868,0x00629A44,476
FUN_00629a48,0x00629A48,0x00629AA4,92
FUN_00629aa8,0x00629AA8,0x00629B38,144
FUN_00629b38,0x00629B38,0x00629B74,60
FUN_00629b78,0x00629B78,0x00629CD4,348
FUN_00629cd8,0x00629CD8,0x00629DA0,200
FUN_00629da0,0x00629DA0,0x00629E18,120
FUN_00629e18,0x00629E18,0x00629E3C,36
FUN_00629e40,0x00629E40,0x00629EB8,116
FUN_00629eb8,0x00629EB8,0x00629EE4,44
FUN_00629ee8,0x00629EE8,0x00629F20,56
FUN_00629f20,0x00629F20,0x00629F78,88
FUN_00629f78,0x00629F78,0x00629FEC,116
FUN_00629ff0,0x00629FF0,0x0062A0A4,180
FUN_0062a0a8,0x0062A0A8,0x0062A12C,132
FUN_0062a130,0x0062A130,0x0062A138,8
FUN_0062a138,0x0062A138,0x0062A148,16
FUN_0062a148,0x0062A148,0x0062A15C,20
FUN_0062a160,0x0062A160,0x0062A1A4,68
FUN_0062a1a8,0x0062A1A8,0x0062A1E4,60
FUN_0062a1e8,0x0062A1E8,0x0062A214,44
FUN_0062a218,0x0062A218,0x0062A298,128
FUN_0062a298,0x0062A298,0x0062A2E0,72
FUN_0062a2e0,0x0062A2E0,0x0062A2E8,8
FUN_0062a2e8,0x0062A2E8,0x0062A2F0,8
FUN_0062a2f0,0x0062A2F0,0x0062A360,112
FUN_0062a360,0x0062A360,0x0062A3AC,76
FUN_0062a3b0,0x0062A3B0,0x0062A5A4,492
FUN_0062a5a8,0x0062A5A8,0x0062A634,140
FUN_0062a638,0x0062A638,0x0062A720,232
FUN_0062a720,0x0062A720,0x0062A7C4,164
FUN_0062a7c8,0x0062A7C8,0x0062A870,168
FUN_0062a870,0x0062A870,0x0062A8C8,88
FUN_0062a8c8,0x0062A8C8,0x0062AAF4,552
FUN_0062aaf8,0x0062AAF8,0x0062AB00,8
FUN_0062ab00,0x0062AB00,0x0062AB08,8
FUN_0062ab08,0x0062AB08,0x0062AB10,8
FUN_0062ab10,0x0062AB10,0x0062ABDC,204
FUN_0062abe0,0x0062ABE0,0x0062AE10,552
FUN_0062ae10,0x0062AE10,0x0062AF40,296
FUN_0062af40,0x0062AF40,0x0062B08C,320
FUN_0062b090,0x0062B090,0x0062B168,212
FUN_0062b168,0x0062B168,0x0062B544,988
FUN_0062b548,0x0062B548,0x0062B91C,976
FUN_0062b920,0x0062B920,0x0062B948,40
FUN_0062b948,0x0062B948,0x0062BBE0,664
FUN_0062bbe0,0x0062BBE0,0x0062BC0C,44
FUN_0062bc10,0x0062BC10,0x0062BCA4,148
FUN_0062bca8,0x0062BCA8,0x0062BCB8,16
FUN_0062bcb8,0x0062BCB8,0x0062BD2C,116
FUN_0062bd30,0x0062BD30,0x0062BDF0,192
FUN_0062bdf0,0x0062BDF0,0x0062BE3C,76
FUN_0062be40,0x0062BE40,0x0062BE54,20
FUN_0062be58,0x0062BE58,0x0062BE6C,20
FUN_0062be70,0x0062BE70,0x0062BE84,20
FUN_0062be88,0x0062BE88,0x0062BE9C,20
FUN_0062bea0,0x0062BEA0,0x0062BEBC,28
FUN_0062bec0,0x0062BEC0,0x0062BED4,20
FUN_0062bed8,0x0062BED8,0x0062BF00,40
FUN_0062bf00,0x0062BF00,0x0062BF14,20
FUN_0062bf18,0x0062BF18,0x0062BF2C,20
FUN_0062bf30,0x0062BF30,0x0062BF44,20
FUN_0062bf48,0x0062BF48,0x0062BF5C,20
FUN_0062bf60,0x0062BF60,0x0062BF74,20
FUN_0062bf78,0x0062BF78,0x0062BF8C,20
FUN_0062bf90,0x0062BF90,0x0062BFA4,20
FUN_0062bfa8,0x0062BFA8,0x0062BFCC,36
FUN_0062bfd0,0x0062BFD0,0x0062BFE4,20
FUN_0062bfe8,0x0062BFE8,0x0062BFFC,20
FUN_0062c060,0x0062C060,0x0062C070,16
FUN_0062c070,0x0062C070,0x0062C164,236
FUN_0062c168,0x0062C168,0x0062C180,24
FUN_0062c180,0x0062C180,0x0062C1B8,56
FUN_0062c1b8,0x0062C1B8,0x0062C254,152
FUN_0062c258,0x0062C258,0x0062C2A8,80
FUN_0062c2a8,0x0062C2A8,0x0062C2C8,32
FUN_0062c2c8,0x0062C2C8,0x0062C36C,164
FUN_0062c370,0x0062C370,0x0062C414,164
FUN_0062c418,0x0062C418,0x0062C528,272
FUN_0062c528,0x0062C528,0x0062C608,224
FUN_0062c608,0x0062C608,0x0062C654,68
FUN_0062c658,0x0062C658,0x0062C728,208
FUN_0062c728,0x0062C728,0x0062C74C,36
FUN_0062c750,0x0062C750,0x0062C7A4,84
FUN_0062c7a8,0x0062C7A8,0x0062C7D8,48
FUN_0062c7d8,0x0062C7D8,0x0062C828,80
FUN_0062c828,0x0062C828,0x0062C898,112
FUN_0062c898,0x0062C898,0x0062C908,112
FUN_0062c908,0x0062C908,0x0062C954,76
FUN_0062c958,0x0062C958,0x0062C968,16
FUN_0062c968,0x0062C968,0x0062CAC0,344
FUN_0062cac0,0x0062CAC0,0x0062CB1C,92
FUN_0062cb20,0x0062CB20,0x0062CB68,72
FUN_0062cb68,0x0062CB68,0x0062CBA4,60
FUN_0062cba8,0x0062CBA8,0x0062CCBC,268
FUN_0062ccc0,0x0062CCC0,0x0062CD20,96
FUN_0062cd20,0x0062CD20,0x0062CE2C,264
FUN_0062ce30,0x0062CE30,0x0062CEF8,200
FUN_0062cef8,0x0062CEF8,0x0062CF9C,164
FUN_0062cfa0,0x0062CFA0,0x0062D0AC,264
FUN_0062d0b0,0x0062D0B0,0x0062D178,200
FUN_0062d178,0x0062D178,0x0062D240,200
FUN_0062d240,0x0062D240,0x0062D2F4,180
FUN_0062d2f8,0x0062D2F8,0x0062D30C,20
FUN_0062d310,0x0062D310,0x0062D324,20
FUN_0062d328,0x0062D328,0x0062D33C,20
FUN_0062d340,0x0062D340,0x0062D3B0,112
FUN_0062d3b0,0x0062D3B0,0x0062D460,176
FUN_0062d460,0x0062D460,0x0062D474,20
FUN_0062d478,0x0062D478,0x0062D4D4,88
FUN_0062d4d8,0x0062D4D8,0x0062D534,88
FUN_0062d538,0x0062D538,0x0062D5C8,144
FUN_0062d5c8,0x0062D5C8,0x0062D634,104
FUN_0062d638,0x0062D638,0x0062D664,44
FUN_0062d668,0x0062D668,0x0062D680,24
FUN_0062d680,0x0062D680,0x0062D6CC,76
FUN_0062d6d0,0x0062D6D0,0x0062D700,48
FUN_0062d700,0x0062D700,0x0062D784,128
FUN_0062d788,0x0062D788,0x0062D7FC,116
FUN_0062d800,0x0062D800,0x0062D8A8,168
FUN_0062d8a8,0x0062D8A8,0x0062D954,172
FUN_0062d958,0x0062D958,0x0062DA90,312
FUN_0062da90,0x0062DA90,0x0062DB54,196
FUN_0062db58,0x0062DB58,0x0062DBD8,128
FUN_0062dbd8,0x0062DBD8,0x0062DF50,884
FUN_0062df50,0x0062DF50,0x0062DFA0,80
FUN_0062dfa0,0x0062DFA0,0x0062E034,148
FUN_0062e038,0x0062E038,0x0062E128,240
FUN_0062e128,0x0062E128,0x0062E1E8,192
FUN_0062e1e8,0x0062E1E8,0x0062E2B4,200
FUN_0062e2b8,0x0062E2B8,0x0062E3CC,276
FUN_0062e3d0,0x0062E3D0,0x0062E4A0,208
FUN_0062e4a0,0x0062E4A0,0x0062E534,148
FUN_0062e538,0x0062E538,0x0062E57C,68
FUN_0062e580,0x0062E580,0x0062E5C4,68
FUN_0062e5c8,0x0062E5C8,0x0062E674,172
FUN_0062e678,0x0062E678,0x0062E728,176
FUN_0062e728,0x0062E728,0x0062E760,56
FUN_0062e760,0x0062E760,0x0062E7DC,120
FUN_0062e7e0,0x0062E7E0,0x0062E93C,340
FUN_0062e940,0x0062E940,0x0062E9BC,124
FUN_0062e9c0,0x0062E9C0,0x0062EA58,152
FUN_0062ea58,0x0062EA58,0x0062EA6C,20
FUN_0062ea70,0x0062EA70,0x0062EA84,20
FUN_0062ea88,0x0062EA88,0x0062EA9C,20
FUN_0062eaa0,0x0062EAA0,0x0062EAB4,20
FUN_0062eab8,0x0062EAB8,0x0062EAD0,24
FUN_0062ead0,0x0062EAD0,0x0062EAEC,28
FUN_0062eaf0,0x0062EAF0,0x0062EB08,24
FUN_0062eb08,0x0062EB08,0x0062EB20,24
FUN_0062eb20,0x0062EB20,0x0062EB38,24
FUN_0062eb38,0x0062EB38,0x0062EB4C,20
FUN_0062eb50,0x0062EB50,0x0062EB64,20
FUN_0062eb68,0x0062EB68,0x0062EB7C,20
FUN_0062eb80,0x0062EB80,0x0062EB94,20
FUN_0062eb98,0x0062EB98,0x0062EBAC,20
FUN_0062ebc8,0x0062EBC8,0x0062EBDC,20
FUN_0062ebe0,0x0062EBE0,0x0062EBF4,20
FUN_0062ebf8,0x0062EBF8,0x0062EC38,64
FUN_0062ec38,0x0062EC38,0x0062EC78,64
FUN_0062ec78,0x0062EC78,0x0062ECC4,76
FUN_0062ecc8,0x0062ECC8,0x0062ED2C,100
FUN_0062ed30,0x0062ED30,0x0062EDB0,128
FUN_0062edb0,0x0062EDB0,0x0062EDE8,56
FUN_0062ede8,0x0062EDE8,0x0062EE1C,52
FUN_0062ee20,0x0062EE20,0x0062EE6C,72
FUN_0062ee70,0x0062EE70,0x0062EEB0,60
FUN_0062eeb0,0x0062EEB0,0x0062EEC0,16
FUN_0062eec0,0x0062EEC0,0x0062EF2C,108
FUN_0062ef30,0x0062EF30,0x0062EFD0,160
FUN_0062efd0,0x0062EFD0,0x0062F278,672
FUN_0062f278,0x0062F278,0x0062F3B0,304
FUN_0062f3b0,0x0062F3B0,0x0062F3DC,44
FUN_0062f3e0,0x0062F3E0,0x0062F538,340
FUN_0062f538,0x0062F538,0x0062F63C,256
FUN_0062f640,0x0062F640,0x0062F818,472
FUN_0062f818,0x0062F818,0x0062F934,280
FUN_0062f938,0x0062F938,0x0062FA78,320
FUN_0062fa78,0x0062FA78,0x0062FB5C,228
FUN_0062fb60,0x0062FB60,0x0062FCD8,376
FUN_0062fcd8,0x0062FCD8,0x0062FDD8,256
FUN_0062fdd8,0x0062FDD8,0x0062FE80,164
FUN_0062fe80,0x0062FE80,0x0062FF0C,140
FUN_0062ff10,0x0062FF10,0x00630188,632
FUN_00630188,0x00630188,0x00630274,232
FUN_00630278,0x00630278,0x0063036C,240
FUN_00630370,0x00630370,0x006303DC,108
FUN_006303e0,0x006303E0,0x00630504,292
FUN_00630508,0x00630508,0x006305C4,188
FUN_006305c8,0x006305C8,0x00630600,56
FUN_00630600,0x00630600,0x00630638,56
FUN_00630638,0x00630638,0x00630690,88
FUN_00630690,0x00630690,0x00630938,668
FUN_00630938,0x00630938,0x00630B90,588
FUN_00630b90,0x00630B90,0x00630DF0,596
FUN_00630df0,0x00630DF0,0x00631004,528
FUN_00631008,0x00631008,0x006311E4,476
FUN_006311e8,0x006311E8,0x00631384,412
FUN_00631388,0x00631388,0x00631390,8
FUN_00631390,0x00631390,0x006313D8,72
FUN_006313d8,0x006313D8,0x00631460,136
FUN_00631460,0x00631460,0x006314BC,88
FUN_006314c0,0x006314C0,0x00631508,68
FUN_00631508,0x00631508,0x00631670,352
FUN_00631670,0x00631670,0x00631748,216
FUN_00631748,0x00631748,0x00631848,252
FUN_00631848,0x00631848,0x00631B0C,704
FUN_00631b10,0x00631B10,0x00631B5C,72
FUN_00631b60,0x00631B60,0x00631BC0,92
FUN_00631bc0,0x00631BC0,0x00631D14,336
FUN_00631d18,0x00631D18,0x00631E58,312
FUN_00631e58,0x00631E58,0x00631E6C,20
FUN_00631e70,0x00631E70,0x00631E84,20
FUN_00631e88,0x00631E88,0x00631E9C,20
FUN_00631ea0,0x00631EA0,0x00631ED0,48
FUN_00631ed0,0x00631ED0,0x00631F08,56
FUN_00631f08,0x00631F08,0x00631F30,40
FUN_00631f30,0x00631F30,0x00631F7C,76
FUN_00631f80,0x00631F80,0x00631FD4,80
FUN_00631fd8,0x00631FD8,0x006320A4,204
FUN_006320a8,0x006320A8,0x00632140,148
FUN_00632140,0x00632140,0x006321B4,116
FUN_006321b8,0x006321B8,0x006322C4,268
FUN_006322c8,0x006322C8,0x0063233C,112
FUN_00632340,0x00632340,0x006323B0,108
FUN_006323b0,0x006323B0,0x00632408,88
FUN_00632408,0x00632408,0x00632498,140
FUN_00632498,0x00632498,0x00632508,112
FUN_00632508,0x00632508,0x00632558,80
FUN_00632558,0x00632558,0x00632570,24
FUN_00632570,0x00632570,0x006325B8,72
FUN_006325b8,0x006325B8,0x0063260C,84
FUN_00632610,0x00632610,0x00632620,16
FUN_00632620,0x00632620,0x00632778,344
FUN_00632778,0x00632778,0x00632830,184
FUN_00632830,0x00632830,0x006328E0,176
FUN_006328e0,0x006328E0,0x00632958,120
FUN_00632958,0x00632958,0x006329E4,140
FUN_006329e8,0x006329E8,0x00632A88,156
FUN_00632a88,0x00632A88,0x00632B14,140
FUN_00632b18,0x00632B18,0x00632B90,120
FUN_00632b90,0x00632B90,0x00632C30,156
FUN_00632c30,0x00632C30,0x00632CA8,120
FUN_00632ca8,0x00632CA8,0x00632D34,140
FUN_00632d38,0x00632D38,0x00632E04,204
FUN_00632e08,0x00632E08,0x00632EF4,236
FUN_00632ef8,0x00632EF8,0x00632FA4,172
FUN_00632fa8,0x00632FA8,0x00633074,204
FUN_00633078,0x00633078,0x00633104,140
FUN_00633108,0x00633108,0x00633194,140
FUN_00633198,0x00633198,0x00633238,156
FUN_00633238,0x00633238,0x006332D8,156
FUN_006332d8,0x006332D8,0x00633378,156
FUN_00633378,0x00633378,0x00633418,156
FUN_00633418,0x00633418,0x006334B8,156
FUN_006334b8,0x006334B8,0x00633558,156
FUN_00633558,0x00633558,0x006335E4,140
FUN_006335e8,0x006335E8,0x00633674,140
FUN_00633678,0x00633678,0x006336F0,120
FUN_006336f0,0x006336F0,0x00633790,156
FUN_00633790,0x00633790,0x00633918,388
FUN_00633918,0x00633918,0x0063395C,68
FUN_00633960,0x00633960,0x00633A08,168
FUN_00633a08,0x00633A08,0x00633E74,1128
FUN_00633e78,0x00633E78,0x00633FD8,352
FUN_00633fd8,0x00633FD8,0x00634074,156
FUN_00634078,0x00634078,0x00634098,32
FUN_00634098,0x00634098,0x00634170,216
FUN_00634170,0x00634170,0x00634270,256
FUN_00634270,0x00634270,0x00634278,8
FUN_00634278,0x00634278,0x00634324,172
FUN_00634328,0x00634328,0x00634504,476
FUN_00634508,0x00634508,0x0063454C,68
FUN_00634550,0x00634550,0x00634594,68
FUN_00634598,0x00634598,0x006345E8,80
FUN_006345e8,0x006345E8,0x0063465C,116
FUN_00634660,0x00634660,0x00634704,160
FUN_00634708,0x00634708,0x006347C4,188
FUN_006347c8,0x006347C8,0x00634850,136
FUN_00634850,0x00634850,0x006348DC,136
FUN_006348e0,0x006348E0,0x00634954,116
FUN_00634958,0x00634958,0x00634970,24
FUN_00634970,0x00634970,0x006349A8,56
FUN_006349a8,0x006349A8,0x00634A04,92
FUN_00634a08,0x00634A08,0x00634AD4,204
FUN_00634ad8,0x00634AD8,0x00634C48,368
FUN_00634c48,0x00634C48,0x00634DD8,400
FUN_00634dd8,0x00634DD8,0x00635074,668
FUN_00635078,0x00635078,0x0063514C,212
FUN_00635150,0x00635150,0x00635224,212
FUN_00635228,0x00635228,0x0063558C,864
FUN_00635590,0x00635590,0x00635704,372
FUN_00635708,0x00635708,0x006357A8,160
FUN_006357a8,0x006357A8,0x006357F4,76
FUN_006357f8,0x006357F8,0x00635848,80
FUN_00635848,0x00635848,0x00635898,80
FUN_00635898,0x00635898,0x006358C0,40
FUN_006358c0,0x006358C0,0x00635940,124
FUN_00635940,0x00635940,0x00635A70,304
FUN_00635a70,0x00635A70,0x00635CCC,600
FUN_00635cd0,0x00635CD0,0x00635CF0,32
FUN_00635cf0,0x00635CF0,0x00635D0C,28
FUN_00635d10,0x00635D10,0x00635D94,132
FUN_00635d98,0x00635D98,0x00635E5C,196
FUN_00635e60,0x00635E60,0x00636040,480
FUN_00636040,0x00636040,0x00636208,452
FUN_00636208,0x00636208,0x006362F0,232
FUN_006362f0,0x006362F0,0x006364BC,452
FUN_006364c0,0x006364C0,0x00636850,868
FUN_00636850,0x00636850,0x00636B30,724
FUN_00636b30,0x00636B30,0x00636D58,548
FUN_00636d58,0x00636D58,0x00636E64,260
FUN_00636e68,0x00636E68,0x0063704C,472
FUN_00637050,0x00637050,0x00637150,252
FUN_00637150,0x00637150,0x00637230,220
FUN_00637230,0x00637230,0x00637318,232
FUN_00637318,0x00637318,0x00637434,280
FUN_00637438,0x00637438,0x0063750C,212
FUN_00637510,0x00637510,0x00637900,976
FUN_00637900,0x00637900,0x006379B0,176
FUN_006379b0,0x006379B0,0x00637A40,144
FUN_00637a40,0x00637A40,0x00637AD0,140
FUN_00637ad0,0x00637AD0,0x00637BBC,236
FUN_00637bc0,0x00637BC0,0x00637D4C,396
FUN_00637d50,0x00637D50,0x00637F68,536
FUN_00637f68,0x00637F68,0x00638020,184
FUN_00638020,0x00638020,0x00638044,36
FUN_00638048,0x00638048,0x006380B0,104
FUN_006380b0,0x006380B0,0x006380BC,12
FUN_006380c0,0x006380C0,0x00638174,152
FUN_00638178,0x00638178,0x00638204,124
FUN_00638208,0x00638208,0x00638294,140
FUN_00638298,0x00638298,0x00638500,612
FUN_00638500,0x00638500,0x006385F0,240
FUN_006385f0,0x006385F0,0x006386F8,264
FUN_006386f8,0x006386F8,0x0063873C,68
FUN_00638740,0x00638740,0x00638794,84
FUN_00638798,0x00638798,0x006387DC,68
FUN_006387e0,0x006387E0,0x00638828,72
FUN_00638828,0x00638828,0x006388C8,160
FUN_006388c8,0x006388C8,0x006388E4,28
FUN_006388e8,0x006388E8,0x0063890C,36
FUN_00638910,0x00638910,0x00638970,96
FUN_00638970,0x00638970,0x00638994,36
FUN_00638998,0x00638998,0x006389D0,56
FUN_006389d0,0x006389D0,0x00638A68,152
FUN_00638a68,0x00638A68,0x00638AA0,56
FUN_00638aa0,0x00638AA0,0x00638B00,96
FUN_00638b00,0x00638B00,0x00638D40,576
FUN_00638d40,0x00638D40,0x00638DA4,100
FUN_00638da8,0x00638DA8,0x00638F20,376
FUN_00638f20,0x00638F20,0x00638FA4,132
FUN_00638fa8,0x00638FA8,0x00639038,144
FUN_00639038,0x00639038,0x006390F0,180
FUN_006390f0,0x006390F0,0x00639138,72
FUN_00639138,0x00639138,0x00639180,72
FUN_00639180,0x00639180,0x00639228,168
FUN_00639228,0x00639228,0x006392F4,204
FUN_006392f8,0x006392F8,0x0063939C,164
FUN_006393a0,0x006393A0,0x006393BC,28
FUN_006393c0,0x006393C0,0x006393DC,28
FUN_006393e0,0x006393E0,0x00639438,88
FUN_00639438,0x00639438,0x00639464,44
FUN_00639468,0x00639468,0x00639494,44
FUN_00639498,0x00639498,0x006394FC,100
FUN_00639500,0x00639500,0x0063952C,44
FUN_00639530,0x00639530,0x00639568,56
FUN_00639568,0x00639568,0x00639590,40
FUN_00639590,0x00639590,0x006395B8,40
FUN_006395b8,0x006395B8,0x00639804,584
FUN_00639808,0x00639808,0x00639870,104
FUN_00639870,0x00639870,0x006398C0,80
FUN_006398c0,0x006398C0,0x0063993C,116
FUN_00639940,0x00639940,0x00639A30,236
FUN_00639a30,0x00639A30,0x00639A90,96
FUN_00639a90,0x00639A90,0x00639B04,116
FUN_00639b08,0x00639B08,0x00639D70,616
FUN_00639d70,0x00639D70,0x00639F84,532
FUN_00639f88,0x00639F88,0x00639FB8,48
FUN_00639fb8,0x00639FB8,0x0063A038,128
FUN_0063a038,0x0063A038,0x0063A250,536
FUN_0063a250,0x0063A250,0x0063A4A0,592
FUN_0063a4a0,0x0063A4A0,0x0063A590,240
FUN_0063a590,0x0063A590,0x0063A5C0,48
FUN_0063a5c0,0x0063A5C0,0x0063A618,88
FUN_0063a618,0x0063A618,0x0063A760,328
FUN_0063a760,0x0063A760,0x0063A838,216
FUN_0063a838,0x0063A838,0x0063A870,56
FUN_0063a870,0x0063A870,0x0063A898,40
FUN_0063a898,0x0063A898,0x0063A8BC,36
FUN_0063a8c0,0x0063A8C0,0x0063A9A4,224
FUN_0063a9a8,0x0063A9A8,0x0063AA38,144
FUN_0063aa38,0x0063AA38,0x0063AAC0,132
FUN_0063aac0,0x0063AAC0,0x0063AC98,460
FUN_0063ac98,0x0063AC98,0x0063ACA0,8
FUN_0063aca0,0x0063ACA0,0x0063B044,908
FUN_0063b048,0x0063B048,0x0063B0B8,108
FUN_0063b0b8,0x0063B0B8,0x0063B290,460
FUN_0063b290,0x0063B290,0x0063B2AC,28
FUN_0063b2b0,0x0063B2B0,0x0063B2CC,28
FUN_0063b2d0,0x0063B2D0,0x0063B2EC,28
FUN_0063b2f0,0x0063B2F0,0x0063B410,288
FUN_0063b410,0x0063B410,0x0063B480,112
FUN_0063b480,0x0063B480,0x0063B520,160
FUN_0063b520,0x0063B520,0x0063B5CC,172
FUN_0063b5d0,0x0063B5D0,0x0063B704,308
FUN_0063b708,0x0063B708,0x0063B9A0,652
FUN_0063b9a0,0x0063B9A0,0x0063BED0,1316
FUN_0063bed0,0x0063BED0,0x0063C078,420
FUN_0063c078,0x0063C078,0x0063C138,188
FUN_0063c138,0x0063C138,0x0063C170,56
FUN_0063c170,0x0063C170,0x0063C324,428
FUN_0063c328,0x0063C328,0x0063C3D0,168
FUN_0063c3d0,0x0063C3D0,0x0063C4F0,288
FUN_0063c4f0,0x0063C4F0,0x0063C700,524
FUN_0063c700,0x0063C700,0x0063C810,268
FUN_0063c810,0x0063C810,0x0063C8A0,144
FUN_0063c8a0,0x0063C8A0,0x0063C94C,172
FUN_0063c950,0x0063C950,0x0063CB44,496
FUN_0063cb48,0x0063CB48,0x0063CBD0,136
FUN_0063cbd0,0x0063CBD0,0x0063CC60,144
FUN_0063cc60,0x0063CC60,0x0063CD18,184
FUN_0063cd18,0x0063CD18,0x0063CD9C,132
FUN_0063cda0,0x0063CDA0,0x0063CE38,152
FUN_0063ce38,0x0063CE38,0x0063CF20,232
FUN_0063cf20,0x0063CF20,0x0063CF34,20
FUN_0063cf38,0x0063CF38,0x0063CF80,72
FUN_0063cf80,0x0063CF80,0x0063CFC8,72
FUN_0063cfc8,0x0063CFC8,0x0063CFDC,20
FUN_0063cfe0,0x0063CFE0,0x0063CFF4,20
FUN_0063cff8,0x0063CFF8,0x0063D00C,20
FUN_0063d010,0x0063D010,0x0063D05C,76
FUN_0063d060,0x0063D060,0x0063D0AC,76
FUN_0063d0b0,0x0063D0B0,0x0063D0FC,76
FUN_0063d100,0x0063D100,0x0063D15C,88
FUN_0063d160,0x0063D160,0x0063D1B0,80
FUN_0063d1b0,0x0063D1B0,0x0063D284,208
FUN_0063d288,0x0063D288,0x0063D2D4,76
FUN_0063d2d8,0x0063D2D8,0x0063D344,108
FUN_0063d348,0x0063D348,0x0063D38C,68
FUN_0063d390,0x0063D390,0x0063D3E8,88
FUN_0063d3e8,0x0063D3E8,0x0063D444,92
FUN_0063d448,0x0063D448,0x0063D45C,20
FUN_0063d460,0x0063D460,0x0063D4C8,104
FUN_0063d4c8,0x0063D4C8,0x0063D4DC,20
FUN_0063d4e0,0x0063D4E0,0x0063D538,84
FUN_0063d538,0x0063D538,0x0063D644,264
FUN_0063d648,0x0063D648,0x0063D774,300
FUN_0063d778,0x0063D778,0x0063D8E8,364
FUN_0063d8e8,0x0063D8E8,0x0063DAC4,476
FUN_0063dac8,0x0063DAC8,0x0063DADC,20
FUN_0063daf8,0x0063DAF8,0x0063DB08,16
FUN_0063db08,0x0063DB08,0x0063DB64,92
FUN_0063db68,0x0063DB68,0x0063DC78,272
FUN_0063dc78,0x0063DC78,0x0063DC90,24
FUN_0063dc90,0x0063DC90,0x0063DCE4,84
FUN_0063dce8,0x0063DCE8,0x0063DD08,32
FUN_0063dd08,0x0063DD08,0x0063DD18,16
FUN_0063dd18,0x0063DD18,0x0063DE9C,384
FUN_0063dea0,0x0063DEA0,0x0063DF8C,236
FUN_0063df90,0x0063DF90,0x0063E02C,148
FUN_0063e030,0x0063E030,0x0063E048,24
FUN_0063e048,0x0063E048,0x0063E0F0,168
FUN_0063e0f0,0x0063E0F0,0x0063E22C,312
FUN_0063e230,0x0063E230,0x0063E38C,344
FUN_0063e390,0x0063E390,0x0063E438,160
FUN_0063e438,0x0063E438,0x0063E4A0,100
FUN_0063e4a0,0x0063E4A0,0x0063E5BC,284
FUN_0063e5c0,0x0063E5C0,0x0063E5E8,40
FUN_0063e5e8,0x0063E5E8,0x0063E830,576
FUN_0063e830,0x0063E830,0x0063E8E8,184
FUN_0063e8e8,0x0063E8E8,0x0063E924,60
FUN_0063e928,0x0063E928,0x0063EB9C,624
FUN_0063eba0,0x0063EBA0,0x0063ECC8,296
FUN_0063ecc8,0x0063ECC8,0x0063EF38,620
FUN_0063ef38,0x0063EF38,0x0063F144,520
FUN_0063f148,0x0063F148,0x0063F168,32
FUN_0063f168,0x0063F168,0x0063F26C,260
FUN_0063f270,0x0063F270,0x0063F2D8,104
FUN_0063f2d8,0x0063F2D8,0x0063F3A8,208
FUN_0063f3a8,0x0063F3A8,0x0063F4C4,284
FUN_0063f4c8,0x0063F4C8,0x0063F8A0,944
FUN_0063f8a0,0x0063F8A0,0x0063F944,156
FUN_0063f948,0x0063F948,0x0063FA28,220
FUN_0063fa28,0x0063FA28,0x0063FC04,456
FUN_0063fc08,0x0063FC08,0x0063FD64,344
FUN_0063fd68,0x0063FD68,0x0063FDE8,128
FUN_0063fde8,0x0063FDE8,0x0063FE44,92
FUN_0063fe48,0x0063FE48,0x0063FEA4,92
FUN_0063fea8,0x0063FEA8,0x0063FF04,92
FUN_0063ff08,0x0063FF08,0x0063FF98,144
FUN_0063ff98,0x0063FF98,0x0064000C,116
FUN_00640010,0x00640010,0x006400A4,148
FUN_006400a8,0x006400A8,0x00640408,852
FUN_00640408,0x00640408,0x006404D8,208
FUN_006404d8,0x006404D8,0x0064093C,1092
FUN_00640940,0x00640940,0x00640B70,548
FUN_00640b70,0x00640B70,0x00640D38,452
FUN_00640d38,0x00640D38,0x00640EA0,356
FUN_00640ea0,0x00640EA0,0x006410DC,572
FUN_006410e0,0x006410E0,0x006411C8,232
FUN_006411c8,0x006411C8,0x00641230,104
FUN_00641230,0x00641230,0x00641304,212
FUN_00641308,0x00641308,0x0064148C,380
FUN_00641490,0x00641490,0x00641744,684
FUN_00641748,0x00641748,0x0064189C,336
FUN_006418a0,0x006418A0,0x006419E4,320
FUN_006419e8,0x006419E8,0x00641A70,136
FUN_00641a70,0x00641A70,0x00641B08,152
FUN_00641b08,0x00641B08,0x00641B9C,148
FUN_00641ba0,0x00641BA0,0x00641D4C,416
FUN_00641d50,0x00641D50,0x00641E2C,220
FUN_00641e30,0x00641E30,0x006420E4,684
FUN_006420e8,0x006420E8,0x00642200,280
FUN_00642200,0x00642200,0x00642330,300
FUN_00642330,0x00642330,0x00642340,16
FUN_00642340,0x00642340,0x006423E0,156
FUN_006423e0,0x006423E0,0x00642414,52
FUN_00642418,0x00642418,0x00642460,72
FUN_00642460,0x00642460,0x00642560,256
FUN_00642560,0x00642560,0x006425C8,104
FUN_006425c8,0x006425C8,0x006425F0,40
FUN_006425f0,0x006425F0,0x00642644,80
FUN_00642648,0x00642648,0x006426AC,96
FUN_006426b0,0x006426B0,0x006426B8,8
FUN_006426b8,0x006426B8,0x006426E8,48
FUN_006426e8,0x006426E8,0x00642768,128
FUN_00642768,0x00642768,0x00642964,504
FUN_00642968,0x00642968,0x006429E8,128
FUN_006429e8,0x006429E8,0x00642A0C,36
FUN_00642a10,0x00642A10,0x00642A58,72
FUN_00642a58,0x00642A58,0x00642BF4,404
FUN_00642bf8,0x00642BF8,0x00642C48,80
FUN_00642c48,0x00642C48,0x00642DA4,344
FUN_00642da8,0x00642DA8,0x00642E70,200
FUN_00642e70,0x00642E70,0x00643014,420
FUN_00643018,0x00643018,0x00643140,292
FUN_00643140,0x00643140,0x00643168,40
FUN_00643168,0x00643168,0x00643220,184
FUN_00643220,0x00643220,0x006432C4,164
FUN_006432c8,0x006432C8,0x006433D4,268
FUN_006433d8,0x006433D8,0x00643530,344
FUN_00643530,0x00643530,0x006435B8,136
FUN_006435b8,0x006435B8,0x00643650,152
FUN_00643650,0x00643650,0x0064372C,216
FUN_00643730,0x00643730,0x00643790,96
FUN_00643790,0x00643790,0x006437DC,76
FUN_006437e0,0x006437E0,0x00643878,152
FUN_00643878,0x00643878,0x006438FC,132
FUN_00643900,0x00643900,0x00643E44,1336
FUN_00643e48,0x00643E48,0x00643EEC,164
FUN_00643ef0,0x00643EF0,0x0064405C,364
FUN_00644060,0x00644060,0x006440FC,156
FUN_00644100,0x00644100,0x00644258,340
FUN_00644258,0x00644258,0x00644304,172
FUN_00644308,0x00644308,0x0064438C,132
FUN_00644390,0x00644390,0x006443D4,68
FUN_006443d8,0x006443D8,0x0064447C,164
FUN_00644480,0x00644480,0x00644540,192
FUN_00644540,0x00644540,0x00644588,72
FUN_00644588,0x00644588,0x0064460C,132
FUN_00644610,0x00644610,0x00644694,132
FUN_00644698,0x00644698,0x006447BC,292
FUN_006447c0,0x006447C0,0x006448A0,224
FUN_006448a0,0x006448A0,0x006449BC,284
FUN_006449c0,0x006449C0,0x006449EC,44
FUN_006449f0,0x006449F0,0x006449FC,12
FUN_00644a00,0x00644A00,0x00644A0C,12
FUN_00644a10,0x00644A10,0x00644A1C,12
FUN_00644a20,0x00644A20,0x00644A2C,12
FUN_00644a30,0x00644A30,0x00644A3C,12
FUN_00644a40,0x00644A40,0x00644A48,8
FUN_00644a48,0x00644A48,0x00644A54,12
FUN_00644a58,0x00644A58,0x00644AE4,124
FUN_00644ae8,0x00644AE8,0x00644B20,52
FUN_00644b20,0x00644B20,0x00644BCC,168
FUN_00644bd0,0x00644BD0,0x00644C8C,188
FUN_00644c90,0x00644C90,0x00644D20,140
FUN_00644d20,0x00644D20,0x00644DDC,184
FUN_00644de0,0x00644DE0,0x00644E9C,188
FUN_00644ea0,0x00644EA0,0x00644F68,200
FUN_00644f68,0x00644F68,0x00645018,176
FUN_00645018,0x00645018,0x006450AC,148
FUN_006450b0,0x006450B0,0x006451E0,304
FUN_006451e0,0x006451E0,0x006451EC,12
FUN_006451f0,0x006451F0,0x00645268,120
FUN_00645268,0x00645268,0x0064528C,36
FUN_00645290,0x00645290,0x00645380,240
FUN_00645380,0x00645380,0x00645524,400
FUN_00645528,0x00645528,0x006456C0,400
FUN_006456c0,0x006456C0,0x006456C8,8
FUN_006456c8,0x006456C8,0x006456D0,8
FUN_006456d0,0x006456D0,0x006456D8,8
FUN_006456d8,0x006456D8,0x006456E0,8
FUN_006456e0,0x006456E0,0x006456F8,24
FUN_006456f8,0x006456F8,0x00645700,8
FUN_00645700,0x00645700,0x00645708,8
FUN_00645708,0x00645708,0x00645710,8
FUN_00645710,0x00645710,0x006457B8,168
FUN_006457b8,0x006457B8,0x00645854,156
FUN_00645858,0x00645858,0x00645900,168
FUN_00645900,0x00645900,0x0064599C,156
FUN_006459a0,0x006459A0,0x00645A48,168
FUN_00645a48,0x00645A48,0x00645AF0,168
FUN_00645af0,0x00645AF0,0x00645B8C,156
FUN_00645b90,0x00645B90,0x00645C38,168
FUN_00645c38,0x00645C38,0x00645CD4,156
FUN_00645cd8,0x00645CD8,0x00645D74,156
FUN_00645d78,0x00645D78,0x00645E20,168
FUN_00645e20,0x00645E20,0x00645EBC,156
FUN_00645ec0,0x00645EC0,0x00645F5C,156
FUN_00645f60,0x00645F60,0x00646008,168
FUN_00646008,0x00646008,0x006460B0,168
FUN_006460b0,0x006460B0,0x0064614C,156
FUN_00646150,0x00646150,0x006461F8,168
FUN_006461f8,0x006461F8,0x006462A0,168
FUN_006462a0,0x006462A0,0x0064633C,156
FUN_00646340,0x00646340,0x006463DC,156
FUN_006463e0,0x006463E0,0x0064647C,156
FUN_00646480,0x00646480,0x0064651C,156
FUN_00646520,0x00646520,0x006465BC,156
FUN_006465c0,0x006465C0,0x0064665C,156
FUN_00646660,0x00646660,0x00646708,168
FUN_00646708,0x00646708,0x006467A4,156
FUN_006467a8,0x006467A8,0x00646838,144
FUN_00646838,0x00646838,0x006468C8,144
FUN_006468c8,0x006468C8,0x00646958,144
FUN_00646958,0x00646958,0x00646A00,168
FUN_00646a00,0x00646A00,0x00646A74,116
FUN_00646a78,0x00646A78,0x00646AB4,60
FUN_00646ab8,0x00646AB8,0x00646AC4,12
FUN_00646ac8,0x00646AC8,0x00646AD4,12
FUN_00646ad8,0x00646AD8,0x00646BAC,212
FUN_00646bb0,0x00646BB0,0x00646C1C,108
FUN_00646c20,0x00646C20,0x00646C78,84
FUN_00646c78,0x00646C78,0x00646E2C,428
FUN_00646e30,0x00646E30,0x00646E40,16
FUN_00646e40,0x00646E40,0x00646FEC,420
FUN_00646ff0,0x00646FF0,0x00647104,268
FUN_00647108,0x00647108,0x00647154,76
FUN_00647158,0x00647158,0x00647164,12
FUN_00647168,0x00647168,0x00647174,12
FUN_00647178,0x00647178,0x00647184,12
FUN_00647188,0x00647188,0x006471C4,60
FUN_006471c8,0x006471C8,0x006471D4,12
FUN_006471d8,0x006471D8,0x006471E4,12
FUN_006471e8,0x006471E8,0x00647314,288
FUN_00647318,0x00647318,0x006473F0,212
FUN_006473f0,0x006473F0,0x00647514,292
FUN_00647518,0x00647518,0x00647544,44
FUN_00647548,0x00647548,0x006475BC,116
FUN_006475c0,0x006475C0,0x0064761C,92
FUN_00647620,0x00647620,0x00647694,116
FUN_00647698,0x00647698,0x006476E0,72
FUN_006476e0,0x006476E0,0x006479B8,716
FUN_006479b8,0x006479B8,0x00647A1C,100
FUN_00647a20,0x00647A20,0x00647AC0,160
FUN_00647ac0,0x00647AC0,0x00647BD4,272
FUN_00647bd8,0x00647BD8,0x00647C60,136
FUN_00647c60,0x00647C60,0x00647CE8,136
FUN_00647ce8,0x00647CE8,0x00647D84,156
FUN_00647d88,0x00647D88,0x00647E34,172
FUN_00647e38,0x00647E38,0x00647EC0,136
FUN_00647ec0,0x00647EC0,0x00647F48,136
FUN_00647f48,0x00647F48,0x00647FFC,180
FUN_00648000,0x00648000,0x0064809C,156
FUN_006480a0,0x006480A0,0x0064813C,156
FUN_00648140,0x00648140,0x006481F4,180
FUN_006481f8,0x006481F8,0x006482AC,180
FUN_006482b0,0x006482B0,0x00648358,168
FUN_00648358,0x00648358,0x00648484,300
FUN_00648488,0x00648488,0x006484FC,116
FUN_00648500,0x00648500,0x006485B4,180
FUN_006485b8,0x006485B8,0x00648678,192
FUN_00648678,0x00648678,0x00648720,168
FUN_00648720,0x00648720,0x0064883C,280
FUN_00648840,0x00648840,0x006488F4,180
FUN_006488f8,0x006488F8,0x00648A04,268
FUN_00648a08,0x00648A08,0x00648AB0,168
FUN_00648ab0,0x00648AB0,0x00648B4C,156
FUN_00648b50,0x00648B50,0x00648BEC,156
FUN_00648bf0,0x00648BF0,0x00648C8C,156
FUN_00648c90,0x00648C90,0x00648D2C,156
FUN_00648d30,0x00648D30,0x00648DCC,156
FUN_00648dd0,0x00648DD0,0x00648E6C,156
FUN_00648e70,0x00648E70,0x00648F0C,156
FUN_00648f10,0x00648F10,0x00648FB8,168
FUN_00648fb8,0x00648FB8,0x00649060,168
FUN_00649060,0x00649060,0x006490F4,148
FUN_006490f8,0x006490F8,0x00649194,156
FUN_00649198,0x00649198,0x00649234,156
FUN_00649238,0x00649238,0x006492D4,156
FUN_006492d8,0x006492D8,0x00649374,156
FUN_00649378,0x00649378,0x00649400,136
FUN_00649400,0x00649400,0x0064949C,156
FUN_006494a0,0x006494A0,0x0064953C,156
FUN_00649540,0x00649540,0x006495DC,156
FUN_006495e0,0x006495E0,0x0064967C,156
FUN_00649680,0x00649680,0x006496FC,124
FUN_00649700,0x00649700,0x00649788,136
FUN_00649788,0x00649788,0x0064981C,148
FUN_00649820,0x00649820,0x006498BC,156
FUN_006498c0,0x006498C0,0x0064995C,156
FUN_00649960,0x00649960,0x006499FC,156
FUN_00649a00,0x00649A00,0x00649A9C,156
FUN_00649aa0,0x00649AA0,0x00649B3C,156
FUN_00649b40,0x00649B40,0x00649BD0,144
FUN_00649bd0,0x00649BD0,0x00649C48,120
FUN_00649c48,0x00649C48,0x00649CE4,156
FUN_00649ce8,0x00649CE8,0x00649D84,156
FUN_00649d88,0x00649D88,0x00649E24,156
FUN_00649e28,0x00649E28,0x00649EC4,156
FUN_00649ec8,0x00649EC8,0x00649F64,156
FUN_00649f68,0x00649F68,0x0064A004,156
FUN_0064a008,0x0064A008,0x0064A014,12
FUN_0064a018,0x0064A018,0x0064A0B4,156
FUN_0064a0b8,0x0064A0B8,0x0064A154,156
FUN_0064a158,0x0064A158,0x0064A1F4,156
FUN_0064a1f8,0x0064A1F8,0x0064A294,156
FUN_0064a298,0x0064A298,0x0064A600,872
FUN_0064a600,0x0064A600,0x0064A60C,12
FUN_0064a610,0x0064A610,0x0064A61C,12
FUN_0064a620,0x0064A620,0x0064A62C,12
FUN_0064a630,0x0064A630,0x0064A63C,12
FUN_0064a640,0x0064A640,0x0064A64C,12
FUN_0064a650,0x0064A650,0x0064A65C,12
FUN_0064a660,0x0064A660,0x0064A66C,12
FUN_0064a670,0x0064A670,0x0064A67C,12
FUN_0064a680,0x0064A680,0x0064A68C,12
FUN_0064a690,0x0064A690,0x0064A69C,12
FUN_0064a6a0,0x0064A6A0,0x0064A6AC,12
FUN_0064a6b0,0x0064A6B0,0x0064A6BC,12
FUN_0064a6c0,0x0064A6C0,0x0064A6CC,12
FUN_0064a6d0,0x0064A6D0,0x0064A6DC,12
FUN_0064a6e0,0x0064A6E0,0x0064A6EC,12
FUN_0064a6f0,0x0064A6F0,0x0064A6FC,12
FUN_0064a700,0x0064A700,0x0064A70C,12
FUN_0064a710,0x0064A710,0x0064A71C,12
FUN_0064a720,0x0064A720,0x0064A72C,12
FUN_0064a730,0x0064A730,0x0064A73C,12
FUN_0064a740,0x0064A740,0x0064A74C,12
FUN_0064a750,0x0064A750,0x0064A914,448
FUN_0064a918,0x0064A918,0x0064A9B4,156
FUN_0064a9b8,0x0064A9B8,0x0064AA54,156
FUN_0064aa58,0x0064AA58,0x0064AAF4,156
FUN_0064aaf8,0x0064AAF8,0x0064AB94,156
FUN_0064ab98,0x0064AB98,0x0064AC34,156
FUN_0064ac38,0x0064AC38,0x0064ACD4,156
FUN_0064acd8,0x0064ACD8,0x0064AD98,192
FUN_0064ad98,0x0064AD98,0x0064AE58,192
FUN_0064ae58,0x0064AE58,0x0064AEE8,144
FUN_0064aee8,0x0064AEE8,0x0064AF78,144
FUN_0064af78,0x0064AF78,0x0064B008,144
FUN_0064b008,0x0064B008,0x0064B098,144
FUN_0064b098,0x0064B098,0x0064B128,144
FUN_0064b128,0x0064B128,0x0064B1B8,144
FUN_0064b1b8,0x0064B1B8,0x0064B248,144
FUN_0064b248,0x0064B248,0x0064B2D8,144
FUN_0064b2d8,0x0064B2D8,0x0064B368,144
FUN_0064b368,0x0064B368,0x0064B3F8,144
FUN_0064b3f8,0x0064B3F8,0x0064B48C,148
FUN_0064b490,0x0064B490,0x0064B53C,172
FUN_0064b540,0x0064B540,0x0064B5D4,148
FUN_0064b5d8,0x0064B5D8,0x0064B66C,148
FUN_0064b670,0x0064B670,0x0064B704,148
FUN_0064b708,0x0064B708,0x0064B79C,148
FUN_0064b7a0,0x0064B7A0,0x0064B7C4,36
FUN_0064b7c8,0x0064B7C8,0x0064B85C,148
FUN_0064b860,0x0064B860,0x0064B884,36
FUN_0064b888,0x0064B888,0x0064B91C,148
FUN_0064b920,0x0064B920,0x0064B9B4,148
FUN_0064b9b8,0x0064B9B8,0x0064BA4C,148
FUN_0064ba50,0x0064BA50,0x0064BAE4,148
FUN_0064bae8,0x0064BAE8,0x0064BB7C,148
FUN_0064bb80,0x0064BB80,0x0064BBAC,44
FUN_0064bbb0,0x0064BBB0,0x0064BC44,148
FUN_0064bc48,0x0064BC48,0x0064BC78,48
FUN_0064bc78,0x0064BC78,0x0064BCA4,44
FUN_0064bca8,0x0064BCA8,0x0064BCC8,32
FUN_0064bcb0,0x0064BCB0,0x0064BCC8,24
FUN_0064bcb8,0x0064BCB8,0x0064BCC8,16
FUN_0064bcc0,0x0064BCC0,0x0064BCC8,8
FUN_0064bcc8,0x0064BCC8,0x0064BD4C,132
FUN_0064bd50,0x0064BD50,0x0064BD58,8
FUN_0064bd58,0x0064BD58,0x0064BD9C,68
FUN_0064bda0,0x0064BDA0,0x0064BDB8,24
FUN_0064bda8,0x0064BDA8,0x0064BDB8,16
FUN_0064bdb0,0x0064BDB0,0x0064BDB8,8
FUN_0064bdb8,0x0064BDB8,0x0064BE34,124
FUN_0064be38,0x0064BE38,0x0064BE40,8
FUN_0064be40,0x0064BE40,0x0064BE6C,44
FUN_0064be70,0x0064BE70,0x0064BE78,8
FUN_0064be78,0x0064BE78,0x0064BEA4,44
FUN_0064bea8,0x0064BEA8,0x0064BEB0,8
FUN_0064beb0,0x0064BEB0,0x0064BEDC,44
FUN_0064bee0,0x0064BEE0,0x0064BEE8,8
FUN_0064bee8,0x0064BEE8,0x0064BF14,44
FUN_0064bf18,0x0064BF18,0x0064BF20,8
FUN_0064bf20,0x0064BF20,0x0064BF4C,44
FUN_0064bf50,0x0064BF50,0x0064BF58,8
FUN_0064bf58,0x0064BF58,0x0064BF84,44
FUN_0064bf88,0x0064BF88,0x0064BF90,8
FUN_0064bf90,0x0064BF90,0x0064BFBC,44
FUN_0064bfc0,0x0064BFC0,0x0064BFD0,16
FUN_0064bfc8,0x0064BFC8,0x0064BFD0,8
FUN_0064bfd0,0x0064BFD0,0x0064BFFC,44
FUN_0064c000,0x0064C000,0x0064C008,8
FUN_0064c008,0x0064C008,0x0064C034,44
FUN_0064c038,0x0064C038,0x0064C048,16
FUN_0064c040,0x0064C040,0x0064C048,8
FUN_0064c048,0x0064C048,0x0064C074,44
FUN_0064c078,0x0064C078,0x0064C088,16
FUN_0064c080,0x0064C080,0x0064C088,8
FUN_0064c088,0x0064C088,0x0064C0B4,44
FUN_0064c0b8,0x0064C0B8,0x0064C0C0,8
FUN_0064c0c0,0x0064C0C0,0x0064C0EC,44
FUN_0064c0f0,0x0064C0F0,0x0064C108,24
FUN_0064c0f8,0x0064C0F8,0x0064C108,16
FUN_0064c100,0x0064C100,0x0064C108,8
FUN_0064c108,0x0064C108,0x0064C134,44
FUN_0064c138,0x0064C138,0x0064C140,8
FUN_0064c140,0x0064C140,0x0064C16C,44
FUN_0064c170,0x0064C170,0x0064C178,8
FUN_0064c178,0x0064C178,0x0064C1A4,44
FUN_0064c1a8,0x0064C1A8,0x0064C1B0,8
FUN_0064c1b0,0x0064C1B0,0x0064C1DC,44
FUN_0064c1e0,0x0064C1E0,0x0064C1E8,8
FUN_0064c1e8,0x0064C1E8,0x0064C214,44
FUN_0064c218,0x0064C218,0x0064C220,8
FUN_0064c220,0x0064C220,0x0064C24C,44
FUN_0064c250,0x0064C250,0x0064C258,8
FUN_0064c258,0x0064C258,0x0064C284,44
FUN_0064c288,0x0064C288,0x0064C290,8
FUN_0064c290,0x0064C290,0x0064C2BC,44
FUN_0064c2c0,0x0064C2C0,0x0064C2C8,8
FUN_0064c2c8,0x0064C2C8,0x0064C2F4,44
FUN_0064c2f8,0x0064C2F8,0x0064C308,16
FUN_0064c308,0x0064C308,0x0064C310,8
FUN_0064c310,0x0064C310,0x0064C33C,44
FUN_0064c340,0x0064C340,0x0064C348,8
FUN_0064c348,0x0064C348,0x0064C374,44
FUN_0064c378,0x0064C378,0x0064C380,8
FUN_0064c380,0x0064C380,0x0064C3AC,44
FUN_0064c3b0,0x0064C3B0,0x0064C3B8,8
FUN_0064c3b8,0x0064C3B8,0x0064C3E4,44
FUN_0064c3e8,0x0064C3E8,0x0064C3F8,16
FUN_0064c3f0,0x0064C3F0,0x0064C3F8,8
FUN_0064c3f8,0x0064C3F8,0x0064C424,44
FUN_0064c428,0x0064C428,0x0064C454,44
FUN_0064c458,0x0064C458,0x0064C478,32
FUN_0064c460,0x0064C460,0x0064C478,24
FUN_0064c468,0x0064C468,0x0064C478,16
FUN_0064c470,0x0064C470,0x0064C478,8
FUN_0064c478,0x0064C478,0x0064C4A4,44
FUN_0064c4a8,0x0064C4A8,0x0064C4B0,8
FUN_0064c4b0,0x0064C4B0,0x0064C4DC,44
FUN_0064c4e0,0x0064C4E0,0x0064C4E8,8
FUN_0064c4e8,0x0064C4E8,0x0064C514,44
FUN_0064c518,0x0064C518,0x0064C520,8
FUN_0064c520,0x0064C520,0x0064C54C,44
FUN_0064c550,0x0064C550,0x0064C568,24
FUN_0064c558,0x0064C558,0x0064C568,16
FUN_0064c560,0x0064C560,0x0064C568,8
FUN_0064c568,0x0064C568,0x0064C594,44
FUN_0064c598,0x0064C598,0x0064C5A0,8
FUN_0064c5a0,0x0064C5A0,0x0064C5CC,44
FUN_0064c5d0,0x0064C5D0,0x0064C5D8,8
FUN_0064c5d8,0x0064C5D8,0x0064C604,44
FUN_0064c608,0x0064C608,0x0064C610,8
FUN_0064c610,0x0064C610,0x0064C63C,44
FUN_0064c640,0x0064C640,0x0064C648,8
FUN_0064c648,0x0064C648,0x0064C674,44
FUN_0064c678,0x0064C678,0x0064C680,8
FUN_0064c680,0x0064C680,0x0064C6AC,44
FUN_0064c6b0,0x0064C6B0,0x0064C6B8,8
FUN_0064c6b8,0x0064C6B8,0x0064C6E4,44
FUN_0064c6e8,0x0064C6E8,0x0064C6F0,8
FUN_0064c6f0,0x0064C6F0,0x0064C71C,44
FUN_0064c720,0x0064C720,0x0064C728,8
FUN_0064c728,0x0064C728,0x0064C754,44
FUN_0064c758,0x0064C758,0x0064C760,8
FUN_0064c760,0x0064C760,0x0064C78C,44
FUN_0064c790,0x0064C790,0x0064C798,8
FUN_0064c798,0x0064C798,0x0064C7C4,44
FUN_0064c7c8,0x0064C7C8,0x0064C7D0,8
FUN_0064c7d0,0x0064C7D0,0x0064C7FC,44
FUN_0064c800,0x0064C800,0x0064C808,8
FUN_0064c808,0x0064C808,0x0064C834,44
FUN_0064c838,0x0064C838,0x0064C840,8
FUN_0064c840,0x0064C840,0x0064C86C,44
FUN_0064c870,0x0064C870,0x0064C878,8
FUN_0064c878,0x0064C878,0x0064C8A4,44
FUN_0064c8a8,0x0064C8A8,0x0064C8B0,8
FUN_0064c8b0,0x0064C8B0,0x0064C8DC,44
FUN_0064c8e0,0x0064C8E0,0x0064C8E8,8
FUN_0064c8e8,0x0064C8E8,0x0064C914,44
FUN_0064c918,0x0064C918,0x0064C920,8
FUN_0064c920,0x0064C920,0x0064C94C,44
FUN_0064c950,0x0064C950,0x0064C958,8
FUN_0064c958,0x0064C958,0x0064C984,44
FUN_0064c988,0x0064C988,0x0064C990,8
FUN_0064c990,0x0064C990,0x0064C9BC,44
FUN_0064c9c0,0x0064C9C0,0x0064C9C8,8
FUN_0064c9c8,0x0064C9C8,0x0064C9F4,44
FUN_0064c9f8,0x0064C9F8,0x0064CA00,8
FUN_0064ca00,0x0064CA00,0x0064CA2C,44
FUN_0064ca30,0x0064CA30,0x0064CA38,8
FUN_0064ca38,0x0064CA38,0x0064CA64,44
FUN_0064ca68,0x0064CA68,0x0064CA70,8
FUN_0064ca70,0x0064CA70,0x0064CA9C,44
FUN_0064caa0,0x0064CAA0,0x0064CAA8,8
FUN_0064caa8,0x0064CAA8,0x0064CAD4,44
FUN_0064cad8,0x0064CAD8,0x0064CAE0,8
FUN_0064cae0,0x0064CAE0,0x0064CB0C,44
FUN_0064cb10,0x0064CB10,0x0064CB18,8
FUN_0064cb18,0x0064CB18,0x0064CB44,44
FUN_0064cb48,0x0064CB48,0x0064CB50,8
FUN_0064cb50,0x0064CB50,0x0064CB7C,44
FUN_0064cb80,0x0064CB80,0x0064CB88,8
FUN_0064cb88,0x0064CB88,0x0064CBB4,44
FUN_0064cbb8,0x0064CBB8,0x0064CBC0,8
FUN_0064cbc0,0x0064CBC0,0x0064CBEC,44
FUN_0064cbf0,0x0064CBF0,0x0064CBF8,8
FUN_0064cbf8,0x0064CBF8,0x0064CC24,44
FUN_0064cc28,0x0064CC28,0x0064CC30,8
FUN_0064cc30,0x0064CC30,0x0064CC5C,44
FUN_0064cc60,0x0064CC60,0x0064CC68,8
FUN_0064cc68,0x0064CC68,0x0064CC94,44
FUN_0064cc98,0x0064CC98,0x0064CCA0,8
FUN_0064cca0,0x0064CCA0,0x0064CCCC,44
FUN_0064ccd0,0x0064CCD0,0x0064CCD8,8
FUN_0064ccd8,0x0064CCD8,0x0064CD04,44
FUN_0064cd08,0x0064CD08,0x0064CD10,8
FUN_0064cd10,0x0064CD10,0x0064CD3C,44
FUN_0064cd40,0x0064CD40,0x0064CD48,8
FUN_0064cd48,0x0064CD48,0x0064CD74,44
FUN_0064cd78,0x0064CD78,0x0064CD80,8
FUN_0064cd80,0x0064CD80,0x0064CDAC,44
FUN_0064cdb0,0x0064CDB0,0x0064CDB8,8
FUN_0064cdb8,0x0064CDB8,0x0064CDE4,44
FUN_0064cde8,0x0064CDE8,0x0064CDF0,8
FUN_0064cdf0,0x0064CDF0,0x0064CE1C,44
FUN_0064ce20,0x0064CE20,0x0064CE28,8
FUN_0064ce28,0x0064CE28,0x0064CE54,44
FUN_0064ce58,0x0064CE58,0x0064CE60,8
FUN_0064ce60,0x0064CE60,0x0064CE8C,44
FUN_0064ce90,0x0064CE90,0x0064CE98,8
FUN_0064ce98,0x0064CE98,0x0064CEC4,44
FUN_0064cec8,0x0064CEC8,0x0064CEF4,44
FUN_0064cef8,0x0064CEF8,0x0064CF00,8
FUN_0064cf00,0x0064CF00,0x0064CF2C,44
FUN_0064cf30,0x0064CF30,0x0064CF38,8
FUN_0064cf38,0x0064CF38,0x0064CF64,44
FUN_0064cf68,0x0064CF68,0x0064CF70,8
FUN_0064cf70,0x0064CF70,0x0064CF9C,44
FUN_0064cfa0,0x0064CFA0,0x0064CFA8,8
FUN_0064cfa8,0x0064CFA8,0x0064CFD4,44
FUN_0064cfd8,0x0064CFD8,0x0064CFE0,8
FUN_0064cfe0,0x0064CFE0,0x0064D00C,44
FUN_0064d010,0x0064D010,0x0064D018,8
FUN_0064d018,0x0064D018,0x0064D044,44
FUN_0064d048,0x0064D048,0x0064D050,8
FUN_0064d050,0x0064D050,0x0064D07C,44
FUN_0064d080,0x0064D080,0x0064D088,8
FUN_0064d088,0x0064D088,0x0064D0B4,44
FUN_0064d0b8,0x0064D0B8,0x0064D0C0,8
FUN_0064d0c0,0x0064D0C0,0x0064D0EC,44
FUN_0064d0f0,0x0064D0F0,0x0064D0F8,8
FUN_0064d0f8,0x0064D0F8,0x0064D124,44
FUN_0064d128,0x0064D128,0x0064D130,8
FUN_0064d130,0x0064D130,0x0064D15C,44
FUN_0064d160,0x0064D160,0x0064D168,8
FUN_0064d168,0x0064D168,0x0064D194,44
FUN_0064d198,0x0064D198,0x0064D1A0,8
FUN_0064d1a0,0x0064D1A0,0x0064D1CC,44
FUN_0064d1d0,0x0064D1D0,0x0064D1D8,8
FUN_0064d1d8,0x0064D1D8,0x0064D204,44
FUN_0064d208,0x0064D208,0x0064D210,8
FUN_0064d210,0x0064D210,0x0064D23C,44
FUN_0064d240,0x0064D240,0x0064D250,16
FUN_0064d248,0x0064D248,0x0064D250,8
FUN_0064d250,0x0064D250,0x0064D27C,44
FUN_0064d280,0x0064D280,0x0064D288,8
FUN_0064d288,0x0064D288,0x0064D2B4,44
FUN_0064d2b8,0x0064D2B8,0x0064D2C0,8
FUN_0064d2c0,0x0064D2C0,0x0064D2EC,44
FUN_0064d2f0,0x0064D2F0,0x0064D2F8,8
FUN_0064d2f8,0x0064D2F8,0x0064D324,44
FUN_0064d328,0x0064D328,0x0064D330,8
FUN_0064d330,0x0064D330,0x0064D368,56
FUN_0064d368,0x0064D368,0x0064D370,8
FUN_0064d370,0x0064D370,0x0064D39C,44
FUN_0064d3a0,0x0064D3A0,0x0064D3A8,8
FUN_0064d3a8,0x0064D3A8,0x0064D3D4,44
FUN_0064d3d8,0x0064D3D8,0x0064D3E0,8
FUN_0064d3e0,0x0064D3E0,0x0064D40C,44
FUN_0064d410,0x0064D410,0x0064D418,8
FUN_0064d418,0x0064D418,0x0064D444,44
FUN_0064d448,0x0064D448,0x0064D450,8
FUN_0064d450,0x0064D450,0x0064D47C,44
FUN_0064d480,0x0064D480,0x0064D490,16
FUN_0064d488,0x0064D488,0x0064D490,8
FUN_0064d490,0x0064D490,0x0064D5E0,336
FUN_0064d5e0,0x0064D5E0,0x0064D5E8,8
FUN_0064d5e8,0x0064D5E8,0x0064D614,44
FUN_0064d618,0x0064D618,0x0064D620,8
FUN_0064d620,0x0064D620,0x0064D64C,44
FUN_0064d650,0x0064D650,0x0064D658,8
FUN_0064d658,0x0064D658,0x0064D684,44
FUN_0064d688,0x0064D688,0x0064D690,8
FUN_0064d690,0x0064D690,0x0064D6BC,44
FUN_0064d6c0,0x0064D6C0,0x0064D6C8,8
FUN_0064d6c8,0x0064D6C8,0x0064D6F4,44
FUN_0064d6f8,0x0064D6F8,0x0064D700,8
FUN_0064d700,0x0064D700,0x0064D72C,44
FUN_0064d730,0x0064D730,0x0064D738,8
FUN_0064d738,0x0064D738,0x0064D764,44
FUN_0064d768,0x0064D768,0x0064D770,8
FUN_0064d770,0x0064D770,0x0064D79C,44
FUN_0064d7a0,0x0064D7A0,0x0064D7A8,8
FUN_0064d7a8,0x0064D7A8,0x0064D7D4,44
FUN_0064d7d8,0x0064D7D8,0x0064D7E0,8
FUN_0064d7e0,0x0064D7E0,0x0064D80C,44
FUN_0064d810,0x0064D810,0x0064D818,8
FUN_0064d818,0x0064D818,0x0064D844,44
FUN_0064d848,0x0064D848,0x0064D874,44
FUN_0064d878,0x0064D878,0x0064D8CC,84
FUN_0064d8d0,0x0064D8D0,0x0064D924,84
FUN_0064d928,0x0064D928,0x0064D954,44
FUN_0064d958,0x0064D958,0x0064D9AC,84
FUN_0064d9b0,0x0064D9B0,0x0064D9B8,8
FUN_0064d9b8,0x0064D9B8,0x0064D9E4,44
FUN_0064d9e8,0x0064D9E8,0x0064D9F0,8
FUN_0064d9f0,0x0064D9F0,0x0064DA1C,44
FUN_0064da20,0x0064DA20,0x0064DA28,8
FUN_0064da28,0x0064DA28,0x0064DA54,44
FUN_0064da58,0x0064DA58,0x0064DA60,8
FUN_0064da60,0x0064DA60,0x0064DA8C,44
FUN_0064da90,0x0064DA90,0x0064DA98,8
FUN_0064da98,0x0064DA98,0x0064DAC4,44
FUN_0064dac8,0x0064DAC8,0x0064DAD0,8
FUN_0064dad0,0x0064DAD0,0x0064DAFC,44
FUN_0064db00,0x0064DB00,0x0064F3D8,6360
FUN_0064f3d8,0x0064F3D8,0x0064F3FC,36
FUN_0064f400,0x0064F400,0x0064F430,48
FUN_0064f430,0x0064F430,0x0064F4DC,172
FUN_0064f4e0,0x0064F4E0,0x0064F580,160
FUN_0064f580,0x0064F580,0x0064F588,8
FUN_0064f588,0x0064F588,0x0064F5A0,24
FUN_0064f590,0x0064F590,0x0064F5A8,24
FUN_0064f598,0x0064F598,0x0064F5A8,16
FUN_0064f5a0,0x0064F5A0,0x0064F5A8,8
FUN_0064f5a8,0x0064F5A8,0x0064F5B0,8
FUN_0064f5b0,0x0064F5B0,0x0064F5C0,16
FUN_0064f5b8,0x0064F5B8,0x0064F5D0,24
FUN_0064f5c0,0x0064F5C0,0x0064F5D0,16
FUN_0064f5c8,0x0064F5C8,0x0064F5D0,8
FUN_0064f5d0,0x0064F5D0,0x0064F5D8,8
FUN_0064f5d8,0x0064F5D8,0x0064F5E8,16
FUN_0064f5e0,0x0064F5E0,0x0064F5F8,24
FUN_0064f5e8,0x0064F5E8,0x0064F5F8,16
FUN_0064f5f0,0x0064F5F0,0x0064F5F8,8
FUN_0064f5f8,0x0064F5F8,0x0064F604,12
FUN_0064f604,0x0064F604,0x0064F71C,280
FUN_0064f798,0x0064F798,0x00651804,8300
FUN_0064f8f0,0x0064F8F0,0x00651804,7956
FUN_0064f8f8,0x0064F8F8,0x00651804,7948
FUN_0064f914,0x0064F914,0x00651804,7920
FUN_0064f960,0x0064F960,0x00651804,7844
FUN_0064fa20,0x0064FA20,0x00651804,7652
FUN_0064fa30,0x0064FA30,0x00651804,7636
FUN_0064fa58,0x0064FA58,0x00651804,7596
FUN_0064fa68,0x0064FA68,0x00651804,7580
FUN_0064fba0,0x0064FBA0,0x00651804,7268
FUN_0064fbb8,0x0064FBB8,0x00651804,7244
FUN_0064fc20,0x0064FC20,0x00651804,7140
FUN_0064fca0,0x0064FCA0,0x00651804,7012
FUN_0064fcd8,0x0064FCD8,0x00651804,6956
FUN_0064fce0,0x0064FCE0,0x00651804,6948
FUN_0064fcf8,0x0064FCF8,0x00651804,6924
FUN_0064fd08,0x0064FD08,0x00651804,6908
FUN_0064fd90,0x0064FD90,0x00651804,6772
FUN_0064fda0,0x0064FDA0,0x00651804,6756
FUN_0064fe58,0x0064FE58,0x00651804,6572
FUN_0064fe60,0x0064FE60,0x00651804,6564
FUN_0064fe70,0x0064FE70,0x00651804,6548
FUN_0064fe7c,0x0064FE7C,0x00651804,6536
FUN_0064ffd0,0x0064FFD0,0x00651804,6196
FUN_006500d0,0x006500D0,0x00651804,5940
FUN_006501d0,0x006501D0,0x00651804,5684
FUN_006501e8,0x006501E8,0x00651804,5660
FUN_006502b0,0x006502B0,0x00651804,5460
FUN_00650300,0x00650300,0x00651804,5380
FUN_00650310,0x00650310,0x00651804,5364
FUN_00650328,0x00650328,0x00651804,5340
FUN_00650388,0x00650388,0x00651804,5244
FUN_00650390,0x00650390,0x00651804,5236
FUN_006503a8,0x006503A8,0x00651804,5212
FUN_00650400,0x00650400,0x00651804,5124
FUN_00650498,0x00650498,0x00651804,4972
FUN_00650618,0x00650618,0x00651804,4588
FUN_00650648,0x00650648,0x00651804,4540
FUN_006506b8,0x006506B8,0x00651804,4428
FUN_006506c8,0x006506C8,0x00651804,4412
FUN_006506d0,0x006506D0,0x00651804,4404
FUN_006507b0,0x006507B0,0x00651804,4180
FUN_00650820,0x00650820,0x00651804,4068
FUN_00650898,0x00650898,0x00651804,3948
FUN_006508d0,0x006508D0,0x00651804,3892
FUN_006508e0,0x006508E0,0x00651804,3876
FUN_006508f8,0x006508F8,0x00651804,3852
FUN_00650900,0x00650900,0x00651804,3844
FUN_00650a48,0x00650A48,0x00651804,3516
FUN_00650a68,0x00650A68,0x00651804,3484
FUN_00650a70,0x00650A70,0x00651804,3476
FUN_00650aa0,0x00650AA0,0x00651804,3428
FUN_00650ac8,0x00650AC8,0x00651804,3388
FUN_00650ad0,0x00650AD0,0x00651804,3380
FUN_00650b28,0x00650B28,0x00651804,3292
FUN_00650c08,0x00650C08,0x00651804,3068
FUN_00650c98,0x00650C98,0x00651804,2924
FUN_00650d08,0x00650D08,0x00651804,2812
FUN_00650d10,0x00650D10,0x00651804,2804
FUN_00650d48,0x00650D48,0x00651804,2748
FUN_00650d68,0x00650D68,0x00651804,2716
FUN_00650d78,0x00650D78,0x00651804,2700
FUN_00650f88,0x00650F88,0x00651804,2172
FUN_006510a0,0x006510A0,0x00651804,1892
FUN_006510c8,0x006510C8,0x00651804,1852
FUN_006510d8,0x006510D8,0x00651804,1836
FUN_00651100,0x00651100,0x00651804,1796
FUN_00651468,0x00651468,0x00651804,924
FUN_00651528,0x00651528,0x00651804,732
FUN_00651804,0x00651804,0x00651805,1
FUN_00651818,0x00651818,0x0065181C,4
FUN_00651824,0x00651824,0x00651828,4
FUN_00652024,0x00652024,0x00652025,1
thunk_EXT_FUN_09481d98,0x00652818,0x0065281C,4
FUN_00652824,0x00652824,0x00652825,1
FUN_006555fc,0x006555FC,0x00656B58,5468
FUN_0065562c,0x0065562C,0x00656B58,5420
FUN_0065618c,0x0065618C,0x00656B58,2508
FUN_00656300,0x00656300,0x00656B58,2136
FUN_00656348,0x00656348,0x00656B58,2064
FUN_00656388,0x00656388,0x00656B58,2000
FUN_00656b58,0x00656B58,0x00656B70,24
FUN_00656bc8,0x00656BC8,0x00656BD0,8
FUN_00656c00,0x00656C00,0x00656C08,8
FUN_00656c60,0x00656C60,0x00656C74,20
FUN_00656c80,0x00656C80,0x00656D10,144
FUN_00656d10,0x00656D10,0x00656D20,16
FUN_00656d20,0x00656D20,0x00656D30,16
FUN_00656d30,0x00656D30,0x00656D4C,28
FUN_00656d58,0x00656D58,0x00656D74,28
FUN_00656d80,0x00656D80,0x00656D9C,28
FUN_00656da8,0x00656DA8,0x00656DB4,12
FUN_00656db8,0x00656DB8,0x00656DC0,8
FUN_00656dc8,0x00656DC8,0x00656E04,60
FUN_00656e20,0x00656E20,0x00656E2C,12
FUN_00656e48,0x00656E48,0x00656E50,8
FUN_00656e58,0x00656E58,0x00656E64,12
FUN_00656e68,0x00656E68,0x00656E80,24
FUN_00656e88,0x00656E88,0x00656E90,8
FUN_00656e98,0x00656E98,0x00656EA0,8
FUN_00656ea8,0x00656EA8,0x00656EB0,8
FUN_00656eb8,0x00656EB8,0x00656EC0,8
FUN_00656ec8,0x00656EC8,0x00656ED0,8
FUN_00656ed8,0x00656ED8,0x00656EF0,24
FUN_00656ef8,0x00656EF8,0x00656F00,8
FUN_00656f08,0x00656F08,0x00656F10,8
FUN_00656f18,0x00656F18,0x00656F20,8
FUN_00656f28,0x00656F28,0x00656F40,24
FUN_00656f48,0x00656F48,0x00656F50,8
FUN_00656f90,0x00656F90,0x00656FC8,56
FUN_00656fd0,0x00656FD0,0x00656FD8,8
FUN_00656fe0,0x00656FE0,0x00656FE8,8
FUN_00657008,0x00657008,0x00657028,32
FUN_00657030,0x00657030,0x00657034,4
FUN_00657050,0x00657050,0x00657054,4
FUN_00657080,0x00657080,0x00657090,16
FUN_006570d0,0x006570D0,0x006570D8,8
FUN_006570e0,0x006570E0,0x006570E8,8
FUN_006570f0,0x006570F0,0x006570F8,8
FUN_00657100,0x00657100,0x00657120,32
FUN_00657130,0x00657130,0x00657158,108
FUN_00657160,0x00657160,0x00657168,8
FUN_00657170,0x00657170,0x00657188,24
FUN_00657190,0x00657190,0x006571E8,88
FUN_006571f0,0x006571F0,0x006571F4,4
FUN_00657210,0x00657210,0x00657214,4
FUN_00657230,0x00657230,0x00657234,4
FUN_00657250,0x00657250,0x00657264,20
FUN_00657280,0x00657280,0x00657294,20
FUN_006572b8,0x006572B8,0x006572BC,4
FUN_006572c8,0x006572C8,0x006572CC,4
FUN_006572d8,0x006572D8,0x006572DC,4
FUN_006572e8,0x006572E8,0x006572EC,4
FUN_006572f8,0x006572F8,0x0065730C,20
FUN_00657330,0x00657330,0x00657354,36
FUN_00657380,0x00657380,0x00657384,4
FUN_00657390,0x00657390,0x00657394,4
FUN_006573a0,0x006573A0,0x006573A4,4
FUN_006573b0,0x006573B0,0x006573B4,4
FUN_006573d8,0x006573D8,0x006573DC,4
FUN_006573e8,0x006573E8,0x006573F8,16
FUN_00657400,0x00657400,0x00657410,16
FUN_00657418,0x00657418,0x00657450,56
FUN_00657458,0x00657458,0x00657460,8
FUN_00657468,0x00657468,0x00657470,8
FUN_00657478,0x00657478,0x00657488,16
FUN_006576d8,0x006576D8,0x006576D9,1
FUN_00657898,0x00657898,0x0065789C,4
FUN_006578a8,0x006578A8,0x006578A9,1
FUN_006578b8,0x006578B8,0x006578B9,1
FUN_006578c8,0x006578C8,0x006578C9,1
FUN_006578d8,0x006578D8,0x006578D9,1
FUN_006578e8,0x006578E8,0x006578E9,1
FUN_006578f8,0x006578F8,0x006578F9,1
FUN_00657908,0x00657908,0x00657909,1
FUN_00657918,0x00657918,0x00657919,1
FUN_00657920,0x00657920,0x00657921,1
FUN_00657930,0x00657930,0x00657931,1
FUN_00657938,0x00657938,0x00657939,1
FUN_00657948,0x00657948,0x00657949,1
FUN_00657958,0x00657958,0x00657959,1
FUN_00657968,0x00657968,0x00657969,1
FUN_00657978,0x00657978,0x00657980,8
FUN_00657980,0x00657980,0x00657981,1
FUN_00657988,0x00657988,0x00657989,1
FUN_00658708,0x00658708,0x00659024,2332
FUN_00658718,0x00658718,0x00659024,2316
FUN_00659024,0x00659024,0x00659025,1
FUN_00659180,0x00659180,0x006598B0,1840
FUN_006592f0,0x006592F0,0x006598B0,1472
FUN_006598b0,0x006598B0,0x006598B1,1
FUN_00659ad0,0x00659AD0,0x00659AD1,1
FUN_00659cf0,0x00659CF0,0x00659CF1,1
FUN_00659d10,0x00659D10,0x00659D11,1
FUN_0065a058,0x0065A058,0x0065A059,1
FUN_0065a3a0,0x0065A3A0,0x0065A3A1,1
FUN_0065a840,0x0065A840,0x0065AA28,488
FUN_0065a870,0x0065A870,0x0065AA28,440
FUN_0065a888,0x0065A888,0x0065AA28,416
FUN_0065a898,0x0065A898,0x0065AA28,400
FUN_0065a8b0,0x0065A8B0,0x0065AA28,376
FUN_0065a8d0,0x0065A8D0,0x0065AA28,344
FUN_0065aa28,0x0065AA28,0x0065AA38,16
FUN_0065aa50,0x0065AA50,0x0065AA60,16
FUN_0065aa78,0x0065AA78,0x0065AA88,16
FUN_0065abc0,0x0065ABC0,0x0065B070,1200
FUN_0065ac40,0x0065AC40,0x0065B070,1072
FUN_0065af08,0x0065AF08,0x0065B070,360
FUN_0065af18,0x0065AF18,0x0065B070,344
FUN_0065afb0,0x0065AFB0,0x0065B070,192
FUN_0065b070,0x0065B070,0x0065B080,16
FUN_0065b0b8,0x0065B0B8,0x0065B258,416
FUN_0065b250,0x0065B250,0x0065B258,8
FUN_0065b258,0x0065B258,0x0065B259,1
FUN_0065b318,0x0065B318,0x0065C228,3856
FUN_0065b370,0x0065B370,0x0065C228,3768
FUN_0065b378,0x0065B378,0x0065C228,3760
FUN_0065bff0,0x0065BFF0,0x0065C228,568
FUN_0065c020,0x0065C020,0x0065C228,520
FUN_0065c0a0,0x0065C0A0,0x0065C228,392
FUN_0065c228,0x0065C228,0x0065C229,1
FUN_0065c238,0x0065C238,0x0065C258,32
FUN_0065c258,0x0065C258,0x0065C259,1
FUN_0065c268,0x0065C268,0x0065C269,1
FUN_0065c270,0x0065C270,0x0065C271,1
FUN_0065c2a8,0x0065C2A8,0x0065C628,896
FUN_0065c2b8,0x0065C2B8,0x0065C628,880
FUN_0065c310,0x0065C310,0x0065C628,792
FUN_0065c360,0x0065C360,0x0065C628,712
FUN_0065c628,0x0065C628,0x0065C629,1
FUN_0065c660,0x0065C660,0x0065C661,1
FUN_0065c678,0x0065C678,0x0065C679,1
FUN_0065c690,0x0065C690,0x0065C691,1
FUN_0065c6b0,0x0065C6B0,0x0065C6B1,1
FUN_0065c700,0x0065C700,0x0065C740,64
FUN_0065c740,0x0065C740,0x0065C741,1
FUN_0065c770,0x0065C770,0x0065CF18,1960
FUN_0065c8b0,0x0065C8B0,0x0065CF18,1640
FUN_0065c8f0,0x0065C8F0,0x0065CF18,1576
FUN_0065c938,0x0065C938,0x0065CF18,1504
FUN_0065c990,0x0065C990,0x0065CF18,1416
FUN_0065c9e8,0x0065C9E8,0x0065CF18,1328
FUN_0065c9f0,0x0065C9F0,0x0065CF18,1320
FUN_0065caa0,0x0065CAA0,0x0065CF18,1144
FUN_0065caa8,0x0065CAA8,0x0065CF18,1136
FUN_0065cac8,0x0065CAC8,0x0065CF18,1104
FUN_0065cb40,0x0065CB40,0x0065CF18,984
FUN_0065cb68,0x0065CB68,0x0065CF18,944
FUN_0065cb90,0x0065CB90,0x0065CF18,904
FUN_0065cd58,0x0065CD58,0x0065CF18,448
FUN_0065cee0,0x0065CEE0,0x0065CF18,56
FUN_0065cf18,0x0065CF18,0x0065CF19,1
FUN_0065cf40,0x0065CF40,0x0065CF41,1
FUN_0065cf68,0x0065CF68,0x0065CF69,1
FUN_0065cf90,0x0065CF90,0x0065CF91,1
FUN_0065d358,0x0065D358,0x0065F0B0,7512
FUN_0065d368,0x0065D368,0x0065F0B0,7496
FUN_0065d388,0x0065D388,0x0065F0B0,7464
FUN_0065d3c0,0x0065D3C0,0x0065F0B0,7408
FUN_0065d6b0,0x0065D6B0,0x0065F0B0,6656
FUN_0065d758,0x0065D758,0x0065F0B0,6488
FUN_0065d760,0x0065D760,0x0065F0B0,6480
FUN_0065d778,0x0065D778,0x0065F0B0,6456
FUN_0065d7b8,0x0065D7B8,0x0065F0B0,6392
FUN_0065d7c8,0x0065D7C8,0x0065F0B0,6376
FUN_0065d7d8,0x0065D7D8,0x0065F0B0,6360
FUN_0065d7e8,0x0065D7E8,0x0065F0B0,6344
FUN_0065d7f0,0x0065D7F0,0x0065F0B0,6336
FUN_0065d7f8,0x0065D7F8,0x0065F0B0,6328
FUN_0065d800,0x0065D800,0x0065F0B0,6320
FUN_0065d810,0x0065D810,0x0065F0B0,6304
FUN_0065d818,0x0065D818,0x0065F0B0,6296
FUN_0065d820,0x0065D820,0x0065F0B0,6288
FUN_0065d828,0x0065D828,0x0065F0B0,6280
FUN_0065d830,0x0065D830,0x0065F0B0,6272
FUN_0065d848,0x0065D848,0x0065F0B0,6248
FUN_0065d890,0x0065D890,0x0065F0B0,6176
FUN_0065d898,0x0065D898,0x0065F0B0,6168
FUN_0065d8c0,0x0065D8C0,0x0065F0B0,6128
FUN_0065d8d0,0x0065D8D0,0x0065F0B0,6112
FUN_0065d8e0,0x0065D8E0,0x0065F0B0,6096
FUN_0065db40,0x0065DB40,0x0065F0B0,5488
FUN_0065dca0,0x0065DCA0,0x0065F0B0,5136
FUN_0065dcd8,0x0065DCD8,0x0065F0B0,5080
FUN_0065dd00,0x0065DD00,0x0065F0B0,5040
FUN_0065dd28,0x0065DD28,0x0065F0B0,5000
FUN_0065dd48,0x0065DD48,0x0065F0B0,4968
FUN_0065dd58,0x0065DD58,0x0065F0B0,4952
FUN_0065dd68,0x0065DD68,0x0065F0B0,4936
FUN_0065dd70,0x0065DD70,0x0065F0B0,4928
FUN_0065de40,0x0065DE40,0x0065F0B0,4720
FUN_0065e4a0,0x0065E4A0,0x0065F0B0,3088
FUN_0065e518,0x0065E518,0x0065F0B0,2968
FUN_0065e5c0,0x0065E5C0,0x0065F0B0,2800
FUN_0065e638,0x0065E638,0x0065F0B0,2680
FUN_0065e730,0x0065E730,0x0065F0B0,2432
FUN_0065ec18,0x0065EC18,0x0065F0B0,1176
FUN_0065f0b0,0x0065F0B0,0x0065F0B1,1
FUN_0065f190,0x0065F190,0x00660448,4792
FUN_0065f1e0,0x0065F1E0,0x00660448,4712
FUN_0065f260,0x0065F260,0x00660448,4584
FUN_0065f280,0x0065F280,0x00660448,4552
FUN_0065f360,0x0065F360,0x00660448,4328
FUN_0065f3e0,0x0065F3E0,0x00660448,4200
FUN_0065f400,0x0065F400,0x00660448,4168
FUN_0065f538,0x0065F538,0x00660448,3856
FUN_0065f558,0x0065F558,0x00660448,3824
FUN_0065f5c0,0x0065F5C0,0x00660448,3720
FUN_0065f8c8,0x0065F8C8,0x00660448,2944
FUN_0065fa58,0x0065FA58,0x00660448,2544
FUN_0065fa90,0x0065FA90,0x00660448,2488
FUN_0065fae0,0x0065FAE0,0x00660448,2408
FUN_0065faf8,0x0065FAF8,0x00660448,2384
FUN_0065fb10,0x0065FB10,0x00660448,2360
FUN_0065fb30,0x0065FB30,0x00660448,2328
FUN_0065fb48,0x0065FB48,0x00660448,2304
FUN_0065fb58,0x0065FB58,0x00660448,2288
FUN_0065fb68,0x0065FB68,0x00660448,2272
FUN_0065fc10,0x0065FC10,0x00660448,2104
FUN_0065fd90,0x0065FD90,0x00660448,1720
FUN_0065ffd0,0x0065FFD0,0x00660448,1144
FUN_00660170,0x00660170,0x00660448,728
FUN_00660380,0x00660380,0x00660448,200
FUN_006603c0,0x006603C0,0x00660448,136
FUN_00660448,0x00660448,0x00660449,1
FUN_00661d80,0x00661D80,0x00662730,2480
FUN_00662730,0x00662730,0x00662731,1
FUN_00662780,0x00662780,0x006628A0,288
FUN_006627a8,0x006627A8,0x006628A0,248
FUN_006628a0,0x006628A0,0x006628A1,1
FUN_006628d0,0x006628D0,0x00662C18,840
FUN_006628f8,0x006628F8,0x00662C18,800
FUN_00662918,0x00662918,0x00662C18,768
FUN_00662928,0x00662928,0x00662C18,752
FUN_006629a0,0x006629A0,0x00662C18,632
FUN_006629e8,0x006629E8,0x00662C18,560
FUN_006629f0,0x006629F0,0x00662C18,552
FUN_00662a10,0x00662A10,0x00662C18,520
FUN_00662a18,0x00662A18,0x00662C18,512
FUN_00662a30,0x00662A30,0x00662C18,488
FUN_00662a38,0x00662A38,0x00662C18,480
FUN_00662a80,0x00662A80,0x00662C18,408
FUN_00662ae8,0x00662AE8,0x00662C18,304
FUN_00662c18,0x00662C18,0x00662C28,16
FUN_00662c40,0x00662C40,0x00662C41,1
FUN_00662c68,0x00662C68,0x00662C69,1
FUN_00662c90,0x00662C90,0x00662C91,1
FUN_00662cb8,0x00662CB8,0x00662CB9,1
FUN_00662ce0,0x00662CE0,0x00662CE1,1
FUN_00662d08,0x00662D08,0x00662D09,1
FUN_00662d30,0x00662D30,0x00662D31,1
FUN_00662d70,0x00662D70,0x00662DB8,72
FUN_00662db8,0x00662DB8,0x00662DB9,1
FUN_00662de0,0x00662DE0,0x00662ED0,240
FUN_00662e20,0x00662E20,0x00662ED0,176
FUN_00662e28,0x00662E28,0x00662ED0,168
FUN_00662e38,0x00662E38,0x00662ED0,152
FUN_00662e48,0x00662E48,0x00662ED0,136
FUN_00662e58,0x00662E58,0x00662ED0,120
FUN_00662ed0,0x00662ED0,0x00662ED1,1
FUN_00663024,0x00663024,0x0066307C,88
FUN_006632d0,0x006632D0,0x00663430,352
FUN_006632f8,0x006632F8,0x00663430,312
FUN_00663308,0x00663308,0x00663430,296
FUN_00663310,0x00663310,0x00663430,288
FUN_00663360,0x00663360,0x00663430,208
FUN_006633e0,0x006633E0,0x00663430,80
FUN_00663430,0x00663430,0x00663431,1
FUN_00663458,0x00663458,0x00663459,1
FUN_00663480,0x00663480,0x00663481,1
FUN_006634a8,0x006634A8,0x006634A9,1
FUN_006634d0,0x006634D0,0x006634D1,1
FUN_006634f8,0x006634F8,0x006634F9,1
FUN_00663528,0x00663528,0x00663529,1
FUN_00663550,0x00663550,0x00663551,1
FUN_00663578,0x00663578,0x00663579,1
FUN_006635a0,0x006635A0,0x006635A1,1
FUN_006635c8,0x006635C8,0x006635C9,1
FUN_006635f0,0x006635F0,0x006635F1,1
FUN_00663660,0x00663660,0x00663661,1
FUN_00663698,0x00663698,0x00663699,1
FUN_006636c8,0x006636C8,0x006636C9,1
FUN_006636f8,0x006636F8,0x006636F9,1
FUN_00663740,0x00663740,0x00663741,1
FUN_00663b70,0x00663B70,0x006641D0,1632
FUN_00663c18,0x00663C18,0x006641D0,1464
FUN_00663ec0,0x00663EC0,0x006641D0,784
FUN_006641d0,0x006641D0,0x00664F78,3496
FUN_00664f80,0x00664F80,0x00664FDC,92
FUN_006651b8,0x006651B8,0x00665B30,2424
FUN_006654c8,0x006654C8,0x00665B30,1640
FUN_00665608,0x00665608,0x00665B30,1320
FUN_00665760,0x00665760,0x00665B30,976
FUN_00665998,0x00665998,0x00665B30,408
FUN_00665b30,0x00665B30,0x00667AA0,8048
FUN_00667aa0,0x00667AA0,0x00667ACC,44
FUN_00667ad0,0x00667AD0,0x00667B44,116
FUN_00667c20,0x00667C20,0x00668480,2144
FUN_00667cf8,0x00667CF8,0x00668480,1928
FUN_00668410,0x00668410,0x00668480,112
FUN_00668480,0x00668480,0x00668534,180
FUN_00668540,0x00668540,0x00668624,228
FUN_00668630,0x00668630,0x00668674,68
FUN_00668680,0x00668680,0x0066870C,140
FUN_00668710,0x00668710,0x006687C4,180
FUN_006687d0,0x006687D0,0x006687D8,8
FUN_006687e0,0x006687E0,0x00668938,344
FUN_00668940,0x00668940,0x00668BDC,668
FUN_00668be0,0x00668BE0,0x00668C10,48
FUN_00668c10,0x00668C10,0x00668DA4,404
FUN_00668db0,0x00668DB0,0x00668E44,148
FUN_00668e50,0x00668E50,0x00668F30,224
FUN_00668f30,0x00668F30,0x00668F54,36
FUN_00668f60,0x00668F60,0x00668FB0,80
FUN_00668fb0,0x00668FB0,0x006690C0,272
FUN_006690c0,0x006690C0,0x006690E0,32
FUN_00669180,0x00669180,0x00669280,256
FUN_006691a0,0x006691A0,0x006692A0,256
FUN_00669210,0x00669210,0x00669310,256
FUN_00669590,0x00669590,0x00669690,256
FUN_006697c0,0x006697C0,0x006698C0,256
FUN_006698b0,0x006698B0,0x006699B0,256
FUN_006699a0,0x006699A0,0x00669AA0,256
FUN_00669ab0,0x00669AB0,0x00669BB0,256
FUN_00669b00,0x00669B00,0x00669C00,256
FUN_00669c90,0x00669C90,0x00669D90,256
FUN_00669d80,0x00669D80,0x00669E80,256
FUN_00669e70,0x00669E70,0x00669F70,256
FUN_00669f40,0x00669F40,0x0066A040,256
